# GW NR rates, Nmax=6, solver convention (Numerics/gw_rates.jl).
# ann: rate = C alpha^p.  tr: rate = K alpha^(2-2L mass | 4-2L current) (dw/mu)^(2L+1)
# type na la ma nb lb mb coeff power kind
ann 2 1 1 2 1 1 6.77690974768085e-5 16 0
ann 2 1 1 3 1 1 9.519282118167974e-5 16 0
tr 2 1 1 3 1 1 6.92533995824479 2 1
ann 2 1 1 3 2 1 5.806305358116922e-6 16 0
tr 2 1 1 3 2 1 4.809263859892224 2 2
tr 2 1 1 3 2 1 22.79426180542284 3 1
ann 2 1 1 3 2 2 3.6289211102614454e-6 16 0
tr 2 1 1 3 2 2 3.2061759065948134 2 2
tr 2 1 1 3 2 2 7.598087268474278 3 1
ann 2 1 1 4 1 1 4.2355694754945845e-5 16 0
tr 2 1 1 4 1 1 0.6651636789400664 2 1
ann 2 1 1 4 2 1 3.48771703837146e-6 16 0
tr 2 1 1 4 2 1 0.6235909490063131 2 2
ann 2 1 1 4 2 2 2.179811450832716e-6 16 0
tr 2 1 1 4 2 2 0.4157272993375419 2 2
ann 2 1 1 4 3 1 1.30335457179433e-7 18 0
tr 2 1 1 4 3 1 15.963928294561612 2 1
tr 2 1 1 4 3 1 1.5837230450953972 3 2
tr 2 1 1 4 3 1 23.83498527598009 4 1
ann 2 1 1 4 3 2 1.3623903745234787e-7 18 0
tr 2 1 1 4 3 2 26.60654715760269 2 1
tr 2 1 1 4 3 2 1.3197692042461653 3 2
tr 2 1 1 4 3 2 11.91749263799002 4 1
ann 2 1 1 4 3 3 1.3623888507151387e-7 18 0
tr 2 1 1 4 3 3 39.909820736404 2 1
tr 2 1 1 4 3 3 0.7918615225476985 3 2
tr 2 1 1 4 3 3 3.9724975459966787 4 1
ann 2 1 1 5 1 1 2.220658302234635e-5 16 0
tr 2 1 1 5 1 1 0.1931774583580324 2 1
ann 2 1 1 5 2 1 2.0479964029286446e-6 16 0
tr 2 1 1 5 2 1 0.20283633127593428 2 2
tr 2 1 1 5 2 1 0.039407551280442446 3 1
ann 2 1 1 5 2 2 1.2799909256879608e-6 16 0
tr 2 1 1 5 2 2 0.13522422085062277 2 2
tr 2 1 1 5 2 2 0.013135850426814148 3 1
ann 2 1 1 5 3 1 1.1195730660189626e-7 18 0
tr 2 1 1 5 3 1 6.05552195995792 2 1
tr 2 1 1 5 3 1 0.6007462261863012 3 2
tr 2 1 1 5 3 1 4.289257282225031 4 1
ann 2 1 1 5 3 2 1.1702844439305627e-7 18 0
tr 2 1 1 5 3 2 10.092536599929868 2 1
tr 2 1 1 5 3 2 0.5006218551552514 3 2
tr 2 1 1 5 3 2 2.1446286411125106 4 1
ann 2 1 1 5 3 3 1.170283146669334e-7 18 0
tr 2 1 1 5 3 3 15.13880489989479 2 1
tr 2 1 1 5 3 3 0.30037311309315057 3 2
tr 2 1 1 5 3 3 0.7148762137041711 4 1
ann 2 1 1 5 4 1 1.2658468561137382e-9 20 0
tr 2 1 1 5 4 1 4.670524596200595 3 1
tr 2 1 1 5 4 1 0.43591562897872255 4 2
tr 2 1 1 5 4 1 13.864265962747576 5 1
ann 2 1 1 5 4 2 1.4432890752065582e-9 20 0
tr 2 1 1 5 4 2 7.005786894300891 3 1
tr 2 1 1 5 4 2 0.3923240660808499 4 2
tr 2 1 1 5 4 2 8.31855957764854 5 1
ann 2 1 1 5 4 3 1.617121516120856e-9 20 0
tr 2 1 1 5 4 3 9.808101652021241 3 1
tr 2 1 1 5 4 3 0.30514094028510663 4 2
tr 2 1 1 5 4 3 4.159279788824265 5 1
ann 2 1 1 5 4 4 1.78734417885663e-9 20 0
tr 2 1 1 5 4 4 13.07746886936165 3 1
tr 2 1 1 5 4 4 0.1743662515914883 4 2
tr 2 1 1 5 4 4 1.386426596274755 5 1
ann 2 1 1 6 1 1 1.30146446841165e-5 16 0
tr 2 1 1 6 1 1 0.08409484863281236 2 1
ann 2 1 1 6 2 1 1.2701293647138217e-6 16 0
tr 2 1 1 6 2 1 0.09343872070312496 2 2
tr 2 1 1 6 2 1 0.03447766206702398 3 1
ann 2 1 1 6 2 2 7.938266339992786e-7 16 0
tr 2 1 1 6 2 2 0.06229248046874996 2 2
tr 2 1 1 6 2 2 0.011492554022341332 3 1
ann 2 1 1 6 3 1 8.136778582278933e-8 18 0
tr 2 1 1 6 3 1 2.919292602539061 2 1
tr 2 1 1 6 3 1 0.28961236136300184 3 2
tr 2 1 1 6 3 1 1.3791064826809603 4 1
ann 2 1 1 6 3 2 8.505336299012424e-8 18 0
tr 2 1 1 6 3 2 4.8654876708984345 2 1
tr 2 1 1 6 3 2 0.24134363446916837 3 2
tr 2 1 1 6 3 2 0.6895532413404784 4 1
ann 2 1 1 6 3 3 8.505326916952839e-8 18 0
tr 2 1 1 6 3 3 7.298231506347648 2 1
tr 2 1 1 6 3 3 0.14480618068150092 3 2
tr 2 1 1 6 3 3 0.22985108044682645 4 1
ann 2 1 1 6 4 1 1.419731497922168e-9 20 0
tr 2 1 1 6 4 1 3.102989586032164 3 1
tr 2 1 1 6 4 1 0.28961236136300217 4 2
tr 2 1 1 6 4 1 6.772979996421109 5 1
ann 2 1 1 6 4 2 1.6187447596963331e-9 20 0
tr 2 1 1 6 4 2 4.654484379048245 3 1
tr 2 1 1 6 4 2 0.2606511252267017 4 2
tr 2 1 1 6 4 2 4.063787997852661 5 1
ann 2 1 1 6 4 3 1.8137094158651944e-9 20 0
tr 2 1 1 6 4 3 6.51627813066754 3 1
tr 2 1 1 6 4 3 0.2027286529541021 4 2
tr 2 1 1 6 4 3 2.031893998926328 5 1
ann 2 1 1 6 4 4 2.004625466428754e-9 20 0
tr 2 1 1 6 4 4 8.68837084089005 3 1
tr 2 1 1 6 4 4 0.11584494454520042 4 2
tr 2 1 1 6 4 4 0.6772979996421093 5 1
ann 2 1 1 6 5 1 7.38148938406709e-12 22 0
tr 2 1 1 6 5 1 1.2067181723458427 4 1
tr 2 1 1 6 5 1 0.0921493877064098 5 2
tr 2 1 1 6 5 1 5.115257619674687 6 1
ann 2 1 1 6 5 2 8.608714108731976e-12 22 0
tr 2 1 1 6 5 2 1.6894054412841792 4 1
tr 2 1 1 6 5 2 0.08600609519264912 5 2
tr 2 1 1 6 5 2 3.410171746449795 6 1
ann 2 1 1 6 5 3 9.902795690628448e-12 22 0
tr 2 1 1 6 5 3 2.2525405883789027 4 1
tr 2 1 1 6 5 3 0.07371951016512776 5 2
tr 2 1 1 6 5 3 2.0461030478698725 6 1
ann 2 1 1 6 5 4 1.1263734129756522e-11 22 0
tr 2 1 1 6 5 4 2.8961236136300172 4 1
tr 2 1 1 6 5 4 0.05528963262384585 5 2
tr 2 1 1 6 5 4 1.0230515239349427 6 1
ann 2 1 1 6 5 5 1.2691529426116192e-11 22 0
tr 2 1 1 6 5 5 3.6201545170375202 4 1
tr 2 1 1 6 5 5 0.03071646256880321 5 2
tr 2 1 1 6 5 5 0.34101717464497644 6 1
ann 2 1 1 7 6 2 3.42144355098185e-14 24 0
tr 2 1 1 7 6 2 0.3268028113470614 5 1
tr 2 1 1 7 6 2 0.01433238513794395 6 2
tr 2 1 1 7 6 2 0.929564895995365 7 1
ann 2 1 1 7 6 4 4.524879406249171e-14 24 0
tr 2 1 1 7 6 4 0.5252188039506341 5 1
tr 2 1 1 7 6 4 0.010749288853457972 6 2
tr 2 1 1 7 6 4 0.3718259583981446 7 1
ann 2 1 1 7 6 6 5.771634232805647e-14 24 0
tr 2 1 1 7 6 6 0.7703209124609309 5 1
tr 2 1 1 7 6 6 0.004299715541383177 6 2
tr 2 1 1 7 6 6 0.06197099306635727 7 1
ann 2 1 1 9 8 2 2.1434471952855238e-19 28 0
tr 2 1 1 9 8 2 0.006133576049765325 7 1
tr 2 1 1 9 8 2 0.0001948757822637858 8 2
tr 2 1 1 9 8 2 0.026647430681549487 9 1
ann 2 1 1 9 8 4 2.7976102848625264e-19 28 0
tr 2 1 1 9 8 4 0.00899591153965583 7 1
tr 2 1 1 9 8 4 0.0001670363847975307 8 2
tr 2 1 1 9 8 4 0.014275409293687166 9 1
ann 2 1 1 9 8 6 3.5392468400512325e-19 28 0
tr 2 1 1 9 8 6 0.01240345378952543 7 1
tr 2 1 1 9 8 6 0.00011692546935827132 8 2
tr 2 1 1 9 8 6 0.005710163717474867 9 1
ann 2 1 1 9 8 8 4.368356860851645e-19 28 0
tr 2 1 1 9 8 8 0.016356202799374223 7 1
tr 2 1 1 9 8 8 4.454303594600826e-5 8 2
tr 2 1 1 9 8 8 0.0009516939529124711 9 1
ann 2 1 1 11 10 2 5.103952801671893e-25 32 0
tr 2 1 1 11 10 2 5.0225217751088e-5 9 1
tr 2 1 1 11 10 2 1.1799179630093508e-6 10 2
tr 2 1 1 11 10 2 0.0002813125477242509 11 1
ann 2 1 1 11 10 4 6.511059801679456e-25 32 0
tr 2 1 1 11 10 4 6.924992144468196e-5 9 1
tr 2 1 1 11 10 4 1.0706662997677411e-6 10 2
tr 2 1 1 11 10 4 0.00017503891858397812 11 1
ann 2 1 1 11 10 6 8.092250609432396e-25 32 0
tr 2 1 1 11 10 6 9.13185777292508e-5 9 1
tr 2 1 1 11 10 6 8.74013305932851e-7 10 2
tr 2 1 1 11 10 6 9.377084924141672e-5 11 1
ann 2 1 1 11 10 8 9.84752522493071e-25 32 0
tr 2 1 1 11 10 8 0.00011643118660479491 9 1
tr 2 1 1 11 10 8 5.899589815046786e-7 10 2
tr 2 1 1 11 10 8 3.750833969656622e-5 11 1
ann 2 1 1 11 10 10 1.17768836481744e-24 32 0
tr 2 1 1 11 10 10 0.000144587748071314 9 1
tr 2 1 1 11 10 10 2.1850332648321223e-7 10 2
tr 2 1 1 11 10 10 6.251389949427764e-6 11 1
ann 3 1 1 3 1 1 8.357121334086104e-6 16 0
ann 3 1 1 3 2 1 2.038976575950605e-6 16 0
tr 3 1 1 3 2 1 21.599999999999994 2 2
tr 3 1 1 3 2 1 694.2857142857126 3 1
ann 3 1 1 3 2 2 1.2743536761572715e-6 16 0
tr 3 1 1 3 2 2 14.399999999999995 2 2
tr 3 1 1 3 2 2 231.42857142857082 3 1
ann 3 1 1 4 1 1 1.4873881232560514e-5 16 0
tr 3 1 1 4 1 1 140.60865904293436 2 1
ann 3 1 1 4 2 1 1.2247673703281657e-6 16 0
tr 3 1 1 4 2 1 12.210227362542172 2 2
tr 3 1 1 4 2 1 1967.6254395628557 3 1
ann 3 1 1 4 2 2 7.654756472505342e-7 16 0
tr 3 1 1 4 2 2 8.140151575028112 2 2
tr 3 1 1 4 2 2 655.8751465209517 3 1
ann 3 1 1 4 3 1 4.576936736803909e-8 18 0
tr 3 1 1 4 3 1 1275.9743534090208 2 1
tr 3 1 1 4 3 1 126.58475728264094 3 2
tr 3 1 1 4 3 1 9680.372971610266 4 1
ann 3 1 1 4 3 2 4.78425054776512e-8 18 0
tr 3 1 1 4 3 2 2126.623922348369 2 1
tr 3 1 1 4 3 2 105.48729773553414 3 2
tr 3 1 1 4 3 2 4840.186485805119 4 1
ann 3 1 1 4 3 3 4.7842454629139146e-8 18 0
tr 3 1 1 4 3 3 3189.9358835225507 2 1
tr 3 1 1 4 3 3 63.292378641320454 3 2
tr 3 1 1 4 3 3 1613.3954952683757 4 1
ann 3 1 1 5 1 1 7.79819761961231e-6 16 0
tr 3 1 1 5 1 1 11.754907447425442 2 1
ann 3 1 1 5 2 1 7.191865455999479e-7 16 0
tr 3 1 1 5 2 1 1.8796663425746365 2 2
tr 3 1 1 5 2 1 8.195531115995792 3 1
ann 3 1 1 5 2 2 4.4948928125940614e-7 16 0
tr 3 1 1 5 2 2 1.2531108950497571 2 2
tr 3 1 1 5 2 2 2.7318437053319298 3 1
ann 3 1 1 5 3 1 3.931558768650245e-8 18 0
tr 3 1 1 5 3 1 0.849625969578937 2 1
tr 3 1 1 5 3 1 0.08428829063283104 3 2
tr 3 1 1 5 3 1 2064.4928105021686 4 1
ann 3 1 1 5 3 2 4.1096400096588876e-8 18 0
tr 3 1 1 5 3 2 1.4160432826315619 2 1
tr 3 1 1 5 3 2 0.0702402421940259 3 2
tr 3 1 1 5 3 2 1032.2464052510818 4 1
ann 3 1 1 5 3 3 4.109635682821791e-8 18 0
tr 3 1 1 5 3 3 2.124064923947341 2 1
tr 3 1 1 5 3 3 0.042144145316415506 3 2
tr 3 1 1 5 3 3 344.08213508369437 4 1
ann 3 1 1 5 4 1 4.4452221284969786e-10 20 0
tr 3 1 1 5 4 1 3863.2446779224038 3 1
tr 3 1 1 5 4 1 360.5695032727579 4 2
tr 3 1 1 5 4 1 53720.94290571248 5 1
ann 3 1 1 5 4 2 5.068338753287884e-10 20 0
tr 3 1 1 5 4 2 5794.867016883605 3 1
tr 3 1 1 5 4 2 324.5125529454818 4 2
tr 3 1 1 5 4 2 32232.56574342745 5 1
ann 3 1 1 5 4 3 5.67877909371513e-10 20 0
tr 3 1 1 5 4 3 8112.813823637039 3 1
tr 3 1 1 5 4 3 252.39865229093127 4 2
tr 3 1 1 5 4 3 16116.28287171371 5 1
ann 3 1 1 5 4 4 6.276543149778716e-10 20 0
tr 3 1 1 5 4 4 10817.085098182717 3 1
tr 3 1 1 5 4 4 144.22780130910257 4 2
tr 3 1 1 5 4 4 5372.094290571235 5 1
ann 3 1 1 6 1 1 4.570301113041335e-6 16 0
tr 3 1 1 6 1 1 3.1687658593950396 2 1
ann 3 1 1 6 2 1 4.460261497370504e-7 16 0
tr 3 1 1 6 2 1 0.6466869100806211 2 2
ann 3 1 1 6 2 2 2.787649162193381e-7 16 0
tr 3 1 1 6 2 2 0.4311246067204139 2 2
ann 3 1 1 6 3 1 2.857359126856883e-8 18 0
tr 3 1 1 6 3 1 1.7737698105068456 2 1
tr 3 1 1 6 3 1 0.175969227232822 3 2
tr 3 1 1 6 3 1 537.7768552893009 4 1
ann 3 1 1 6 3 2 2.9867841558782353e-8 18 0
tr 3 1 1 6 3 2 2.9562830175114096 2 1
tr 3 1 1 6 3 2 0.14664102269401838 3 2
tr 3 1 1 6 3 2 268.88842764464977 4 1
ann 3 1 1 6 3 3 2.986781027433768e-8 18 0
tr 3 1 1 6 3 3 4.434424526267111 2 1
tr 3 1 1 6 3 3 0.08798461361641098 3 2
tr 3 1 1 6 3 3 89.62947588155004 4 1
ann 3 1 1 6 4 1 4.985612470108099e-10 20 0
tr 3 1 1 6 4 1 656.951781669202 3 1
tr 3 1 1 6 4 1 61.31549962245892 4 2
tr 3 1 1 6 4 1 832.4043585109557 5 1
ann 3 1 1 6 4 2 5.684479248259027e-10 20 0
tr 3 1 1 6 4 2 985.4276725038031 3 1
tr 3 1 1 6 4 2 55.18394966021297 4 2
tr 3 1 1 6 4 2 499.44261510657293 5 1
ann 3 1 1 6 4 3 6.369128732883593e-10 20 0
tr 3 1 1 6 4 3 1379.598741505323 3 1
tr 3 1 1 6 4 3 42.92084973572136 4 2
tr 3 1 1 6 4 3 249.72130755328627 5 1
ann 3 1 1 6 4 4 7.039560923981805e-10 20 0
tr 3 1 1 6 4 4 1839.4649886737639 3 1
tr 3 1 1 6 4 4 24.526199848983467 4 2
tr 3 1 1 6 4 4 83.2404358510954 5 1
ann 3 1 1 6 5 1 2.592126972391803e-12 22 0
tr 3 1 1 6 5 1 8342.24484659305 4 1
tr 3 1 1 6 5 1 637.0441519216512 5 2
tr 3 1 1 6 5 1 160939.2706581184 6 1
ann 3 1 1 6 5 2 3.0230864248180935e-12 22 0
tr 3 1 1 6 5 2 11679.142785230266 4 1
tr 3 1 1 6 5 2 594.574541793541 5 2
tr 3 1 1 6 5 2 107292.84710541232 6 1
ann 3 1 1 6 5 3 3.4775237294758675e-12 22 0
tr 3 1 1 6 5 3 15572.190380307004 4 1
tr 3 1 1 6 5 3 509.6353215373205 5 2
tr 3 1 1 6 5 3 64375.708263247274 6 1
ann 3 1 1 6 5 4 3.955438886365129e-12 22 0
tr 3 1 1 6 5 4 20021.387631823287 4 1
tr 3 1 1 6 5 4 382.2264911529906 5 2
tr 3 1 1 6 5 4 32187.854131623826 6 1
ann 3 1 1 6 5 5 4.456831895485888e-12 22 0
tr 3 1 1 6 5 5 25026.734539779092 4 1
tr 3 1 1 6 5 5 212.34805064055 5 2
tr 3 1 1 6 5 5 10729.28471054114 6 1
ann 3 1 1 7 6 2 1.2014940562037507e-14 24 0
tr 3 1 1 7 6 2 16849.582170559017 5 1
tr 3 1 1 7 6 2 738.961516537936 6 2
tr 3 1 1 7 6 2 215948.74198127433 7 1
ann 3 1 1 7 6 4 1.588983046369278e-14 24 0
tr 3 1 1 7 6 4 27079.685631255546 5 1
tr 3 1 1 7 6 4 554.2211374034524 6 2
tr 3 1 1 7 6 4 86379.49679250945 7 1
ann 3 1 1 7 6 6 2.0268007678224713e-14 24 0
tr 3 1 1 7 6 6 39716.87225917484 5 1
tr 3 1 1 7 6 6 221.68845496138033 6 2
tr 3 1 1 7 6 6 14396.582798751539 7 1
ann 3 1 1 9 8 2 7.527053071431407e-20 28 0
tr 3 1 1 9 8 2 14552.610573282376 7 1
tr 3 1 1 9 8 2 462.3650781271636 8 2
tr 3 1 1 9 8 2 284725.59299627127 9 1
ann 3 1 1 9 8 4 9.82425007557238e-20 28 0
tr 3 1 1 9 8 4 21343.8288408142 7 1
tr 3 1 1 9 8 4 396.3129241089974 8 2
tr 3 1 1 9 8 4 152531.56767657326 9 1
ann 3 1 1 9 8 6 1.242862397283265e-19 28 0
tr 3 1 1 9 8 6 29428.612492637687 7 1
tr 3 1 1 9 8 6 277.4190468762978 8 2
tr 3 1 1 9 8 6 61012.627070629314 9 1
ann 3 1 1 9 8 8 1.5340174763212205e-19 28 0
tr 3 1 1 9 8 8 38806.96152875307 7 1
tr 3 1 1 9 8 8 105.68344642906617 8 2
tr 3 1 1 9 8 8 10168.771178438148 9 1
ann 3 1 1 11 10 2 1.7923333322495328e-25 32 0
tr 3 1 1 11 10 2 4744.448319672558 9 1
tr 3 1 1 11 10 2 111.45914438230413 10 2
tr 3 1 1 11 10 2 120533.61140452612 11 1
ann 3 1 1 11 10 4 2.286461107796403e-25 32 0
tr 3 1 1 11 10 4 6541.587834700045 9 1
tr 3 1 1 11 10 4 101.13885323579419 10 2
tr 3 1 1 11 10 4 74998.69154059392 11 1
ann 3 1 1 11 10 6 2.8417211531667892e-25 32 0
tr 3 1 1 11 10 6 8626.269672131912 9 1
tr 3 1 1 11 10 6 82.56232917207701 10 2
tr 3 1 1 11 10 6 40177.87046817528 11 1
ann 3 1 1 11 10 8 3.4581134683606885e-25 32 0
tr 3 1 1 11 10 8 10998.493831968206 9 1
tr 3 1 1 11 10 8 55.729572191152364 10 2
tr 3 1 1 11 10 8 16071.148187269911 11 1
ann 3 1 1 11 10 10 4.1356380533781033e-25 32 0
tr 3 1 1 11 10 10 13658.260314208883 9 1
tr 3 1 1 11 10 10 20.640582293019204 10 2
tr 3 1 1 11 10 10 2678.5246978783434 11 1
ann 3 2 1 3 2 1 3.7758818349429376e-8 18 0
ann 3 2 1 3 2 2 4.719817917530709e-8 18 0
tr 3 2 1 3 2 2 518.3999999999996 2 1
tr 3 2 1 3 2 2 37.02857142857139 3 2
ann 3 2 1 4 1 1 9.072350080166173e-7 16 0
tr 3 2 1 4 1 1 0.36178451444569376 2 2
tr 3 2 1 4 1 1 440.8938484946399 3 1
ann 3 2 1 4 2 1 9.072348721380434e-8 18 0
tr 3 2 1 4 2 1 46.86774484514322 2 1
tr 3 2 1 4 2 1 26.78156848293893 3 2
tr 3 2 1 4 2 1 4405.645299079511 4 1
ann 3 2 1 4 2 2 2.835088635694768e-8 18 0
tr 3 2 1 4 2 2 281.2064690708587 2 1
tr 3 2 1 4 2 2 20.086176362204192 3 2
tr 3 2 1 4 2 2 1376.7641559623453 4 1
ann 3 2 1 4 3 1 2.0040832945038524e-9 20 0
tr 3 2 1 4 3 1 25.516883304577938 2 2
tr 3 2 1 4 3 1 196.76254395628735 3 1
tr 3 2 1 4 3 1 234.24112375748328 4 2
tr 3 2 1 4 3 1 15448.366633135971 5 1
ann 3 2 1 4 3 2 2.143332725701869e-9 20 0
tr 3 2 1 4 3 2 1475.719079672146 3 1
tr 3 2 1 4 3 2 229.55630128233423 4 2
tr 3 2 1 4 3 2 7415.215983905272 5 1
ann 3 2 1 4 3 3 1.718246407342167e-9 20 0
tr 3 2 1 4 3 3 63.792208261444756 2 2
tr 3 2 1 4 3 3 2459.5317994535712 3 1
tr 3 2 1 4 3 3 126.49020682904096 4 2
tr 3 2 1 4 3 3 2162.771328639033 5 1
ann 3 2 1 5 1 1 4.7565241503652864e-7 16 0
tr 3 2 1 5 1 1 0.04972662281943484 2 2
tr 3 2 1 5 1 1 14.838251163487941 3 1
ann 3 2 1 5 2 1 5.327306346909098e-8 18 0
tr 3 2 1 5 2 1 3.3715316253132506 2 1
tr 3 2 1 5 2 1 1.9265895001789963 3 2
tr 3 2 1 5 2 1 18.14240949526812 4 1
ann 3 2 1 5 2 2 1.664771373912745e-8 18 0
tr 3 2 1 5 2 2 20.229189751879453 2 1
tr 3 2 1 5 2 2 1.4449421251342467 3 2
tr 3 2 1 5 2 2 5.6695029672712804 4 1
ann 3 2 1 5 3 1 1.7214944761491609e-9 20 0
tr 3 2 1 5 3 1 2.6852376322494833 2 2
tr 3 2 1 5 3 1 1.1853040870241955 3 1
tr 3 2 1 5 3 1 1.4110762940764137 4 2
tr 3 2 1 5 3 1 6525.867699916483 5 1
ann 3 2 1 5 3 2 1.841108828124952e-9 20 0
tr 3 2 1 5 3 2 8.889780652681413 3 1
tr 3 2 1 5 3 2 1.3828547681948886 4 2
tr 3 2 1 5 3 2 3132.4164959599148 5 1
ann 3 2 1 5 3 3 1.4759624770657865e-9 20 0
tr 3 2 1 5 3 3 6.713094080623699 2 2
tr 3 2 1 5 3 3 14.816301087802321 3 1
tr 3 2 1 5 3 3 0.7619811988012632 4 2
tr 3 2 1 5 3 3 913.6214779883064 5 1
ann 3 2 1 5 4 1 2.608863538946083e-11 22 0
tr 3 2 1 5 4 1 409.6410924755599 2 1
tr 3 2 1 5 4 1 40.63899726940071 3 2
tr 3 2 1 5 4 1 382.69145029081665 4 1
tr 3 2 1 5 4 1 636.4274785442378 5 2
tr 3 2 1 5 4 1 86250.97869120397 6 1
ann 3 2 1 5 4 2 2.717454833709111e-11 22 0
tr 3 2 1 5 4 2 546.1881233007454 2 1
tr 3 2 1 5 4 2 6.773166211566804 3 2
tr 3 2 1 5 4 2 3099.800747355588 4 1
tr 3 2 1 5 4 2 678.8559771138525 5 2
ann 3 2 1 5 4 3 2.7894291051757943e-11 22 0
tr 3 2 1 5 4 3 477.9146078881516 2 1
tr 3 2 1 5 4 3 9.482432696193497 3 2
tr 3 2 1 5 4 3 6697.100380089224 4 1
tr 3 2 1 5 4 3 530.3562321201968 5 2
ann 3 2 1 5 4 4 2.9803151924138665e-11 22 0
tr 3 2 1 5 4 4 113.78919235432191 3 2
tr 3 2 1 5 4 4 7500.752425699927 4 1
tr 3 2 1 5 4 4 254.57099141769444 5 2
tr 3 2 1 5 4 4 6468.823401840321 6 1
ann 3 2 1 6 1 1 2.7876630085822053e-7 16 0
tr 3 2 1 6 1 1 0.016167172752015527 2 2
tr 3 2 1 6 1 1 2.7149537915921065 3 1
ann 3 2 1 6 2 1 3.3038964964732534e-8 18 0
tr 3 2 1 6 2 1 0.8446522907175477 2 1
tr 3 2 1 6 2 1 0.4826584518385975 3 2
tr 3 2 1 6 2 1 16.343989903529184 4 1
ann 3 2 1 6 2 2 1.0324603284235669e-8 18 0
tr 3 2 1 6 2 2 5.067913744305274 2 1
tr 3 2 1 6 2 2 0.36199383887894815 3 2
tr 3 2 1 6 2 2 5.1074968448528635 4 1
ann 3 2 1 6 3 1 1.2511393732662926e-9 20 0
tr 3 2 1 6 3 1 0.7883421380030435 2 2
tr 3 2 1 6 3 1 1.2513367269889657 3 1
tr 3 2 1 6 3 1 1.4896865797487586 4 2
tr 3 2 1 6 3 1 990.9575696558995 5 1
ann 3 2 1 6 3 2 1.3380721091811435e-9 20 0
tr 3 2 1 6 3 2 9.385025452417185 3 1
tr 3 2 1 6 3 2 1.4598928481537865 4 2
tr 3 2 1 6 3 2 475.65963343483224 5 1
ann 3 2 1 6 3 3 1.072692831295063e-9 20 0
tr 3 2 1 6 3 3 1.9708553450076065 2 2
tr 3 2 1 6 3 3 15.641709087361942 3 1
tr 3 2 1 6 3 3 0.8044307530643293 4 2
tr 3 2 1 6 3 3 138.73405975182575 5 1
ann 3 2 1 6 4 1 2.926014117287237e-11 22 0
tr 3 2 1 6 4 1 135.1443665148076 2 1
tr 3 2 1 6 4 1 13.407179217738827 3 2
tr 3 2 1 6 4 1 40.85997475882348 4 1
tr 3 2 1 6 4 1 67.95137620497617 5 2
ann 3 2 1 6 4 2 3.047806486137685e-11 22 0
tr 3 2 1 6 4 2 180.19248868640975 2 1
tr 3 2 1 6 4 2 2.234529869623144 3 2
tr 3 2 1 6 4 2 330.9657955464674 4 1
tr 3 2 1 6 4 2 72.48146795197451 5 2
ann 3 2 1 6 4 3 3.128530420789849e-11 22 0
tr 3 2 1 6 4 3 157.66842760060834 2 1
tr 3 2 1 6 4 3 3.1283418174723923 3 2
tr 3 2 1 6 4 3 715.0495582794039 4 1
tr 3 2 1 6 4 3 56.62614683748002 5 2
ann 3 2 1 6 4 4 3.342621861357988e-11 22 0
tr 3 2 1 6 4 4 37.54010180966869 3 2
tr 3 2 1 6 4 4 800.8555052729317 4 1
tr 3 2 1 6 4 4 27.1805504819904 5 2
ann 3 2 1 6 5 1 2.255784530374003e-13 24 0
tr 3 2 1 6 5 1 572.0396466235245 3 1
tr 3 2 1 6 5 1 53.390367018195555 4 2
tr 3 2 1 6 5 1 554.9362390073062 5 1
tr 3 2 1 6 5 1 1117.6338240147122 6 2
tr 3 2 1 6 5 1 264105.4697979381 7 1
ann 3 2 1 6 5 2 2.36566228940539e-13 24 0
tr 3 2 1 6 5 2 750.8020361933746 3 1
tr 3 2 1 6 5 2 18.686628456368428 4 2
tr 3 2 1 6 5 2 4661.4644076613695 5 1
tr 3 2 1 6 5 2 1231.6780917713145 6 2
tr 3 2 1 6 5 2 172477.04150069444 7 1
ann 3 2 1 6 5 3 2.4163246764377105e-13 24 0
tr 3 2 1 6 5 3 800.8555052729324 3 1
tr 3 2 1 6 5 3 11098.72478014609 5 1
tr 3 2 1 6 5 3 1103.9485118839184 6 2
tr 3 2 1 6 5 3 97018.33584414018 7 1
ann 3 2 1 6 5 4 2.460540247472259e-13 24 0
tr 3 2 1 6 5 4 600.6416289546987 3 1
tr 3 2 1 6 5 4 32.03422021091728 4 2
tr 3 2 1 6 5 4 16315.125426814766 5 1
tr 3 2 1 6 5 4 770.9392500346386 6 2
tr 3 2 1 6 5 4 43119.26037517354 7 1
ann 3 2 1 6 5 5 2.5750588386320595e-13 24 0
tr 3 2 1 6 5 5 160.17110105458644 4 2
tr 3 2 1 6 5 5 14983.278453197247 5 1
tr 3 2 1 6 5 5 342.13280326980987 6 2
tr 3 2 1 6 5 5 11857.796603172732 7 1
ann 3 2 1 7 6 2 1.3594059556561963e-15 26 0
tr 3 2 1 7 6 2 904.8798270562579 4 1
tr 3 2 1 7 6 2 25.912467774792827 5 2
tr 3 2 1 7 6 2 5155.274953843056 6 1
tr 3 2 1 7 6 2 1530.0928900485949 7 2
tr 3 2 1 7 6 2 357298.84665146127 8 1
ann 3 2 1 7 6 4 1.4116514922027802e-15 26 0
tr 3 2 1 7 6 4 969.5141004174175 4 1
tr 3 2 1 7 6 4 4.6272263883558304 5 2
tr 3 2 1 7 6 4 21050.706061525863 6 1
tr 3 2 1 7 6 4 1199.5928257980968 7 2
tr 3 2 1 7 6 4 124771.02581479496 8 1
ann 3 2 1 7 6 6 1.3559106901288043e-15 26 0
tr 3 2 1 7 6 6 169.66496757304827 5 2
tr 3 2 1 7 6 6 20792.942313833686 6 1
tr 3 2 1 7 6 6 330.5000642504964 7 2
tr 3 2 1 7 6 6 14745.66668720323 8 1
ann 3 2 1 9 8 2 1.5551793052571616e-20 30 0
tr 3 2 1 9 8 2 649.828764479381 6 1
tr 3 2 1 9 8 2 16.83628415623397 7 2
tr 3 2 1 9 8 2 2842.7942001593947 8 1
tr 3 2 1 9 8 2 963.8314288534935 9 2
tr 3 2 1 9 8 2 494410.36444231804 10 1
ann 3 2 1 9 8 4 1.693565540430722e-20 30 0
tr 3 2 1 9 8 4 794.2351565859134 6 1
tr 3 2 1 9 8 4 0.9877286704990635 7 2
tr 3 2 1 9 8 4 13266.372934077273 8 1
tr 3 2 1 9 8 4 917.9346941461869 9 2
tr 3 2 1 9 8 4 243459.6491572029 10 1
ann 3 2 1 9 8 6 1.622911984850824e-20 30 0
tr 3 2 1 9 8 6 657.0490840847076 6 1
tr 3 2 1 9 8 6 12.256814865738345 7 2
tr 3 2 1 9 8 6 22931.873214619198 8 1
tr 3 2 1 9 8 6 573.7091838413623 9 2
tr 3 2 1 9 8 6 80261.42279907783 10 1
ann 3 2 1 9 8 8 1.274620764866692e-20 30 0
tr 3 2 1 9 8 8 87.99764518991614 7 2
tr 3 2 1 9 8 8 16244.53828662516 8 1
tr 3 2 1 9 8 8 137.69020412192782 9 2
tr 3 2 1 9 8 8 9096.294583895475 10 1
ann 3 2 1 11 10 2 5.872993209272332e-26 34 0
tr 3 2 1 11 10 2 191.9655096710772 8 1
tr 3 2 1 11 10 2 4.0002793228760725 9 2
tr 3 2 1 11 10 2 642.9704551409869 10 1
tr 3 2 1 11 10 2 234.25096842199764 11 2
tr 3 2 1 11 10 2 217096.0259235345 12 1
ann 3 2 1 11 10 4 6.589722769738509e-26 34 0
tr 3 2 1 11 10 4 238.21174609183652 8 1
tr 3 2 1 11 10 4 1.0130577505984775 9 2
tr 3 2 1 11 10 4 3176.4857259125934 10 1
tr 3 2 1 11 10 4 240.94385323405518 11 2
tr 3 2 1 11 10 4 127524.93830473335 12 1
ann 3 2 1 11 10 6 6.71094483663644e-26 34 0
tr 3 2 1 11 10 6 244.31973958137078 8 1
tr 3 2 1 11 10 6 0.1484333700510633 9 2
tr 3 2 1 11 10 6 6403.244861897955 10 1
tr 3 2 1 11 10 6 192.81882434735783 11 2
tr 3 2 1 11 10 6 60220.10975501316 12 1
ann 3 2 1 11 10 8 5.964556108763198e-26 34 0
tr 3 2 1 11 10 8 178.0043816949988 8 1
tr 3 2 1 11 10 8 4.7313136703775225 9 2
tr 3 2 1 11 10 8 8037.130689262428 10 1
tr 3 2 1 11 10 8 107.72357459406116 11 2
tr 3 2 1 11 10 8 19229.95101420584 12 1
ann 3 2 1 11 10 10 4.0453976788613473e-26 34 0
tr 3 2 1 11 10 10 19.036579709048446 9 2
tr 3 2 1 11 10 10 4775.9739569114845 10 1
tr 3 2 1 11 10 10 23.903160043060833 11 2
tr 3 2 1 11 10 10 2125.415638412206 12 1
ann 3 2 2 3 2 2 2.3599089587653566e-8 18 0
ann 3 2 2 4 1 1 5.67018944647662e-7 16 0
tr 3 2 2 4 1 1 0.241189676297129 2 2
tr 3 2 2 4 1 1 146.96461616487994 3 1
ann 3 2 2 4 2 1 2.8350886356947655e-8 18 0
tr 3 2 2 4 2 1 281.2064690708585 2 1
tr 3 2 2 4 2 1 20.086176362204192 3 2
tr 3 2 2 4 2 1 1376.7641559623453 4 1
ann 3 2 2 4 2 2 5.670177271389571e-8 18 0
tr 3 2 2 4 2 2 187.47097938057223 2 1
tr 3 2 2 4 2 2 6.695392120734725 3 2
tr 3 2 2 4 2 2 275.3528311924706 4 1
ann 3 2 2 4 3 1 1.6681320093707085e-9 20 0
tr 3 2 2 4 3 1 38.27532495686687 2 2
tr 3 2 2 4 3 1 2361.150527475432 3 1
tr 3 2 2 4 3 1 187.39289900598658 4 2
tr 3 2 2 4 3 1 4634.509989940789 5 1
ann 3 2 2 4 3 2 2.085161282867727e-9 20 0
tr 3 2 2 4 3 2 63.79220826144478 2 2
tr 3 2 2 4 3 2 1967.6254395628566 3 1
tr 3 2 2 4 3 2 93.6964495029934 4 2
tr 3 2 2 4 3 2 1544.8366633135963 5 1
ann 3 2 2 4 3 3 2.8189910339188486e-9 20 0
tr 3 2 2 4 3 3 63.79220826144478 2 2
tr 3 2 2 4 3 3 983.8127197814296 3 1
tr 3 2 2 4 3 3 28.108934850897736 4 2
tr 3 2 2 4 3 3 308.96733266271764 5 1
ann 3 2 2 5 1 1 2.9728122978328613e-7 16 0
tr 3 2 2 5 1 1 0.03315108187962319 2 2
tr 3 2 2 5 1 1 4.946083721162646 3 1
ann 3 2 2 5 2 1 1.6647713739127494e-8 18 0
tr 3 2 2 5 2 1 20.229189751879446 2 1
tr 3 2 2 5 2 1 1.4449421251342467 3 2
tr 3 2 2 5 2 1 5.6695029672712804 4 1
ann 3 2 2 5 2 2 3.329542747825533e-8 18 0
tr 3 2 2 5 2 2 13.486126501252954 2 1
tr 3 2 2 5 2 2 0.4816473750447486 3 2
tr 3 2 2 5 2 2 1.1339005934542619 4 1
ann 3 2 2 5 3 1 1.4329145199809635e-9 20 0
tr 3 2 2 5 3 1 4.02785644837422 2 2
tr 3 2 2 5 3 1 14.223649044290248 3 1
tr 3 2 2 5 3 1 1.1288610352611304 4 2
tr 3 2 2 5 3 1 1957.7603099749438 5 1
ann 3 2 2 5 3 2 1.7911399729132595e-9 20 0
tr 3 2 2 5 3 2 6.713094080623701 2 2
tr 3 2 2 5 3 2 11.853040870241848 3 1
tr 3 2 2 5 3 2 0.5644305176305661 4 2
tr 3 2 2 5 3 2 652.5867699916482 5 1
ann 3 2 2 5 3 3 2.421494964608212e-9 20 0
tr 3 2 2 5 3 3 6.713094080623701 2 2
tr 3 2 2 5 3 3 5.926520435120934 3 1
tr 3 2 2 5 3 3 0.16932915528916806 4 2
tr 3 2 2 5 3 3 130.51735399832893 5 1
ann 3 2 2 5 4 1 2.3293090621589115e-11 22 0
tr 3 2 2 5 4 1 68.2735154125929 2 1
tr 3 2 2 5 4 1 54.185329692534296 3 2
tr 3 2 2 5 4 1 7653.829005816258 4 1
tr 3 2 2 5 4 1 530.356232120197 5 2
tr 3 2 2 5 4 1 25156.535451601165 6 1
ann 3 2 2 5 4 2 3.056341741943928e-11 22 0
tr 3 2 2 5 4 2 204.82054623777944 2 1
tr 3 2 2 5 4 2 81.27799453880137 3 2
tr 3 2 2 5 4 2 6888.446105234623 4 1
tr 3 2 2 5 4 2 318.21373927211795 5 2
ann 3 2 2 5 4 3 3.894273213600431e-11 22 0
tr 3 2 2 5 4 3 477.9146078881516 2 1
tr 3 2 2 5 4 3 94.82432696193501 3 2
tr 3 2 2 5 4 3 4821.912273664237 4 1
ann 3 2 2 5 4 4 4.8082312347869954e-11 22 0
tr 3 2 2 5 4 4 955.8292157763036 2 1
tr 3 2 2 5 4 4 75.85946156954779 3 2
tr 3 2 2 5 4 4 2143.0721216285488 4 1
ann 3 2 2 6 1 1 1.7422804455309734e-7 16 0
tr 3 2 2 6 1 1 0.010778115168010343 2 2
tr 3 2 2 6 1 1 0.9049845971973686 3 1
ann 3 2 2 6 2 1 1.0324603284235662e-8 18 0
tr 3 2 2 6 2 1 5.067913744305271 2 1
tr 3 2 2 6 2 1 0.36199383887894815 3 2
tr 3 2 2 6 2 1 5.1074968448528635 4 1
ann 3 2 2 6 2 2 2.0649206568471758e-8 18 0
tr 3 2 2 6 2 2 3.3786091628701778 2 1
tr 3 2 2 6 2 2 0.12066461295964925 3 2
tr 3 2 2 6 2 2 1.0214993689705785 4 1
ann 3 2 2 6 3 1 1.0414066402720483e-9 20 0
tr 3 2 2 6 3 1 1.1825132070045639 2 2
tr 3 2 2 6 3 1 15.016040723867485 3 1
tr 3 2 2 6 3 1 1.1917492637990064 4 2
tr 3 2 2 6 3 1 297.2872708967698 5 1
ann 3 2 2 6 3 2 1.3017560015908032e-9 20 0
tr 3 2 2 6 3 2 1.9708553450076065 2 2
tr 3 2 2 6 3 2 12.513367269889546 3 1
tr 3 2 2 6 3 2 0.595874631899504 4 2
tr 3 2 2 6 3 2 99.09575696558994 5 1
ann 3 2 2 6 3 3 1.7598823421822894e-9 20 0
tr 3 2 2 6 3 3 1.9708553450076065 2 2
tr 3 2 2 6 3 3 6.256683634944783 3 1
tr 3 2 2 6 3 3 0.17876238956984933 4 2
tr 3 2 2 6 3 3 19.81915139311788 5 1
ann 3 2 2 6 4 1 2.612475149753871e-11 22 0
tr 3 2 2 6 4 1 22.524061085801133 2 1
tr 3 2 2 6 4 1 17.87623895698511 3 2
tr 3 2 2 6 4 1 817.1994951764618 4 1
tr 3 2 2 6 4 1 56.62614683748003 5 2
ann 3 2 2 6 4 2 3.4278907038163366e-11 22 0
tr 3 2 2 6 4 2 67.57218325740364 2 1
tr 3 2 2 6 4 2 26.81435843547764 3 2
tr 3 2 2 6 4 2 735.4795456588145 4 1
tr 3 2 2 6 4 2 33.97568810248799 5 2
ann 3 2 2 6 4 3 4.367686639702756e-11 22 0
tr 3 2 2 6 4 3 157.66842760060834 2 1
tr 3 2 2 6 4 3 31.283418174723945 3 2
tr 3 2 2 6 4 3 514.8356819611702 4 1
ann 3 2 2 6 4 4 5.3927514180475275e-11 22 0
tr 3 2 2 6 4 4 315.3368552012169 2 1
tr 3 2 2 6 4 4 25.02673453977909 3 2
tr 3 2 2 6 4 4 228.81585864940888 4 1
ann 3 2 2 6 5 1 1.7844014228713997e-13 24 0
tr 3 2 2 6 5 1 107.25743374191035 3 1
tr 3 2 2 6 5 1 66.73795877274438 4 2
tr 3 2 2 6 5 1 16648.087170219136 5 1
tr 3 2 2 6 5 1 957.9718491554679 6 2
tr 3 2 2 6 5 1 75458.70565655372 7 1
ann 3 2 2 6 5 2 2.3757972426130956e-13 24 0
tr 3 2 2 6 5 2 250.26734539779125 3 1
tr 3 2 2 6 5 2 93.43314228184217 4 2
tr 3 2 2 6 5 2 15538.21469220454 5 1
tr 3 2 2 6 5 2 638.6478994369771 6 2
tr 3 2 2 6 5 2 37729.35282827672 7 1
ann 3 2 2 6 5 3 3.064069873443781e-13 24 0
tr 3 2 2 6 5 3 500.5346907955825 3 1
tr 3 2 2 6 5 3 112.11977073821043 4 2
tr 3 2 2 6 5 3 12430.571753763614 5 1
tr 3 2 2 6 5 3 364.9416568211308 6 2
ann 3 2 2 6 5 4 3.8378233374389117e-13 24 0
tr 3 2 2 6 5 4 900.9624434320478 3 1
tr 3 2 2 6 5 4 112.11977073821055 4 2
tr 3 2 2 6 5 4 7991.081841705201 5 1
tr 3 2 2 6 5 4 164.22374556950825 6 2
ann 3 2 2 6 5 5 4.679666336643476e-13 24 0
tr 3 2 2 6 5 5 1501.604072386746 3 1
tr 3 2 2 6 5 5 80.08555052729321 4 2
tr 3 2 2 6 5 5 3329.617434043814 5 1
ann 3 2 2 7 6 2 1.1711849112771736e-15 26 0
tr 3 2 2 7 6 2 282.7749459550798 4 1
tr 3 2 2 7 6 2 86.37489258264274 5 2
tr 3 2 2 7 6 2 24057.94978460097 6 1
tr 3 2 2 7 6 2 856.8520184272131 7 2
tr 3 2 2 7 6 2 79399.74370032412 8 1
ann 3 2 2 7 6 4 1.9098059126162794e-15 26 0
tr 3 2 2 7 6 4 848.3248378652399 4 1
tr 3 2 2 7 6 4 111.05343332054066 5 2
tr 3 2 2 7 6 4 15465.824861529158 6 1
tr 3 2 2 7 6 4 306.0185780097188 7 2
ann 3 2 2 7 6 6 2.8613622478722587e-15 26 0
tr 3 2 2 7 6 6 1999.6228321109236 4 1
tr 3 2 2 7 6 6 67.86598702921921 5 2
tr 3 2 2 7 6 6 3780.5349661515647 6 1
ann 3 2 2 9 8 2 1.0373964347063669e-20 30 0
tr 3 2 2 9 8 2 189.53338963981912 6 1
tr 3 2 2 9 8 2 37.71327650996409 7 2
tr 3 2 2 9 8 2 22742.353601275223 8 1
tr 3 2 2 9 8 2 602.3946430334337 9 2
tr 3 2 2 9 8 2 112365.99191870898 10 1
ann 3 2 2 9 8 4 1.6597703053503705e-20 30 0
tr 3 2 2 9 8 4 446.75727557957447 6 1
tr 3 2 2 9 8 4 49.38643352495292 7 2
tr 3 2 2 9 8 4 17868.99211528764 8 1
tr 3 2 2 9 8 4 301.1973215167173 9 2
tr 3 2 2 9 8 4 37455.33063956966 10 1
ann 3 2 2 9 8 6 2.49947919085258e-20 30 0
tr 3 2 2 9 8 6 903.4424906164725 6 1
tr 3 2 2 9 8 6 49.0272594629533 7 2
tr 3 2 2 9 8 6 9855.019893885908 8 1
tr 3 2 2 9 8 6 100.39910717223904 9 2
ann 3 2 2 9 8 8 3.590302845076567e-20 30 0
tr 3 2 2 9 8 8 1642.6227102117703 6 1
tr 3 2 2 9 8 8 25.142184339976065 7 2
tr 3 2 2 9 8 8 2165.93843821667 8 1
ann 3 2 2 11 10 2 3.2738980510052996e-26 34 0
tr 3 2 2 11 10 2 53.990299594990375 8 1
tr 3 2 2 11 10 2 7.347451817527456 9 2
tr 3 2 2 11 10 2 7858.52778505658 10 1
tr 3 2 2 11 10 2 157.76085628420176 11 2
tr 3 2 2 11 10 2 50099.08290543072 12 1
ann 3 2 2 11 10 4 5.063256178599533e-26 34 0
tr 3 2 2 11 10 4 109.18038362542507 8 1
tr 3 2 2 11 10 4 9.455205672252506 9 2
tr 3 2 2 11 10 4 6741.928887651225 10 1
tr 3 2 2 11 10 4 93.70038736879867 11 2
tr 3 2 2 11 10 4 21254.156384122063 12 1
ann 3 2 2 11 10 6 7.467489027461236e-26 34 0
tr 3 2 2 11 10 6 198.50978840986338 8 1
tr 3 2 2 11 10 6 10.390335903574204 9 2
tr 3 2 2 11 10 6 4762.744112155496 10 1
tr 3 2 2 11 10 6 44.61923208038068 11 2
tr 3 2 2 11 10 6 7084.718794707355 12 1
ann 3 2 2 11 10 8 1.0601988494407807e-25 34 0
tr 3 2 2 11 10 8 333.7582156781225 8 1
tr 3 2 2 11 10 8 9.084122247124887 9 2
tr 3 2 2 11 10 8 2428.9994971992887 10 1
ann 3 2 2 11 10 10 1.4590410377770286e-25 34 0
tr 3 2 2 11 10 10 528.4505081570273 8 1
tr 3 2 2 11 10 10 4.230351046455202 9 2
tr 3 2 2 11 10 10 502.73410072752375 10 1
ann 4 1 1 4 1 1 1.6545196448416275e-6 16 0
ann 4 1 1 4 2 1 5.449556645937045e-7 16 0
tr 4 1 1 4 2 1 92.15999999999998 2 2
tr 4 1 1 4 2 1 32914.28571428564 3 1
ann 4 1 1 4 2 2 3.4059555190856293e-7 16 0
tr 4 1 1 4 2 2 61.43999999999996 2 2
tr 4 1 1 4 2 2 10971.428571428543 3 1
ann 4 1 1 4 3 1 2.0364908405746693e-8 18 0
tr 4 1 1 4 3 1 3686.3999999999965 2 1
tr 4 1 1 4 3 1 365.7142857142853 3 2
tr 4 1 1 4 3 1 122879.99999999975 4 1
ann 4 1 1 4 3 2 2.128734375616286e-8 18 0
tr 4 1 1 4 3 2 6143.999999999997 2 1
tr 4 1 1 4 3 2 304.76190476190453 3 2
tr 4 1 1 4 3 2 61439.999999999716 4 1
ann 4 1 1 4 3 3 2.1287321545933464e-8 18 0
tr 4 1 1 4 3 3 9215.999999999987 2 1
tr 4 1 1 4 3 3 182.8571428571426 3 2
tr 4 1 1 4 3 3 20479.99999999993 4 1
ann 4 1 1 5 1 1 3.4697792574590544e-6 16 0
tr 4 1 1 5 1 1 1178.8833478411234 2 1
ann 4 1 1 5 2 1 3.199993659361271e-7 16 0
tr 4 1 1 5 2 1 25.996430561342024 2 2
tr 4 1 1 5 2 1 44979.92664602651 3 1
ann 4 1 1 5 2 2 1.999985896055892e-7 16 0
tr 4 1 1 5 2 2 17.33095370756134 2 2
tr 4 1 1 5 2 2 14993.308882008836 3 1
ann 4 1 1 5 3 1 1.749332333382497e-8 18 0
tr 4 1 1 5 3 1 9727.079953260545 2 1
tr 4 1 1 5 3 1 964.9880906012442 3 2
tr 4 1 1 5 3 1 793256.7124753648 4 1
ann 4 1 1 5 3 2 1.8285689414940003e-8 18 0
tr 4 1 1 5 3 2 16211.799922100918 2 1
tr 4 1 1 5 3 2 804.1567421677039 3 2
tr 4 1 1 5 3 2 396628.35623768147 4 1
ann 4 1 1 5 3 3 1.828567051900114e-8 18 0
tr 4 1 1 5 3 3 24317.699883151356 2 1
tr 4 1 1 5 3 3 482.4940453006221 3 2
tr 4 1 1 5 3 3 132209.45207922734 4 1
ann 4 1 1 5 4 1 1.9778848722424167e-10 20 0
tr 4 1 1 5 4 1 112090.14817000565 3 1
tr 4 1 1 5 4 1 10461.74716253387 4 2
tr 4 1 1 5 4 1 5.306676563396365e6 5 1
ann 4 1 1 5 4 2 2.2551382889787288e-10 20 0
tr 4 1 1 5 4 2 168135.22225500847 3 1
tr 4 1 1 5 4 2 9415.57244628047 4 2
tr 4 1 1 5 4 2 3.1840059380378155e6 5 1
ann 4 1 1 5 4 3 2.5267514444793644e-10 20 0
tr 4 1 1 5 4 3 235389.3111570117 3 1
tr 4 1 1 5 4 3 7323.223013773727 4 2
tr 4 1 1 5 4 3 1.5920029690189064e6 5 1
ann 4 1 1 5 4 4 2.7927243387443244e-10 20 0
tr 4 1 1 5 4 4 313852.4148760155 3 1
tr 4 1 1 5 4 4 4184.698865013532 4 2
tr 4 1 1 5 4 4 530667.6563396355 5 1
ann 4 1 1 6 1 1 2.033538616864874e-6 16 0
tr 4 1 1 6 1 1 88.52148613947321 2 1
ann 4 1 1 6 2 1 1.9845766857015326e-7 16 0
tr 4 1 1 6 2 1 4.104745640218222 2 2
tr 4 1 1 6 2 1 311.2813918923514 3 1
ann 4 1 1 6 2 2 1.2403541619318832e-7 16 0
tr 4 1 1 6 2 2 2.7364970934788126 2 2
tr 4 1 1 6 2 2 103.76046396411714 3 1
ann 4 1 1 6 3 1 1.2713712303001822e-8 18 0
tr 4 1 1 6 3 1 170.81367698742176 2 1
tr 4 1 1 6 3 1 16.945801288434694 3 2
tr 4 1 1 6 3 1 50931.05452868597 4 1
ann 4 1 1 6 3 2 1.3289584317723883e-8 18 0
tr 4 1 1 6 3 2 284.68946164570303 2 1
tr 4 1 1 6 3 2 14.121501073695583 3 2
tr 4 1 1 6 3 2 25465.527264342927 4 1
ann 4 1 1 6 3 3 1.3289570656676242e-8 18 0
tr 4 1 1 6 3 3 427.0341924685541 2 1
tr 4 1 1 6 3 3 8.472900644217347 3 2
tr 4 1 1 6 3 3 8488.509088114322 4 1
ann 4 1 1 6 4 1 2.2183295228992608e-10 20 0
tr 4 1 1 6 4 1 20358.35515477635 3 1
tr 4 1 1 6 4 1 1900.1131477791278 4 2
tr 4 1 1 6 4 1 5.212676415854436e6 5 1
ann 4 1 1 6 4 2 2.5292876876743784e-10 20 0
tr 4 1 1 6 4 2 30537.53273216452 3 1
tr 4 1 1 6 4 2 1710.1018330012132 4 2
tr 4 1 1 6 4 2 3.1276058495126585e6 5 1
ann 4 1 1 6 4 3 2.833919925446562e-10 20 0
tr 4 1 1 6 4 3 42752.5458250303 3 1
tr 4 1 1 6 4 3 1330.0792034453932 4 2
tr 4 1 1 6 4 3 1.5638029247563276e6 5 1
ann 4 1 1 6 4 4 3.132226236215811e-10 20 0
tr 4 1 1 6 4 4 57003.394433373716 3 1
tr 4 1 1 6 4 4 760.0452591116479 4 2
tr 4 1 1 6 4 4 521267.6415854424 5 1
ann 4 1 1 6 5 1 1.1533571234537632e-12 22 0
tr 4 1 1 6 5 1 1.519769893728857e6 4 1
tr 4 1 1 6 5 1 116055.15552111274 5 2
tr 4 1 1 6 5 1 9.149196793538615e7 6 1
ann 4 1 1 6 5 2 1.3451109135998312e-12 22 0
tr 4 1 1 6 5 2 2.127677851220399e6 4 1
tr 4 1 1 6 5 2 108318.14515303854 5 2
tr 4 1 1 6 5 2 6.099464529025748e7 6 1
ann 4 1 1 6 5 3 1.5473110867205495e-12 22 0
tr 4 1 1 6 5 3 2.8369038016271954e6 4 1
tr 4 1 1 6 5 3 92844.12441689007 5 2
tr 4 1 1 6 5 3 3.6596787174154416e7 6 1
ann 4 1 1 6 5 4 1.7599576428159166e-12 22 0
tr 4 1 1 6 5 4 3.6474477449492514e6 4 1
tr 4 1 1 6 5 4 69633.09331266761 5 2
tr 4 1 1 6 5 4 1.8298393587077312e7 6 1
ann 4 1 1 6 5 5 1.9830505818859378e-12 22 0
tr 4 1 1 6 5 5 4.5593096811865615e6 4 1
tr 4 1 1 6 5 5 38685.05184037084 5 2
tr 4 1 1 6 5 5 6.099464529025696e6 6 1
ann 4 1 1 7 6 2 5.346002400175447e-15 24 0
tr 4 1 1 7 6 2 1.5803762271794768e7 5 1
tr 4 1 1 7 6 2 693095.6516996542 6 2
tr 4 1 1 7 6 2 6.083924975367782e8 7 1
ann 4 1 1 7 6 4 7.070120057886612e-15 24 0
tr 4 1 1 7 6 4 2.5398903651098717e7 5 1
tr 4 1 1 7 6 4 519821.738774741 6 2
tr 4 1 1 7 6 4 2.4335699901471043e8 7 1
ann 4 1 1 7 6 6 9.018173513139527e-15 24 0
tr 4 1 1 7 6 6 3.7251725354944825e7 5 1
tr 4 1 1 7 6 6 207928.69550989592 6 2
tr 4 1 1 7 6 6 4.055949983578497e7 7 1
ann 4 1 1 9 8 2 3.3491336628853513e-20 28 0
tr 4 1 1 9 8 2 2.7162276564981127e8 7 1
tr 4 1 1 9 8 2 8.629989830921741e6 8 2
tr 4 1 1 9 8 2 1.5532412071978374e10 9 1
ann 4 1 1 9 8 4 4.3712627542939043e-20 28 0
tr 4 1 1 9 8 4 3.9838005628639066e8 7 1
tr 4 1 1 9 8 4 7.397134140790066e6 8 2
tr 4 1 1 9 8 4 8.320935038559811e9 9 1
ann 4 1 1 9 8 6 5.530069039412904e-20 28 0
tr 4 1 1 9 8 6 5.492815927585069e8 7 1
tr 4 1 1 9 8 6 5.177993898553041e6 8 2
tr 4 1 1 9 8 6 3.3283740154239244e9 9 1
ann 4 1 1 9 8 8 6.825552518242348e-20 28 0
tr 4 1 1 9 8 8 7.243273750661641e8 7 1
tr 4 1 1 9 8 8 1.9725691042106883e6 8 2
tr 4 1 1 9 8 8 5.547290025706501e8 9 1
ann 4 1 1 11 10 2 7.974918688372035e-26 32 0
tr 4 1 1 11 10 2 1.4466928161983502e9 9 1
tr 4 1 1 11 10 2 3.398648960067557e7 10 2
tr 4 1 1 11 10 2 1.0683610069783218e11 11 1
ann 4 1 1 11 10 4 1.0173521368447669e-25 32 0
tr 4 1 1 11 10 4 1.994682519303787e9 9 1
tr 4 1 1 11 10 4 3.083959241542775e7 10 2
tr 4 1 1 11 10 4 6.6475795989762146e10 11 1
ann 4 1 1 11 10 6 1.2644129750261593e-25 32 0
tr 4 1 1 11 10 6 2.6303505749060884e9 9 1
tr 4 1 1 11 10 6 2.517517748198187e7 10 2
tr 4 1 1 11 10 6 3.561203356594396e10 11 1
ann 4 1 1 11 10 8 1.5386743833813841e-25 32 0
tr 4 1 1 11 10 8 3.353696983005267e9 9 1
tr 4 1 1 11 10 8 1.6993244800337877e7 10 2
tr 4 1 1 11 10 8 1.4244813426377413e10 11 1
ann 4 1 1 11 10 10 1.840136361910436e-25 32 0
tr 4 1 1 11 10 10 4.164721743601313e9 9 1
tr 4 1 1 11 10 10 6.293794370495453e6 10 2
tr 4 1 1 11 10 10 2.374135571062924e9 11 1
ann 4 2 1 4 2 1 1.3623888888788435e-8 18 0
ann 4 2 1 4 2 2 1.702974079231188e-8 18 0
tr 4 2 1 4 2 2 8294.399999999994 2 1
tr 4 2 1 4 2 2 592.4571428571422 3 2
ann 4 2 1 4 3 1 1.2038077017293955e-9 20 0
tr 4 2 1 4 3 1 61.44000000000005 2 2
tr 4 2 1 4 3 1 2438.0952380952544 3 1
tr 4 2 1 4 3 1 2902.4943310657586 4 2
ann 4 2 1 4 3 2 1.2874517068658132e-9 20 0
tr 4 2 1 4 3 2 18285.714285714294 3 1
tr 4 2 1 4 3 2 2844.4444444444493 4 2
tr 4 2 1 4 3 2 333637.8181818179 5 1
ann 4 2 1 4 3 3 1.032111882172705e-9 20 0
tr 4 2 1 4 3 3 153.5999999999999 2 2
tr 4 2 1 4 3 3 30476.190476190426 3 1
ann 4 2 1 5 1 1 2.857137077619094e-7 16 0
tr 4 2 1 5 1 1 1.9784479386024085 2 2
tr 4 2 1 5 1 1 15880.311104282671 3 1
ann 4 2 1 5 2 1 3.199992944529731e-8 18 0
tr 4 2 1 5 2 1 492.5460045777199 2 1
tr 4 2 1 5 2 1 281.4548597586964 3 2
tr 4 2 1 5 2 1 431777.79290129384 4 1
ann 4 2 1 5 2 2 9.999907805086261e-9 18 0
tr 4 2 1 5 2 2 2955.276027466312 2 1
tr 4 2 1 5 2 2 211.09114481902225 3 2
tr 4 2 1 5 2 2 134930.56028165415 4 1
ann 4 2 1 5 3 1 1.0340629626305123e-9 20 0
tr 4 2 1 5 3 1 48.2334543136887 2 2
tr 4 2 1 5 3 1 6390.0052939510515 3 1
tr 4 2 1 5 3 1 7607.149159465486 4 2
tr 4 2 1 5 3 1 5.414171243230749e6 5 1
ann 4 2 1 5 3 2 1.1059126167725454e-9 20 0
tr 4 2 1 5 3 2 47925.039704632596 3 1
tr 4 2 1 5 3 2 7455.006176276193 4 2
tr 4 2 1 5 3 2 2.598802196750762e6 5 1
ann 4 2 1 5 3 3 8.86577387103075e-10 20 0
tr 4 2 1 5 3 3 120.5836357842216 2 2
tr 4 2 1 5 3 3 79875.0661743875 3 1
tr 4 2 1 5 3 3 4107.860546111361 4 2
tr 4 2 1 5 3 3 757983.9740523037 5 1
ann 4 2 1 5 4 1 1.5670855219938764e-11 22 0
tr 4 2 1 5 4 1 11115.528566117575 2 1
tr 4 2 1 5 4 1 1102.7310085434083 3 2
tr 4 2 1 5 4 1 37737.345706988024 4 1
ann 4 2 1 5 4 2 1.63231388744462e-11 22 0
tr 4 2 1 5 4 2 14820.704754823404 2 1
tr 4 2 1 5 4 2 183.78850142390198 3 2
tr 4 2 1 5 4 2 305672.50022660044 4 1
ann 4 2 1 5 4 3 1.675547194735411e-11 22 0
tr 4 2 1 5 4 3 12968.11666047046 2 1
tr 4 2 1 5 4 3 257.3039019934619 3 2
tr 4 2 1 5 4 3 660403.5498722842 4 1
ann 4 2 1 5 4 4 1.790208069956624e-11 22 0
tr 4 2 1 5 4 4 3087.646823921542 3 2
tr 4 2 1 5 4 4 739651.9758569576 4 1
tr 4 2 1 5 4 4 25103.33978666037 5 2
tr 4 2 1 5 4 4 2.0082049068080997e6 6 1
ann 4 2 1 6 1 1 1.674486471621453e-7 16 0
tr 4 2 1 6 1 1 0.26899128452216126 2 2
tr 4 2 1 6 1 1 426.2937789926594 3 1
ann 4 2 1 6 2 1 1.984576217266906e-8 18 0
tr 4 2 1 6 2 1 33.891602576869474 2 1
tr 4 2 1 6 2 1 19.366630043925372 3 2
tr 4 2 1 6 2 1 683.7558349359269 4 1
ann 4 2 1 6 2 2 6.201757345441943e-9 18 0
tr 4 2 1 6 2 2 203.34961546121642 2 1
tr 4 2 1 6 2 2 14.524972532944027 3 2
tr 4 2 1 6 2 2 213.6736984174769 4 1
ann 4 2 1 6 3 1 7.515312450362628e-10 20 0
tr 4 2 1 6 3 1 6.535570744850856 2 2
tr 4 2 1 6 3 1 0.860454571207798 3 1
tr 4 2 1 6 3 1 1.024350680009276 4 2
tr 4 2 1 6 3 1 883107.9933734066 5 1
ann 4 2 1 6 3 2 8.037497865902656e-10 20 0
tr 4 2 1 6 3 2 6.453409284058447 3 1
tr 4 2 1 6 3 2 1.0038636664090927 4 2
tr 4 2 1 6 3 2 423891.8368192356 5 1
ann 4 2 1 6 3 3 6.443424018640501e-10 20 0
tr 4 2 1 6 3 3 16.33892686212712 2 2
tr 4 2 1 6 3 3 10.755682140097385 3 1
tr 4 2 1 6 3 3 0.553149367205009 4 2
tr 4 2 1 6 3 3 123635.11907227678 5 1
ann 4 2 1 6 4 1 1.7575907255781223e-11 22 0
tr 4 2 1 6 4 1 64.53409284058452 2 1
tr 4 2 1 6 4 1 6.402191750057974 3 2
tr 4 2 1 6 4 1 11692.629366655934 4 1
tr 4 2 1 6 4 1 19445.196958850676 5 2
tr 4 2 1 6 4 1 3.916421933024857e7 6 1
ann 4 2 1 6 4 2 1.830748681396086e-11 22 0
tr 4 2 1 6 4 2 86.04545712077918 2 1
tr 4 2 1 6 4 2 1.067031958342999 3 2
tr 4 2 1 6 4 2 94710.29786991229 4 1
tr 4 2 1 6 4 2 20741.543422774026 5 2
tr 4 2 1 6 4 2 2.2845794609311637e7 6 1
ann 4 2 1 6 4 3 1.879237712287544e-11 22 0
tr 4 2 1 6 4 3 75.2897749806817 2 1
tr 4 2 1 6 4 3 1.4938447416801939 3 2
tr 4 2 1 6 4 3 204621.01391647683 4 1
tr 4 2 1 6 4 3 16204.330799042193 5 2
tr 4 2 1 6 4 3 1.0443791821399633e7 6 1
ann 4 2 1 6 4 4 2.007837508679699e-11 22 0
tr 4 2 1 6 4 4 17.926136900162323 3 2
tr 4 2 1 6 4 4 229175.5355864539 4 1
tr 4 2 1 6 4 4 7778.078783540252 5 2
tr 4 2 1 6 4 4 2.937316449768653e6 6 1
ann 4 2 1 6 5 1 1.3549988781937423e-13 24 0
tr 4 2 1 6 5 1 100697.76924763214 3 1
tr 4 2 1 6 5 1 9398.45846311232 4 2
tr 4 2 1 6 5 1 316505.90482503024 5 1
ann 4 2 1 6 5 2 1.42099998449562e-13 24 0
tr 4 2 1 6 5 2 132165.82213751698 3 1
tr 4 2 1 6 5 2 3289.4604620893097 4 2
tr 4 2 1 6 5 2 2.6586496005302523e6 5 1
ann 4 2 1 6 5 3 1.4514317410373235e-13 24 0
tr 4 2 1 6 5 3 140976.8769466846 3 1
tr 4 2 1 6 5 3 6.330118096500587e6 5 1
ann 4 2 1 6 5 4 1.4779910157548609e-13 24 0
tr 4 2 1 6 5 4 105732.65771001337 3 1
tr 4 2 1 6 5 4 5639.075077867384 4 2
tr 4 2 1 6 5 4 9.305273601855868e6 5 1
ann 4 2 1 6 5 5 1.546779687173126e-13 24 0
tr 4 2 1 6 5 5 28195.375389336925 4 2
tr 4 2 1 6 5 5 8.545659430275805e6 5 1
tr 4 2 1 6 5 5 195134.2241821218 6 2
tr 4 2 1 6 5 5 2.0194365074077588e7 7 1
ann 4 2 1 7 6 2 8.165644749953068e-16 26 0
tr 4 2 1 7 6 2 830330.3654451065 4 1
tr 4 2 1 7 6 2 23777.642283200767 5 2
tr 4 2 1 7 6 2 1.4568940265850835e7 6 1
ann 4 2 1 7 6 4 8.479471905348061e-16 26 0
tr 4 2 1 7 6 4 889639.6772626125 4 1
tr 4 2 1 7 6 4 4246.007550571537 5 2
tr 4 2 1 7 6 4 5.948983941889106e7 6 1
ann 4 2 1 7 6 6 8.144649124774951e-16 26 0
tr 4 2 1 7 6 6 155686.94352095746 5 2
tr 4 2 1 7 6 6 5.876139240559843e7 6 1
tr 4 2 1 7 6 6 934001.7238723462 7 2
tr 4 2 1 7 6 6 1.2162639814536649e8 8 1
ann 4 2 1 9 8 2 9.341610629232823e-21 30 0
tr 4 2 1 9 8 2 1.1944580191745596e7 6 1
tr 4 2 1 9 8 2 309469.7514602456 7 2
tr 4 2 1 9 8 2 1.5483122752884454e8 8 1
tr 4 2 1 9 8 2 5.249455034483299e7 9 2
tr 4 2 1 9 8 2 7.750741797595274e10 10 1
ann 4 2 1 9 8 4 1.0172865506418724e-20 30 0
tr 4 2 1 9 8 4 1.4598931345466908e7 6 1
tr 4 2 1 9 8 4 18155.55875233448 7 2
tr 4 2 1 9 8 4 7.225457284679465e8 8 1
ann 4 2 1 9 8 6 9.748465513763147e-21 30 0
tr 4 2 1 9 8 6 1.2077297749431668e7 6 1
tr 4 2 1 9 8 6 225293.97906305906 7 2
tr 4 2 1 9 8 6 1.2489719020660164e9 8 1
ann 4 2 1 9 8 8 7.65635863727471e-21 30 0
tr 4 2 1 9 8 8 1.6174952342988816e6 7 2
tr 4 2 1 9 8 8 8.847498715933996e8 8 1
tr 4 2 1 9 8 8 7.499221477833294e6 9 2
tr 4 2 1 9 8 8 1.4260022787783527e9 10 1
ann 4 2 1 11 10 2 3.527774151404076e-26 34 0
tr 4 2 1 11 10 2 5.7602298686367e7 8 1
tr 4 2 1 11 10 2 1.2003473164529763e6 9 2
tr 4 2 1 11 10 2 5.657683919297867e8 10 1
tr 4 2 1 11 10 2 2.0612423580652395e8 11 2
tr 4 2 1 11 10 2 5.499801302019712e11 12 1
ann 4 2 1 11 10 4 3.958297392930642e-26 34 0
tr 4 2 1 11 10 4 7.147921609717353e7 8 1
tr 4 2 1 11 10 4 303984.06066016684 9 2
tr 4 2 1 11 10 4 2.795082117332155e9 10 1
tr 4 2 1 11 10 4 3.230652513074511e11 12 1
ann 4 2 1 11 10 6 4.031112745876697e-26 34 0
tr 4 2 1 11 10 6 7.331201650992157e7 8 1
tr 4 2 1 11 10 6 44539.78910771806 9 2
tr 4 2 1 11 10 6 5.634401269424268e9 10 1
ann 4 2 1 11 10 8 3.5827739033740993e-26 34 0
tr 4 2 1 11 10 8 5.3413040600085735e7 8 1
tr 4 2 1 11 10 8 1.4197057778084767e6 9 2
tr 4 2 1 11 10 8 7.072104899122416e9 10 1
ann 4 2 1 11 10 10 2.4299788015019096e-26 34 0
tr 4 2 1 11 10 10 5.712227953064714e6 9 2
tr 4 2 1 11 10 10 4.20251830219454e9 10 1
tr 4 2 1 11 10 10 2.103308528637987e7 11 2
tr 4 2 1 11 10 10 5.384420855124143e9 12 1
ann 4 2 2 4 2 2 8.514870396155942e-9 18 0
ann 4 2 2 4 3 1 1.0020092896067772e-9 20 0
tr 4 2 2 4 3 1 92.15999999999998 2 2
tr 4 2 2 4 3 1 29257.142857142844 3 1
tr 4 2 2 4 3 1 2321.995464852606 4 2
ann 4 2 2 4 3 2 1.2525094195779875e-9 20 0
tr 4 2 2 4 3 2 153.59999999999997 2 2
tr 4 2 2 4 3 2 24380.95238095233 3 1
ann 4 2 2 4 3 3 1.6933044943885535e-9 20 0
tr 4 2 2 4 3 3 153.59999999999997 2 2
tr 4 2 2 4 3 3 12190.476190476184 3 1
ann 4 2 2 5 1 1 1.7857016151905297e-7 16 0
tr 4 2 2 5 1 1 1.3189652924016044 2 2
tr 4 2 2 5 1 1 5293.437034760889 3 1
ann 4 2 2 5 2 1 9.999907805086258e-9 18 0
tr 4 2 2 5 2 1 2955.2760274663106 2 1
tr 4 2 2 5 2 1 211.0911448190223 3 2
tr 4 2 2 5 2 1 134930.56028165415 4 1
ann 4 2 2 5 2 2 1.999981561017257e-8 18 0
tr 4 2 2 5 2 2 1970.1840183108716 2 1
tr 4 2 2 5 2 2 70.36371493967403 3 2
tr 4 2 2 5 2 2 26986.112056330978 4 1
ann 4 2 2 5 3 1 8.607194467630952e-10 20 0
tr 4 2 2 5 3 1 72.35018147053297 2 2
tr 4 2 2 5 3 1 76680.0635274121 3 1
tr 4 2 2 5 3 1 6085.719327572386 4 2
tr 4 2 2 5 3 1 1.6242513729692241e6 5 1
ann 4 2 2 5 3 2 1.0758974407826855e-9 20 0
tr 4 2 2 5 3 2 120.58363578422166 2 2
tr 4 2 2 5 3 2 63900.05293950996 3 1
tr 4 2 2 5 3 2 3042.859663786197 4 2
tr 4 2 2 5 3 2 541417.1243230748 5 1
ann 4 2 2 5 3 3 1.4545375481419094e-9 20 0
tr 4 2 2 5 3 3 120.58363578422166 2 2
tr 4 2 2 5 3 3 31950.026469755023 3 1
tr 4 2 2 5 3 3 912.85789913585 4 2
tr 4 2 2 5 3 3 108283.42486461435 5 1
ann 4 2 2 5 4 1 1.3991633867016843e-11 22 0
tr 4 2 2 5 4 1 1852.588094352918 2 1
tr 4 2 2 5 4 1 1470.308011391212 3 2
tr 4 2 2 5 4 1 754746.9141397534 4 1
ann 4 2 2 5 4 2 1.8358755422758644e-11 22 0
tr 4 2 2 5 4 2 5557.764283058776 2 1
tr 4 2 2 5 4 2 2205.4620170868156 3 2
tr 4 2 2 5 4 2 679272.2227257772 4 1
ann 4 2 2 5 4 3 2.3392021266337436e-11 22 0
tr 4 2 2 5 4 3 12968.11666047046 2 1
tr 4 2 2 5 4 3 2573.0390199346216 3 2
tr 4 2 2 5 4 3 475490.55590804404 4 1
ann 4 2 2 5 4 4 2.888196183310861e-11 22 0
tr 4 2 2 5 4 4 25936.233320940944 2 1
tr 4 2 2 5 4 4 2058.4312159476913 3 2
tr 4 2 2 5 4 4 211329.13595913062 4 1
ann 4 2 2 6 1 1 1.0465487538407776e-7 16 0
tr 4 2 2 6 1 1 0.179327523014774 2 2
tr 4 2 2 6 1 1 142.09792633088645 3 1
ann 4 2 2 6 2 1 6.20175734544194e-9 18 0
tr 4 2 2 6 2 1 203.34961546121622 2 1
tr 4 2 2 6 2 1 14.52497253294403 3 2
tr 4 2 2 6 2 1 213.6736984174769 4 1
ann 4 2 2 6 2 2 1.240351469088394e-8 18 0
tr 4 2 2 6 2 2 135.5664103074774 2 1
tr 4 2 2 6 2 2 4.84165751098134 3 2
tr 4 2 2 6 2 2 42.73473968349562 4 1
ann 4 2 2 6 3 1 6.255494900577049e-10 20 0
tr 4 2 2 6 3 1 9.803356117276273 2 2
tr 4 2 2 6 3 1 10.325454854493504 3 1
tr 4 2 2 6 3 1 0.8194805440074203 4 2
tr 4 2 2 6 3 1 264932.3980120219 5 1
ann 4 2 2 6 3 2 7.819355113587651e-10 20 0
tr 4 2 2 6 3 2 16.338926862127124 2 2
tr 4 2 2 6 3 2 8.604545712077904 3 1
tr 4 2 2 6 3 2 0.4097402720037108 4 2
tr 4 2 2 6 3 2 88310.79933734064 5 1
ann 4 2 2 6 3 3 1.0571217303482003e-9 20 0
tr 4 2 2 6 3 3 16.338926862127124 2 2
tr 4 2 2 6 3 3 4.302272856038959 3 1
tr 4 2 2 6 3 3 17662.15986746803 5 1
ann 4 2 2 6 4 1 1.5692548651383097e-11 22 0
tr 4 2 2 6 4 1 10.755682140097354 2 1
tr 4 2 2 6 4 1 8.536255666743973 3 2
tr 4 2 2 6 4 1 233852.58733311648 4 1
tr 4 2 2 6 4 1 16204.330799042198 5 2
tr 4 2 2 6 4 1 1.1422897304655831e7 6 1
ann 4 2 2 6 4 2 2.0590566226172687e-11 22 0
tr 4 2 2 6 4 2 32.26704642029218 2 1
tr 4 2 2 6 4 2 12.804383500115943 3 2
tr 4 2 2 6 4 2 210467.32859980452 4 1
tr 4 2 2 6 4 2 9722.59847942531 5 2
tr 4 2 2 6 4 2 4.895527416281063e6 6 1
ann 4 2 2 6 4 3 2.6235708990270236e-11 22 0
tr 4 2 2 6 4 3 75.2897749806817 2 1
tr 4 2 2 6 4 3 14.93844741680195 3 2
tr 4 2 2 6 4 3 147327.1300198632 4 1
tr 4 2 2 6 4 3 4537.212623731821 5 2
ann 4 2 2 6 4 4 3.239304289374355e-11 22 0
tr 4 2 2 6 4 4 150.57954996136345 2 1
tr 4 2 2 6 4 4 11.950757933441528 3 2
tr 4 2 2 6 4 4 65478.724453272494 4 1
ann 4 2 2 6 5 1 1.0718496410263279e-13 24 0
tr 4 2 2 6 5 1 18880.83173393094 3 1
tr 4 2 2 6 5 1 11748.073078890387 4 2
tr 4 2 2 6 5 1 9.495177144750878e6 5 1
tr 4 2 2 6 5 1 546375.8277099411 6 2
ann 4 2 2 6 5 2 1.4270877709053368e-13 24 0
tr 4 2 2 6 5 2 44055.27404583894 3 1
tr 4 2 2 6 5 2 16447.302310446554 4 2
tr 4 2 2 6 5 2 8.862165335100826e6 5 1
ann 4 2 2 6 5 3 1.8405176246958942e-13 24 0
tr 4 2 2 6 5 3 88110.54809167786 3 1
tr 4 2 2 6 5 3 19736.76277253583 4 2
tr 4 2 2 6 5 3 7.089732268080652e6 5 1
ann 4 2 2 6 5 4 2.305293900048065e-13 24 0
tr 4 2 2 6 5 4 158598.98656502008 3 1
tr 4 2 2 6 5 4 19736.762772535854 4 2
tr 4 2 2 6 5 4 4.557685029480431e6 5 1
ann 4 2 2 6 5 5 2.8109700419646867e-13 24 0
tr 4 2 2 6 5 5 264331.6442750334 3 1
tr 4 2 2 6 5 5 14097.68769466846 4 2
tr 4 2 2 6 5 5 1.899035428950168e6 5 1
ann 4 2 2 7 6 2 7.035043215702578e-16 26 0
tr 4 2 2 7 6 2 259478.239201595 4 1
tr 4 2 2 7 6 2 79258.80761066922 5 2
tr 4 2 2 7 6 2 6.7988387907304e7 6 1
ann 4 2 2 7 6 4 1.1471772914118977e-15 26 0
tr 4 2 2 7 6 4 778434.7176047856 4 1
tr 4 2 2 7 6 4 101904.18121371756 5 2
tr 4 2 2 7 6 4 4.370682079755248e7 6 1
ann 4 2 2 7 6 6 1.7187557282468345e-15 26 0
tr 4 2 2 7 6 6 1.834881834354138e6 4 1
tr 4 2 2 7 6 6 62274.77740838289 5 2
tr 4 2 2 7 6 6 1.0683889528290585e7 6 1
ann 4 2 2 9 8 2 6.231405818033128e-21 30 0
tr 4 2 2 9 8 2 3.483835889259128e6 6 1
tr 4 2 2 9 8 2 693212.2432709498 7 2
tr 4 2 2 9 8 2 1.2386498202307596e9 8 1
tr 4 2 2 9 8 2 3.280909396552063e7 9 2
tr 4 2 2 9 8 2 1.7615322267262035e10 10 1
ann 4 2 2 9 8 4 9.96986501806959e-21 30 0
tr 4 2 2 9 8 4 8.211898881825102e6 6 1
tr 4 2 2 9 8 4 907777.9376167193 7 2
tr 4 2 2 9 8 4 9.732248587527378e8 8 1
ann 4 2 2 9 8 6 1.501380658878736e-20 30 0
tr 4 2 2 9 8 6 1.6606284405468533e7 6 1
tr 4 2 2 9 8 6 901175.9162522346 7 2
tr 4 2 2 9 8 6 5.367482554333279e8 8 1
ann 4 2 2 9 8 8 2.156613790757052e-20 30 0
tr 4 2 2 9 8 8 3.019324437357918e7 6 1
tr 4 2 2 9 8 8 462141.49551396683 7 2
tr 4 2 2 9 8 8 1.1796664954578568e8 8 1
ann 4 2 2 11 10 2 1.966556462431455e-26 34 0
tr 4 2 2 11 10 2 1.6200646505540691e7 8 1
tr 4 2 2 11 10 2 2.20471956083199e6 9 2
tr 4 2 2 11 10 2 6.914947012475235e9 10 1
tr 4 2 2 11 10 2 1.3881836289010733e8 11 2
tr 4 2 2 11 10 2 1.2691849158506946e11 12 1
ann 4 2 2 11 10 4 3.041383408320559e-26 34 0
tr 4 2 2 11 10 4 3.2761307377871197e7 8 1
tr 4 2 2 11 10 4 2.8371845661615725e6 9 2
tr 4 2 2 11 10 4 5.932419187807028e9 10 1
ann 4 2 2 11 10 6 4.4855516956034863e-26 34 0
tr 4 2 2 11 10 6 5.9566013414311156e7 8 1
tr 4 2 2 11 10 6 3.1177852375401957e6 9 2
tr 4 2 2 11 10 6 4.1908769772577124e9 10 1
ann 4 2 2 11 10 8 6.368374629556274e-26 34 0
tr 4 2 2 11 10 8 1.001494511251607e8 8 1
tr 4 2 2 11 10 8 2.7258350933922883e6 9 2
tr 4 2 2 11 10 8 2.1373472584014208e9 10 1
ann 4 2 2 11 10 10 8.764129454718151e-26 34 0
tr 4 2 2 11 10 10 1.5856996428150442e8 8 1
tr 4 2 2 11 10 10 1.269383989569934e6 9 2
tr 4 2 2 11 10 10 4.4237034759942454e8 10 1
ann 4 3 1 4 3 1 9.330559866326364e-12 22 0
ann 4 3 1 4 3 2 2.6376485832427378e-11 22 0
tr 4 3 1 4 3 2 2304.0 2 1
ann 4 3 1 4 3 3 2.123872254489076e-11 22 0
tr 4 3 1 4 3 3 1535.9999999999984 2 1
tr 4 3 1 4 3 3 1097.1428571428569 3 2
ann 4 3 1 5 1 1 1.0677076671762777e-8 18 0
tr 4 3 1 5 1 1 209.56465926764494 2 1
tr 4 3 1 5 1 1 20.790144768615562 3 2
tr 4 3 1 5 1 1 79538.86793364635 4 1
ann 4 3 1 5 2 1 7.068789582689764e-10 20 0
tr 4 3 1 5 2 1 0.6728997532601659 2 2
tr 4 3 1 5 2 1 1050.2851259446306 3 1
tr 4 3 1 5 2 1 1250.3394356483607 4 2
tr 4 3 1 5 2 1 1.5185888401924677e6 5 1
ann 4 3 1 5 2 2 5.883824039212729e-10 20 0
tr 4 3 1 5 2 2 1.0093496298902478 2 2
tr 4 3 1 5 2 2 12603.421511335477 3 1
tr 4 3 1 5 2 2 1000.2715485186885 4 2
tr 4 3 1 5 2 2 455576.6520577402 5 1
ann 4 3 1 5 3 1 3.2059559877098017e-11 22 0
tr 4 3 1 5 3 1 595.4747446134436 2 1
tr 4 3 1 5 3 1 236.29950183073043 3 2
tr 4 3 1 5 3 1 4390.494514386451 4 1
ann 4 3 1 5 3 2 2.2657229378420473e-11 22 0
tr 4 3 1 5 3 2 992.4579076890678 2 1
tr 4 3 1 5 3 2 140495.82446036424 4 1
ann 4 3 1 5 3 3 1.8243923828391585e-11 22 0
tr 4 3 1 5 3 3 661.6386051260442 2 1
tr 4 3 1 5 3 3 472.5990036614607 3 2
tr 4 3 1 5 3 3 237086.70377686425 4 1
ann 4 3 1 5 4 1 4.59906722075518e-13 24 0
tr 4 3 1 5 4 1 79.75108186787152 2 2
tr 4 3 1 5 4 1 10002.095315586537 3 1
tr 4 3 1 5 4 1 6172.7216804762265 4 2
ann 4 3 1 5 4 2 4.605297490123078e-13 24 0
tr 4 3 1 5 4 2 26.583693955957223 2 2
tr 4 3 1 5 4 2 26672.254174897298 3 1
tr 4 3 1 5 4 2 1097.3727431957718 4 2
tr 4 3 1 5 4 2 595261.0452643773 5 1
ann 4 3 1 5 4 3 3.5051874096455364e-13 24 0
tr 4 3 1 5 4 3 372.17171538340034 2 2
tr 4 3 1 5 4 3 9335.28896121405 3 1
tr 4 3 1 5 4 3 1920.4023005926013 4 2
tr 4 3 1 5 4 3 1.5459402592534032e6 5 1
ann 4 3 1 5 4 4 2.898674240135325e-13 24 0
tr 4 3 1 5 4 4 28005.86688364205 3 1
tr 4 3 1 5 4 4 13442.816104148204 4 2
tr 4 3 1 5 4 4 1.514390458044147e6 5 1
ann 4 3 1 6 1 1 6.257529769139966e-9 18 0
tr 4 3 1 6 1 1 16.07207717448245 2 1
tr 4 3 1 6 1 1 1.5944521006430996 3 2
tr 4 3 1 6 1 1 366.3439115327868 4 1
ann 4 3 1 6 2 1 4.383932070419646e-10 20 0
tr 4 3 1 6 2 1 0.07780441362917685 2 2
tr 4 3 1 6 2 1 26.643361187041457 3 1
tr 4 3 1 6 2 1 31.718287127430084 4 2
tr 4 3 1 6 2 1 34062.73688725995 5 1
ann 4 3 1 6 2 2 3.64903840115506e-10 20 0
tr 4 3 1 6 2 2 0.1167066204437651 2 2
tr 4 3 1 6 2 2 319.72033424449523 3 1
tr 4 3 1 6 2 2 25.37462970194406 4 2
tr 4 3 1 6 2 2 10218.821066177985 5 1
ann 4 3 1 6 3 1 2.3300090689093805e-11 22 0
tr 4 3 1 6 3 1 33.88039874130699 2 1
tr 4 3 1 6 3 1 13.444602675121757 3 2
tr 4 3 1 6 3 1 37.76166346786256 4 1
ann 4 3 1 6 3 2 1.646671089413417e-11 22 0
tr 4 3 1 6 3 2 56.46733123551136 2 1
tr 4 3 1 6 3 2 1208.3732309715829 4 1
ann 4 3 1 6 3 3 1.325923001626751e-11 22 0
tr 4 3 1 6 3 3 37.644887490340864 2 1
tr 4 3 1 6 3 3 26.8892053502435 3 2
tr 4 3 1 6 3 3 2039.1298272645433 4 1
ann 4 3 1 6 4 1 5.158160024053599e-13 24 0
tr 4 3 1 6 4 1 7.002397226625916 2 2
tr 4 3 1 6 4 1 132.75584812920314 3 1
tr 4 3 1 6 4 1 81.92932341687916 4 2
tr 4 3 1 6 4 1 2180.0151607847247 5 1
ann 4 3 1 6 4 2 5.165147687789544e-13 24 0
tr 4 3 1 6 4 2 2.3341324088753095 2 2
tr 4 3 1 6 4 2 354.0155950112066 3 1
tr 4 3 1 6 4 2 14.565213051889609 4 2
tr 4 3 1 6 4 2 268723.20215272 5 1
ann 4 3 1 6 4 3 3.9313010256636745e-13 24 0
tr 4 3 1 6 4 3 32.67785372425426 2 2
tr 4 3 1 6 4 3 123.90545825392222 3 1
tr 4 3 1 6 4 3 25.489122840806818 4 2
tr 4 3 1 6 4 3 697895.5201391904 5 1
ann 4 3 1 6 4 4 3.251056091706541e-13 24 0
tr 4 3 1 6 4 4 371.71637476176534 3 1
tr 4 3 1 6 4 4 178.4238598856477 4 2
tr 4 3 1 6 4 4 683652.7544220625 5 1
ann 4 3 1 6 5 1 4.38010089316187e-15 26 0
tr 4 3 1 6 5 1 3872.0455704350716 2 1
tr 4 3 1 6 5 1 384.1315050034789 3 2
tr 4 3 1 6 5 1 63968.257914558555 4 1
ann 4 3 1 6 5 2 4.566500265030239e-15 26 0
tr 4 3 1 6 5 2 4517.386498840911 2 1
tr 4 3 1 6 5 2 189472.92261634427 4 1
ann 4 3 1 6 5 3 4.30059666632349e-15 26 0
tr 4 3 1 6 5 3 3011.5909992272686 2 1
tr 4 3 1 6 5 3 537.78410700487 3 2
tr 4 3 1 6 5 3 179851.25076473306 4 1
ann 4 3 1 6 5 4 3.606690093397817e-15 26 0
tr 4 3 1 6 5 4 1613.352321014609 3 2
tr 4 3 1 6 5 4 15542.700683371935 4 1
tr 4 3 1 6 5 4 33760.62984800314 5 2
tr 4 3 1 6 5 4 1.879882527851931e7 6 1
ann 4 3 1 6 5 5 2.724870882324815e-15 26 0
tr 4 3 1 6 5 5 310854.0136674393 4 1
tr 4 3 1 6 5 5 94951.77144750879 5 2
tr 4 3 1 6 5 5 1.409911895888946e7 6 1
ann 4 3 1 7 6 2 3.111898953173707e-17 28 0
tr 4 3 1 7 6 2 19467.303412322082 3 1
tr 4 3 1 7 6 2 121.12988789889282 4 2
tr 4 3 1 7 6 2 931988.4766365077 5 1
ann 4 3 1 7 6 4 2.8576161026341874e-17 28 0
tr 4 3 1 7 6 4 9733.651706161025 3 1
tr 4 3 1 7 6 4 3244.5505687203436 4 2
tr 4 3 1 7 6 4 665706.0547403637 5 1
ann 4 3 1 7 6 6 1.6439674255703957e-17 28 0
tr 4 3 1 7 6 6 2.1968299806431886e6 5 1
tr 4 3 1 7 6 6 441435.2237399196 6 2
tr 4 3 1 7 6 6 8.313856648117478e7 7 1
ann 4 3 1 9 8 2 5.291553823494408e-22 32 0
tr 4 3 1 9 8 2 210591.57920379462 5 1
tr 4 3 1 9 8 2 3324.881627258833 6 2
tr 4 3 1 9 8 2 9.151459449596997e6 7 1
ann 4 3 1 9 8 4 5.268155491131427e-22 32 0
tr 4 3 1 9 8 4 198557.77467786407 5 1
tr 4 3 1 9 8 4 4063.744211094127 6 2
tr 4 3 1 9 8 4 1.529722042060595e7 7 1
ann 4 3 1 9 8 6 4.319037132300083e-22 32 0
tr 4 3 1 9 8 6 66921.3240580947 5 1
tr 4 3 1 9 8 6 30256.42280805541 6 2
tr 4 3 1 9 8 6 1.9466070063715512e6 7 1
tr 4 3 1 9 8 6 1.3783165077794117e6 8 2
tr 4 3 1 9 8 6 2.194558239808376e9 9 1
ann 4 3 1 9 8 8 1.9943773423590953e-22 32 0
tr 4 3 1 9 8 8 3.690442449579374e7 7 1
tr 4 3 1 9 8 8 3.618080832920953e6 8 2
tr 4 3 1 9 8 8 1.0020337266188052e9 9 1
ann 4 3 1 11 10 2 2.8908870667447595e-27 36 0
tr 4 3 1 11 10 2 891215.298705319 7 1
tr 4 3 1 11 10 2 14446.767343366124 8 2
tr 4 3 1 11 10 2 3.3629823329946175e7 9 1
ann 4 3 1 11 10 4 2.9925684571469188e-27 36 0
tr 4 3 1 11 10 4 965483.240264093 7 1
tr 4 3 1 11 10 4 717.0849972252646 8 2
tr 4 3 1 11 10 4 7.056711290755746e7 9 1
ann 4 3 1 11 10 6 2.7098102841518945e-27 36 0
tr 4 3 1 11 10 6 702169.629282977 7 1
tr 4 3 1 11 10 6 36038.117809269665 8 2
tr 4 3 1 11 10 6 5.025020171852486e7 9 1
tr 4 3 1 11 10 6 1.0274057128555445e10 11 1
ann 4 3 1 11 10 8 1.9873892743851247e-27 36 0
tr 4 3 1 11 10 8 196761.81919468028 7 1
tr 4 3 1 11 10 8 90557.5910781616 8 2
tr 4 3 1 11 10 8 27237.32902163132 9 1
tr 4 3 1 11 10 8 7.354396889580886e6 10 2
tr 4 3 1 11 10 8 1.117402546462403e10 11 1
ann 4 3 1 11 10 10 7.795490488235699e-28 36 0
tr 4 3 1 11 10 10 1.9794728866466373e8 9 1
tr 4 3 1 11 10 10 1.0769080356160223e7 10 2
tr 4 3 1 11 10 10 4.029625665993862e9 11 1
ann 4 3 2 4 3 2 1.1261581683387454e-11 22 0
ann 4 3 2 4 3 3 2.894536747619566e-11 22 0
tr 4 3 2 4 3 3 3839.9999999999945 2 1
tr 4 3 2 4 3 3 1097.1428571428585 3 2
ann 4 3 2 5 1 1 1.1160698515446825e-8 18 0
tr 4 3 2 5 1 1 349.2744321127418 2 1
tr 4 3 2 5 1 1 17.325120640512978 3 2
tr 4 3 2 5 1 1 39769.43396682312 4 1
ann 4 3 2 5 2 1 7.559949339227093e-10 20 0
tr 4 3 2 5 2 1 7877.13844458468 3 1
tr 4 3 2 5 2 1 1225.332646935396 4 2
tr 4 3 2 5 2 1 728922.6432923854 5 1
ann 4 3 2 5 2 2 7.354767303845495e-10 20 0
tr 4 3 2 5 2 2 1.6822493831504128 2 2
tr 4 3 2 5 2 2 10502.851259446212 3 1
tr 4 3 2 5 2 2 500.1357742593448 4 2
tr 4 3 2 5 2 2 151858.88401924682 5 1
ann 4 3 2 5 3 1 2.2657229378420476e-11 22 0
tr 4 3 2 5 3 1 992.4579076890682 2 1
tr 4 3 2 5 3 1 140495.82446036424 4 1
ann 4 3 2 5 3 2 3.869450043179766e-11 22 0
tr 4 3 2 5 3 2 236.2995018307306 3 2
tr 4 3 2 5 3 2 215134.23120493235 4 1
tr 4 3 2 5 3 2 14901.072291250734 5 2
tr 4 3 2 5 3 2 2.2413001192054693e6 6 1
ann 4 3 2 5 3 3 2.4863882153434883e-11 22 0
tr 4 3 2 5 3 3 1654.09651281511 2 1
tr 4 3 2 5 3 3 472.5990036614614 3 2
tr 4 3 2 5 3 3 131714.83543159114 4 1
ann 4 3 2 5 4 1 3.541754563099321e-13 24 0
tr 4 3 2 5 4 1 260.52020076838033 2 2
tr 4 3 2 5 4 1 21337.80333991781 3 1
tr 4 3 2 5 4 1 1.006052334478736e6 5 1
ann 4 3 2 5 4 2 4.946337138893088e-13 24 0
tr 4 3 2 5 4 2 255.20346197718894 2 2
tr 4 3 2 5 4 2 2000.4190631172867 3 1
tr 4 3 2 5 4 2 3429.289822486791 4 2
tr 4 3 2 5 4 2 1.5452963857593352e6 5 1
ann 4 3 2 5 4 3 6.047571149529585e-13 24 0
tr 4 3 2 5 4 3 37.217171538340054 2 2
tr 4 3 2 5 4 3 9335.288961214046 3 1
tr 4 3 2 5 4 3 9602.011502962998 4 2
tr 4 3 2 5 4 3 1.3634021236855825e6 5 1
ann 4 3 2 5 4 4 4.624691831900347e-13 24 0
tr 4 3 2 5 4 4 297.73737230672015 2 2
tr 4 3 2 5 4 4 46676.44480607011 3 1
tr 4 3 2 5 4 4 9602.011502963001 4 2
tr 4 3 2 5 4 4 630996.0241850627 5 1
ann 4 3 2 6 1 1 6.540966747447339e-9 18 0
tr 4 3 2 6 1 1 26.78679529080409 2 1
tr 4 3 2 6 1 1 1.32871008386925 3 2
tr 4 3 2 6 1 1 183.17195576639313 4 1
ann 4 3 2 6 2 1 4.688540240419933e-10 20 0
tr 4 3 2 6 2 1 199.8252089028097 3 1
tr 4 3 2 6 2 1 31.083921384881542 4 2
tr 4 3 2 6 2 1 16350.113705884798 5 1
ann 4 3 2 6 2 2 4.56129014052962e-10 20 0
tr 4 3 2 6 2 2 0.19451103407294187 2 2
tr 4 3 2 6 2 2 266.43361187041234 3 1
tr 4 3 2 6 2 2 12.687314850972049 4 2
tr 4 3 2 6 2 2 3406.2736887259957 5 1
ann 4 3 2 6 3 1 1.646671089413419e-11 22 0
tr 4 3 2 6 3 1 56.46733123551139 2 1
tr 4 3 2 6 3 1 1208.3732309715829 4 1
ann 4 3 2 6 3 2 2.8122200471468488e-11 22 0
tr 4 3 2 6 3 2 13.444602675121768 3 2
tr 4 3 2 6 3 2 1850.3215099252338 4 1
tr 4 3 2 6 3 2 128.16079722425866 5 2
tr 4 3 2 6 3 2 655650.9932519319 6 1
ann 4 3 2 6 3 3 1.8070451333067454e-11 22 0
tr 4 3 2 6 3 3 94.11221872585212 2 1
tr 4 3 2 6 3 3 26.88920535024354 3 2
tr 4 3 2 6 3 3 1132.8499040358568 4 1
ann 4 3 2 6 4 1 3.9723135197615754e-13 24 0
tr 4 3 2 6 4 1 22.874497606977997 2 2
tr 4 3 2 6 4 1 283.2124760089649 3 1
tr 4 3 2 6 4 1 454169.8251634677 5 1
ann 4 3 2 6 4 2 5.547646363559262e-13 24 0
tr 4 3 2 6 4 2 22.40767112520294 2 2
tr 4 3 2 6 4 2 26.55116962584035 3 1
tr 4 3 2 6 4 2 45.51629078715507 4 2
tr 4 3 2 6 4 2 697604.8514510851 5 1
ann 4 3 2 6 4 3 6.782753589816862e-13 24 0
tr 4 3 2 6 4 3 3.267785372425429 2 2
tr 4 3 2 6 4 3 123.90545825392213 3 1
tr 4 3 2 6 4 3 127.44561420403399 4 2
tr 4 3 2 6 4 3 615490.9470615311 5 1
ann 4 3 2 6 4 4 5.186899770717056e-13 24 0
tr 4 3 2 6 4 4 26.142282979403404 2 2
tr 4 3 2 6 4 4 619.5272912696093 3 1
tr 4 3 2 6 4 4 127.44561420403403 4 2
tr 4 3 2 6 4 4 284855.3143425268 5 1
ann 4 3 2 6 5 1 3.619126793796083e-15 26 0
tr 4 3 2 6 5 1 1032.5454854493494 2 1
tr 4 3 2 6 5 1 1037.1550635093922 3 2
tr 4 3 2 6 5 1 165207.27767189633 4 1
ann 4 3 2 6 5 2 4.548724917448422e-15 26 0
tr 4 3 2 6 5 2 2710.431899304545 2 1
tr 4 3 2 6 5 2 1075.5682140097404 3 2
tr 4 3 2 6 5 2 37006.430198504684 4 1
ann 4 3 2 6 5 3 5.379672706066002e-15 26 0
tr 4 3 2 6 5 3 4818.545598763631 2 1
tr 4 3 2 6 5 3 537.78410700487 3 2
tr 4 3 2 6 5 3 11101.929059551378 4 1
ann 4 3 2 6 5 4 5.7869224288442534e-15 26 0
tr 4 3 2 6 5 4 5420.863798609081 2 1
tr 4 3 2 6 5 4 177630.86495282257 4 1
ann 4 3 2 6 5 5 5.231016889249746e-15 26 0
tr 4 3 2 6 5 5 1613.352321014609 3 2
tr 4 3 2 6 5 5 388567.5170843001 4 1
tr 4 3 2 6 5 5 52750.9841375049 5 2
tr 4 3 2 6 5 5 4.699706319629828e6 6 1
ann 4 3 2 7 6 2 2.9995151510435105e-17 28 0
tr 4 3 2 7 6 2 10382.561819905124 3 1
tr 4 3 2 7 6 2 3876.156412764575 4 2
tr 4 3 2 7 6 2 310662.8255455034 5 1
ann 4 3 2 7 6 4 3.808729974936811e-17 28 0
tr 4 3 2 7 6 4 23360.764094786515 3 1
tr 4 3 2 7 6 4 726.7793273933601 4 2
tr 4 3 2 7 6 4 399423.6328442177 5 1
ann 4 3 2 7 6 6 3.7166576451916827e-17 28 0
tr 4 3 2 7 6 6 6852.490801137372 4 2
tr 4 3 2 7 6 6 2.1968299806431932e6 5 1
tr 4 3 2 7 6 6 200652.3744272361 6 2
tr 4 3 2 7 6 6 2.3094046244770892e7 7 1
ann 4 3 2 9 8 2 4.616728872629127e-22 32 0
tr 4 3 2 9 8 2 101083.95801782153 5 1
tr 4 3 2 9 8 2 24825.78281686597 6 2
tr 4 3 2 9 8 2 5.849179706645283e6 7 1
tr 4 3 2 9 8 2 1.75355902158291e9 9 1
ann 4 3 2 9 8 4 6.016735137192212e-22 32 0
tr 4 3 2 9 8 4 211794.95965638856 5 1
tr 4 3 2 9 8 4 14629.47915993888 6 2
tr 4 3 2 9 8 4 306385.6036814221 7 1
ann 4 3 2 9 8 6 6.641824044750894e-22 32 0
tr 4 3 2 9 8 6 267685.2962323792 5 1
tr 4 3 2 9 8 6 1.4903709892532116e7 7 1
ann 4 3 2 9 8 8 5.86892603408125e-22 32 0
tr 4 3 2 9 8 8 53789.196103209564 6 2
tr 4 3 2 9 8 8 2.636030321128129e7 7 1
tr 4 3 2 9 8 8 1.2060269443069883e6 8 2
tr 4 3 2 9 8 8 2.087570263789173e8 9 1
ann 4 3 2 11 10 2 2.2690859172411992e-27 36 0
tr 4 3 2 11 10 2 407412.707979574 7 1
tr 4 3 2 11 10 2 66570.7039182309 8 2
tr 4 3 2 11 10 2 3.2384383108800624e7 9 1
tr 4 3 2 11 10 2 9.024798756110909e9 11 1
ann 4 3 2 11 10 4 3.0202194533080543e-27 36 0
tr 4 3 2 11 10 4 772386.5922112756 7 1
tr 4 3 2 11 10 4 52586.23312985241 8 2
tr 4 3 2 11 10 4 850498.9503321303 9 1
tr 4 3 2 11 10 4 1.093915000740716e10 11 1
ann 4 3 2 11 10 6 3.56722853605876e-27 36 0
tr 4 3 2 11 10 6 1.123471406852764e6 7 1
tr 4 3 2 11 10 6 15297.813274138836 8 2
tr 4 3 2 11 10 6 2.336535577835528e7 9 1
tr 4 3 2 11 10 6 8.80341119643722e9 11 1
ann 4 3 2 11 10 8 3.6237058585727145e-27 36 0
tr 4 3 2 11 10 8 1.1018661874902116e6 7 1
tr 4 3 2 11 10 8 6430.124810283613 8 2
tr 4 3 2 11 10 8 9.887150434850131e7 9 1
ann 4 3 2 11 10 10 2.8216817267817347e-27 36 0
tr 4 3 2 11 10 10 162896.49519385293 8 2
tr 4 3 2 11 10 10 1.099707159248132e8 9 1
tr 4 3 2 11 10 10 2.8339685147790066e6 10 2
tr 4 3 2 11 10 10 6.716042776656395e8 11 1
ann 4 3 3 4 3 3 1.4472683738097846e-11 22 0
ann 4 3 3 5 1 1 1.11606869715079e-8 18 0
tr 4 3 3 5 1 1 523.9116481691121 2 1
tr 4 3 3 5 1 1 10.39507238430778 3 2
tr 4 3 3 5 1 1 13256.477988941047 4 1
ann 4 3 3 5 2 1 6.060587238191004e-10 20 0
tr 4 3 3 5 2 1 1.6822493831504128 2 2
tr 4 3 3 5 2 1 13128.564074307775 3 1
tr 4 3 3 5 2 1 675.1832952501147 4 2
tr 4 3 3 5 2 1 212602.43762694523 5 1
ann 4 3 3 5 2 2 9.943127435154509e-10 20 0
tr 4 3 3 5 2 2 1.6822493831504128 2 2
tr 4 3 3 5 2 2 5251.42562972311 3 1
tr 4 3 3 5 2 2 150.0407322778019 4 2
tr 4 3 3 5 2 2 30371.776803849243 5 1
ann 4 3 3 5 3 1 1.8243923828391582e-11 22 0
tr 4 3 3 5 3 1 661.6386051260442 2 1
tr 4 3 3 5 3 1 472.5990036614607 3 2
tr 4 3 3 5 3 1 237086.70377686425 4 1
ann 4 3 3 5 3 2 2.4863882153434873e-11 22 0
tr 4 3 3 5 3 2 1654.09651281511 2 1
tr 4 3 3 5 3 2 472.5990036614614 3 2
tr 4 3 3 5 3 2 131714.83543159114 4 1
ann 4 3 3 5 3 3 4.972776430686977e-11 22 0
tr 4 3 3 5 3 3 1654.09651281511 2 1
tr 4 3 3 5 3 3 236.2995018307297 3 2
tr 4 3 3 5 3 3 39514.4506294774 4 1
ann 4 3 3 5 4 1 2.7143168820634646e-13 24 0
tr 4 3 3 5 4 1 31.900432747148503 2 2
tr 4 3 3 5 4 1 20004.190631172904 3 1
tr 4 3 3 5 4 1 11430.96607495596 4 2
tr 4 3 3 5 4 1 1.6901679219242746e6 5 1
ann 4 3 3 5 4 2 3.870534850946964e-13 24 0
tr 4 3 3 5 4 2 143.55194736216848 2 2
tr 4 3 3 5 4 2 36007.54313611126 3 1
tr 4 3 3 5 4 2 11430.96607495595 4 2
tr 4 3 3 5 4 2 1.0865365212370313e6 5 1
ann 4 3 3 5 4 3 5.818158934345505e-13 24 0
tr 4 3 3 5 4 3 334.9545438450604 2 2
tr 4 3 3 5 4 3 42008.800325463104 3 1
tr 4 3 3 5 4 3 8001.676252469176 4 2
tr 4 3 3 5 4 3 507050.37657728366 5 1
ann 4 3 3 5 4 4 9.398560241681002e-13 24 0
tr 4 3 3 5 4 4 446.60605846007985 2 2
tr 4 3 3 5 4 4 28005.86688364207 3 1
tr 4 3 3 5 4 4 3200.670500987664 4 2
ann 4 3 3 6 1 1 6.540960013906894e-9 18 0
tr 4 3 3 6 1 1 40.180192936206105 2 1
tr 4 3 3 6 1 1 0.7972260503215496 3 2
tr 4 3 3 6 1 1 61.05731858879774 4 1
ann 4 3 3 6 2 1 3.758663657754059e-10 20 0
tr 4 3 3 6 2 1 0.1945110340729418 2 2
tr 4 3 3 6 2 1 333.04201483801546 3 1
tr 4 3 3 6 2 1 17.12787504881224 4 2
tr 4 3 3 6 2 1 4768.783164216388 5 1
ann 4 3 3 6 2 2 6.166543106080753e-10 20 0
tr 4 3 3 6 2 2 0.19451103407294187 2 2
tr 4 3 3 6 2 2 133.21680593520622 3 1
tr 4 3 3 6 2 2 3.8061944552915743 4 2
tr 4 3 3 6 2 2 681.2547377451966 5 1
ann 4 3 3 6 3 1 1.3259230016267524e-11 22 0
tr 4 3 3 6 3 1 37.644887490340864 2 1
tr 4 3 3 6 3 1 26.8892053502435 3 2
tr 4 3 3 6 3 1 2039.1298272645433 4 1
ann 4 3 3 6 3 2 1.8070451333067483e-11 22 0
tr 4 3 3 6 3 2 94.11221872585212 2 1
tr 4 3 3 6 3 2 26.88920535024354 3 2
tr 4 3 3 6 3 2 1132.8499040358568 4 1
ann 4 3 3 6 3 3 3.6140902666135056e-11 22 0
tr 4 3 3 6 3 3 94.11221872585212 2 1
tr 4 3 3 6 3 3 13.444602675121716 3 2
tr 4 3 3 6 3 3 339.85497121075736 4 1
ann 4 3 3 6 4 1 3.0442870418848104e-13 24 0
tr 4 3 3 6 4 1 2.800958890650358 2 2
tr 4 3 3 6 4 1 265.51169625840396 3 1
tr 4 3 3 6 4 1 151.7209692905168 4 2
tr 4 3 3 6 4 1 763005.3062746251 5 1
ann 4 3 3 6 4 2 4.341062486383463e-13 24 0
tr 4 3 3 6 4 2 12.604315007926623 2 2
tr 4 3 3 6 4 2 477.92105326512745 3 1
tr 4 3 3 6 4 2 151.72096929051665 4 2
tr 4 3 3 6 4 2 490503.41117654345 5 1
ann 4 3 3 6 4 3 6.525452576671364e-13 24 0
tr 4 3 3 6 4 3 29.410068351828844 2 2
tr 4 3 3 6 4 3 557.5745621426486 3 1
tr 4 3 3 6 4 3 106.20467850336178 4 2
tr 4 3 3 6 4 3 228901.59188238814 5 1
ann 4 3 3 6 4 4 1.0541110994534304e-12 24 0
tr 4 3 3 6 4 4 39.21342446910508 2 2
tr 4 3 3 6 4 4 371.7163747617656 3 1
tr 4 3 3 6 4 4 42.481871401344634 4 2
tr 4 3 3 6 4 4 61040.42450196948 5 1
ann 4 3 3 6 5 1 2.3816215268909015e-15 26 0
tr 4 3 3 6 5 1 43.02272856038936 2 1
tr 4 3 3 6 5 1 192.06575250173898 3 2
tr 4 3 3 6 5 1 178423.85988564743 4 1
tr 4 3 3 6 5 1 76928.51853386135 5 2
tr 4 3 3 6 5 1 1.8276635687449314e7 6 1
ann 4 3 3 6 5 2 3.5047659155714393e-15 26 0
tr 4 3 3 6 5 2 301.15909992272645 2 1
tr 4 3 3 6 5 2 537.7841070048696 3 2
tr 4 3 3 6 5 2 277548.2264887855 4 1
tr 4 3 3 6 5 2 76928.51853386122 5 2
ann 4 3 3 6 5 3 5.076090786167975e-15 26 0
tr 4 3 3 6 5 3 1204.6363996909072 2 1
tr 4 3 3 6 5 3 1075.5682140097392 3 2
tr 4 3 3 6 5 3 333057.8717865421 4 1
ann 4 3 3 6 5 4 7.272384586929365e-15 26 0
tr 4 3 3 6 5 4 3613.9091990727215 2 1
tr 4 3 3 6 5 4 1613.3523210146086 3 2
tr 4 3 3 6 5 4 299752.0846078886 4 1
ann 4 3 3 6 5 5 1.033443613344878e-14 26 0
tr 4 3 3 6 5 5 9034.772997681803 2 1
tr 4 3 3 6 5 5 1613.3523210146095 3 2
tr 4 3 3 6 5 5 166528.9358932707 4 1
ann 4 3 3 7 6 2 2.0495178486897486e-17 28 0
tr 4 3 3 7 6 2 1297.820227488133 3 1
tr 4 3 3 7 6 2 1816.948318483396 4 2
tr 4 3 3 7 6 2 1.5533141277275097e6 5 1
tr 4 3 3 7 6 2 357526.04897943913 6 2
tr 4 3 3 7 6 2 9.352134429700568e7 7 1
ann 4 3 3 7 6 4 4.1211747233764685e-17 28 0
tr 4 3 3 7 6 4 9733.651706161025 3 1
tr 4 3 3 7 6 4 4905.760459905169 4 2
tr 4 3 3 7 6 4 1.8639769532730114e6 5 1
ann 4 3 3 7 6 6 7.56922300882602e-17 28 0
tr 4 3 3 7 6 6 42828.06750710857 3 1
tr 4 3 3 7 6 6 5139.368100853029 4 2
tr 4 3 3 7 6 6 732276.6602143954 5 1
ann 4 3 3 9 8 2 2.454450245219253e-22 32 0
tr 4 3 3 9 8 2 14039.438613586268 5 1
tr 4 3 3 9 8 2 10861.279982378861 6 2
tr 4 3 3 9 8 2 1.9653243814328026e7 7 1
tr 4 3 3 9 8 2 3.1012121425036807e6 8 2
tr 4 3 3 9 8 2 1.6439615827339787e9 9 1
ann 4 3 3 9 8 4 4.7358192563186745e-22 32 0
tr 4 3 3 9 8 4 61773.52989977974 5 1
tr 4 3 3 9 8 4 24382.465266564817 6 2
tr 4 3 3 9 8 4 2.4817233898194835e7 7 1
tr 4 3 3 9 8 4 2.3689814977458683e6 8 2
tr 4 3 3 9 8 4 8.037145515588342e8 9 1
ann 4 3 3 9 8 6 8.403332737187223e-22 32 0
tr 4 3 3 9 8 6 200763.97217428414 5 1
tr 4 3 3 9 8 6 36980.07232095659 6 2
tr 4 3 3 9 8 6 2.0074384753206477e7 7 1
ann 4 3 3 9 8 8 1.3918860139604572e-21 32 0
tr 4 3 3 9 8 8 535370.5924647587 5 1
tr 4 3 3 9 8 8 26894.598051604815 6 2
tr 4 3 3 9 8 8 6.083146894911044e6 7 1
ann 4 3 3 11 10 2 9.964846497148237e-28 36 0
tr 4 3 3 11 10 2 59414.35324702113 7 1
tr 4 3 3 11 10 2 28084.515715503596 8 2
tr 4 3 3 11 10 2 8.922227999363369e7 9 1
tr 4 3 3 11 10 2 1.0026613751118697e7 10 2
tr 4 3 3 11 10 2 9.116888539336512e9 11 1
ann 4 3 3 11 10 4 1.8340347403753844e-27 36 0
tr 4 3 3 11 10 4 193096.6480528188 7 1
tr 4 3 3 11 10 4 55215.54478634509 8 2
tr 4 3 3 11 10 4 1.1226586144384135e8 9 1
tr 4 3 3 11 10 4 8.445557632347263e6 10 2
tr 4 3 3 11 10 4 5.332835628610978e9 11 1
ann 4 3 3 11 10 6 3.156899430933562e-27 36 0
tr 4 3 3 11 10 6 514924.39480751636 7 1
tr 4 3 3 11 10 6 86050.19966703151 8 2
tr 4 3 3 11 10 6 1.0934986504270266e8 9 1
tr 4 3 3 11 10 6 5.41381899509441e6 10 2
ann 4 3 3 11 10 8 5.143725832922065e-27 36 0
tr 4 3 3 11 10 8 1.1936883697810618e6 7 1
tr 4 3 3 11 10 8 101274.46576196792 8 2
tr 4 3 3 11 10 8 7.354078835838884e7 9 1
ann 4 3 3 11 10 10 8.006520961243653e-27 36 0
tr 4 3 3 11 10 10 2.4923163764659534e6 7 1
tr 4 3 3 11 10 10 61086.18569769477 8 2
tr 4 3 3 11 10 10 1.9406596927908182e7 9 1
ann 5 1 1 5 1 1 4.547909167917994e-7 16 0
ann 5 1 1 5 2 1 1.6777182303671504e-7 16 0
tr 5 1 1 5 2 1 251.99999999999994 2 2
tr 5 1 1 5 2 1 562499.9999999985 3 1
ann 5 1 1 5 2 2 1.0485686101690627e-7 16 0
tr 5 1 1 5 2 2 167.9999999999999 2 2
tr 5 1 1 5 2 2 187499.9999999995 3 1
ann 5 1 1 5 3 1 9.171539137710034e-9 18 0
tr 5 1 1 5 3 1 35999.99999999997 2 1
tr 5 1 1 5 3 1 3571.428571428568 3 2
tr 5 1 1 5 3 1 7.499999999999987e6 4 1
ann 5 1 1 5 3 2 9.586967216055787e-9 18 0
tr 5 1 1 5 3 2 59999.99999999997 2 1
tr 5 1 1 5 3 2 2976.190476190475 3 2
tr 5 1 1 5 3 2 3.7499999999999832e6 4 1
ann 5 1 1 5 3 3 9.586957395571898e-9 18 0
tr 5 1 1 5 3 3 89999.99999999988 2 1
tr 5 1 1 5 3 3 1785.7142857142835 3 2
tr 5 1 1 5 3 3 1.249999999999996e6 4 1
ann 5 1 1 5 4 1 1.036981251022541e-10 20 0
tr 5 1 1 5 4 1 260416.6666666665 3 1
tr 5 1 1 5 4 1 24305.555555555562 4 2
tr 5 1 1 5 4 1 4.176136363636357e7 5 1
ann 5 1 1 5 4 2 1.1823418871931453e-10 20 0
tr 5 1 1 5 4 2 390624.9999999997 3 1
tr 5 1 1 5 4 2 21874.999999999975 4 2
tr 5 1 1 5 4 2 2.5056818181818116e7 5 1
ann 5 1 1 5 4 3 1.3247454031611526e-10 20 0
tr 5 1 1 5 4 3 546874.999999999 3 1
tr 5 1 1 5 4 3 17013.888888888938 4 2
tr 5 1 1 5 4 3 1.2528409090909047e7 5 1
ann 5 1 1 5 4 4 1.4641917989265666e-10 20 0
tr 5 1 1 5 4 4 729166.6666666653 3 1
tr 5 1 1 5 4 4 9722.222222222184 4 2
tr 5 1 1 5 4 4 4.1761363636363475e6 5 1
ann 5 1 1 6 1 1 1.0661599175607606e-6 16 0
tr 5 1 1 6 1 1 6208.050562705217 2 1
ann 5 1 1 6 2 1 1.0404897132913962e-7 16 0
tr 5 1 1 6 2 1 49.06486645537452 2 2
tr 5 1 1 6 2 1 518645.6144454216 3 1
ann 5 1 1 6 2 2 6.503028057643839e-8 16 0
tr 5 1 1 6 2 2 32.709910970249666 2 2
tr 5 1 1 6 2 2 172881.87148180717 3 1
ann 5 1 1 6 3 1 6.665646529673514e-9 18 0
tr 5 1 1 6 3 1 44678.2336219802 2 1
tr 5 1 1 6 3 1 4432.364446625019 3 2
tr 5 1 1 6 3 1 2.2274204500151332e7 4 1
ann 5 1 1 6 3 2 6.967569353164929e-9 18 0
tr 5 1 1 6 3 2 74463.72270330036 2 1
tr 5 1 1 6 3 2 3693.637038854184 3 2
tr 5 1 1 6 3 2 1.1137102250075638e7 4 1
ann 5 1 1 6 3 3 6.9675622536568085e-9 18 0
tr 5 1 1 6 3 3 111695.58405495045 2 1
tr 5 1 1 6 3 3 2216.182223312509 3 2
tr 5 1 1 6 3 3 3.712367416691884e6 4 1
ann 5 1 1 6 4 1 1.1630434895982073e-10 20 0
tr 5 1 1 6 4 1 1.649889124161408e6 3 1
tr 5 1 1 6 4 1 153989.65158839824 4 2
tr 5 1 1 6 4 1 4.781770114782148e8 5 1
ann 5 1 1 6 4 2 1.3260751203216053e-10 20 0
tr 5 1 1 6 4 2 2.474833686242112e6 3 1
tr 5 1 1 6 4 2 138590.68642955823 4 2
tr 5 1 1 6 4 2 2.8690620688692856e8 5 1
ann 5 1 1 6 4 3 1.4857901446399353e-10 20 0
tr 5 1 1 6 4 3 3.4647671607389534e6 3 1
tr 5 1 1 6 4 3 107792.75611187905 4 2
tr 5 1 1 6 4 3 1.4345310344346416e8 5 1
ann 5 1 1 6 4 4 1.6421885625531908e-10 20 0
tr 5 1 1 6 4 4 4.619689547651937e6 3 1
tr 5 1 1 6 4 4 61595.86063535903 4 2
tr 5 1 1 6 4 4 4.781770114782137e7 5 1
ann 5 1 1 6 5 1 6.046912622450949e-13 22 0
tr 5 1 1 6 5 1 2.4858912951947425e7 4 1
tr 5 1 1 6 5 1 1.8983169890578033e6 5 2
tr 5 1 1 6 5 1 4.0748945132074327e9 6 1
ann 5 1 1 6 5 2 7.05225468775217e-13 22 0
tr 5 1 1 6 5 2 3.4802478132726386e7 4 1
tr 5 1 1 6 5 2 1.7717625231206166e6 5 2
tr 5 1 1 6 5 2 2.7165963421382914e9 6 1
ann 5 1 1 6 5 3 8.112365884814631e-13 22 0
tr 5 1 1 6 5 3 4.6403304176968455e7 4 1
tr 5 1 1 6 5 3 1.518653591246241e6 5 2
tr 5 1 1 6 5 3 1.6299578052829716e9 6 1
ann 5 1 1 6 5 4 9.227246213638354e-13 22 0
tr 5 1 1 6 5 4 5.9661391084673725e7 4 1
tr 5 1 1 6 5 4 1.1389901934346815e6 5 2
tr 5 1 1 6 5 4 8.149789026414906e8 6 1
ann 5 1 1 6 5 5 1.0396895674223322e-12 22 0
tr 5 1 1 6 5 5 7.457673885584211e7 4 1
tr 5 1 1 6 5 5 632772.3296859335 5 2
tr 5 1 1 6 5 5 2.716596342138267e8 6 1
ann 5 1 1 7 6 2 2.8028447083131167e-15 24 0
tr 5 1 1 7 6 2 1.214801412775861e9 5 1
tr 5 1 1 7 6 2 5.327678070532799e7 6 2
tr 5 1 1 7 6 2 1.1706166278424725e11 7 1
ann 5 1 1 7 6 4 3.70677885234602e-15 24 0
tr 5 1 1 7 6 4 1.9523594133897753e9 5 1
tr 5 1 1 7 6 4 3.995758552899603e7 6 2
tr 5 1 1 7 6 4 4.6824665113698746e10 7 1
ann 5 1 1 7 6 6 4.728119841817466e-15 24 0
tr 5 1 1 7 6 6 2.863460472971673e9 5 1
tr 5 1 1 7 6 6 1.5983034211598368e7 6 2
tr 5 1 1 7 6 6 7.804110852283104e9 7 1
ann 5 1 1 9 8 2 1.755910427542776e-20 28 0
tr 5 1 1 9 8 2 2.891388781397853e11 7 1
tr 5 1 1 9 8 2 9.18651119725171e9 8 2
tr 5 1 1 9 8 2 3.887005096653346e13 9 1
ann 5 1 1 9 8 4 2.291800398310481e-20 28 0
tr 5 1 1 9 8 4 4.2407035460501917e11 7 1
tr 5 1 1 9 8 4 7.874152454787181e9 8 2
tr 5 1 1 9 8 4 2.0823241589214277e13 9 1
ann 5 1 1 9 8 6 2.89934857555507e-20 28 0
tr 5 1 1 9 8 6 5.847030646826765e11 7 1
tr 5 1 1 9 8 6 5.511906718351019e9 8 2
tr 5 1 1 9 8 6 8.32929663568571e12 9 1
ann 5 1 1 9 8 8 3.5785549592765435e-20 28 0
tr 5 1 1 9 8 8 7.710370083727617e11 7 1
tr 5 1 1 9 8 8 2.0997739879432526e9 8 2
tr 5 1 1 9 8 8 1.388216105947609e12 9 1
ann 5 1 1 11 10 2 4.1811536933871784e-26 32 0
tr 5 1 1 11 10 2 1.6109406760439777e13 9 1
tr 5 1 1 11 10 2 3.7845089102984357e11 10 2
tr 5 1 1 11 10 2 2.74226430569182e15 11 1
ann 5 1 1 11 10 4 5.3338545690214e-26 32 0
tr 5 1 1 11 10 4 2.2211454775757883e13 9 1
tr 5 1 1 11 10 4 3.4340914186041266e11 10 2
tr 5 1 1 11 10 4 1.706297790208241e15 11 1
ann 5 1 1 11 10 6 6.62916475441431e-26 32 0
tr 5 1 1 11 10 6 2.9289830473526824e13 9 1
tr 5 1 1 11 10 6 2.803339933554392e11 10 2
tr 5 1 1 11 10 6 9.140881018972708e14 11 1
ann 5 1 1 11 10 8 8.067084249565912e-26 32 0
tr 5 1 1 11 10 8 3.734453385374676e13 9 1
tr 5 1 1 11 10 8 1.8922544551492282e11 10 2
tr 5 1 1 11 10 8 3.656352407589038e14 11 1
ann 5 1 1 11 10 10 9.647613054476186e-26 32 0
tr 5 1 1 11 10 10 4.6375564916417555e13 9 1
tr 5 1 1 11 10 10 7.008349833885963e10 10 2
tr 5 1 1 11 10 10 6.09392067931512e13 11 1
ann 5 2 1 5 2 1 4.697610080640577e-9 18 0
ann 5 2 1 5 2 2 5.871971707013262e-9 18 0
tr 5 2 1 5 2 2 59510.204081632626 2 1
tr 5 2 1 5 2 2 4250.728862973758 3 2
ann 5 2 1 5 3 1 6.072044137603465e-10 20 0
tr 5 2 1 5 3 1 219.4285714285715 2 2
tr 5 2 1 5 3 1 61437.07482993239 3 1
tr 5 2 1 5 3 1 73139.37479753804 4 2
ann 5 2 1 5 3 2 6.493947160756634e-10 20 0
tr 5 2 1 5 3 2 460778.06122449005 3 1
tr 5 2 1 5 3 2 71676.58730158744 4 2
ann 5 2 1 5 3 3 5.20600497945486e-10 20 0
tr 5 2 1 5 3 3 548.571428571428 2 2
tr 5 2 1 5 3 3 767963.4353741484 3 1
ann 5 2 1 5 4 1 9.20196608253824e-12 22 0
tr 5 2 1 5 4 1 18367.346938775536 2 1
tr 5 2 1 5 4 1 1822.1574344023315 3 2
ann 5 2 1 5 4 2 9.584988766090582e-12 22 0
tr 5 2 1 5 4 2 24489.795918367337 2 1
tr 5 2 1 5 4 2 303.6929057337229 3 2
tr 5 2 1 5 4 2 1.9371811224489813e6 4 1
ann 5 2 1 5 4 3 9.838855805832921e-12 22 0
tr 5 2 1 5 4 3 21428.571428571395 2 1
tr 5 2 1 5 4 3 425.17006802721073 3 2
tr 5 2 1 5 4 3 4.1852678571428545e6 4 1
ann 5 2 1 5 4 4 1.0512147127078487e-11 22 0
tr 5 2 1 5 4 4 5102.0408163265265 3 2
tr 5 2 1 5 4 4 4.6874999999999935e6 4 1
tr 5 2 1 5 4 4 159090.90909090886 5 2
ann 5 2 1 6 1 1 9.832627569565333e-8 16 0
tr 5 2 1 6 1 1 6.283106034360918 2 2
tr 5 2 1 6 1 1 229619.33382123298 3 1
ann 5 2 1 6 2 1 1.1653482249039952e-8 18 0
tr 5 2 1 6 2 1 2810.196628663041 2 1
tr 5 2 1 6 2 1 1605.8266449503058 3 2
tr 5 2 1 6 2 1 1.3655981743934378e7 4 1
ann 5 2 1 6 2 2 3.6416879411302484e-9 18 0
tr 5 2 1 6 2 2 16861.179771978208 2 1
tr 5 2 1 6 2 2 1204.3699837127285 3 2
tr 5 2 1 6 2 2 4.267494294979487e6 4 1
ann 5 2 1 6 3 1 4.413010673005642e-10 20 0
tr 5 2 1 6 3 1 84.21234339696065 2 2
tr 5 2 1 6 3 1 82992.54748359857 3 1
tr 5 2 1 6 3 1 98800.6517661881 4 2
tr 5 2 1 6 3 1 4.163799422975839e8 5 1
ann 5 2 1 6 3 2 4.719639296474464e-10 20 0
tr 5 2 1 6 3 2 622444.1061269855 3 1
tr 5 2 1 6 3 2 96824.63873086456 4 2
tr 5 2 1 6 3 2 1.998623723028404e8 5 1
ann 5 2 1 6 3 3 3.7835949815266087e-10 20 0
tr 5 2 1 6 3 3 210.53085849240125 2 2
tr 5 2 1 6 3 3 1.0374068435449738e6 3 1
tr 5 2 1 6 3 3 53352.35195374157 4 2
tr 5 2 1 6 3 3 5.829319192166167e7 5 1
ann 5 2 1 6 4 1 1.0320617488173583e-11 22 0
tr 5 2 1 6 4 1 61682.38720858733 2 1
tr 5 2 1 6 4 1 6119.28444529635 3 2
tr 5 2 1 6 4 1 1.5190026117411815e6 4 1
ann 5 2 1 6 4 2 1.0750202935654392e-11 22 0
tr 5 2 1 6 4 2 82243.18294478292 2 1
tr 5 2 1 6 4 2 1019.8807408827281 3 2
tr 5 2 1 6 4 2 1.2303921155103467e7 4 1
ann 5 2 1 6 4 3 1.1034931713159006e-11 22 0
tr 5 2 1 6 4 3 71962.78507668497 2 1
tr 5 2 1 6 4 3 1427.8330372358148 3 2
tr 5 2 1 6 4 3 2.6582545705470417e7 4 1
ann 5 2 1 6 4 4 1.179007270312388e-11 22 0
tr 5 2 1 6 4 4 17133.99644682977 3 2
tr 5 2 1 6 4 4 2.9772451190126844e7 4 1
tr 5 2 1 6 4 4 1.0104589494830925e6 5 2
tr 5 2 1 6 4 4 4.950878769573667e8 6 1
ann 5 2 1 6 5 1 7.956587796262323e-14 24 0
tr 5 2 1 6 5 1 1.3108102069081082e6 3 1
tr 5 2 1 6 5 1 122342.28597808992 4 2
tr 5 2 1 6 5 1 1.1837459734917613e7 5 1
ann 5 2 1 6 5 2 8.344148008661017e-14 24 0
tr 5 2 1 6 5 2 1.7204383965668897e6 3 1
tr 5 2 1 6 5 2 42819.800092331454 4 2
tr 5 2 1 6 5 2 9.943466177330789e7 5 1
ann 5 2 1 6 5 3 8.52284406498027e-14 24 0
tr 5 2 1 6 5 3 1.8351342896713468e6 3 1
tr 5 2 1 6 5 3 2.3674919469835156e8 5 1
ann 5 2 1 6 5 4 8.678800742111708e-14 24 0
tr 5 2 1 6 5 4 1.3763507172535087e6 3 1
tr 5 2 1 6 5 4 73405.37158685384 4 2
tr 5 2 1 6 5 4 3.4802131620657706e8 5 1
ann 5 2 1 6 5 5 9.082729395479915e-14 24 0
tr 5 2 1 6 5 5 367026.85793426936 4 2
tr 5 2 1 6 5 5 3.196114128427751e8 5 1
tr 5 2 1 6 5 5 7.298105616504064e6 6 2
tr 5 2 1 6 5 5 1.9343406416964593e9 7 1
ann 5 2 1 7 6 2 4.79488727656618e-16 26 0
tr 5 2 1 7 6 2 5.272930416166472e7 4 1
tr 5 2 1 7 6 2 1.5099755282658527e6 5 2
tr 5 2 1 7 6 2 2.390202228897339e9 6 1
ann 5 2 1 7 6 4 4.979167379552743e-16 26 0
tr 5 2 1 7 6 4 5.6495683030354954e7 4 1
tr 5 2 1 7 6 4 269638.48719032906 5 2
tr 5 2 1 7 6 4 9.759992434664158e9 6 1
ann 5 2 1 7 6 6 4.782558496061042e-16 26 0
tr 5 2 1 7 6 6 9.886744530312132e6 5 2
tr 5 2 1 7 6 6 9.640482323219278e9 6 1
tr 5 2 1 7 6 6 1.5323372609512597e8 7 2
tr 5 2 1 7 6 6 4.819159309519786e10 8 1
ann 5 2 1 9 8 2 5.485417298156553e-21 30 0
tr 5 2 1 9 8 2 1.0769215226787119e10 6 1
tr 5 2 1 9 8 2 2.790174544567773e8 7 2
tr 5 2 1 9 8 2 3.333235274136758e11 8 1
ann 5 2 1 9 8 4 5.973532266383816e-21 30 0
tr 5 2 1 9 8 4 1.3162374166073204e10 6 1
tr 5 2 1 9 8 4 1.636902399479767e7 7 2
tr 5 2 1 9 8 4 1.5555097945971653e12 8 1
ann 5 2 1 9 8 6 5.724323507429578e-21 30 0
tr 5 2 1 9 8 6 1.0888873173751425e10 6 1
tr 5 2 1 9 8 6 2.0312470684453416e8 7 2
tr 5 2 1 9 8 6 2.68880978780366e12 8 1
ann 5 2 1 9 8 8 4.495833016162693e-21 30 0
tr 5 2 1 9 8 8 1.4583312286274216e9 7 2
tr 5 2 1 9 8 8 1.9047058709352952e12 8 1
tr 5 2 1 9 8 8 1.6144462559286457e10 9 2
tr 5 2 1 9 8 8 7.093497030508751e12 10 1
ann 5 2 1 11 10 2 2.071517830786397e-26 34 0
tr 5 2 1 11 10 2 5.4678918915540686e11 8 1
tr 5 2 1 11 10 2 1.1394283749713093e10 9 2
tr 5 2 1 11 10 2 1.2497928058686648e13 10 1
ann 5 2 1 11 10 4 2.324322160772902e-26 34 0
tr 5 2 1 11 10 4 6.785156756337544e11 8 1
tr 5 2 1 11 10 4 2.885565365187059e9 9 2
tr 5 2 1 11 10 4 6.174387915412932e13 10 1
ann 5 2 1 11 10 6 2.367079518636133e-26 34 0
tr 5 2 1 11 10 6 6.959135134705171e11 8 1
tr 5 2 1 11 10 6 4.2279346010068035e8 9 2
tr 5 2 1 11 10 6 1.2446496255976125e14 10 1
ann 5 2 1 11 10 8 2.1038138203179215e-26 34 0
tr 5 2 1 11 10 8 5.07022702671377e11 8 1
tr 5 2 1 11 10 8 1.3476541540708843e10 9 2
tr 5 2 1 11 10 8 1.562241007335849e14 10 1
ann 5 2 1 11 10 10 1.4268896307766326e-26 34 0
tr 5 2 1 11 10 10 5.422326125791103e10 9 2
tr 5 2 1 11 10 10 9.283440389271434e13 10 1
tr 5 2 1 11 10 10 4.6462473073967535e11 11 2
tr 5 2 1 11 10 10 2.713417168111313e14 12 1
ann 5 2 2 5 2 2 2.9359858535066348e-9 18 0
ann 5 2 2 5 3 1 5.054166487687949e-10 20 0
tr 5 2 2 5 3 1 329.1428571428569 2 2
tr 5 2 2 5 3 1 737244.8979591833 3 1
tr 5 2 2 5 3 1 58511.499838030395 4 2
ann 5 2 2 5 3 2 6.317697253267541e-10 20 0
tr 5 2 2 5 3 2 548.5714285714282 2 2
tr 5 2 2 5 3 2 614370.7482993185 3 1
ann 5 2 2 5 3 3 8.541081800892948e-10 20 0
tr 5 2 2 5 3 3 548.5714285714282 2 2
tr 5 2 2 5 3 3 307185.3741496597 3 1
ann 5 2 2 5 4 1 8.21592285909429e-12 22 0
tr 5 2 2 5 4 1 3061.224489795905 2 1
tr 5 2 2 5 4 1 2429.543245869777 3 2
tr 5 2 2 5 4 1 4.783163265306121e6 4 1
ann 5 2 2 5 4 2 1.0780307789719735e-11 22 0
tr 5 2 2 5 4 2 9183.67346938775 2 1
tr 5 2 2 5 4 2 3644.3148688046617 3 2
tr 5 2 2 5 4 2 4.304846938775502e6 4 1
ann 5 2 2 5 4 3 1.3735854408058421e-11 22 0
tr 5 2 2 5 4 3 21428.571428571395 2 1
tr 5 2 2 5 4 3 4251.70068027211 3 2
tr 5 2 2 5 4 3 3.0133928571428526e6 4 1
ann 5 2 2 5 4 4 1.6959561689038346e-11 22 0
tr 5 2 2 5 4 4 42857.14285714281 2 1
tr 5 2 2 5 4 4 3401.3605442176786 3 2
tr 5 2 2 5 4 4 1.3392857142857113e6 4 1
ann 5 2 2 6 1 1 6.145361369188844e-8 16 0
tr 5 2 2 6 1 1 4.188737356240607 2 2
tr 5 2 2 6 1 1 76539.77794041099 3 1
ann 5 2 2 6 2 1 3.6416879411302422e-9 18 0
tr 5 2 2 6 2 1 16861.179771978193 2 1
tr 5 2 2 6 2 1 1204.369983712729 3 2
tr 5 2 2 6 2 1 4.267494294979487e6 4 1
ann 5 2 2 6 2 2 7.283375882260504e-9 18 0
tr 5 2 2 6 2 2 11240.786514652125 2 1
tr 5 2 2 6 2 2 401.45666123757604 3 2
tr 5 2 2 6 2 2 853498.8589959019 4 1
ann 5 2 2 6 3 1 3.673242519301601e-10 20 0
tr 5 2 2 6 3 1 126.31851509544076 2 2
tr 5 2 2 6 3 1 995910.5698031761 3 1
tr 5 2 2 6 3 1 79040.52141295046 4 2
tr 5 2 2 6 3 1 1.2491398268927512e8 5 1
ann 5 2 2 6 3 2 4.5915452952001814e-10 20 0
tr 5 2 2 6 3 2 210.53085849240128 2 2
tr 5 2 2 6 3 2 829925.4748359785 3 1
tr 5 2 2 6 3 2 39520.26070647529 4 2
tr 5 2 2 6 3 2 4.163799422975837e7 5 1
ann 5 2 2 6 3 3 6.20744592254734e-10 20 0
tr 5 2 2 6 3 3 210.53085849240128 2 2
tr 5 2 2 6 3 3 414962.7374179899 3 1
tr 5 2 2 6 3 3 11856.07821194246 4 2
tr 5 2 2 6 3 3 8.327598845951631e6 5 1
ann 5 2 2 6 4 1 9.21470433029824e-12 22 0
tr 5 2 2 6 4 1 10280.397868097825 2 1
tr 5 2 2 6 4 1 8159.045927061804 3 2
tr 5 2 2 6 4 1 3.038005223482334e7 4 1
ann 5 2 2 6 4 2 1.2090832759151987e-11 22 0
tr 5 2 2 6 4 2 30841.19360429359 2 1
tr 5 2 2 6 4 2 12238.568890592695 3 2
tr 5 2 2 6 4 2 2.7342047011340957e7 4 1
ann 5 2 2 6 4 3 1.5405675075250345e-11 22 0
tr 5 2 2 6 4 3 71962.78507668497 2 1
tr 5 2 2 6 4 3 14278.33037235816 3 2
tr 5 2 2 6 4 3 1.9139432907938678e7 4 1
ann 5 2 2 6 4 4 1.902127744737682e-11 22 0
tr 5 2 2 6 4 4 143925.57015337003 2 1
tr 5 2 2 6 4 4 11422.664297886497 3 2
tr 5 2 2 6 4 4 8.50641462575052e6 4 1
ann 5 2 2 6 5 1 6.293928185644878e-14 24 0
tr 5 2 2 6 5 1 245776.91379526912 3 1
tr 5 2 2 6 5 1 152927.85747261223 4 2
tr 5 2 2 6 5 1 3.5512379204752725e8 5 1
ann 5 2 2 6 5 2 8.379895505391454e-14 24 0
tr 5 2 2 6 5 2 573479.4655222957 3 1
tr 5 2 2 6 5 2 214099.00046165727 4 2
tr 5 2 2 6 5 2 3.314488725776925e8 5 1
ann 5 2 2 6 5 3 1.0807566128974042e-13 24 0
tr 5 2 2 6 5 3 1.1469589310445911e6 3 1
tr 5 2 2 6 5 3 256918.8005539883 4 2
tr 5 2 2 6 5 3 2.6515909806215352e8 5 1
ann 5 2 2 6 5 4 1.3536744279529993e-13 24 0
tr 5 2 2 6 5 4 2.0645260758802628e6 3 1
tr 5 2 2 6 5 4 256918.80055398855 4 2
tr 5 2 2 6 5 4 1.7045942018281344e8 5 1
ann 5 2 2 6 5 5 1.6506087535563362e-13 24 0
tr 5 2 2 6 5 5 3.440876793133771e6 3 1
tr 5 2 2 6 5 5 183513.42896713462 4 2
tr 5 2 2 6 5 5 7.102475840950516e7 5 1
ann 5 2 2 7 6 2 4.130995137184308e-16 26 0
tr 5 2 2 7 6 2 1.6477907550520174e7 4 1
tr 5 2 2 7 6 2 5.033251760886176e6 5 2
tr 5 2 2 7 6 2 1.1154277068187603e10 6 1
ann 5 2 2 7 6 4 6.736254066827138e-16 26 0
tr 5 2 2 7 6 4 4.9433722651560575e7 4 1
tr 5 2 2 7 6 4 6.471323692567939e6 5 2
tr 5 2 2 7 6 4 7.170606686692013e9 6 1
ann 5 2 2 7 6 6 1.0092577186716195e-15 26 0
tr 5 2 2 7 6 6 1.1652234625010708e8 4 1
tr 5 2 2 7 6 6 3.9546978121248474e6 5 2
tr 5 2 2 7 6 6 1.752814967858044e9 6 1
ann 5 2 2 9 8 2 3.6590971634374565e-21 30 0
tr 5 2 2 9 8 2 3.141021107812905e9 6 1
tr 5 2 2 9 8 2 6.249990979831811e8 7 2
tr 5 2 2 9 8 2 2.6665882193094146e12 8 1
ann 5 2 2 9 8 4 5.854329827750391e-21 30 0
tr 5 2 2 9 8 4 7.403835468416147e9 6 1
tr 5 2 2 9 8 4 8.184511997398793e8 7 2
tr 5 2 2 9 8 4 2.095176458028821e12 8 1
ann 5 2 2 9 8 6 8.81614504357622e-21 30 0
tr 5 2 2 9 8 6 1.49722006139082e10 6 1
tr 5 2 2 9 8 6 8.124988273781353e8 7 2
tr 5 2 2 9 8 6 1.1555215617007437e12 8 1
ann 5 2 2 9 8 8 1.2663690542267834e-20 30 0
tr 5 2 2 9 8 8 2.722218293437857e10 6 1
tr 5 2 2 9 8 8 4.16666065322121e8 7 2
tr 5 2 2 9 8 8 2.5396078279137067e11 8 1
ann 5 2 2 11 10 2 1.1547668798290405e-26 34 0
tr 5 2 2 11 10 2 1.5378445944995792e11 8 1
tr 5 2 2 11 10 2 2.092827627498317e10 9 2
tr 5 2 2 11 10 2 1.52752454050616e14 10 1
ann 5 2 2 11 10 4 1.7859079587502648e-26 34 0
tr 5 2 2 11 10 4 3.109863513321373e11 8 1
tr 5 2 2 11 10 4 2.693194340841269e10 9 2
tr 5 2 2 11 10 4 1.3104823330672356e14 10 1
ann 5 2 2 11 10 6 2.633927201732833e-26 34 0
tr 5 2 2 11 10 6 5.654297296947941e11 8 1
tr 5 2 2 11 10 6 2.9595542207046978e10 9 2
tr 5 2 2 11 10 6 9.257724487916106e13 10 1
ann 5 2 2 11 10 8 3.7395255564411586e-26 34 0
tr 5 2 2 11 10 8 9.506675675088314e11 8 1
tr 5 2 2 11 10 8 2.5874959758161095e10 9 2
tr 5 2 2 11 10 8 4.721439488837188e13 10 1
ann 5 2 2 11 10 10 5.146318808285524e-26 34 0
tr 5 2 2 11 10 10 1.5052236485556494e12 8 1
tr 5 2 2 11 10 10 1.20496136128691e10 9 2
tr 5 2 2 11 10 10 9.772042515022545e12 10 1
ann 5 3 1 5 3 1 6.8847381228870694e-12 22 0
ann 5 3 1 5 3 2 1.946241233073013e-11 22 0
tr 5 3 1 5 3 2 22500.000000000007 2 1
ann 5 3 1 5 3 3 1.5671411307937835e-11 22 0
tr 5 3 1 5 3 3 14999.99999999998 2 1
tr 5 3 1 5 3 3 10714.285714285712 3 2
ann 5 3 1 5 4 1 3.9505686747629316e-13 24 0
tr 5 3 1 5 4 1 128.57142857142864 2 2
tr 5 3 1 5 4 1 71747.44897959233 3 1
ann 5 3 1 5 4 2 3.9559204331053965e-13 24 0
tr 5 3 1 5 4 2 42.85714285714295 2 2
tr 5 3 1 5 4 2 191326.53061224523 3 1
ann 5 3 1 5 4 3 3.010933048845245e-13 24 0
tr 5 3 1 5 4 3 600.0 2 2
tr 5 3 1 5 4 3 66964.2857142858 3 1
ann 5 3 1 5 4 4 2.4899421396137696e-13 24 0
tr 5 3 1 5 4 4 200892.8571428567 3 1
tr 5 3 1 5 4 4 96428.57142857136 4 2
ann 5 3 1 6 1 1 5.3751772088359255e-9 18 0
tr 5 3 1 6 1 1 2375.711216651495 2 1
tr 5 3 1 6 1 1 235.68563657256885 3 2
tr 5 3 1 6 1 1 4.1057212007918092e6 4 1
ann 5 3 1 6 2 1 3.765769049489004e-10 20 0
tr 5 3 1 6 2 1 3.250166666008396 2 2
tr 5 3 1 6 2 1 22354.54846259523 3 1
tr 5 3 1 6 2 1 26612.55769356557 4 2
tr 5 3 1 6 2 1 1.7158158050171462e8 5 1
ann 5 3 1 6 2 2 3.1345001951948285e-10 20 0
tr 5 3 1 6 2 2 4.875249999012586 2 2
tr 5 3 1 6 2 2 268254.5815511409 3 1
tr 5 3 1 6 2 2 21290.046154852454 4 2
tr 5 3 1 6 2 2 5.1474474150514364e7 5 1
ann 5 3 1 6 3 1 2.0014625684056674e-11 22 0
tr 5 3 1 6 3 1 4348.754225350032 2 1
tr 5 3 1 6 3 1 1725.6961211706391 3 2
tr 5 3 1 6 3 1 208957.0908608463 4 1
ann 5 3 1 6 3 2 1.4144797309498154e-11 22 0
tr 5 3 1 6 3 2 7247.923708916684 2 1
tr 5 3 1 6 3 2 6.686626907546976e6 4 1
ann 5 3 1 6 3 3 1.1389591908299629e-11 22 0
tr 5 3 1 6 3 3 4831.949139277783 2 1
tr 5 3 1 6 3 3 3451.3922423412764 3 2
tr 5 3 1 6 3 3 1.1283682906485507e7 4 1
ann 5 3 1 6 4 1 4.4308257375491333e-13 24 0
tr 5 3 1 6 4 1 129.3160613986619 2 2
tr 5 3 1 6 4 1 180048.3095712808 3 1
tr 5 3 1 6 4 1 111115.52819256122 4 2
ann 5 3 1 6 4 2 4.4368280924209573e-13 24 0
tr 5 3 1 6 4 2 43.10535379955405 2 2
tr 5 3 1 6 4 2 480128.82552341314 3 1
tr 5 3 1 6 4 2 19753.87167867752 4 2
tr 5 3 1 6 4 2 8.561803760322958e7 5 1
ann 5 3 1 6 4 3 3.37696185674905e-13 24 0
tr 5 3 1 6 4 3 603.4749531937553 2 2
tr 5 3 1 6 4 3 168045.08893319446 3 1
tr 5 3 1 6 4 3 34569.27543768567 4 2
tr 5 3 1 6 4 3 2.2235685049794966e8 5 1
ann 5 3 1 6 4 4 2.7926358363781775e-13 24 0
tr 5 3 1 6 4 4 504135.26679958176 3 1
tr 5 3 1 6 4 4 241984.92806379954 4 2
tr 5 3 1 6 4 4 2.1781895558982778e8 5 1
ann 5 3 1 6 5 1 3.762477977363153e-15 26 0
tr 5 3 1 6 5 1 55135.75450276677 2 1
tr 5 3 1 6 5 1 5469.816914957012 3 2
tr 5 3 1 6 5 1 2.7802543330725054e6 4 1
ann 5 3 1 6 5 2 3.922593821822659e-15 26 0
tr 5 3 1 6 5 2 64325.04691989448 2 1
tr 5 3 1 6 5 2 8.235067379943639e6 4 1
ann 5 3 1 6 5 3 3.694184350768197e-15 26 0
tr 5 3 1 6 5 3 42883.36461326293 2 1
tr 5 3 1 6 5 3 7657.743680939812 3 2
tr 5 3 1 6 5 3 7.81688036455588e6 4 1
ann 5 3 1 6 5 4 3.0981231061940547e-15 26 0
tr 5 3 1 6 5 4 22973.23104281943 3 2
tr 5 3 1 6 5 4 675532.8710109993 4 1
tr 5 3 1 6 5 4 1.4673392786081384e6 5 2
tr 5 3 1 6 5 4 2.1660094616884713e9 6 1
ann 5 3 1 6 5 5 2.340646151906887e-15 26 0
tr 5 3 1 6 5 5 1.3510657420220012e7 4 1
tr 5 3 1 6 5 5 4.126891721085389e6 5 2
tr 5 3 1 6 5 5 1.6245070962663507e9 6 1
ann 5 3 1 7 6 2 2.6731007848749732e-17 28 0
tr 5 3 1 7 6 2 1.400252816195062e6 3 1
tr 5 3 1 7 6 2 8712.684189658152 4 2
tr 5 3 1 7 6 2 1.7929327256291655e8 5 1
ann 5 3 1 7 6 4 2.454673458960187e-17 28 0
tr 5 3 1 7 6 4 700126.4080975297 3 1
tr 5 3 1 7 6 4 233375.46936584334 4 2
tr 5 3 1 7 6 4 1.2806662325922629e8 5 1
ann 5 3 1 7 6 6 1.4121571811671836e-17 28 0
tr 5 3 1 7 6 6 4.226198567554445e8 5 1
tr 5 3 1 7 6 6 8.492204342966565e7 6 2
tr 5 3 1 7 6 6 3.951508732214239e10 7 1
ann 5 3 1 9 8 2 4.545409908267294e-22 32 0
tr 5 3 1 9 8 2 2.1979257199638075e8 5 1
tr 5 3 1 9 8 2 3.4701496004810943e6 6 2
tr 5 3 1 9 8 2 2.3188427012070305e10 7 1
ann 5 3 1 9 8 4 4.525310889275258e-22 32 0
tr 5 3 1 9 8 4 2.072329964537311e8 5 1
tr 5 3 1 9 8 4 4.241293956143556e6 6 2
tr 5 3 1 9 8 4 3.876086444620515e10 7 1
ann 5 3 1 9 8 6 3.710024426523508e-22 32 0
tr 5 3 1 9 8 6 6.984519510107207e7 5 1
tr 5 3 1 9 8 6 3.157836136437798e7 6 2
tr 5 3 1 9 8 6 4.932410479119715e9 7 1
ann 5 3 1 9 8 8 1.713156961611482e-22 32 0
tr 5 3 1 9 8 8 9.35102819999773e10 7 1
tr 5 3 1 9 8 8 9.167674705880125e9 8 2
tr 5 3 1 9 8 8 5.94039330707008e12 9 1
ann 5 3 1 11 10 2 2.483252915389761e-27 36 0
tr 5 3 1 11 10 2 9.841821025757746e9 7 1
tr 5 3 1 11 10 2 1.5953776691302496e8 8 2
tr 5 3 1 11 10 2 8.729389577595995e11 9 1
ann 5 3 1 11 10 4 2.570596560324946e-27 36 0
tr 5 3 1 11 10 4 1.0661972777904196e10 7 1
tr 5 3 1 11 10 4 7.918874612228337e6 8 2
tr 5 3 1 11 10 4 1.8317307643651482e12 9 1
ann 5 3 1 11 10 6 2.3277091479663125e-27 36 0
tr 5 3 1 11 10 6 7.754162020293963e9 7 1
tr 5 3 1 11 10 6 3.9797421128121847e8 8 2
tr 5 3 1 11 10 6 1.3043588806581143e12 9 1
ann 5 3 1 11 10 8 1.707154254854574e-27 36 0
tr 5 3 1 11 10 8 2.17286957711534e9 7 1
tr 5 3 1 11 10 8 1.0000407367442601e9 8 2
tr 5 3 1 11 10 8 7.070071518076035e8 9 1
ann 5 3 1 11 10 10 6.696274734959873e-28 36 0
tr 5 3 1 11 10 10 5.138174475760671e12 9 1
tr 5 3 1 11 10 10 2.7953610371080493e11 10 2
tr 5 3 1 11 10 10 2.4054486098194694e14 11 1
ann 5 3 2 5 3 2 8.309580781817956e-12 22 0
ann 5 3 2 5 3 3 2.1357912842126278e-11 22 0
tr 5 3 2 5 3 3 37499.99999999994 2 1
tr 5 3 2 5 3 3 10714.285714285728 3 2
ann 5 3 2 5 4 1 3.042343999557819e-13 24 0
tr 5 3 2 5 4 1 420.0000000000002 2 2
tr 5 3 2 5 4 1 153061.224489796 3 1
ann 5 3 2 5 4 2 4.248871265222477e-13 24 0
tr 5 3 2 5 4 2 411.42857142857184 2 2
tr 5 3 2 5 4 2 14349.489795918314 3 1
ann 5 3 2 5 4 3 5.194824073031618e-13 24 0
tr 5 3 2 5 4 3 60.00000000000006 2 2
tr 5 3 2 5 4 3 66964.28571428575 3 1
ann 5 3 2 5 4 4 3.9725800070375013e-13 24 0
tr 5 3 2 5 4 4 479.9999999999998 2 2
tr 5 3 2 5 4 4 334821.42857142794 3 1
ann 5 3 2 6 1 1 5.618647764949352e-9 18 0
tr 5 3 2 6 1 1 3959.518694419159 2 1
tr 5 3 2 6 1 1 196.40469714380748 3 2
tr 5 3 2 6 1 1 2.052860600395901e6 4 1
ann 5 3 2 6 2 1 4.0274254781555164e-10 20 0
tr 5 3 2 6 2 1 167659.1134694632 3 1
tr 5 3 2 6 2 1 26080.306539694306 4 2
tr 5 3 2 6 2 1 8.235915864082308e7 5 1
ann 5 3 2 6 2 2 3.918118548375173e-10 20 0
tr 5 3 2 6 2 2 8.12541666502098 2 2
tr 5 3 2 6 2 2 223545.48462595034 3 1
tr 5 3 2 6 2 2 10645.023077426236 4 2
tr 5 3 2 6 2 2 1.715815805017146e7 5 1
ann 5 3 2 6 3 1 1.414479730949816e-11 22 0
tr 5 3 2 6 3 1 7247.923708916685 2 1
tr 5 3 2 6 3 1 6.686626907546976e6 4 1
ann 5 3 2 6 3 2 2.4156786517198526e-11 22 0
tr 5 3 2 6 3 2 1725.6961211706403 3 2
tr 5 3 2 6 3 2 1.0238897452181293e7 4 1
tr 5 3 2 6 3 2 709187.7023155877 5 2
tr 5 3 2 6 3 2 6.156008058859781e8 6 1
ann 5 3 2 6 3 3 1.5522400010097417e-11 22 0
tr 5 3 2 6 3 3 12079.872848194453 2 1
tr 5 3 2 6 3 3 3451.392242341281 3 2
tr 5 3 2 6 3 3 6.268712725825276e6 4 1
ann 5 3 2 6 4 1 3.4121913266156967e-13 24 0
tr 5 3 2 6 4 1 422.4324672356288 2 2
tr 5 3 2 6 4 1 384103.06041873 3 1
tr 5 3 2 6 4 1 1.4470328150897405e8 5 1
ann 5 3 2 6 4 2 4.765391958102123e-13 24 0
tr 5 3 2 6 4 2 413.81139647571825 2 2
tr 5 3 2 6 4 2 36009.66191425579 3 1
tr 5 3 2 6 4 2 61730.8489958673 4 2
tr 5 3 2 6 4 2 2.2226424039778364e8 5 1
ann 5 3 2 6 4 3 5.826340981959861e-13 24 0
tr 5 3 2 6 4 3 60.347495319375575 2 2
tr 5 3 2 6 4 3 168045.0889331944 3 1
tr 5 3 2 6 4 3 172846.3771884282 4 2
tr 5 3 2 6 4 3 1.9610188710096157e8 5 1
ann 5 3 2 6 4 4 4.455512945862826e-13 24 0
tr 5 3 2 6 4 4 482.7799625550041 2 2
tr 5 3 2 6 4 4 840225.4446659699 3 1
tr 5 3 2 6 4 4 172846.37718842822 4 2
tr 5 3 2 6 4 4 9.075789816242845e7 5 1
ann 5 3 2 6 5 1 3.1088061684464844e-15 26 0
tr 5 3 2 6 5 1 14702.86786740443 2 1
tr 5 3 2 6 5 1 14768.50567038393 3 2
tr 5 3 2 6 5 1 7.180408918059123e6 4 1
ann 5 3 2 6 5 2 3.907324891122106e-15 26 0
tr 5 3 2 6 5 2 38595.02815193667 2 1
tr 5 3 2 6 5 2 15315.487361879632 3 2
tr 5 3 2 6 5 2 1.6084115976452394e6 4 1
ann 5 3 2 6 5 3 4.621103620076996e-15 26 0
tr 5 3 2 6 5 3 68613.38338122069 2 1
tr 5 3 2 6 5 3 7657.743680939812 3 2
tr 5 3 2 6 5 3 482523.4792935706 4 1
ann 5 3 2 6 5 4 4.970928455427264e-15 26 0
tr 5 3 2 6 5 4 77190.05630387322 2 1
tr 5 3 2 6 5 4 7.720375668697155e6 4 1
ann 5 3 2 6 5 5 4.493409144940842e-15 26 0
tr 5 3 2 6 5 5 22973.23104281943 3 2
tr 5 3 2 6 5 5 1.6888321775275055e7 4 1
tr 5 3 2 6 5 5 2.292717622825216e6 5 2
tr 5 3 2 6 5 5 5.415023654221181e8 6 1
ann 5 3 2 7 6 2 2.5765638120237792e-17 28 0
tr 5 3 2 7 6 2 746801.5019707006 3 1
tr 5 3 2 7 6 2 278805.8940690614 4 2
tr 5 3 2 7 6 2 5.9764424187639e7 5 1
ann 5 3 2 7 6 4 3.271674059704731e-17 28 0
tr 5 3 2 7 6 4 1.680303379434075e6 3 1
tr 5 3 2 7 6 4 52276.10513794915 4 2
tr 5 3 2 7 6 4 7.68399739555357e7 5 1
ann 5 3 2 7 6 6 3.192584453568484e-17 28 0
tr 5 3 2 7 6 6 492888.99130066164 4 2
tr 5 3 2 7 6 6 4.226198567554454e8 5 1
tr 5 3 2 7 6 6 3.860092883166619e7 6 2
tr 5 3 2 7 6 6 1.097641314503961e10 7 1
ann 5 3 2 9 8 2 3.9657396826375405e-22 32 0
tr 5 3 2 9 8 2 1.0550043455826288e8 5 1
tr 5 3 2 9 8 2 2.5910450350258846e7 6 2
tr 5 3 2 9 8 2 1.4820944949277987e10 7 1
ann 5 3 2 9 8 4 5.168335873997692e-22 32 0
tr 5 3 2 9 8 4 2.2104852955064663e8 5 1
tr 5 3 2 9 8 4 1.5268658242116824e7 6 2
tr 5 3 2 9 8 4 7.763352116288532e8 7 1
ann 5 3 2 9 8 6 5.7052831400974915e-22 32 0
tr 5 3 2 9 8 6 2.793807804042887e8 5 1
tr 5 3 2 9 8 6 3.776376773076015e10 7 1
ann 5 3 2 9 8 8 5.041368734263583e-22 32 0
tr 5 3 2 9 8 8 5.613930909222749e7 6 2
tr 5 3 2 9 8 8 6.679305857141249e10 7 1
tr 5 3 2 9 8 8 3.055891568626717e9 8 2
tr 5 3 2 9 8 8 1.2375819389729307e12 9 1
ann 5 3 2 11 10 2 1.9491298181183663e-27 36 0
tr 5 3 2 11 10 2 4.499118183203536e9 7 1
tr 5 3 2 11 10 2 7.351500299352169e8 8 2
tr 5 3 2 11 10 2 8.406107091710742e11 9 1
ann 5 3 2 11 10 4 2.5943485756992513e-27 36 0
tr 5 3 2 11 10 4 8.529578222323371e9 7 1
tr 5 3 2 11 10 4 5.807174715634078e8 8 2
tr 5 3 2 11 10 4 2.2076644887320957e10 9 1
ann 5 3 2 11 10 6 3.064225775741174e-27 36 0
tr 5 3 2 11 10 6 1.2406659232470354e10 7 1
tr 5 3 2 11 10 6 1.6893599172753632e8 8 2
tr 5 3 2 11 10 6 6.065012331681597e11 9 1
ann 5 3 2 11 10 8 3.112739420084866e-27 36 0
tr 5 3 2 11 10 8 1.2168069631845928e10 7 1
tr 5 3 2 11 10 8 7.100880970965104e7 8 2
tr 5 3 2 11 10 8 2.5664359610610713e12 9 1
ann 5 3 2 11 10 10 2.4238059460659417e-27 36 0
tr 5 3 2 11 10 10 1.7988898459778414e9 8 2
tr 5 3 2 11 10 10 2.8545413754225957e12 9 1
tr 5 3 2 11 10 10 7.356213255547499e10 10 2
tr 5 3 2 11 10 10 4.009081016365757e13 11 1
ann 5 3 3 5 3 3 1.0678956421063128e-11 22 0
ann 5 3 3 5 4 1 2.331580381350074e-13 24 0
tr 5 3 3 5 4 1 51.42857142857128 2 2
tr 5 3 3 5 4 1 143494.8979591834 3 1
ann 5 3 3 5 4 2 3.32476407331163e-13 24 0
tr 5 3 3 5 4 2 231.4285714285711 2 2
tr 5 3 3 5 4 2 258290.81632653033 3 1
ann 5 3 3 5 4 3 4.997760473795428e-13 24 0
tr 5 3 3 5 4 3 540.0000000000001 2 2
tr 5 3 3 5 4 3 301339.2857142853 3 1
ann 5 3 3 5 4 4 8.073301874069205e-13 24 0
tr 5 3 3 5 4 4 719.9999999999993 2 2
tr 5 3 3 5 4 4 200892.85714285684 3 1
ann 5 3 3 6 1 1 5.61864203695989e-9 18 0
tr 5 3 3 6 1 1 5939.278041628735 2 1
tr 5 3 3 6 1 1 117.84281828628443 3 2
tr 5 3 3 6 1 1 684286.8667986342 4 1
ann 5 3 3 6 2 1 3.2286676107981143e-10 20 0
tr 5 3 3 6 2 1 8.125416665020976 2 2
tr 5 3 3 6 2 1 279431.855782438 3 1
tr 5 3 3 6 2 1 14370.7811545254 4 2
tr 5 3 3 6 2 1 2.402142127024002e7 5 1
ann 5 3 3 6 2 2 5.297020423529324e-10 20 0
tr 5 3 3 6 2 2 8.12541666502098 2 2
tr 5 3 3 6 2 2 111772.74231297524 3 1
tr 5 3 3 6 2 2 3193.506923227838 4 2
tr 5 3 3 6 2 2 3.43163161003428e6 5 1
ann 5 3 3 6 3 1 1.1389591908299621e-11 22 0
tr 5 3 3 6 3 1 4831.949139277783 2 1
tr 5 3 3 6 3 1 3451.3922423412764 3 2
tr 5 3 3 6 3 1 1.1283682906485507e7 4 1
ann 5 3 3 6 3 2 1.5522400010097437e-11 22 0
tr 5 3 3 6 3 2 12079.872848194453 2 1
tr 5 3 3 6 3 2 3451.392242341281 3 2
tr 5 3 3 6 3 2 6.268712725825276e6 4 1
ann 5 3 3 6 3 3 3.1044800020194886e-11 22 0
tr 5 3 3 6 3 3 12079.872848194453 2 1
tr 5 3 3 6 3 3 1725.6961211706341 3 2
tr 5 3 3 6 3 3 1.8806138177475852e6 4 1
ann 5 3 3 6 4 1 2.6150225822789314e-13 24 0
tr 5 3 3 6 4 1 51.72642455946459 2 2
tr 5 3 3 6 4 1 360096.6191425586 3 1
tr 5 3 3 6 4 1 205769.49665289093 4 2
tr 5 3 3 6 4 1 2.4310151293507615e8 5 1
ann 5 3 3 6 4 2 3.7289442287795187e-13 24 0
tr 5 3 3 6 4 2 232.76891051759097 2 2
tr 5 3 3 6 4 2 648173.9144566058 3 1
tr 5 3 3 6 4 2 205769.49665289064 4 2
tr 5 3 3 6 4 2 1.5627954402969143e8 5 1
ann 5 3 3 6 4 3 5.605321086847097e-13 24 0
tr 5 3 3 6 4 3 543.1274578743798 2 2
tr 5 3 3 6 4 3 756202.9001993734 3 1
tr 5 3 3 6 4 3 144038.64765702368 4 2
tr 5 3 3 6 4 3 7.293045388052304e7 5 1
ann 5 3 3 6 4 4 9.054745509799938e-13 24 0
tr 5 3 3 6 4 4 724.1699438325056 2 2
tr 5 3 3 6 4 4 504135.2667995821 3 1
tr 5 3 3 6 4 4 57615.45906280936 4 2
ann 5 3 3 6 5 1 2.0457972199365207e-15 26 0
tr 5 3 3 6 5 1 612.6194944751818 2 1
tr 5 3 3 6 5 1 2734.9084574785006 3 2
tr 5 3 3 6 5 1 7.754841631503827e6 4 1
ann 5 3 3 6 5 2 3.0105708832878387e-15 26 0
tr 5 3 3 6 5 2 4288.336461326287 2 1
tr 5 3 3 6 5 2 7657.743680939807 3 2
tr 5 3 3 6 5 2 1.2063086982339315e7 4 1
ann 5 3 3 6 5 3 4.360328659156274e-15 26 0
tr 5 3 3 6 5 3 17153.345845305157 2 1
tr 5 3 3 6 5 3 15315.487361879615 3 2
tr 5 3 3 6 5 3 1.4475704378807154e7 4 1
ann 5 3 3 6 5 4 6.2469306806210905e-15 26 0
tr 5 3 3 6 5 4 51460.03753591548 2 1
tr 5 3 3 6 5 4 22973.231042819418 3 2
tr 5 3 3 6 5 4 1.302813394092647e7 4 1
ann 5 3 3 6 5 5 8.877212984141478e-15 26 0
tr 5 3 3 6 5 5 128650.09383978866 2 1
tr 5 3 3 6 5 5 22973.231042819436 3 2
tr 5 3 3 6 5 5 7.237852189403564e6 4 1
ann 5 3 3 7 6 2 1.760522336338755e-17 28 0
tr 5 3 3 7 6 2 93350.18774633705 3 1
tr 5 3 3 7 6 2 130690.26284487252 4 2
tr 5 3 3 7 6 2 2.9882212093819356e8 5 1
ann 5 3 3 7 6 4 3.540061995363682e-17 28 0
tr 5 3 3 7 6 4 700126.4080975297 3 1
tr 5 3 3 7 6 4 352863.7096811559 4 2
tr 5 3 3 7 6 4 3.5858654512583226e8 5 1
ann 5 3 3 7 6 6 6.501912909868666e-17 28 0
tr 5 3 3 7 6 6 3.080556195629136e6 3 1
tr 5 3 3 7 6 6 369666.74347549625 4 2
tr 5 3 3 7 6 6 1.4087328558514804e8 5 1
ann 5 3 3 9 8 2 2.10835656152996e-22 32 0
tr 5 3 3 9 8 2 1.4652838133092014e7 5 1
tr 5 3 3 9 8 2 1.1335822028238246e7 6 2
tr 5 3 3 9 8 2 4.9798375029573715e10 7 1
tr 5 3 3 9 8 2 7.85800689075441e9 8 2
ann 5 3 3 9 8 4 4.0680375118500473e-22 32 0
tr 5 3 3 9 8 4 6.4472487785605e7 5 1
tr 5 3 3 9 8 4 2.54477637368614e7 6 2
tr 5 3 3 9 8 4 6.288315214193621e10 7 1
ann 5 3 3 9 8 6 7.21840745927811e-22 32 0
tr 5 3 3 9 8 6 2.0953558530321625e8 5 1
tr 5 3 3 9 8 6 3.85957750009064e7 6 2
tr 5 3 3 9 8 6 5.086548306592169e10 7 1
ann 5 3 3 9 8 8 1.1956209258519705e-21 32 0
tr 5 3 3 9 8 8 5.587615608085779e8 5 1
tr 5 3 3 9 8 8 2.806965454611377e7 6 2
tr 5 3 3 9 8 8 1.5413782747248974e10 7 1
ann 5 3 3 11 10 2 8.559737251868647e-28 36 0
tr 5 3 3 11 10 2 6.561214017171816e8 7 1
tr 5 3 3 11 10 2 3.101414188789189e8 8 2
tr 5 3 3 11 10 2 2.3159682803692686e12 9 1
tr 5 3 3 11 10 2 2.602636853570896e11 10 2
tr 5 3 3 11 10 2 5.442244188559688e14 11 1
ann 5 3 3 11 10 4 1.575423721591928e-27 36 0
tr 5 3 3 11 10 4 2.132394555580842e9 7 1
tr 5 3 3 11 10 4 6.097533451415789e8 8 2
tr 5 3 3 11 10 4 2.9141171251263706e12 9 1
ann 5 3 3 11 10 6 2.7117557596752305e-27 36 0
tr 5 3 3 11 10 6 5.686385481548906e9 7 1
tr 5 3 3 11 10 6 9.502649534673979e8 8 2
tr 5 3 3 11 10 6 2.838425771226986e12 9 1
ann 5 3 3 11 10 8 4.418426534448722e-27 36 0
tr 5 3 3 11 10 8 1.3182075434499748e10 7 1
tr 5 3 3 11 10 8 1.1183887529270148e9 8 2
tr 5 3 3 11 10 8 1.9089193098801218e12 9 1
ann 5 3 3 11 10 10 6.877548681025028e-27 36 0
tr 5 3 3 11 10 10 2.7523014643461018e10 7 1
tr 5 3 3 11 10 10 6.745836922416899e8 8 2
tr 5 3 3 11 10 10 5.037425956628101e11 9 1
ann 5 4 1 5 4 1 1.6044548917760953e-15 26 0
ann 5 4 1 5 4 2 5.479677051472824e-15 26 0
tr 5 4 1 5 4 2 7438.775510204087 2 1
ann 5 4 1 5 4 3 3.648019205342993e-15 26 0
tr 5 4 1 5 4 3 11571.428571428552 2 1
tr 5 4 1 5 4 3 8265.306122448977 3 2
ann 5 4 1 5 4 4 2.7427979294300353e-15 26 0
tr 5 4 1 5 4 4 2755.102040816324 3 2
tr 5 4 1 5 4 4 1.7578125000000014e6 4 1
ann 5 4 1 6 1 1 6.077450981066512e-11 20 0
tr 5 4 1 6 1 1 27693.983596457114 3 1
tr 5 4 1 6 1 1 2584.7718023359994 4 2
tr 5 4 1 6 1 1 2.812960151129377e7 5 1
ann 5 4 1 6 2 1 5.706888486113585e-12 22 0
tr 5 4 1 6 2 1 685.728965913378 2 1
tr 5 4 1 6 2 1 68.02866725331118 3 2
tr 5 4 1 6 2 1 103642.84899135424 4 1
ann 5 4 1 6 2 2 5.09536273232146e-12 22 0
tr 5 4 1 6 2 2 114.28816098556229 2 1
tr 5 4 1 6 2 2 90.70488967108165 3 2
tr 5 4 1 6 2 2 2.0728569798270646e6 4 1
ann 5 4 1 6 3 1 2.8711750399515893e-13 24 0
tr 5 4 1 6 3 1 1.0345284911892951 2 2
tr 5 4 1 6 3 1 23204.304489975442 3 1
tr 5 4 1 6 3 1 14320.370770956182 4 2
ann 5 4 1 6 3 2 2.2110999328276003e-13 24 0
tr 5 4 1 6 3 2 3.3794597378850306 2 2
tr 5 4 1 6 3 2 49502.5162452806 3 1
tr 5 4 1 6 3 2 3.497173549794741e7 5 1
ann 5 4 1 6 3 3 1.6945345921812558e-13 24 0
tr 5 4 1 6 3 3 0.41381139647571674 2 2
tr 5 4 1 6 3 3 46408.60897995046 3 1
tr 5 4 1 6 3 3 26519.20513140031 4 2
tr 5 4 1 6 3 3 5.8752515636551574e7 5 1
ann 5 4 1 6 4 1 7.198011812514007e-15 26 0
tr 5 4 1 6 4 1 3150.614543015253 2 1
tr 5 4 1 6 4 1 1135.3425614721261 3 2
tr 5 4 1 6 4 1 586243.409926188 4 1
ann 5 4 1 6 4 2 6.145822556761706e-15 26 0
tr 5 4 1 6 4 2 2649.13264343496 2 1
tr 5 4 1 6 4 2 336.397795991741 3 2
tr 5 4 1 6 4 2 2.6055262663385984e6 4 1
ann 5 4 1 6 4 3 4.091496364973861e-15 26 0
tr 5 4 1 6 4 3 4120.873000898817 2 1
tr 5 4 1 6 4 3 2943.4807149277303 3 2
tr 5 4 1 6 4 3 506630.1073436151 4 1
ann 5 4 1 6 4 4 3.0762303946898126e-15 26 0
tr 5 4 1 6 4 4 981.1602383092427 3 2
tr 5 4 1 6 4 4 3.5464107514053145e6 4 1
tr 5 4 1 6 4 4 1.3373670173649658e6 5 2
tr 5 4 1 6 4 4 7.947308369708004e8 6 1
ann 5 4 1 6 5 1 6.417541826435831e-17 28 0
tr 5 4 1 6 5 1 191.51601820363825 2 2
tr 5 4 1 6 5 1 136605.61554862093 3 1
tr 5 4 1 6 5 1 71519.28348667387 4 2
ann 5 4 1 6 5 2 6.250145456097731e-17 28 0
tr 5 4 1 6 5 2 223.43535457091107 2 2
tr 5 4 1 6 5 2 226036.2539825741 3 1
tr 5 4 1 6 5 2 3.481575293140201e7 5 1
ann 5 4 1 6 5 3 4.938333260981622e-17 28 0
tr 5 4 1 6 5 3 1340.612127425465 2 2
tr 5 4 1 6 5 3 13244.31175679141 3 1
tr 5 4 1 6 5 3 92710.18229754023 4 2
ann 5 4 1 6 5 4 3.40770142785181e-17 28 0
tr 5 4 1 6 5 4 357596.41743336944 3 1
tr 5 4 1 6 5 4 119198.80581112303 4 2
ann 5 4 1 6 5 5 2.3499518577183893e-17 28 0
tr 5 4 1 6 5 5 95359.04464889839 4 2
tr 5 4 1 6 5 5 7.162097745888412e7 5 1
tr 5 4 1 6 5 5 1.8171283309423048e7 6 2
ann 5 4 1 7 6 2 4.814709669831172e-19 30 0
tr 5 4 1 7 6 2 23354.82060013413 2 1
tr 5 4 1 7 6 2 289.61831101356745 3 2
tr 5 4 1 7 6 2 3.8325262607119526e6 4 1
ann 5 4 1 7 6 4 3.4570836967474864e-19 30 0
tr 5 4 1 7 6 4 11729.541596049496 3 2
tr 5 4 1 7 6 4 164251.1254590835 4 1
tr 5 4 1 7 6 4 1.8061651032300696e6 5 2
tr 5 4 1 7 6 4 2.687298645382052e8 6 1
ann 5 4 1 7 6 6 1.4811288558507382e-19 30 0
tr 5 4 1 7 6 6 1.839612605141734e6 5 2
tr 5 4 1 7 6 6 1.658995592302177e9 6 1
tr 5 4 1 7 6 6 2.929937270549363e8 7 2
tr 5 4 1 7 6 6 8.6476613586353e10 8 1
ann 5 4 1 9 8 2 1.0706907760377503e-23 34 0
tr 5 4 1 9 8 2 2.1233535149722486e6 4 1
tr 5 4 1 9 8 2 6756.124820366236 5 2
tr 5 4 1 9 8 2 3.7264178052932966e8 6 1
ann 5 4 1 9 8 4 9.740430173373425e-24 34 0
tr 5 4 1 9 8 4 1.334679352268273e6 4 1
tr 5 4 1 9 8 4 312132.9667009204 5 2
tr 5 4 1 9 8 4 1.9138812591060942e8 6 1
ann 5 4 1 9 8 6 6.498183954840717e-24 34 0
tr 5 4 1 9 8 6 483062.9246561864 5 2
tr 5 4 1 9 8 6 2.5903125207750013e8 6 1
tr 5 4 1 9 8 6 1.1711303076659356e8 7 2
ann 5 4 1 9 8 8 2.1585771869391132e-24 34 0
tr 5 4 1 9 8 8 1.9982410874549985e8 7 2
tr 5 4 1 9 8 8 2.530294057594118e11 8 1
tr 5 4 1 9 8 8 2.3830006336857e10 9 2
tr 5 4 1 9 8 8 1.0191884334396826e13 10 1
ann 5 4 1 11 10 2 7.790310918623256e-29 38 0
tr 5 4 1 11 10 2 7.94019745912635e7 6 1
tr 5 4 1 11 10 2 740595.585712515 7 2
tr 5 4 1 11 10 2 1.204102140571842e10 8 1
ann 5 4 1 11 10 4 7.597572626833011e-29 38 0
tr 5 4 1 11 10 4 7.168233817266816e7 6 1
tr 5 4 1 11 10 4 2.228644123671932e6 7 2
tr 5 4 1 11 10 4 1.361853426232876e10 8 1
ann 5 4 1 11 10 6 6.175150440650905e-29 38 0
tr 5 4 1 11 10 6 3.1279565748073366e7 6 1
tr 5 4 1 11 10 6 1.0956824928016134e7 7 2
tr 5 4 1 11 10 6 5.2147252491025215e8 8 1
ann 5 4 1 11 10 8 3.699919619969083e-29 38 0
tr 5 4 1 11 10 8 8.011897699980833e6 7 2
tr 5 4 1 11 10 8 1.9180675706013046e10 8 1
tr 5 4 1 11 10 8 1.8064130619430642e9 9 2
tr 5 4 1 11 10 8 9.080727157432251e11 10 1
ann 5 4 1 11 10 10 1.010825444034342e-29 38 0
tr 5 4 1 11 10 10 6.483015766751195e9 9 2
tr 5 4 1 11 10 10 1.092714167944345e13 10 1
tr 5 4 1 11 10 10 6.076555012266846e11 11 2
tr 5 4 1 11 10 10 3.499109592488478e14 12 1
ann 5 4 2 5 4 2 1.7797032271195224e-15 26 0
ann 5 4 2 5 4 3 6.028325793539622e-15 26 0
tr 5 4 2 5 4 3 16071.428571428556 2 1
ann 5 4 2 5 4 4 4.203032535700961e-15 26 0
tr 5 4 2 5 4 4 5142.857142857132 2 1
tr 5 4 2 5 4 4 8265.30612244897 3 2
ann 5 4 2 6 1 1 6.929368172426249e-11 20 0
tr 5 4 2 6 1 1 41540.975394685665 3 1
tr 5 4 2 6 1 1 2326.2946221023963 4 2
tr 5 4 2 6 1 1 1.6877760906776246e7 5 1
ann 5 4 2 6 2 1 5.944432062343349e-12 22 0
tr 5 4 2 6 2 1 914.3052878845021 2 1
tr 5 4 2 6 2 1 11.338111208885234 3 2
tr 5 4 2 6 2 1 839507.0768299623 4 1
ann 5 4 2 6 2 2 6.685746657936401e-12 22 0
tr 5 4 2 6 2 2 342.8644829566882 2 1
tr 5 4 2 6 2 2 136.0573345066223 3 2
tr 5 4 2 6 2 2 1.8655712818443556e6 4 1
ann 5 4 2 6 3 1 2.875064563873725e-13 24 0
tr 5 4 2 6 3 1 0.3448428303964322 2 2
tr 5 4 2 6 3 1 61878.14530660087 3 1
tr 5 4 2 6 3 1 2545.8436926144286 4 2
tr 5 4 2 6 3 1 2.0692076459425464e7 5 1
ann 5 4 2 6 3 2 3.0879739426947257e-13 24 0
tr 5 4 2 6 3 2 3.310491171805746 2 2
tr 5 4 2 6 3 2 4640.860897995038 3 1
tr 5 4 2 6 3 2 7955.761539420098 4 2
tr 5 4 2 6 3 2 5.371658572484711e7 5 1
ann 5 4 2 6 3 3 2.4163557996845024e-13 24 0
tr 5 4 2 6 3 3 1.8621512841407275 2 2
tr 5 4 2 6 3 3 83535.4961639109 3 1
tr 5 4 2 6 3 3 26519.20513140028 4 2
tr 5 4 2 6 3 3 3.776947433778308e7 5 1
ann 5 4 2 6 4 1 6.145822556761701e-15 26 0
tr 5 4 2 6 4 1 2649.13264343496 2 1
tr 5 4 2 6 4 1 336.3977959917409 3 2
tr 5 4 2 6 4 1 2.6055262663385984e6 4 1
ann 5 4 2 6 4 2 7.984222501110456e-15 26 0
tr 5 4 2 6 4 2 697.7139472421313 2 1
tr 5 4 2 6 4 2 2368.8011467751744 3 2
tr 5 4 2 6 4 2 875746.328408252 4 1
ann 5 4 2 6 4 3 6.761168644249275e-15 26 0
tr 5 4 2 6 4 3 5723.434723470584 2 1
tr 5 4 2 6 4 3 588.6961429855455 3 2
tr 5 4 2 6 4 3 506630.1073436155 4 1
ann 5 4 2 6 4 4 4.713980727827354e-15 26 0
tr 5 4 2 6 4 4 1831.4991115105843 2 1
tr 5 4 2 6 4 4 2943.4807149277276 3 2
tr 5 4 2 6 4 4 4.559670966092533e6 4 1
ann 5 4 2 6 5 1 5.319694487554718e-17 28 0
tr 5 4 2 6 5 1 1021.4187637527364 2 2
tr 5 4 2 6 5 1 116613.0116109874 3 1
tr 5 4 2 6 5 1 19866.467635187186 4 2
ann 5 4 2 6 5 2 6.783710882176632e-17 28 0
tr 5 4 2 6 5 2 670.3060637127327 2 2
tr 5 4 2 6 5 2 5297.724702716609 3 1
tr 5 4 2 6 5 2 111252.21875704816 4 2
ann 5 4 2 6 5 3 7.211758339831062e-17 28 0
tr 5 4 2 6 5 3 214557.85046002155 3 1
tr 5 4 2 6 5 3 92710.18229754016 4 2
ann 5 4 2 6 5 4 5.787577605204402e-17 28 0
tr 5 4 2 6 5 4 1340.6121274254645 2 2
tr 5 4 2 6 5 4 211908.98810866312 3 1
ann 5 4 2 6 5 5 4.0931839779873506e-17 28 0
tr 5 4 2 6 5 5 198664.67635187117 3 1
tr 5 4 2 6 5 5 214557.85046002138 4 2
tr 5 4 2 6 5 5 7.162097745888402e7 5 1
ann 5 4 2 7 6 2 4.823659709602298e-19 30 0
tr 5 4 2 7 6 2 17516.11545010056 2 1
tr 5 4 2 7 6 2 6950.839464325619 3 2
ann 5 4 2 7 6 4 5.215427896924362e-19 30 0
tr 5 4 2 7 6 4 21895.1443126257 2 1
tr 5 4 2 7 6 4 1737.709866081404 3 2
tr 5 4 2 7 6 4 4.599031512854352e6 4 1
ann 5 4 2 7 6 6 2.9880085283571e-19 30 0
tr 5 4 2 7 6 6 4.818033013466437e6 4 1
tr 5 4 2 7 6 6 3.3113026892551235e6 5 2
tr 5 4 2 7 6 6 1.3573600300654144e9 6 1
ann 5 4 2 9 8 2 1.0030053207200693e-23 34 0
tr 5 4 2 9 8 2 1.327095946857653e6 4 1
tr 5 4 2 9 8 2 405367.4892219742 5 2
tr 5 4 2 9 8 2 1.264691682107578e7 6 1
ann 5 4 2 9 8 4 1.1832414952269492e-23 34 0
tr 5 4 2 9 8 4 2.335688866469477e6 4 1
tr 5 4 2 9 8 4 33973.656239555996 5 2
tr 5 4 2 9 8 4 2.8340761965562385e8 6 1
ann 5 4 2 9 8 6 1.0771827964818294e-23 34 0
tr 5 4 2 9 8 6 1.2651648026709626e6 4 1
tr 5 4 2 9 8 6 386450.33972494904 5 2
tr 5 4 2 9 8 6 3.767727302945466e8 6 1
ann 5 4 2 9 8 8 5.6305081290067445e-24 34 0
tr 5 4 2 9 8 8 8.289000066479977e8 6 1
tr 5 4 2 9 8 8 2.569167112442138e8 7 2
tr 5 4 2 9 8 8 1.5181764345564697e11 8 1
ann 5 4 2 11 10 2 6.885931838558687e-29 38 0
tr 5 4 2 11 10 2 4.631781851157018e7 6 1
tr 5 4 2 11 10 2 9.216300622200191e6 7 2
tr 5 4 2 11 10 2 1.1622213139273968e9 8 1
ann 5 4 2 11 10 4 8.351295398025022e-29 38 0
tr 5 4 2 11 10 4 8.06426304442516e7 6 1
tr 5 4 2 11 10 4 3.209247538087565e6 7 2
tr 5 4 2 11 10 4 4.647750273957669e9 8 1
ann 5 4 2 11 10 6 8.630020739592618e-29 38 0
tr 5 4 2 11 10 6 8.601880580720179e7 6 1
tr 5 4 2 11 10 6 518666.2687818334 7 2
tr 5 4 2 11 10 6 1.8177867738145603e10 8 1
ann 5 4 2 11 10 8 7.114359635128755e-29 38 0
tr 5 4 2 11 10 8 3.323453860732796e7 6 1
tr 5 4 2 11 10 8 1.2717297936477516e7 7 2
tr 5 4 2 11 10 8 6.74261704745449e9 8 1
ann 5 4 2 11 10 10 3.2311530659034925e-29 38 0
tr 5 4 2 11 10 10 3.999262972995862e10 8 1
tr 5 4 2 11 10 10 6.483015766751187e9 9 2
tr 5 4 2 11 10 10 5.176014479736378e12 10 1
ann 5 4 3 5 4 3 2.284045593634345e-15 26 0
ann 5 4 3 5 4 4 7.123501748242795e-15 26 0
tr 5 4 3 5 4 4 17999.999999999967 2 1
tr 5 4 3 5 4 4 11571.428571428562 3 2
ann 5 4 3 6 1 1 7.763954529703329e-11 20 0
tr 5 4 3 6 1 1 58157.365552559895 3 1
tr 5 4 3 6 1 1 1809.3402616352046 4 2
tr 5 4 3 6 1 1 8.438880453388114e6 5 1
ann 5 4 3 6 2 1 6.101875672204327e-12 22 0
tr 5 4 3 6 2 1 800.0171268989387 2 1
tr 5 4 3 6 2 1 15.873355692439278 3 2
tr 5 4 3 6 2 1 1.813749857348682e6 4 1
ann 5 4 3 6 2 2 8.518721820700468e-12 22 0
tr 5 4 3 6 2 2 800.0171268989387 2 1
tr 5 4 3 6 2 2 158.73355692439287 3 2
tr 5 4 3 6 2 2 1.3058998972910496e6 4 1
ann 5 4 3 6 3 1 2.1882712332565282e-13 24 0
tr 5 4 3 6 3 1 4.827799625550042 2 2
tr 5 4 3 6 3 1 21657.350857310284 3 1
tr 5 4 3 6 3 1 4455.226462075251 4 2
tr 5 4 3 6 3 1 5.373896763556585e7 5 1
ann 5 4 3 6 3 2 3.775468909218791e-13 24 0
tr 5 4 3 6 3 2 0.4827799625550048 2 2
tr 5 4 3 6 3 2 21657.35085731027 3 1
tr 5 4 3 6 3 2 22276.132310376237 4 2
tr 5 4 3 6 3 2 4.7393695946818314e7 5 1
ann 5 4 3 6 3 3 3.6322479849073424e-13 24 0
tr 5 4 3 6 3 3 4.345019662995039 2 2
tr 5 4 3 6 3 3 97458.078857896 3 1
tr 5 4 3 6 3 3 18563.443591980224 4 2
tr 5 4 3 6 3 3 1.7625754690965522e7 5 1
ann 5 4 3 6 4 1 4.091496364973857e-15 26 0
tr 5 4 3 6 4 1 4120.873000898817 2 1
tr 5 4 3 6 4 1 2943.4807149277303 3 2
tr 5 4 3 6 4 1 506630.1073436151 4 1
ann 5 4 3 6 4 2 6.76116864424928e-15 26 0
tr 5 4 3 6 4 2 5723.434723470584 2 1
tr 5 4 3 6 4 2 588.6961429855454 3 2
tr 5 4 3 6 4 2 506630.1073436155 4 1
ann 5 4 3 6 4 3 1.024683662222346e-14 26 0
tr 5 4 3 6 4 3 534.1872408572538 2 1
tr 5 4 3 6 4 3 686.8121668164696 3 2
tr 5 4 3 6 4 3 3.19176967626478e6 4 1
ann 5 4 3 6 4 4 7.98948139410241e-15 26 0
tr 5 4 3 6 4 4 6410.246890287048 2 1
tr 5 4 3 6 4 4 4120.87300089882 3 2
tr 5 4 3 6 4 4 3.546410751405316e6 4 1
ann 5 4 3 6 5 1 3.5585155000049045e-17 28 0
tr 5 4 3 6 5 1 223.43535457091073 2 2
tr 5 4 3 6 5 1 267093.6204286278 3 1
tr 5 4 3 6 5 1 139065.27344631022 4 2
ann 5 4 3 6 5 2 5.2754864252989675e-17 28 0
tr 5 4 3 6 5 2 797.9834091818248 2 2
tr 5 4 3 6 5 2 302853.2621719645 3 1
tr 5 4 3 6 5 2 39732.93527037426 4 2
ann 5 4 3 6 5 3 7.569848283567059e-17 28 0
tr 5 4 3 6 5 3 1149.0961092218279 2 2
tr 5 4 3 6 5 3 111252.21875704823 3 1
tr 5 4 3 6 5 3 5297.724702716562 4 2
ann 5 4 3 6 5 4 9.468226758308386e-17 28 0
tr 5 4 3 6 5 4 383.0320364072758 2 2
tr 5 4 3 6 5 4 18542.036459507963 3 1
tr 5 4 3 6 5 4 119198.80581112315 4 2
tr 5 4 3 6 5 4 5.968414788240343e7 5 1
ann 5 4 3 6 5 5 7.544763580631054e-17 28 0
tr 5 4 3 6 5 5 957.5800910181898 2 2
tr 5 4 3 6 5 5 463550.91148770123 3 1
tr 5 4 3 6 5 5 214557.85046002147 4 2
ann 5 4 3 7 6 2 3.711749993669182e-19 30 0
tr 5 4 3 7 6 2 3336.4029428763056 2 1
tr 5 4 3 7 6 2 6992.213508756142 3 2
tr 5 4 3 7 6 2 4.927533763772513e6 4 1
ann 5 4 3 7 6 4 6.271439117155334e-19 30 0
tr 5 4 3 7 6 4 25023.022071572235 2 1
tr 5 4 3 7 6 4 7757.63333072057 3 2
tr 5 4 3 7 6 4 164251.12545908347 4 1
ann 5 4 3 7 6 6 6.014955777114539e-19 30 0
tr 5 4 3 7 6 6 12288.091195861378 3 2
tr 5 4 3 7 6 6 8.431557773566287e6 4 1
tr 5 4 3 7 6 6 2.575457647198431e6 5 2
tr 5 4 3 7 6 6 6.334346806971954e8 6 1
ann 5 4 3 9 8 2 7.221410079943425e-24 34 0
tr 5 4 3 9 8 2 303336.21642460726 4 1
tr 5 4 3 9 8 2 348423.0085931737 5 2
tr 5 4 3 9 8 2 5.454641572673308e8 6 1
ann 5 4 3 9 8 4 1.1476868284630032e-23 34 0
tr 5 4 3 9 8 4 1.3346793522682744e6 4 1
tr 5 4 3 9 8 4 513851.5506232842 5 2
tr 5 4 3 9 8 4 1.811407357185312e8 6 1
ann 5 4 3 9 8 6 1.4893060007413635e-23 34 0
tr 5 4 3 9 8 6 2.8918052632479183e6 4 1
tr 5 4 3 9 8 6 124216.18062587644 5 2
tr 5 4 3 9 8 6 9.89028417023184e7 6 1
ann 5 4 3 9 8 8 1.3671926520441227e-23 34 0
tr 5 4 3 9 8 8 920119.8564879737 5 2
tr 5 4 3 9 8 8 9.670500077559996e8 6 1
tr 5 4 3 9 8 8 1.3833976759303862e8 7 2
tr 5 4 3 9 8 8 5.0605881151882355e10 8 1
ann 5 4 3 11 10 2 4.474224547562798e-29 38 0
tr 5 4 3 11 10 2 1.1343139227323325e7 6 1
tr 5 4 3 11 10 2 7.347178429687639e6 7 2
tr 5 4 3 11 10 2 2.0664612756519485e10 8 1
ann 5 4 3 11 10 4 7.049065937793663e-29 38 0
tr 5 4 3 11 10 4 3.686520248880084e7 6 1
tr 5 4 3 11 10 4 1.104133974413457e7 7 2
tr 5 4 3 11 10 4 1.1386988171196278e10 8 1
ann 5 4 3 11 10 6 9.643798563379492e-29 38 0
tr 5 4 3 11 10 6 8.192267219733505e7 6 1
tr 5 4 3 11 10 6 8.252350812225164e6 7 2
tr 5 4 3 11 10 6 2.1908587149968916e8 8 1
ann 5 4 3 11 10 8 1.106996999649305e-28 38 0
tr 5 4 3 11 10 8 1.139469895108388e8 6 1
tr 5 4 3 11 10 8 236178.39024887246 7 2
tr 5 4 3 11 10 8 1.2634513681793581e10 8 1
ann 5 4 3 11 10 10 9.340332226570972e-29 38 0
tr 5 4 3 11 10 10 2.4162866079307303e7 7 2
tr 5 4 3 11 10 10 3.499355101371383e10 8 1
tr 5 4 3 11 10 10 2.669477080426962e9 9 2
tr 5 4 3 11 10 10 1.341929679931651e12 10 1
ann 5 4 4 5 4 4 3.561750874121409e-15 26 0
ann 5 4 4 6 1 1 8.581210052897754e-11 20 0
tr 5 4 4 6 1 1 77543.15407007988 3 1
tr 5 4 4 6 1 1 1033.9087209343954 4 2
ann 5 4 4 6 2 1 6.519438360111425e-12 22 0
tr 5 4 4 6 2 1 190.48026830927122 3 2
tr 5 4 4 6 2 1 2.0313998402305213e6 4 1
tr 5 4 4 6 2 1 68944.47942600555 5 2
ann 5 4 4 6 2 2 1.051800528128951e-11 22 0
tr 5 4 4 6 2 2 1600.034253797878 2 1
tr 5 4 4 6 2 2 126.98684553951395 3 2
tr 5 4 4 6 2 2 580399.9543515774 4 1
ann 5 4 4 6 3 1 1.8096279759660862e-13 24 0
tr 5 4 4 6 3 1 64972.05257193066 3 1
tr 5 4 4 6 3 1 31186.585234526738 4 2
tr 5 4 4 6 3 1 5.26422540103501e7 5 1
ann 5 4 4 6 3 2 2.8871723124494924e-13 24 0
tr 5 4 4 6 3 2 3.8622397004400333 2 2
tr 5 4 4 6 3 2 108286.7542865511 3 1
tr 5 4 4 6 3 2 22276.132310376244 4 2
tr 5 4 4 6 3 2 2.1934272504312597e7 5 1
ann 5 4 4 6 3 3 5.867475002280894e-13 24 0
tr 5 4 4 6 3 3 5.793359550660043 2 2
tr 5 4 4 6 3 3 64972.05257193066 3 1
tr 5 4 4 6 3 3 7425.377436792076 4 2
tr 5 4 4 6 3 3 4.700201250924082e6 5 1
ann 5 4 4 6 4 1 3.0762303946898095e-15 26 0
tr 5 4 4 6 4 1 981.1602383092427 3 2
tr 5 4 4 6 4 1 3.546410751405316e6 4 1
tr 5 4 4 6 4 1 1.3373670173649658e6 5 2
tr 5 4 4 6 4 1 7.947308369708e8 6 1
ann 5 4 4 6 4 2 4.713980727827345e-15 26 0
tr 5 4 4 6 4 2 1831.4991115105843 2 1
tr 5 4 4 6 4 2 2943.4807149277262 3 2
tr 5 4 4 6 4 2 4.559670966092533e6 4 1
ann 5 4 4 6 4 3 7.98948139410242e-15 26 0
tr 5 4 4 6 4 3 6410.246890287048 2 1
tr 5 4 4 6 4 3 4120.8730008988205 3 2
tr 5 4 4 6 4 3 3.546410751405316e6 4 1
ann 5 4 4 6 4 4 1.597896278820483e-14 26 0
tr 5 4 4 6 4 4 8546.995853716062 2 1
tr 5 4 4 6 4 4 2747.2486672658797 3 2
tr 5 4 4 6 4 4 1.418564300562121e6 4 1
ann 5 4 4 6 5 1 2.2357047660291334e-17 28 0
tr 5 4 4 6 5 1 26488.623513582654 3 1
tr 5 4 4 6 5 1 79465.8705407486 4 2
tr 5 4 4 6 5 1 5.968414788240334e7 5 1
ann 5 4 4 6 5 2 3.5097809620380805e-17 28 0
tr 5 4 4 6 5 2 63.83867273454589 2 2
tr 5 4 4 6 5 2 123613.57639672032 3 1
tr 5 4 4 6 5 2 158931.74108149717 4 2
tr 5 4 4 6 5 2 6.963150586280395e7 5 1
ann 5 4 4 6 5 3 5.584771678468806e-17 28 0
tr 5 4 4 6 5 3 383.0320364072757 2 2
tr 5 4 4 6 5 3 296672.58335212787 3 1
tr 5 4 4 6 5 3 211908.98810866306 4 2
tr 5 4 4 6 5 3 5.968414788240334e7 5 1
ann 5 4 4 6 5 4 9.233682235975672e-17 28 0
tr 5 4 4 6 5 4 1149.0961092218279 2 2
tr 5 4 4 6 5 4 445008.87502819294 3 1
tr 5 4 4 6 5 4 190718.08929779677 4 2
ann 5 4 4 6 5 5 1.5989356857354258e-16 28 0
tr 5 4 4 6 5 5 1915.160182036378 2 2
tr 5 4 4 6 5 5 370840.7291901601 3 1
tr 5 4 4 6 5 5 95359.04464889821 4 2
ann 5 4 4 7 6 2 2.1974823188971297e-19 30 0
tr 5 4 4 7 6 2 104.26259196488121 2 1
tr 5 4 4 7 6 2 827.4808886101918 3 2
tr 5 4 4 7 6 2 2.1900150061211074e6 4 1
tr 5 4 4 7 6 2 2.1245357695744624e6 5 2
ann 5 4 4 7 6 4 5.349559047103158e-19 30 0
tr 5 4 4 7 6 4 4691.816638419783 2 1
tr 5 4 4 7 6 4 7447.327997491741 3 2
tr 5 4 4 7 6 4 6.570045018363332e6 4 1
ann 5 4 4 7 6 6 1.2821345574524023e-18 30 0
tr 5 4 4 7 6 6 51609.983022617744 2 1
tr 5 4 4 7 6 6 16384.12159448182 3 2
tr 5 4 4 7 6 6 4.818033013466437e6 4 1
ann 5 4 4 9 8 2 3.2960424944498496e-24 34 0
tr 5 4 4 9 8 2 18958.513526537772 4 1
tr 5 4 4 9 8 2 54048.99856292988 5 2
tr 5 4 4 9 8 2 2.582078850969602e8 6 1
tr 5 4 4 9 8 2 1.489812881771182e8 7 2
tr 5 4 4 9 8 2 1.8864914275553766e11 8 1
ann 5 4 4 9 8 4 7.536557789590309e-24 34 0
tr 5 4 4 9 8 4 208543.64879191635 4 1
tr 5 4 4 9 8 4 254802.4217966698 5 2
tr 5 4 4 9 8 4 6.086328720142651e8 6 1
tr 5 4 4 9 8 4 1.9509454404146445e8 7 2
ann 5 4 4 9 8 6 1.5795208682154654e-23 34 0
tr 5 4 4 9 8 6 1.2651648026709626e6 4 1
tr 5 4 4 9 8 6 662486.296671341 5 2
tr 5 4 4 9 8 6 7.912227336185431e8 6 1
ann 5 4 4 9 8 8 3.081312560493327e-23 34 0
tr 5 4 4 9 8 8 5.42213486858985e6 4 1
tr 5 4 4 9 8 8 736095.8851903791 5 2
tr 5 4 4 9 8 8 3.516545482749077e8 6 1
ann 5 4 4 11 10 2 1.668017725969804e-29 38 0
tr 5 4 4 11 10 2 886182.7521346285 6 1
tr 5 4 4 11 10 2 1.2695924326500199e6 7 2
tr 5 4 4 11 10 2 1.0010539051601082e10 8 1
tr 5 4 4 11 10 2 3.7500780967298245e9 9 2
tr 5 4 4 11 10 2 7.984127234268258e12 10 1
ann 5 4 4 11 10 4 3.600926378317296e-29 38 0
tr 5 4 4 11 10 4 5.3761753629501145e6 6 1
tr 5 4 4 11 10 4 4.278996717450082e6 7 2
tr 5 4 4 11 10 4 2.024353452657111e10 8 1
tr 5 4 4 11 10 4 4.825858075993741e9 9 2
tr 5 4 4 11 10 4 6.849682219836885e12 10 1
ann 5 4 4 11 10 6 7.178378306138794e-29 38 0
tr 5 4 4 11 10 6 2.3040751555500418e7 6 1
tr 5 4 4 11 10 6 1.018808742250021e7 7 2
tr 5 4 4 11 10 6 2.8919335037958736e10 8 1
ann 5 4 4 11 10 8 1.3384825785752799e-28 38 0
tr 5 4 4 11 10 8 7.833855528870161e7 6 1
tr 5 4 4 11 10 8 1.7004844097918533e7 7 2
tr 5 4 4 11 10 8 2.6816110671561707e10 8 1
ann 5 4 4 11 10 10 2.3575344237832087e-28 38 0
tr 5 4 4 11 10 10 2.2552008340686852e8 6 1
tr 5 4 4 11 10 10 1.3807352045318443e7 7 2
tr 5 4 4 11 10 10 9.331613603657003e9 8 1
ann 6 1 1 6 1 1 1.5621147645309926e-7 16 0
ann 6 1 1 6 2 1 6.098013155951201e-8 16 0
tr 6 1 1 6 2 1 552.9599999999998 2 2
tr 6 1 1 6 2 1 5.443199999999987e6 3 1
ann 6 1 1 6 2 2 3.811239152176417e-8 16 0
tr 6 1 1 6 2 2 368.6399999999997 2 2
tr 6 1 1 6 2 2 1.814399999999995e6 3 1
ann 6 1 1 6 3 1 3.906545103333989e-9 18 0
tr 6 1 1 6 3 1 191956.11428571417 2 1
tr 6 1 1 6 3 1 19043.265306122426 3 2
tr 6 1 1 6 3 1 1.7635967999999964e8 4 1
ann 6 1 1 6 3 2 4.083493464724263e-9 18 0
tr 6 1 1 6 3 2 319926.8571428569 2 1
tr 6 1 1 6 3 2 15869.387755102034 3 2
tr 6 1 1 6 3 2 8.817983999999961e7 4 1
ann 6 1 1 6 3 3 4.083489323903033e-9 18 0
tr 6 1 1 6 3 3 479890.285714285 2 1
tr 6 1 1 6 3 3 9521.632653061211 3 2
tr 6 1 1 6 3 3 2.9393279999999907e7 4 1
ann 6 1 1 6 4 1 6.816265761711438e-11 20 0
tr 6 1 1 6 4 1 4.443428571428569e6 3 1
tr 6 1 1 6 4 1 414720.0 4 2
tr 6 1 1 6 4 1 3.1424088436363587e9 5 1
ann 6 1 1 6 4 2 7.771747607468255e-11 20 0
tr 6 1 1 6 4 2 6.665142857142851e6 3 1
tr 6 1 1 6 4 2 373247.99999999953 4 2
tr 6 1 1 6 4 2 1.8854453061818132e9 5 1
ann 6 1 1 6 4 3 8.70779177352803e-11 20 0
tr 6 1 1 6 4 3 9.331199999999987e6 3 1
tr 6 1 1 6 4 3 290304.0000000008 4 2
tr 6 1 1 6 4 3 9.427226530909057e8 5 1
ann 6 1 1 6 4 4 9.624398259890735e-11 20 0
tr 6 1 1 6 4 4 1.2441599999999976e7 3 1
tr 6 1 1 6 4 4 165887.9999999993 4 2
tr 6 1 1 6 4 4 3.142408843636352e8 5 1
ann 6 1 1 6 5 1 3.543922785502084e-13 22 0
tr 6 1 1 6 5 1 5.038847999999999e7 4 1
tr 6 1 1 6 5 1 3.8478475636363635e6 5 2
tr 6 1 1 6 5 1 2.344227131076921e10 6 1
ann 6 1 1 6 5 2 4.133125062060804e-13 22 0
tr 6 1 1 6 5 2 7.054387199999997e7 4 1
tr 6 1 1 6 5 2 3.5913243927272717e6 5 2
tr 6 1 1 6 5 2 1.562818087384615e10 6 1
ann 6 1 1 6 5 3 4.754425963395603e-13 22 0
tr 6 1 1 6 5 3 9.405849599999985e7 4 1
tr 6 1 1 6 5 3 3.0782780509090875e6 5 2
tr 6 1 1 6 5 3 9.376908524307673e9 6 1
ann 6 1 1 6 5 4 5.407825489506486e-13 22 0
tr 6 1 1 6 5 4 1.209323519999998e8 4 1
tr 6 1 1 6 5 4 2.3087085381818176e6 5 2
tr 6 1 1 6 5 4 4.688454262153864e9 6 1
ann 6 1 1 6 5 5 6.093323640393454e-13 22 0
tr 6 1 1 6 5 5 1.5116543999999967e8 4 1
tr 6 1 1 6 5 5 1.2826158545454524e6 5 2
tr 6 1 1 6 5 5 1.5628180873846014e9 6 1
ann 6 1 1 7 6 2 1.6426672250283481e-15 24 0
tr 6 1 1 7 6 2 1.3522023184900583e10 5 1
tr 6 1 1 7 6 2 5.930268571783671e8 6 2
tr 6 1 1 7 6 2 3.0677267516701943e12 7 1
ann 6 1 1 7 6 4 2.1724372104855466e-15 24 0
tr 6 1 1 7 6 4 2.173182297573307e10 5 1
tr 6 1 1 7 6 4 4.4477014288377583e8 6 2
tr 6 1 1 7 6 4 1.2270907006680735e12 7 1
ann 6 1 1 7 6 6 2.771015995263126e-15 24 0
tr 6 1 1 7 6 6 3.1873340364408543e10 5 1
tr 6 1 1 7 6 6 1.7790805715350989e8 6 2
tr 6 1 1 7 6 6 2.0451511677801172e11 7 1
ann 6 1 1 9 8 2 1.0290889348069985e-20 28 0
tr 6 1 1 9 8 2 4.080737738919027e13 7 1
tr 6 1 1 9 8 2 1.2965306904699163e12 8 2
tr 6 1 1 9 8 2 1.1462621112590556e16 9 1
ann 6 1 1 9 8 4 1.3431587371976382e-20 28 0
tr 6 1 1 9 8 4 5.985082017081252e13 7 1
tr 6 1 1 9 8 4 1.1113120204027854e12 8 2
tr 6 1 1 9 8 4 6.140689881744916e15 9 1
ann 6 1 1 9 8 6 1.6992253672921737e-20 28 0
tr 6 1 1 9 8 6 8.252158538702919e13 7 1
tr 6 1 1 9 8 6 7.779184142819487e11 8 2
tr 6 1 1 9 8 6 2.4562759526979655e15 9 1
ann 6 1 1 9 8 8 2.097288825090602e-20 28 0
tr 6 1 1 9 8 8 1.0881967303784086e14 7 1
tr 6 1 1 9 8 8 2.9634987210741e11 8 2
tr 6 1 1 9 8 8 4.093793254496582e14 9 1
ann 6 1 1 11 10 2 2.450454694675757e-26 32 0
tr 6 1 1 11 10 2 1.8893602061925908e16 9 1
tr 6 1 1 11 10 2 4.4385871195817694e14 10 2
tr 6 1 1 11 10 2 6.47189198141892e18 11 1
ann 6 1 1 11 10 4 3.1260197386610824e-26 32 0
tr 6 1 1 11 10 4 2.605026950962513e16 9 1
tr 6 1 1 11 10 4 4.027606830731595e14 10 2
tr 6 1 1 11 10 4 4.0269550106606556e18 11 1
ann 6 1 1 11 10 6 3.8851640239462587e-26 32 0
tr 6 1 1 11 10 6 3.435200374895615e16 9 1
tr 6 1 1 11 10 6 3.2878423108013056e14 10 2
tr 6 1 1 11 10 6 2.1572973271396344e18 11 1
ann 6 1 1 11 10 8 4.7278875505312905e-26 32 0
tr 6 1 1 11 10 8 4.379880477991916e16 9 1
tr 6 1 1 11 10 8 2.219293559790897e14 10 2
tr 6 1 1 11 10 8 8.62918930855843e17 11 1
ann 6 1 1 11 10 10 5.654190318416177e-26 32 0
tr 6 1 1 11 10 10 5.4390672602514e16 9 1
tr 6 1 1 11 10 10 8.219605777003247e13 10 2
tr 6 1 1 11 10 10 1.4381982180930856e17 11 1
ann 6 2 1 6 2 1 1.806818336843666e-9 18 0
ann 6 2 1 6 2 2 2.258507316159913e-9 18 0
tr 6 2 1 6 2 2 281089.1755102039 2 1
tr 6 2 1 6 2 2 20077.798250728843 3 2
ann 6 2 1 6 3 1 2.736867293923901e-10 20 0
tr 6 2 1 6 3 1 533.2114285714289 2 2
tr 6 2 1 6 3 1 699575.5102040862 3 1
ann 6 2 1 6 3 2 2.927032678244112e-10 20 0
tr 6 2 1 6 3 2 5.246816326530615e6 3 1
tr 6 2 1 6 3 2 816171.4285714303 4 2
ann 6 2 1 6 3 3 2.3465153447687296e-10 20 0
tr 6 2 1 6 3 3 1333.0285714285708 2 2
tr 6 2 1 6 3 3 8.744693877551008e6 3 1
ann 6 2 1 6 4 1 6.400655314803547e-12 22 0
tr 6 2 1 6 4 1 142824.4897959186 2 1
tr 6 2 1 6 4 1 14169.096209912537 3 2
ann 6 2 1 6 4 2 6.667076255058168e-12 22 0
tr 6 2 1 6 4 2 190432.65306122444 2 1
tr 6 2 1 6 4 2 2361.51603498543 3 2
tr 6 2 1 6 4 2 7.028036081632659e7 4 1
ann 6 2 1 6 4 3 6.843659739889963e-12 22 0
tr 6 2 1 6 4 3 166628.5714285712 2 1
tr 6 2 1 6 4 3 3306.122448979591 3 2
tr 6 2 1 6 4 3 1.518402857142856e8 4 1
ann 6 2 1 6 4 4 7.311984061871719e-12 22 0
tr 6 2 1 6 4 4 39673.469387755074 3 2
tr 6 2 1 6 4 4 1.7006111999999976e8 4 1
ann 6 2 1 6 5 1 4.9345279608523494e-14 24 0
tr 6 2 1 6 5 1 1.8514285714285756e6 3 1
tr 6 2 1 6 5 1 172800.00000000015 4 2
ann 6 2 1 6 5 2 5.1748856197541636e-14 24 0
tr 6 2 1 6 5 2 2.4300000000000014e6 3 1
tr 6 2 1 6 5 2 60480.000000000015 4 2
tr 6 2 1 6 5 2 4.399372381090917e8 5 1
ann 6 2 1 6 5 3 5.285709597941516e-14 24 0
tr 6 2 1 6 5 3 2.5919999999999986e6 3 1
tr 6 2 1 6 5 3 1.0474696145454538e9 5 1
ann 6 2 1 6 5 4 5.3824310127405004e-14 24 0
tr 6 2 1 6 5 4 1.9439999999999974e6 3 1
tr 6 2 1 6 5 4 103679.9999999999 4 2
tr 6 2 1 6 5 4 1.5397803333818183e9 5 1
ann 6 2 1 6 5 5 5.6329400032305033e-14 24 0
tr 6 2 1 6 5 5 518399.9999999997 4 2
tr 6 2 1 6 5 5 1.414083979636365e9 5 1
ann 6 2 1 7 6 2 2.9737000119684605e-16 26 0
tr 6 2 1 7 6 2 4.5235364043532574e8 4 1
tr 6 2 1 7 6 2 1.2953763339738864e7 5 2
tr 6 2 1 7 6 2 5.050073719394244e10 6 1
ann 6 2 1 7 6 4 3.087987109247013e-16 26 0
tr 6 2 1 7 6 4 4.8466461475213385e8 4 1
tr 6 2 1 7 6 4 2.313172024953353e6 5 2
tr 6 2 1 7 6 4 2.0621134354193216e11 6 1
ann 6 2 1 7 6 6 2.966053898918342e-16 26 0
tr 6 2 1 7 6 6 8.481630758162352e7 5 2
tr 6 2 1 7 6 6 2.0368630668223477e11 6 1
tr 6 2 1 7 6 6 3.237557072460955e9 7 2
ann 6 2 1 9 8 2 3.401953862335835e-21 30 0
tr 6 2 1 9 8 2 1.2386300607104375e12 6 1
tr 6 2 1 9 8 2 3.2091419780842815e10 7 2
tr 6 2 1 9 8 2 8.160477192962061e13 8 1
ann 6 2 1 9 8 4 3.7046736974115684e-21 30 0
tr 6 2 1 9 8 4 1.5138811853127634e12 6 1
tr 6 2 1 9 8 4 1.8826966271427865e9 7 2
tr 6 2 1 9 8 4 3.80822269004899e14 8 1
ann 6 2 1 9 8 6 3.550119051924191e-21 30 0
tr 6 2 1 9 8 6 1.2523926169405542e12 6 1
tr 6 2 1 9 8 6 2.336255360045361e10 7 2
tr 6 2 1 9 8 6 6.582784935656085e14 8 1
ann 6 2 1 9 8 8 2.788232059662653e-21 30 0
tr 6 2 1 9 8 8 1.6773115405453836e11 7 2
tr 6 2 1 9 8 8 4.663129824549761e14 8 1
tr 6 2 1 9 8 8 3.9525118292709414e12 9 2
tr 6 2 1 9 8 8 3.555293517108644e15 10 1
ann 6 2 1 11 10 2 1.2847168464345348e-26 34 0
tr 6 2 1 11 10 2 5.3088714929027525e14 8 1
tr 6 2 1 11 10 2 1.1062908590847143e13 9 2
tr 6 2 1 11 10 2 2.4677831880532976e16 10 1
ann 6 2 1 11 10 4 1.441501392817873e-26 34 0
tr 6 2 1 11 10 4 6.587826898011136e14 8 1
tr 6 2 1 11 10 4 2.80164568209763e12 9 2
tr 6 2 1 11 10 4 1.219166138789302e17 10 1
ann 6 2 1 11 10 6 1.4680187112371168e-26 34 0
tr 6 2 1 11 10 6 6.75674553642168e14 8 1
tr 6 2 1 11 10 6 4.104975358384927e11 9 2
tr 6 2 1 11 10 6 2.4576277016827315e17 10 1
ann 6 2 1 11 10 8 1.304746217778541e-26 34 0
tr 6 2 1 11 10 8 4.9227717479643694e14 8 1
tr 6 2 1 11 10 8 1.3084608954851617e13 9 2
tr 6 2 1 11 10 8 3.084728985066657e17 10 1
ann 6 2 1 11 10 10 8.849304155968344e-27 34 0
tr 6 2 1 11 10 10 5.264630897128549e13 9 2
tr 6 2 1 11 10 10 1.833065289891456e17 10 1
tr 6 2 1 11 10 10 9.174265477358265e14 11 2
tr 6 2 1 11 10 10 1.0657838653575482e18 12 1
ann 6 2 2 6 2 2 1.129253658079955e-9 18 0
ann 6 2 2 6 3 1 2.2780767950158728e-10 20 0
tr 6 2 2 6 3 1 799.8171428571424 2 2
tr 6 2 2 6 3 1 8.394906122448975e6 3 1
ann 6 2 2 6 3 2 2.847591150007065e-10 20 0
tr 6 2 2 6 3 2 1333.0285714285708 2 2
tr 6 2 2 6 3 2 6.995755102040803e6 3 1
ann 6 2 2 6 3 3 3.8497427604837453e-10 20 0
tr 6 2 2 6 3 3 1333.0285714285708 2 2
tr 6 2 2 6 3 3 3.4978775510204057e6 3 1
ann 6 2 2 6 4 1 5.714788446679585e-12 22 0
tr 6 2 2 6 4 1 23804.08163265296 2 1
tr 6 2 2 6 4 1 18892.128279883393 3 2
tr 6 2 2 6 4 1 1.7353175510204074e8 4 1
ann 6 2 2 6 4 2 7.498509902310496e-12 22 0
tr 6 2 2 6 4 2 71412.24489795914 2 1
tr 6 2 2 6 4 2 28338.19241982506 3 2
tr 6 2 2 6 4 2 1.5617857959183645e8 4 1
ann 6 2 2 6 4 3 9.554313588906728e-12 22 0
tr 6 2 2 6 4 3 166628.5714285712 2 1
tr 6 2 2 6 4 3 33061.22448979594 3 2
tr 6 2 2 6 4 3 1.0932500571428554e8 4 1
ann 6 2 2 6 4 4 1.1796643115941717e-11 22 0
tr 6 2 2 6 4 4 333257.14285714255 2 1
tr 6 2 2 6 4 4 26448.979591836673 3 2
ann 6 2 2 6 5 1 3.9033773182109475e-14 24 0
tr 6 2 2 6 5 1 347142.85714285634 3 1
tr 6 2 2 6 5 1 215999.99999999994 4 2
tr 6 2 2 6 5 1 1.5712044218181808e9 5 1
ann 6 2 2 6 5 2 5.197055506219363e-14 24 0
tr 6 2 2 6 5 2 809999.9999999994 3 1
tr 6 2 2 6 5 2 302400.00000000006 4 2
tr 6 2 2 6 5 2 1.4664574603636367e9 5 1
ann 6 2 2 6 5 3 6.70265174448497e-14 24 0
tr 6 2 2 6 5 3 1.6199999999999986e6 3 1
tr 6 2 2 6 5 3 362879.9999999994 4 2
tr 6 2 2 6 5 3 1.1731659682909074e9 5 1
ann 6 2 2 6 5 4 8.395237362940579e-14 24 0
tr 6 2 2 6 5 4 2.915999999999996e6 3 1
tr 6 2 2 6 5 4 362879.9999999999 4 2
tr 6 2 2 6 5 4 7.541781224727281e8 5 1
ann 6 2 2 6 5 5 1.0236768936080622e-13 24 0
tr 6 2 2 6 5 5 4.859999999999993e6 3 1
tr 6 2 2 6 5 5 259199.99999999985 4 2
ann 6 2 2 7 6 2 2.5619664219633905e-16 26 0
tr 6 2 2 7 6 2 1.4136051263603887e8 4 1
tr 6 2 2 7 6 2 4.317921113246288e7 5 2
tr 6 2 2 7 6 2 2.3567010690506516e11 6 1
ann 6 2 2 7 6 4 4.17769961593881e-16 26 0
tr 6 2 2 7 6 4 4.2408153790811694e8 4 1
tr 6 2 2 7 6 4 5.551612859888083e7 5 2
tr 6 2 2 7 6 4 1.515022115818273e11 6 1
ann 6 2 2 7 6 6 6.259228884283721e-16 26 0
tr 6 2 2 7 6 6 9.99620767926276e8 4 1
tr 6 2 2 7 6 6 3.392652303264937e7 5 2
tr 6 2 2 7 6 6 3.703387394222437e10 6 1
ann 6 2 2 9 8 2 2.2693040455712233e-21 30 0
tr 6 2 2 9 8 2 3.6126710104054376e11 6 1
tr 6 2 2 9 8 2 7.188478030908789e10 7 2
tr 6 2 2 9 8 2 6.528381754369666e14 8 1
ann 6 2 2 9 8 4 3.630746546725732e-21 30 0
tr 6 2 2 9 8 4 8.515581667384259e11 6 1
tr 6 2 2 9 8 4 9.413483135713885e10 7 2
tr 6 2 2 9 8 4 5.129442807004728e14 8 1
ann 6 2 2 9 8 6 5.46760930425169e-21 30 0
tr 6 2 2 9 8 6 1.7220398482932612e12 6 1
tr 6 2 2 9 8 6 9.345021440181427e10 7 2
tr 6 2 2 9 8 6 2.8289654268935156e14 8 1
ann 6 2 2 9 8 8 7.853785529519055e-21 30 0
tr 6 2 2 9 8 8 3.130981542351386e12 6 1
tr 6 2 2 9 8 8 4.792318687272529e10 7 2
tr 6 2 2 9 8 8 6.217506432732967e13 8 1
ann 6 2 2 11 10 2 7.161649476097738e-27 34 0
tr 6 2 2 11 10 2 1.493120107378897e14 8 1
tr 6 2 2 11 10 2 2.0319628024004895e13 9 2
tr 6 2 2 11 10 2 3.01617945206517e17 10 1
ann 6 2 2 11 10 4 1.107586911086366e-26 34 0
tr 6 2 2 11 10 4 3.0194206615884375e14 8 1
tr 6 2 2 11 10 4 2.614869303291135e13 9 2
tr 6 2 2 11 10 4 2.5876179272262765e17 10 1
ann 6 2 2 11 10 6 1.6335126805185583e-26 34 0
tr 6 2 2 11 10 6 5.489855748342603e14 8 1
tr 6 2 2 11 10 6 2.8734827508693855e13 9 2
tr 6 2 2 11 10 6 1.8279875467061603e17 10 1
ann 6 2 2 11 10 8 2.3191842272809654e-26 34 0
tr 6 2 2 11 10 8 9.230197027433184e14 8 1
tr 6 2 2 11 10 8 2.5122449193315227e13 9 2
tr 6 2 2 11 10 8 9.322736488201366e16 10 1
ann 6 2 2 11 10 10 3.1916512509811095e-26 34 0
tr 6 2 2 11 10 10 1.4614478626769212e15 8 1
tr 6 2 2 11 10 10 1.1699179771396758e13 9 2
tr 6 2 2 11 10 10 1.929542410412055e16 10 1
ann 6 3 1 6 3 1 3.6365330289509197e-12 22 0
ann 6 3 1 6 3 2 1.0280086945382383e-11 22 0
tr 6 3 1 6 3 2 121104.00000000003 2 1
ann 6 3 1 6 3 3 8.277672079980326e-12 22 0
tr 6 3 1 6 3 3 80735.9999999999 2 1
tr 6 3 1 6 3 3 57668.57142857141 3 2
ann 6 3 1 6 4 1 3.220213926489852e-13 24 0
tr 6 3 1 6 4 1 411.4285714285717 2 2
tr 6 3 1 6 4 1 1.1935102040816408e6 3 1
ann 6 3 1 6 4 2 3.2245762876745586e-13 24 0
tr 6 3 1 6 4 2 137.14285714285748 2 2
tr 6 3 1 6 4 2 3.1826938775510257e6 3 1
ann 6 3 1 6 4 3 2.454291864697095e-13 24 0
tr 6 3 1 6 4 3 1920.0000000000005 2 2
tr 6 3 1 6 4 3 1.1139428571428587e6 3 1
ann 6 3 1 6 4 4 2.0296182211604688e-13 24 0
tr 6 3 1 6 4 4 3.341828571428564e6 3 1
tr 6 3 1 6 4 4 1.6040777142857136e6 4 2
ann 6 3 1 6 5 1 2.7344753788104304e-15 26 0
tr 6 3 1 6 5 1 61714.28571428584 2 1
tr 6 3 1 6 5 1 6122.448979591841 3 2
ann 6 3 1 6 5 2 2.850843592635856e-15 26 0
tr 6 3 1 6 5 2 72000.00000000004 2 1
ann 6 3 1 6 5 3 2.6848412637187536e-15 26 0
tr 6 3 1 6 5 3 47999.99999999996 2 1
tr 6 3 1 6 5 3 8571.42857142857 3 2
ann 6 3 1 6 5 4 2.251638764714657e-15 26 0
tr 6 3 1 6 5 4 25714.285714285703 3 2
tr 6 3 1 6 5 4 2.6671679999999916e6 4 1
ann 6 3 1 6 5 5 1.7011233502812736e-15 26 0
tr 6 3 1 6 5 5 5.334335999999993e7 4 1
tr 6 3 1 6 5 5 1.629397178181818e7 5 2
ann 6 3 1 7 6 2 1.9427431274141735e-17 28 0
tr 6 3 1 7 6 2 1.062579607322552e7 3 1
tr 6 3 1 7 6 2 66116.06445562538 4 2
tr 6 3 1 7 6 2 3.5251660369921317e9 5 1
ann 6 3 1 7 6 4 1.783995572655959e-17 28 0
tr 6 3 1 7 6 4 5.312898036612752e6 3 1
tr 6 3 1 7 6 4 1.7709660122042517e6 4 2
tr 6 3 1 7 6 4 2.5179757407086697e9 5 1
ann 6 3 1 7 6 6 1.0263206756702241e-17 28 0
tr 6 3 1 7 6 6 8.309319944338566e9 5 1
tr 6 3 1 7 6 6 1.669690663854535e9 6 2
tr 6 3 1 7 6 6 1.7956370804344595e12 7 1
ann 6 3 1 9 8 2 3.303490760258724e-22 32 0
tr 6 3 1 9 8 2 2.363057530473308e10 5 1
tr 6 3 1 9 8 2 3.730864546878692e8 6 2
tr 6 3 1 9 8 2 5.413691582564903e12 7 1
ann 6 3 1 9 8 4 3.28888329146773e-22 32 0
tr 6 3 1 9 8 4 2.2280256715891266e10 5 1
tr 6 3 1 9 8 4 4.559945557296175e8 6 2
tr 6 3 1 9 8 4 9.049314361691375e12 7 1
ann 6 3 1 9 8 6 2.6963533720166297e-22 32 0
tr 6 3 1 9 8 6 7.50927170794851e9 5 1
tr 6 3 1 9 8 6 3.3950867376596127e9 6 2
tr 6 3 1 9 8 6 1.1515463760722458e12 7 1
ann 6 3 1 9 8 8 1.2450798099206888e-22 32 0
tr 6 3 1 9 8 8 2.1831400046369504e13 7 1
tr 6 3 1 9 8 8 2.1403333378793628e12 8 2
tr 6 3 1 9 8 8 2.881327960426221e15 9 1
ann 6 3 1 11 10 2 1.8047663774070406e-27 36 0
tr 6 3 1 11 10 2 9.063050915493396e12 7 1
tr 6 3 1 11 10 2 1.469137571891112e11 8 2
tr 6 3 1 11 10 2 1.653210432613288e15 9 1
ann 6 3 1 11 10 4 1.8682455639840203e-27 36 0
tr 6 3 1 11 10 4 9.818305158451154e12 7 1
tr 6 3 1 11 10 4 7.292264675023162e9 8 2
tr 6 3 1 11 10 4 3.4690127900342e15 9 1
ann 6 3 1 11 10 6 1.6917210384569247e-27 36 0
tr 6 3 1 11 10 6 7.14058556978266e12 7 1
tr 6 3 1 11 10 6 3.6648304520629175e11 8 2
tr 6 3 1 11 10 6 2.470252576320045e15 9 1
ann 6 3 1 11 10 8 1.2407171911599566e-27 36 0
tr 6 3 1 11 10 8 2.0009333190050305e12 7 1
tr 6 3 1 11 10 8 9.209088532457782e11 8 2
tr 6 3 1 11 10 8 1.338961434715145e12 9 1
ann 6 3 1 11 10 10 4.866685655049617e-28 36 0
tr 6 3 1 11 10 10 9.730902226790258e15 9 1
tr 6 3 1 11 10 10 5.2939784487661794e14 10 2
tr 6 3 1 11 10 10 9.14314334430924e17 11 1
ann 6 3 2 6 3 2 4.3891378981654204e-12 22 0
ann 6 3 2 6 3 3 1.1281294378083411e-11 22 0
tr 6 3 2 6 3 3 201839.99999999968 2 1
tr 6 3 2 6 3 3 57668.571428571486 3 2
ann 6 3 2 6 4 1 2.4798957692395884e-13 24 0
tr 6 3 2 6 4 1 1344.0000000000007 2 2
tr 6 3 2 6 4 1 2.546155102040818e6 3 1
ann 6 3 2 6 4 2 3.463368333560426e-13 24 0
tr 6 3 2 6 4 2 1316.5714285714298 2 2
tr 6 3 2 6 4 2 238702.04081632572 3 1
ann 6 3 2 6 4 3 4.234439688938212e-13 24 0
tr 6 3 2 6 4 3 192.0000000000002 2 2
tr 6 3 2 6 4 3 1.113942857142858e6 3 1
ann 6 3 2 6 4 4 3.238155957153013e-13 24 0
tr 6 3 2 6 4 4 1535.9999999999995 2 2
tr 6 3 2 6 4 4 5.569714285714276e6 3 1
ann 6 3 2 6 5 1 2.2594029556862304e-15 26 0
tr 6 3 2 6 5 1 16457.142857142844 2 1
tr 6 3 2 6 5 1 16530.61224489796 3 2
ann 6 3 2 6 5 2 2.8397465044125573e-15 26 0
tr 6 3 2 6 5 2 43200.0 2 1
tr 6 3 2 6 5 2 17142.857142857145 3 2
ann 6 3 2 6 5 3 3.358503133314062e-15 26 0
tr 6 3 2 6 5 3 76799.99999999991 2 1
tr 6 3 2 6 5 3 8571.42857142857 3 2
ann 6 3 2 6 5 4 3.612747116011361e-15 26 0
tr 6 3 2 6 5 4 86399.99999999988 2 1
ann 6 3 2 6 5 5 3.2656979256375434e-15 26 0
tr 6 3 2 6 5 5 25714.285714285703 3 2
tr 6 3 2 6 5 5 6.66792000000001e7 4 1
ann 6 3 2 7 6 2 1.8725824484493272e-17 28 0
tr 6 3 2 7 6 2 5.667091239053617e6 3 1
tr 6 3 2 7 6 2 2.1157140625800155e6 4 2
tr 6 3 2 7 6 2 1.175055345664047e9 5 1
ann 6 3 2 7 6 4 2.3777712869209953e-17 28 0
tr 6 3 2 7 6 4 1.2750955287870632e7 3 1
tr 6 3 2 7 6 4 396696.3867337541 4 2
tr 6 3 2 7 6 4 1.5107854444252e9 5 1
ann 6 3 2 7 6 6 2.320290898249842e-17 28 0
tr 6 3 2 7 6 6 3.7402802177753816e6 4 2
tr 6 3 2 7 6 6 8.309319944338584e9 5 1
tr 6 3 2 7 6 6 7.58950301752061e8 6 2
ann 6 3 2 9 8 2 2.882200858067179e-22 32 0
tr 6 3 2 9 8 2 1.1342676146271893e10 5 1
tr 6 3 2 9 8 2 2.785712195002759e9 6 2
tr 6 3 2 9 8 2 3.460175408870928e12 7 1
ann 6 3 2 9 8 4 3.7562178400425452e-22 32 0
tr 6 3 2 9 8 4 2.3765607163617367e10 5 1
tr 6 3 2 9 8 4 1.6415804006266255e9 6 2
tr 6 3 2 9 8 4 1.8124728332181204e11 7 1
ann 6 3 2 9 8 6 4.14645774873249e-22 32 0
tr 6 3 2 9 8 6 3.0037086831794086e10 5 1
tr 6 3 2 9 8 6 8.816526941803088e12 7 1
ann 6 3 2 9 8 8 3.6639412471170404e-22 32 0
tr 6 3 2 9 8 8 6.035709755839308e9 6 2
tr 6 3 2 9 8 8 1.5593857175978246e13 7 1
tr 6 3 2 9 8 8 7.134444459597898e11 8 2
tr 6 3 2 9 8 8 6.00276658422128e14 9 1
ann 6 3 2 11 10 2 1.4165790067980824e-27 36 0
tr 6 3 2 11 10 2 4.143108989939834e12 7 1
tr 6 3 2 11 10 2 6.769785931274225e11 8 2
tr 6 3 2 11 10 2 1.5919857646573138e15 9 1
ann 6 3 2 11 10 4 1.885507934141212e-27 36 0
tr 6 3 2 11 10 4 7.8546441267609375e12 7 1
tr 6 3 2 11 10 4 5.3476607616836194e11 8 2
tr 6 3 2 11 10 4 4.180972715261598e13 9 1
ann 6 3 2 11 10 6 2.2270029844588807e-27 36 0
tr 6 3 2 11 10 6 1.1424936911652268e13 7 1
tr 6 3 2 11 10 6 1.555683130671594e11 8 2
tr 6 3 2 11 10 6 1.1486188778191228e15 9 1
ann 6 3 2 11 10 8 2.2622614918113435e-27 36 0
tr 6 3 2 11 10 8 1.120522658642819e13 7 1
tr 6 3 2 11 10 8 6.538997774526185e10 8 2
tr 6 3 2 11 10 8 4.860430008014974e15 9 1
ann 6 3 2 11 10 10 1.7615617851649986e-27 36 0
tr 6 3 2 11 10 10 1.6565461028799807e12 8 2
tr 6 3 2 11 10 10 5.406056792661256e15 9 1
tr 6 3 2 11 10 10 1.3931522233595206e14 10 2
tr 6 3 2 11 10 10 1.5238572240515306e17 11 1
ann 6 3 3 6 3 3 5.6406471890417025e-12 22 0
ann 6 3 3 6 4 1 1.9005333294325135e-13 24 0
tr 6 3 3 6 4 1 164.57142857142813 2 2
tr 6 3 3 6 4 1 2.387020408163262e6 3 1
ann 6 3 3 6 4 2 2.71010387962252e-13 24 0
tr 6 3 3 6 4 2 740.5714285714274 2 2
tr 6 3 3 6 4 2 4.296636734693874e6 3 1
ann 6 3 3 6 4 3 4.0738079244116276e-13 24 0
tr 6 3 3 6 4 3 1728.0000000000011 2 2
tr 6 3 3 6 4 3 5.012742857142851e6 3 1
ann 6 3 3 6 4 4 6.580763826187507e-13 24 0
tr 6 3 3 6 4 4 2303.999999999998 2 2
tr 6 3 3 6 4 4 3.3418285714285662e6 3 1
ann 6 3 3 6 5 1 1.4868344890695036e-15 26 0
tr 6 3 3 6 5 1 685.7142857142818 2 1
tr 6 3 3 6 5 1 3061.2244897959135 3 2
tr 6 3 3 6 5 1 3.0617999999999937e7 4 1
ann 6 3 3 6 5 2 2.1880079789235245e-15 26 0
tr 6 3 3 6 5 2 4799.999999999988 2 1
tr 6 3 3 6 5 2 8571.428571428563 3 2
tr 6 3 3 6 5 2 4.7628000000000015e7 4 1
ann 6 3 3 6 5 3 3.1689783484588056e-15 26 0
tr 6 3 3 6 5 3 19199.999999999975 2 1
tr 6 3 3 6 5 3 17142.85714285713 3 2
tr 6 3 3 6 5 3 5.7153599999999925e7 4 1
ann 6 3 3 6 5 4 4.5401137694576026e-15 26 0
tr 6 3 3 6 5 4 57599.99999999993 2 1
tr 6 3 3 6 5 4 25714.285714285696 3 2
ann 6 3 3 6 5 5 6.451737535187677e-15 26 0
tr 6 3 3 6 5 5 143999.9999999998 2 1
tr 6 3 3 6 5 5 25714.28571428571 3 2
ann 6 3 3 7 6 2 1.2795038019344587e-17 28 0
tr 6 3 3 7 6 2 708386.4048816981 3 1
tr 6 3 3 7 6 2 991740.9668343826 4 2
tr 6 3 3 7 6 2 5.875276728320209e9 5 1
ann 6 3 3 7 6 4 2.5728289383380437e-17 28 0
tr 6 3 3 7 6 4 5.312898036612752e6 3 1
tr 6 3 3 7 6 4 2.6777006104528336e6 4 2
tr 6 3 3 7 6 4 7.050332073984247e9 5 1
ann 6 3 3 7 6 6 4.7254284972175516e-17 28 0
tr 6 3 3 7 6 6 2.3376751361096147e7 3 1
tr 6 3 3 7 6 6 2.805210163331537e6 4 2
tr 6 3 3 7 6 6 2.7697733147795196e9 5 1
ann 6 3 3 9 8 2 1.5323010420802406e-22 32 0
tr 6 3 3 9 8 2 1.575371686982202e9 5 1
tr 6 3 3 9 8 2 1.2187490853137066e9 6 2
tr 6 3 3 9 8 2 1.1626189373806242e13 7 1
ann 6 3 3 9 8 4 2.956548363067704e-22 32 0
tr 6 3 3 9 8 4 6.931635422721704e9 5 1
tr 6 3 3 9 8 4 2.7359673343777122e9 6 2
tr 6 3 3 9 8 4 1.4681029949066562e13 7 1
ann 6 3 3 9 8 6 5.246158812203341e-22 32 0
tr 6 3 3 9 8 6 2.2527815123845535e10 5 1
tr 6 3 3 9 8 6 4.149550457139524e9 6 2
tr 6 3 3 9 8 6 1.1875322003244945e13 7 1
ann 6 3 3 9 8 8 8.689475233079304e-22 32 0
tr 6 3 3 9 8 8 6.007417366358823e10 5 1
tr 6 3 3 9 8 8 3.017854877919657e9 6 2
tr 6 3 3 9 8 8 3.5985824252257354e12 7 1
ann 6 3 3 11 10 2 6.221003813369668e-28 36 0
tr 6 3 3 11 10 2 6.04203394366225e11 7 1
tr 6 3 3 11 10 2 2.8560034397563074e11 8 2
tr 6 3 3 11 10 2 4.386083229157873e15 9 1
ann 6 3 3 11 10 4 1.1449787199570304e-27 36 0
tr 6 3 3 11 10 4 1.9636610316902341e12 7 1
tr 6 3 3 11 10 4 5.615043799767808e11 8 2
tr 6 3 3 11 10 4 5.518883984145315e15 9 1
ann 6 3 3 11 10 6 1.9708365457125627e-27 36 0
tr 6 3 3 11 10 6 5.236429417840616e12 7 1
tr 6 3 3 11 10 6 8.75071761002777e11 8 2
tr 6 3 3 11 10 6 5.375536348193493e15 9 1
ann 6 3 3 11 10 8 3.211202364904454e-27 36 0
tr 6 3 3 11 10 8 1.2138995468630531e13 7 1
tr 6 3 3 11 10 8 1.0298921494878843e12 8 2
tr 6 3 3 11 10 8 3.6151958737301185e15 9 1
ann 6 3 3 11 10 10 4.998431108740796e-27 36 0
tr 6 3 3 11 10 10 2.5345155374063754e13 7 1
tr 6 3 3 11 10 10 6.212047885799922e11 8 2
tr 6 3 3 11 10 10 9.540100222343378e14 9 1
ann 6 4 1 6 4 1 2.018262336271465e-15 26 0
ann 6 4 1 6 4 2 6.892949081561105e-15 26 0
tr 6 4 1 6 4 2 51845.289795918405 2 1
ann 6 4 1 6 4 3 4.588885519044396e-15 26 0
tr 6 4 1 6 4 3 80648.22857142845 2 1
tr 6 4 1 6 4 3 57605.87755102041 3 2
ann 6 4 1 6 4 4 3.4501970924193816e-15 26 0
tr 6 4 1 6 4 4 19201.959183673447 3 2
tr 6 4 1 6 4 4 8.398080000000007e7 4 1
ann 6 4 1 6 5 1 7.197700267768247e-17 28 0
tr 6 4 1 6 5 1 230.40000000000026 2 2
tr 6 4 1 6 5 1 668365.7142857171 3 1
ann 6 4 1 6 5 2 7.009954096564635e-17 28 0
tr 6 4 1 6 5 2 268.8000000000001 2 2
tr 6 4 1 6 5 2 1.1059200000000007e6 3 1
ann 6 4 1 6 5 3 5.538669408323965e-17 28 0
tr 6 4 1 6 5 3 1612.7999999999995 2 2
tr 6 4 1 6 5 3 64799.999999999825 3 1
ann 6 4 1 6 5 4 3.8219639148445347e-17 28 0
tr 6 4 1 6 5 4 1.749600000000002e6 3 1
tr 6 4 1 6 5 4 583200.0000000002 4 2
ann 6 4 1 6 5 5 2.6356273473173955e-17 28 0
tr 6 4 1 6 5 5 466560.0 4 2
tr 6 4 1 6 5 5 1.0055708299636363e9 5 1
ann 6 4 1 7 6 2 5.40001729141151e-19 30 0
tr 6 4 1 7 6 2 213338.40610228933 2 1
tr 6 4 1 7 6 2 2645.5655518637022 3 2
tr 6 4 1 7 6 2 9.605539139304487e7 4 1
ann 6 4 1 7 6 4 3.87734939264318e-19 30 0
tr 6 4 1 7 6 4 107145.40485048006 3 2
tr 6 4 1 7 6 4 4.116659631130491e6 4 1
tr 6 4 1 7 6 4 4.52682862710495e7 5 2
ann 6 4 1 7 6 6 1.6611845334119675e-19 30 0
tr 6 4 1 7 6 6 4.6106587868661456e7 5 2
tr 6 4 1 7 6 6 9.926329874340904e10 6 1
tr 6 4 1 7 6 6 1.7530802368341427e10 7 2
ann 6 4 1 9 8 2 1.2008509391471934e-23 34 0
tr 6 4 1 9 8 2 2.894357374242171e8 4 1
tr 6 4 1 9 8 2 920931.8918043257 5 2
tr 6 4 1 9 8 2 1.1270955154068263e11 6 1
ann 6 4 1 9 8 4 1.092454044557632e-23 34 0
tr 6 4 1 9 8 4 1.819310349523654e8 4 1
tr 6 4 1 9 8 4 4.254705340135988e7 5 2
tr 6 4 1 9 8 4 5.7887416196205826e10 6 1
ann 6 4 1 9 8 6 7.288145550333791e-24 34 0
tr 6 4 1 9 8 6 6.584663026400935e7 5 2
tr 6 4 1 9 8 6 7.834681397025655e10 6 1
tr 6 4 1 9 8 6 3.542210741512386e10 7 2
ann 6 4 1 9 8 8 2.4209878720690206e-24 34 0
tr 6 4 1 9 8 8 6.043897077705498e10 7 2
tr 6 4 1 9 8 8 1.614545994166322e14 8 1
tr 6 4 1 9 8 8 1.5205600770652486e13 9 2
tr 6 4 1 9 8 8 1.3214193394202448e16 10 1
ann 6 4 1 11 10 2 8.737351893285325e-29 38 0
tr 6 4 1 11 10 2 9.389515844489864e10 6 1
tr 6 4 1 11 10 2 8.757759516942842e8 7 2
tr 6 4 1 11 10 2 2.9632827481640797e13 8 1
ann 6 4 1 11 10 4 8.521183072319397e-29 38 0
tr 6 4 1 11 10 4 8.476646248497763e10 6 1
tr 6 4 1 11 10 4 2.6354368916726284e9 7 2
tr 6 4 1 11 10 4 3.351507008838545e13 8 1
ann 6 4 1 11 10 6 6.925841947963266e-29 38 0
tr 6 4 1 11 10 6 3.698900181162658e10 6 1
tr 6 4 1 11 10 6 1.2956766100150452e10 7 2
tr 6 4 1 11 10 6 1.2833384184287275e12 8 1
ann 6 4 1 11 10 8 4.149705920185478e-29 38 0
tr 6 4 1 11 10 8 9.474303477419966e9 7 2
tr 6 4 1 11 10 8 4.720344188638799e13 8 1
tr 6 4 1 11 10 8 4.445563613043635e12 9 2
tr 6 4 1 11 10 8 4.526933765994578e15 10 1
ann 6 4 1 11 10 10 1.1337079520337592e-29 38 0
tr 6 4 1 11 10 10 1.5954633855700988e13 9 2
tr 6 4 1 11 10 10 5.4474102984134616e16 10 1
tr 6 4 1 11 10 10 3.0292906712255885e15 11 2
tr 6 4 1 11 10 10 3.4578828886651535e18 12 1
ann 6 4 2 6 4 2 2.238709240107951e-15 26 0
ann 6 4 2 6 4 3 7.583100681945454e-15 26 0
tr 6 4 2 6 4 3 112011.42857142849 2 1
ann 6 4 2 6 4 4 5.287043132208744e-15 26 0
tr 6 4 2 6 4 4 35843.65714285707 2 1
tr 6 4 2 6 4 4 57605.87755102034 3 2
ann 6 4 2 6 5 1 5.966391408855886e-17 28 0
tr 6 4 2 6 5 1 1228.8000000000006 2 2
tr 6 4 2 6 5 1 570548.5714285708 3 1
ann 6 4 2 6 5 2 7.608383233619754e-17 28 0
tr 6 4 2 6 5 2 806.3999999999997 2 2
tr 6 4 2 6 5 2 25920.000000000153 3 1
ann 6 4 2 6 5 3 8.088466941957253e-17 28 0
tr 6 4 2 6 5 3 1.049760000000001e6 3 1
tr 6 4 2 6 5 3 453600.00000000035 4 2
ann 6 4 2 6 5 4 6.491153457372629e-17 28 0
tr 6 4 2 6 5 4 1612.7999999999986 2 2
tr 6 4 2 6 5 4 1.0367999999999999e6 3 1
ann 6 4 2 6 5 5 4.5907781850296576e-17 28 0
tr 6 4 2 6 5 5 971999.9999999974 3 1
tr 6 4 2 6 5 5 1.0497599999999995e6 4 2
ann 6 4 2 7 6 2 5.410055352646367e-19 30 0
tr 6 4 2 7 6 2 160003.8045767167 2 1
tr 6 4 2 7 6 2 63493.57324472885 3 2
ann 6 4 2 7 6 4 5.84944944185402e-19 30 0
tr 6 4 2 7 6 4 200004.7557208958 2 1
tr 6 4 2 7 6 4 15873.393311182206 3 2
tr 6 4 2 7 6 4 1.1526646967165405e8 4 1
ann 6 4 2 7 6 6 3.3512503420684174e-19 30 0
tr 6 4 2 7 6 6 1.2075534917982739e8 4 1
tr 6 4 2 7 6 6 8.299185816359068e7 5 2
tr 6 4 2 7 6 6 8.12154262446072e10 6 1
ann 6 4 2 9 8 2 1.1249371947449145e-23 34 0
tr 6 4 2 9 8 2 1.8089733589013526e8 4 1
tr 6 4 2 9 8 2 5.525591350825956e7 5 2
tr 6 4 2 9 8 2 3.8251972745809045e9 6 1
ann 6 4 2 9 8 4 1.327084058757578e-23 34 0
tr 6 4 2 9 8 4 3.183793111666393e8 4 1
tr 6 4 2 9 8 4 4.630971798787475e6 5 2
tr 6 4 2 9 8 4 8.57197109492761e10 6 1
ann 6 4 2 9 8 6 1.2081321669390208e-23 34 0
tr 6 4 2 9 8 6 1.7245546021526244e8 4 1
tr 6 4 2 9 8 6 5.267730421120747e7 5 2
tr 6 4 2 9 8 6 1.1395900213855522e11 6 1
ann 6 4 2 9 8 8 6.314989353552813e-24 34 0
tr 6 4 2 9 8 8 2.5070980470482007e11 6 1
tr 6 4 2 9 8 8 7.770724814192775e10 7 2
tr 6 4 2 9 8 8 9.687275964997925e13 8 1
ann 6 4 2 11 10 2 7.723030574963995e-29 38 0
tr 6 4 2 11 10 2 5.477217575952398e10 6 1
tr 6 4 2 11 10 2 1.0898545176639984e10 7 2
tr 6 4 2 11 10 2 2.8602144727307373e12 8 1
ann 6 4 2 11 10 4 9.366533299357245e-29 38 0
tr 6 4 2 11 10 4 9.536227029559975e10 6 1
tr 6 4 2 11 10 4 3.7950291240085635e9 7 2
tr 6 4 2 11 10 4 1.143806471272684e13 8 1
ann 6 4 2 11 10 6 9.679142310083044e-29 38 0
tr 6 4 2 11 10 6 1.0171975498197316e11 6 1
tr 6 4 2 11 10 6 6.133380402438139e8 7 2
tr 6 4 2 11 10 6 4.4735541987553984e13 8 1
ann 6 4 2 11 10 8 7.979227525385224e-29 38 0
tr 6 4 2 11 10 8 3.930081442485326e10 6 1
tr 6 4 2 11 10 8 1.5038576948285664e10 7 2
tr 6 4 2 11 10 8 1.6593509886719443e13 8 1
ann 6 4 2 11 10 10 3.623953038597816e-29 38 0
tr 6 4 2 11 10 10 9.84214426163371e13 8 1
tr 6 4 2 11 10 10 1.5954633855700973e13 9 2
tr 6 4 2 11 10 10 2.5803522466169068e16 10 1
ann 6 4 3 6 4 3 2.873127321078042e-15 26 0
ann 6 4 3 6 4 4 8.960735211787466e-15 26 0
tr 6 4 3 6 4 4 125452.79999999977 2 1
ann 6 4 3 6 5 1 3.9911119384439744e-17 28 0
tr 6 4 3 6 5 1 268.7999999999997 2 2
tr 6 4 3 6 5 1 1.3068000000000019e6 3 1
ann 6 4 3 6 5 2 5.916809117455727e-17 28 0
tr 6 4 3 6 5 2 960.0 2 2
tr 6 4 3 6 5 2 1.481760000000001e6 3 1
ann 6 4 3 6 5 3 8.490088647869858e-17 28 0
tr 6 4 3 6 5 3 1382.3999999999996 2 2
tr 6 4 3 6 5 3 544320.0000000005 3 1
ann 6 4 3 6 5 4 1.0619246440558276e-16 28 0
tr 6 4 3 6 5 4 460.79999999999984 2 2
tr 6 4 3 6 5 4 90719.9999999997 3 1
ann 6 4 3 6 5 5 8.461954456618961e-17 28 0
tr 6 4 3 6 5 5 1152.0 2 2
tr 6 4 3 6 5 5 2.2680000000000037e6 3 1
ann 6 4 3 7 6 2 4.1629745897237803e-19 30 0
tr 6 4 3 7 6 2 30476.91515746991 2 1
tr 6 4 3 7 6 2 63871.511180709495 3 2
tr 6 4 3 7 6 2 1.2349978893391488e8 4 1
ann 6 4 3 7 6 4 7.033836302589925e-19 30 0
tr 6 4 3 7 6 4 228576.8636810239 2 1
tr 6 4 3 7 6 4 70863.36299634927 3 2
ann 6 4 3 7 6 6 6.746173110783848e-19 30 0
tr 6 4 3 7 6 6 112247.56698621718 3 2
tr 6 4 3 7 6 6 2.1132186106469852e8 4 1
tr 6 4 3 7 6 6 6.454922301612611e7 5 2
ann 6 4 3 9 8 2 8.099291773033451e-24 34 0
tr 6 4 3 9 8 2 4.1347962489173904e7 4 1
tr 6 4 3 9 8 2 4.749377327733745e7 5 2
tr 6 4 3 9 8 2 1.6498155536877158e11 6 1
ann 6 4 3 9 8 4 1.2872071298572194e-23 34 0
tr 6 4 3 9 8 4 1.819310349523655e8 4 1
tr 6 4 3 9 8 4 7.004344845666052e7 5 2
tr 6 4 3 9 8 4 5.47879817973821e10 6 1
ann 6 4 3 9 8 6 1.6703557641851368e-23 34 0
tr 6 4 3 9 8 6 3.941839090634572e8 4 1
tr 6 4 3 9 8 6 1.693199063931668e7 5 2
tr 6 4 3 9 8 6 2.991423806137073e10 6 1
ann 6 4 3 9 8 8 1.533397501865506e-23 34 0
tr 6 4 3 9 8 8 1.2542215288382727e8 5 2
tr 6 4 3 9 8 8 2.924947721556242e11 6 1
tr 6 4 3 9 8 8 4.184236438411506e10 7 2
tr 6 4 3 9 8 8 3.2290919883326434e13 8 1
ann 6 4 3 11 10 2 5.018140406569804e-29 38 0
tr 6 4 3 11 10 2 1.3413594063556915e10 6 1
tr 6 4 3 11 10 2 8.688253489030582e9 7 2
tr 6 4 3 11 10 2 5.0855395415047016e13 8 1
ann 6 4 3 11 10 4 7.905996305236207e-29 38 0
tr 6 4 3 11 10 4 4.3594180706560005e10 6 1
tr 6 4 3 11 10 4 1.3056707343315142e10 7 2
tr 6 4 3 11 10 4 2.802325854618071e13 8 1
ann 6 4 3 11 10 6 1.0816161564383318e-28 38 0
tr 6 4 3 11 10 6 9.687595712568872e10 6 1
tr 6 4 3 11 10 6 9.75864631887916e9 7 2
tr 6 4 3 11 10 6 5.3916803359655383e11 8 1
ann 6 4 3 11 10 8 1.241570770471406e-28 38 0
tr 6 4 3 11 10 8 1.3474564945663983e11 6 1
tr 6 4 3 11 10 8 2.7928785761102456e8 7 2
tr 6 4 3 11 10 8 3.1093405752871945e13 8 1
ann 6 4 3 11 10 10 1.047580378883111e-28 38 0
tr 6 4 3 11 10 10 2.857329620174279e10 7 2
tr 6 4 3 11 10 10 8.611876228929505e13 8 1
tr 6 4 3 11 10 10 6.569555117053348e12 9 2
tr 6 4 3 11 10 10 6.689802120858632e15 10 1
ann 6 4 4 6 4 4 4.4803676058937395e-15 26 0
ann 6 4 4 6 5 1 2.5074916356198808e-17 28 0
tr 6 4 4 6 5 1 129599.99999999884 3 1
tr 6 4 4 6 5 1 388799.9999999997 4 2
ann 6 4 4 6 5 2 3.936452878869887e-17 28 0
tr 6 4 4 6 5 2 76.79999999999987 2 2
tr 6 4 4 6 5 2 604800.0000000008 3 1
ann 6 4 4 6 5 3 6.263693075523511e-17 28 0
tr 6 4 4 6 5 3 460.7999999999996 2 2
tr 6 4 4 6 5 3 1.4515199999999977e6 3 1
ann 6 4 4 6 5 4 1.0356189147660052e-16 28 0
tr 6 4 4 6 5 4 1382.3999999999996 2 2
tr 6 4 4 6 5 4 2.177280000000002e6 3 1
ann 6 4 4 6 5 5 1.7933127911824415e-16 28 0
tr 6 4 4 6 5 5 2303.999999999998 2 2
tr 6 4 4 6 5 5 1.8143999999999981e6 3 1
ann 6 4 4 7 6 2 2.4646226068533916e-19 30 0
tr 6 4 4 7 6 2 952.4035986709046 2 1
tr 6 4 4 7 6 2 7558.758719610568 3 2
tr 6 4 4 7 6 2 5.4888795081739716e7 4 1
ann 6 4 4 7 6 4 5.999886406375027e-19 30 0
tr 6 4 4 7 6 4 42858.16194019188 2 1
tr 6 4 4 7 6 4 68028.82847649526 3 2
tr 6 4 4 7 6 4 1.6466638524521938e8 4 1
ann 6 4 4 7 6 6 1.4379992282958755e-18 30 0
tr 6 4 4 7 6 6 471439.78134211176 2 1
tr 6 4 4 7 6 6 149663.42264828944 3 2
tr 6 4 4 7 6 6 1.2075534917982739e8 4 1
ann 6 4 4 9 8 2 3.696730880183509e-24 34 0
tr 6 4 4 9 8 2 2.5842476555733434e6 4 1
tr 6 4 4 9 8 2 7.367455134434601e6 5 2
tr 6 4 4 9 8 2 7.809777768935901e10 6 1
tr 6 4 4 9 8 2 4.5061007798277664e10 7 2
ann 6 4 4 9 8 4 8.452750866308078e-24 34 0
tr 6 4 4 9 8 4 2.8426724211306907e7 4 1
tr 6 4 4 9 8 4 3.473228849090604e7 5 2
tr 6 4 4 9 8 4 1.8408761883920386e11 6 1
ann 6 4 4 9 8 6 1.7715377282990276e-23 34 0
tr 6 4 4 9 8 6 1.7245546021526244e8 4 1
tr 6 4 4 9 8 6 9.030395007635562e7 5 2
tr 6 4 4 9 8 6 2.3931390449096457e11 6 1
ann 6 4 4 9 8 8 3.455897038805095e-23 34 0
tr 6 4 4 9 8 8 7.390948294939831e8 4 1
tr 6 4 4 9 8 8 1.0033772230706187e8 5 2
tr 6 4 4 9 8 8 1.0636173532931747e11 6 1
ann 6 4 4 11 10 2 1.870792806642391e-29 38 0
tr 6 4 4 11 10 2 1.0479370362153764e9 6 1
tr 6 4 4 11 10 2 1.50133020290448e9 7 2
tr 6 4 4 11 10 2 2.463583168894998e13 8 1
tr 6 4 4 11 10 2 9.228902892764562e12 9 2
tr 6 4 4 11 10 2 3.980255605326013e16 10 1
ann 6 4 4 11 10 4 4.038678415663735e-29 38 0
tr 6 4 4 11 10 4 6.357484686373325e9 6 1
tr 6 4 4 11 10 4 5.060038832011414e9 7 2
tr 6 4 4 11 10 4 4.981912630432117e13 8 1
ann 6 4 4 11 10 6 8.051028700943117e-29 38 0
tr 6 4 4 11 10 6 2.724636294159988e10 6 1
tr 6 4 4 11 10 6 1.2047711504789095e10 7 2
tr 6 4 4 11 10 6 7.117018043474453e13 8 1
ann 6 4 4 11 10 8 1.501197239284657e-28 38 0
tr 6 4 4 11 10 8 9.26376340014398e10 6 1
tr 6 4 4 11 10 8 2.010872574799344e10 7 2
tr 6 4 4 11 10 8 6.599416731221755e13 8 1
ann 6 4 4 11 10 10 2.6441316755035166e-28 38 0
tr 6 4 4 11 10 10 2.6668409788293304e11 6 1
tr 6 4 4 11 10 10 1.632759782956729e10 7 2
tr 6 4 4 11 10 10 2.296500327714531e13 8 1
ann 6 5 1 6 5 1 1.716885001929299e-19 30 0
ann 6 5 1 6 5 2 6.197452130266513e-19 30 0
tr 6 5 1 6 5 2 19756.800000000036 2 1
ann 6 5 1 6 5 3 4.461748051785167e-19 30 0
tr 6 5 1 6 5 3 52684.79999999994 2 1
ann 6 5 1 6 5 4 2.8187656943925997e-19 30 0
tr 6 5 1 6 5 4 28224.000000000004 3 2
tr 6 5 1 6 5 4 2.48832e7 4 1
ann 6 5 1 6 5 5 1.7011524510639424e-19 30 0
tr 6 5 1 6 5 5 4.97663999999997e6 4 1
tr 6 5 1 6 5 5 9.500858181818178e6 5 2
ann 6 5 1 7 6 2 5.219824162559249e-21 32 0
tr 6 5 1 7 6 2 938.911214356429 2 2
tr 6 5 1 7 6 2 1.2989657981021053e6 3 1
tr 6 5 1 7 6 2 65979.21514169415 4 2
ann 6 5 1 7 6 4 2.992737182994486e-21 32 0
tr 6 5 1 7 6 4 2.597931596204203e6 3 1
tr 6 5 1 7 6 4 554225.4071902307 4 2
tr 6 5 1 7 6 4 2.2364023731849736e8 5 1
ann 6 5 1 7 6 6 1.0343090311372434e-21 32 0
tr 6 5 1 7 6 6 4.366939545272433e8 5 1
tr 6 5 1 7 6 6 5.484382474439478e8 6 2
tr 6 5 1 7 6 6 5.1708347273464197e11 7 1
ann 6 5 1 9 8 2 1.430893511184965e-25 36 0
tr 6 5 1 9 8 2 1.892759513359396e6 3 1
tr 6 5 1 9 8 2 11777.17030534738 4 2
tr 6 5 1 9 8 2 1.0070390236880391e9 5 1
ann 6 5 1 9 8 4 1.1572256191217258e-25 36 0
tr 6 5 1 9 8 4 555209.4572520899 3 1
tr 6 5 1 9 8 4 895737.9243667055 4 2
tr 6 5 1 9 8 4 6.593707893195757e6 5 1
ann 6 5 1 9 8 6 6.289586178567365e-26 36 0
tr 6 5 1 9 8 6 2.0000913942692816e9 5 1
tr 6 5 1 9 8 6 7.068461910251733e11 7 1
ann 6 5 1 9 8 8 1.6576728936291322e-26 36 0
tr 6 5 1 9 8 8 7.00114322539216e11 7 1
tr 6 5 1 9 8 8 4.28991619202951e11 8 2
tr 6 5 1 9 8 8 5.4966361794077656e14 9 1
ann 6 5 1 11 10 2 1.3095106332896083e-30 40 0
tr 6 5 1 11 10 2 4.6603923355364716e8 5 1
tr 6 5 1 11 10 2 817551.569663765 6 2
tr 6 5 1 11 10 2 2.12653004162055e11 7 1
ann 6 5 1 11 10 4 1.2000170003462944e-30 40 0
tr 6 5 1 11 10 4 3.245630376534318e8 5 1
tr 6 5 1 11 10 4 5.978345853166315e7 6 2
tr 6 5 1 11 10 4 9.905900041589891e10 7 1
ann 6 5 1 11 10 6 8.652252182101694e-31 40 0
tr 6 5 1 11 10 6 5.7700095582832105e7 5 1
tr 6 5 1 11 10 6 1.1626574292218342e8 6 2
tr 6 5 1 11 10 6 7.569008168142131e10 7 1
ann 6 5 1 11 10 8 4.303256552210652e-31 40 0
tr 6 5 1 11 10 8 4.179389281183518e11 7 1
tr 6 5 1 11 10 8 1.821084654110472e10 8 2
tr 6 5 1 11 10 8 2.084809359475192e14 9 1
ann 6 5 1 11 10 10 9.012950705836497e-32 40 0
tr 6 5 1 11 10 10 2.5225976307989006e14 9 1
tr 6 5 1 11 10 10 8.57742759941067e13 10 2
tr 6 5 1 11 10 10 1.4456126701282358e17 11 1
ann 6 5 2 6 5 2 1.8268983648383068e-19 30 0
ann 6 5 2 6 5 3 6.621394697031512e-19 30 0
tr 6 5 2 6 5 3 47039.99999999996 2 1
ann 6 5 2 6 5 4 4.570858907650926e-19 30 0
tr 6 5 2 6 5 4 33868.80000000005 2 1
tr 6 5 2 6 5 4 54431.99999999995 3 2
ann 6 5 2 6 5 5 2.876723393739086e-19 30 0
tr 6 5 2 6 5 5 10079.999999999987 3 2
tr 6 5 2 6 5 5 1.7418239999999985e7 4 1
ann 6 5 2 7 6 2 5.618448012525499e-21 32 0
tr 6 5 2 7 6 2 1430.7218504478908 2 2
tr 6 5 2 7 6 2 247422.0567813535 3 1
tr 6 5 2 7 6 2 1.1782002703873962e6 4 2
ann 6 5 2 7 6 4 4.7469346832231235e-21 32 0
tr 6 5 2 7 6 4 4023.905204384689 2 2
tr 6 5 2 7 6 4 556699.6277580451 3 1
tr 6 5 2 7 6 4 361943.1230630081 4 2
ann 6 5 2 7 6 6 1.9442061874909772e-21 32 0
tr 6 5 2 7 6 6 653194.2299027712 4 2
tr 6 5 2 7 6 6 1.2227430726762846e9 5 1
tr 6 5 2 7 6 6 6.980123149286608e8 6 2
ann 6 5 2 9 8 2 1.4008665062483033e-25 36 0
tr 6 5 2 9 8 2 1.4421024863690655e6 3 1
tr 6 5 2 9 8 2 538384.9282444501 4 2
tr 6 5 2 9 8 2 2.9971399514524594e7 5 1
ann 6 5 2 9 8 4 1.5087621862738317e-25 36 0
tr 6 5 2 9 8 4 1.9035752820071708e6 3 1
tr 6 5 2 9 8 4 59222.34210688952 4 2
tr 6 5 2 9 8 4 1.1077429260568392e9 5 1
ann 6 5 2 9 8 6 1.0864629256302182e-25 36 0
tr 6 5 2 9 8 6 1.154835671084346e6 4 2
tr 6 5 2 9 8 6 2.8572734203846805e7 5 1
tr 6 5 2 9 8 6 5.871947659988531e8 6 2
tr 6 5 2 9 8 6 4.039121091572414e11 7 1
ann 6 5 2 9 8 8 3.9271841131783297e-26 36 0
tr 6 5 2 9 8 8 5.741459934210994e8 6 2
tr 6 5 2 9 8 8 1.4002286450784343e12 7 1
tr 6 5 2 9 8 8 4.0039217792275433e11 8 2
tr 6 5 2 9 8 8 3.206371104654532e14 9 1
ann 6 5 2 11 10 2 1.223102983052441e-30 40 0
tr 6 5 2 11 10 2 3.195697601510709e8 5 1
tr 6 5 2 11 10 2 7.848495068772157e7 6 2
tr 6 5 2 11 10 2 4.571953865348833e8 7 1
ann 6 5 2 11 10 4 1.3922479758344553e-30 40 0
tr 6 5 2 11 10 4 4.945722478528467e8 5 1
tr 6 5 2 11 10 4 3.7957751448674896e6 6 2
tr 6 5 2 11 10 4 1.8766373846647702e11 7 1
ann 6 5 2 11 10 6 1.2760520210360848e-30 40 0
tr 6 5 2 11 10 6 3.2971483190189815e8 5 1
tr 6 5 2 11 10 6 6.4781229139071725e7 6 2
tr 6 5 2 11 10 6 1.6057849911574817e11 7 1
ann 6 5 2 11 10 8 8.451517645463626e-31 40 0
tr 6 5 2 11 10 8 1.2670987574503073e8 6 2
tr 6 5 2 11 10 8 1.0661707349957927e11 7 1
tr 6 5 2 11 10 8 9.443624706315733e10 8 2
tr 6 5 2 11 10 8 1.822309950009533e13 9 1
ann 6 5 2 11 10 10 2.603277489882943e-31 40 0
tr 6 5 2 11 10 10 1.235736015289245e11 8 2
tr 6 5 2 11 10 10 3.924040759020515e14 9 1
tr 6 5 2 11 10 10 6.320209810092064e13 10 2
tr 6 5 2 11 10 10 6.746192460598423e16 11 1
ann 6 5 3 6 5 3 2.0723198425262964e-19 30 0
ann 6 5 3 6 5 4 7.44697970102448e-19 30 0
tr 6 5 3 6 5 4 69148.79999999996 2 1
ann 6 5 3 6 5 5 4.9541126243233585e-19 30 0
tr 6 5 3 6 5 5 14111.999999999949 2 1
tr 6 5 3 6 5 5 40319.999999999956 3 2
ann 6 5 3 7 6 2 4.70161317537663e-21 32 0
tr 6 5 3 7 6 2 2704.9584985030438 2 2
tr 6 5 3 7 6 2 1.51546009778579e6 3 1
ann 6 5 3 7 6 4 6.608724800612344e-21 32 0
tr 6 5 3 7 6 4 167.6627168493623 2 2
tr 6 5 3 7 6 4 927832.7129300765 3 1
tr 6 5 3 7 6 4 1.374252795379857e6 4 2
ann 6 5 3 7 6 6 3.649513327595293e-21 32 0
tr 6 5 3 7 6 6 1.0206159842230778e6 3 1
tr 6 5 3 7 6 6 1.9595826897083146e6 4 2
tr 6 5 3 7 6 6 1.630324096901709e9 5 1
ann 6 5 3 9 8 2 1.1110250745772668e-25 36 0
tr 6 5 3 9 8 2 405591.3242912988 3 1
tr 6 5 3 9 8 2 729343.3324811544 4 2
tr 6 5 3 9 8 2 1.0130333035909382e9 5 1
ann 6 5 3 9 8 4 1.6144875385886938e-25 36 0
tr 6 5 3 9 8 4 1.7846018268817232e6 3 1
tr 6 5 3 9 8 4 544105.2681070487 4 2
tr 6 5 3 9 8 4 6.5937078931957465e6 5 1
ann 6 5 3 9 8 6 1.6688612226748532e-25 36 0
tr 6 5 3 9 8 6 1.8044307360692918e6 3 1
tr 6 5 3 9 8 6 216531.68832831542 4 2
tr 6 5 3 9 8 6 1.3714912417846575e9 5 1
ann 6 5 3 9 8 8 8.900470152280709e-26 36 0
tr 6 5 3 9 8 8 1.4286367101923435e9 5 1
tr 6 5 3 9 8 8 1.1482919868421986e9 6 2
tr 6 5 3 9 8 8 1.2925187493031697e12 7 1
ann 6 5 3 11 10 2 9.224741226718738e-31 40 0
tr 6 5 3 11 10 2 9.986555004720968e7 5 1
tr 6 5 3 11 10 2 9.267531007545689e7 6 2
tr 6 5 3 11 10 2 2.3434665311302542e11 7 1
ann 6 5 3 11 10 4 1.3249578276149161e-30 40 0
tr 6 5 3 11 10 4 3.2456303765343165e8 5 1
tr 6 5 3 11 10 4 9.622289992239067e7 6 2
tr 6 5 3 11 10 4 1.8113645790335743e10 7 1
ann 6 5 3 11 10 6 1.573500542942073e-30 40 0
tr 6 5 3 11 10 6 5.563937788344538e8 5 1
tr 6 5 3 11 10 6 1.1387325434602393e7 6 2
tr 6 5 3 11 10 6 1.3501505901924214e11 7 1
ann 6 5 3 11 10 8 1.4279065768016635e-30 40 0
tr 6 5 3 11 10 8 3.152898080061905e8 5 1
tr 6 5 3 11 10 8 8.623310988203484e7 6 2
tr 6 5 3 11 10 8 2.625513779205046e11 7 1
ann 6 5 3 11 10 10 7.01789603672961e-31 40 0
tr 6 5 3 11 10 10 4.726690258481357e11 7 1
tr 6 5 3 11 10 10 1.8536040229338663e11 8 2
tr 6 5 3 11 10 10 2.769911124014485e14 9 1
ann 6 5 4 6 5 4 2.6847952352201055e-19 30 0
ann 6 5 4 6 5 5 9.108891085491906e-19 30 0
tr 6 5 4 6 5 5 63504.00000000007 2 1
ann 6 5 4 7 6 2 3.103254488240785e-21 32 0
tr 6 5 4 7 6 2 402.3905204384692 2 2
tr 6 5 4 7 6 2 1.3917490693951102e6 3 1
tr 6 5 4 7 6 2 1.7107467926024983e6 4 2
ann 6 5 4 7 6 4 6.864476139389353e-21 32 0
tr 6 5 4 7 6 4 3576.80462611973 2 2
tr 6 5 4 7 6 4 1.3917490693951102e6 3 1
ann 6 5 4 7 6 6 7.187469781130664e-21 32 0
tr 6 5 4 7 6 6 2459.0531804573143 2 2
tr 6 5 4 7 6 6 3.061847952669242e6 3 1
tr 6 5 4 7 6 6 2.519463458196404e6 4 2
ann 6 5 4 9 8 2 6.882573892089848e-26 36 0
tr 6 5 4 9 8 2 36052.562159226836 3 1
tr 6 5 4 9 8 2 189556.36015273366 4 2
tr 6 5 4 9 8 2 1.028019003348197e9 5 1
ann 6 5 4 9 8 4 1.3342554257748709e-25 36 0
tr 6 5 4 9 8 4 528770.911668658 3 1
tr 6 5 4 9 8 4 789631.228091861 4 2
tr 6 5 4 9 8 4 1.329731091794416e9 5 1
ann 6 5 4 9 8 6 2.0982140185779807e-25 36 0
tr 6 5 4 9 8 6 2.405907648092391e6 3 1
tr 6 5 4 9 8 6 673654.1414658693 4 2
tr 6 5 4 9 8 6 2.8572734203846805e7 5 1
ann 6 5 4 9 8 8 1.9777892496735013e-25 36 0
tr 6 5 4 9 8 8 1.2831507456492737e6 4 2
tr 6 5 4 9 8 8 2.5715460783462243e9 5 1
tr 6 5 4 9 8 8 9.395116255981655e8 6 2
tr 6 5 4 9 8 8 6.462593746515854e11 7 1
ann 6 5 4 11 10 2 5.1811437574974375e-31 40 0
tr 6 5 4 11 10 2 1.2681339688534573e7 5 1
tr 6 5 4 11 10 2 2.8127667099146154e7 6 2
tr 6 5 4 11 10 2 2.4104402124553934e11 7 1
tr 6 5 4 11 10 2 9.766468255290208e10 8 2
ann 6 5 4 11 10 4 9.619376340347607e-31 40 0
tr 6 5 4 11 10 4 8.655014337424862e7 5 1
tr 6 5 4 11 10 4 8.50253632450314e7 6 2
tr 6 5 4 11 10 4 3.220655751021921e11 7 1
ann 6 5 4 11 10 6 1.5352063373510007e-30 40 0
tr 6 5 4 11 10 6 3.2971483190189815e8 5 1
tr 6 5 4 11 10 6 1.2399532139900438e8 6 2
tr 6 5 4 11 10 6 1.300149380458677e11 7 1
ann 6 5 4 11 10 8 2.0111500680910162e-30 40 0
tr 6 5 4 11 10 8 7.006440177915348e8 5 1
tr 6 5 4 11 10 8 3.4415027980132e7 6 2
tr 6 5 4 11 10 8 3.985838286215083e10 7 1
ann 6 5 4 11 10 10 1.778662194561169e-30 40 0
tr 6 5 4 11 10 10 2.229155221440357e8 6 2
tr 6 5 4 11 10 10 6.077173189476039e11 7 1
tr 6 5 4 11 10 10 1.1121624137603212e11 8 2
tr 6 5 4 11 10 10 1.038716671505429e14 9 1
ann 6 5 5 6 5 5 4.554445542745958e-19 30 0
ann 6 5 5 7 6 2 1.7132171338958462e-21 32 0
tr 6 5 5 7 6 2 92783.27129300644 3 1
tr 6 5 5 7 6 2 494844.1135627053 4 2
tr 6 5 5 7 6 2 9.263205096032425e8 5 1
ann 6 5 5 7 6 4 4.898602192187112e-21 32 0
tr 6 5 5 7 6 4 838.3135842468107 2 2
tr 6 5 5 7 6 4 1.6700988832741298e6 3 1
tr 6 5 5 7 6 4 2.120760486697309e6 4 2
ann 6 5 5 7 6 6 1.5330249319947605e-20 32 0
tr 6 5 5 7 6 6 6147.632951143277 2 2
tr 6 5 5 7 6 6 3.0618479526692354e6 3 1
tr 6 5 5 7 6 6 1.399701921220224e6 4 2
ann 6 5 5 9 8 2 2.862969793199914e-26 36 0
tr 6 5 5 9 8 2 600.8760359870557 3 1
tr 6 5 5 9 8 2 9814.308587789465 4 2
tr 6 5 5 9 8 2 1.3986653106778145e8 5 1
tr 6 5 5 9 8 2 2.759404774484114e8 6 2
tr 6 5 5 9 8 2 8.088513311158982e11 7 1
ann 6 5 5 9 8 4 7.58348783772819e-26 36 0
tr 6 5 5 9 8 4 39657.81837514888 3 1
tr 6 5 5 9 8 4 154224.84923669155 4 2
tr 6 5 5 9 8 4 8.242134866494287e8 5 1
ann 6 5 5 9 8 6 1.8750523750292007e-25 36 0
tr 6 5 5 9 8 6 601476.9120230969 3 1
tr 6 5 5 9 8 6 842067.6768323368 4 2
tr 6 5 5 9 8 6 2.0000913942692816e9 5 1
ann 6 5 5 9 8 8 4.419120955855408e-25 36 0
tr 6 5 5 9 8 8 4.811815296184787e6 3 1
tr 6 5 5 9 8 8 1.6039384320615942e6 4 2
tr 6 5 5 9 8 8 1.4286367101923435e9 5 1
ann 6 5 5 11 10 2 1.7273864856977336e-31 40 0
tr 6 5 5 11 10 2 475550.23832003603 5 1
tr 6 5 5 11 10 2 2.189870275885074e6 6 2
tr 6 5 5 11 10 2 4.133127936308953e10 7 1
tr 6 5 5 11 10 2 4.46389823302738e10 8 2
tr 6 5 5 11 10 2 2.0428630513121503e14 9 1
ann 6 5 5 11 10 4 4.303700982574494e-31 40 0
tr 6 5 5 11 10 4 7.212511947854006e6 5 1
tr 6 5 5 11 10 4 1.5499415174875565e7 6 2
tr 6 5 5 11 10 4 1.5601792565504056e11 7 1
tr 6 5 5 11 10 4 9.847630041345264e10 8 2
ann 6 5 5 11 10 6 9.86355132859173e-31 40 0
tr 6 5 5 11 10 6 5.770009558283208e7 5 1
tr 6 5 5 11 10 6 6.3262919081124745e7 6 2
tr 6 5 5 11 10 6 3.582044211467772e11 7 1
ann 6 5 5 11 10 8 2.1084244925825523e-30 40 0
tr 6 5 5 11 10 8 3.152898080061906e8 5 1
tr 6 5 5 11 10 8 1.61320443656868e8 6 2
tr 6 5 5 11 10 8 4.871580127596169e11 7 1
ann 6 5 5 11 10 10 4.247864488206335e-30 40 0
tr 6 5 5 11 10 10 1.331223633803915e9 5 1
tr 6 5 5 11 10 10 1.8576293512002972e8 6 2
tr 6 5 5 11 10 10 2.3373743036446277e11 7 1
ann 7 6 2 7 6 2 1.1788041866527882e-23 34 0
ann 7 6 2 7 6 4 3.283074667859298e-23 34 0
tr 7 6 2 7 6 4 137154.64462809887 2 1
ann 7 6 2 7 6 6 1.0696785382652144e-23 34 0
tr 7 6 2 7 6 6 2.695231636363621e7 4 1
tr 7 6 2 7 6 6 9.147452826446265e7 5 2
ann 7 6 2 9 8 2 1.3788948304876772e-27 38 0
tr 7 6 2 9 8 2 266192.6147673891 2 1
tr 7 6 2 9 8 2 105631.98998705905 3 2
tr 7 6 2 9 8 2 7.505458883237806e7 4 1
ann 7 6 2 9 8 4 1.3256745835712613e-27 38 0
tr 7 6 2 9 8 4 195207.9174960854 2 1
tr 7 6 2 9 8 4 139434.22678291806 3 2
tr 7 6 2 9 8 4 2.6751409543829134e8 4 1
ann 7 6 2 9 8 6 7.6373615495106165e-28 38 0
tr 7 6 2 9 8 6 7.468508931812572e8 4 1
tr 7 6 2 9 8 6 1.5842291673541865e8 5 2
tr 7 6 2 9 8 6 1.432079364338793e11 6 1
ann 7 6 2 9 8 8 2.1193496464111923e-28 38 0
tr 7 6 2 9 8 8 3.1505746015453326e11 6 1
tr 7 6 2 9 8 8 4.8223080635897943e11 7 2
tr 7 6 2 9 8 8 1.0996862922587482e15 8 1
ann 7 6 2 11 10 2 1.4472496174474673e-32 42 0
tr 7 6 2 11 10 2 2.720911172652291e8 4 1
tr 7 6 2 11 10 2 8.311146854646985e7 5 2
tr 7 6 2 11 10 2 3.587321172380817e10 6 1
ann 7 6 2 11 10 4 1.5491894305998733e-32 42 0
tr 7 6 2 11 10 4 3.5371845244479656e8 4 1
tr 7 6 2 11 10 4 5.144995671924371e6 5 2
tr 7 6 2 11 10 4 4.441445261042933e11 6 1
ann 7 6 2 11 10 6 1.245810330927945e-32 42 0
tr 7 6 2 11 10 6 1.0106241498422751e8 4 1
tr 7 6 2 11 10 6 1.6806985861619443e8 5 2
tr 7 6 2 11 10 6 7.402408768404956e9 6 1
ann 7 6 2 11 10 8 6.695522975060768e-33 42 0
tr 7 6 2 11 10 8 9.266469885539589e11 6 1
tr 7 6 2 11 10 8 3.545843068446251e9 7 2
tr 7 6 2 11 10 8 6.375631574080659e14 8 1
ann 7 6 2 11 10 10 1.5513149043124164e-33 42 0
tr 7 6 2 11 10 10 6.460639995068376e14 8 1
tr 7 6 2 11 10 10 5.171870353427061e14 9 2
tr 7 6 2 11 10 10 1.5001039271487834e18 10 1
ann 7 6 4 7 6 4 1.4620603888388147e-23 34 0
ann 7 6 4 7 6 6 3.534176503296418e-23 34 0
tr 7 6 4 7 6 6 33526.690909090765 2 1
ann 7 6 4 9 8 2 8.102475870854783e-28 38 0
tr 7 6 4 9 8 2 5915.391439275285 2 1
tr 7 6 4 9 8 2 67604.47359171783 3 2
tr 7 6 4 9 8 2 4.576346227472553e8 4 1
ann 7 6 4 9 8 4 1.4556043000501149e-27 38 0
tr 7 6 4 9 8 4 156166.3339968686 2 1
tr 7 6 4 9 8 4 247883.0698362988 3 2
tr 7 6 4 9 8 4 2.1911794912452066e8 4 1
ann 7 6 4 9 8 6 1.7777407305527047e-27 38 0
tr 7 6 4 9 8 6 394753.7887143058 2 1
tr 7 6 4 9 8 6 3.5564328246726745e8 4 1
ann 7 6 4 9 8 8 9.472792933423089e-28 38 0
tr 7 6 4 9 8 8 3.319337303027809e8 4 1
tr 7 6 4 9 8 8 6.336916669416738e8 5 2
tr 7 6 4 9 8 8 1.2888714279049094e12 6 1
ann 7 6 4 11 10 2 7.77988760019769e-33 42 0
tr 7 6 4 11 10 2 1.451152625414561e7 4 1
tr 7 6 4 11 10 2 5.403564685179991e7 5 2
tr 7 6 4 11 10 2 5.264251466454107e11 6 1
ann 7 6 4 11 10 4 1.3271976318288555e-32 42 0
tr 7 6 4 11 10 4 1.1790615081493266e8 4 1
tr 7 6 4 11 10 4 1.4405987881388053e8 5 2
tr 7 6 4 11 10 4 3.886264603412579e11 6 1
ann 7 6 4 11 10 6 1.8396672739634146e-32 42 0
tr 7 6 4 11 10 6 3.7729968260778373e8 4 1
tr 7 6 4 11 10 6 8.780792613417482e7 5 2
tr 7 6 4 11 10 6 7.4024087684049635e9 6 1
ann 7 6 4 11 10 8 1.8556767253875507e-32 42 0
tr 7 6 4 11 10 8 3.436122109463743e8 4 1
tr 7 6 4 11 10 8 4.6647960758780405e7 5 2
tr 7 6 4 11 10 8 6.292047453144198e11 6 1
ann 7 6 4 11 10 10 9.405208225956907e-33 42 0
tr 7 6 4 11 10 10 6.520849178713048e11 6 1
tr 7 6 4 11 10 10 5.614251525039939e11 7 2
tr 7 6 4 11 10 10 1.4536439988903875e15 8 1
ann 7 6 6 7 6 6 3.3739209296063007e-23 34 0
ann 7 6 6 9 8 2 1.7878652849123512e-28 38 0
tr 7 6 6 9 8 2 2.7357175574404257e6 4 1
tr 7 6 6 9 8 2 2.843488249097252e7 5 2
tr 7 6 6 9 8 2 2.3133589731626495e11 6 1
ann 7 6 6 9 8 4 5.372712075276012e-28 38 0
tr 7 6 6 9 8 4 394.359429285007 2 1
tr 7 6 6 9 8 4 7042.132665803956 3 2
tr 7 6 6 9 8 4 9.672715649521758e7 4 1
ann 7 6 6 9 8 6 1.5518368631547581e-27 38 0
tr 7 6 6 9 8 6 35886.70806493682 2 1
tr 7 6 6 9 8 6 128166.81451763166 3 2
tr 7 6 6 9 8 6 5.868114160709883e8 4 1
ann 7 6 6 9 8 8 4.450488685739804e-27 38 0
tr 7 6 6 9 8 8 717734.1612987383 2 1
tr 7 6 6 9 8 8 512667.2580705273 3 2
tr 7 6 6 9 8 8 7.824152214279839e8 4 1
ann 7 6 6 11 10 2 1.2152730185490346e-33 42 0
tr 7 6 6 11 10 2 7852.557496831923 4 1
tr 7 6 6 11 10 2 194286.54984888472 5 2
tr 7 6 6 11 10 2 1.048243199721663e10 6 1
tr 7 6 6 11 10 2 3.4223206898291405e10 7 2
tr 7 6 6 11 10 2 3.417847027165269e14 8 1
ann 7 6 6 11 10 4 3.435501485932232e-33 42 0
tr 7 6 6 11 10 4 714582.7322117012 4 1
tr 7 6 6 11 10 4 4.583723416805303e6 5 2
tr 7 6 6 11 10 4 9.892309899595613e10 6 1
tr 7 6 6 11 10 4 1.5854678395790347e11 7 2
ann 7 6 6 11 10 6 8.969349798495032e-33 42 0
tr 7 6 6 11 10 6 1.4291654644234167e7 4 1
tr 7 6 6 11 10 6 3.928905785833117e7 5 2
tr 7 6 6 11 10 6 4.239561385540984e11 6 1
ann 7 6 6 11 10 8 2.1999686499510125e-32 42 0
tr 7 6 6 11 10 8 1.4577487737118903e8 4 1
tr 7 6 6 11 10 8 1.7174931006641904e8 5 2
tr 7 6 6 11 10 8 9.266469885539589e11 6 1
ann 7 6 6 11 10 10 5.131200308372347e-32 42 0
tr 7 6 6 11 10 10 9.891866678759269e8 4 1
tr 7 6 6 11 10 10 3.0215156400573707e8 5 2
tr 7 6 6 11 10 10 6.520849178713047e11 6 1
ann 9 8 2 9 8 2 1.361238213129248e-32 42 0
ann 9 8 2 9 8 4 4.247620690913353e-32 42 0
tr 9 8 2 9 8 4 1.1547359999999972e6 2 1
ann 9 8 2 9 8 6 1.8193107270286726e-32 42 0
tr 9 8 2 9 8 6 3.6727683109615245e9 4 1
ann 9 8 2 9 8 8 3.340242750063753e-33 42 0
tr 9 8 2 9 8 8 1.6637532195067388e12 6 1
ann 9 8 2 11 10 2 7.711089404632278e-37 46 0
tr 9 8 2 11 10 2 1.966178277158566e6 2 1
tr 9 8 2 11 10 2 780229.4750629214 3 2
tr 9 8 2 11 10 2 5.710364347655926e9 4 1
ann 9 8 2 11 10 4 7.190079871515484e-37 46 0
tr 9 8 2 11 10 4 1.0650132334608873e6 2 1
tr 9 8 2 11 10 4 2.1131214949620757e6 3 2
tr 9 8 2 11 10 4 4.1757039292233796e9 4 1
ann 9 8 2 11 10 6 4.491065516548289e-37 46 0
tr 9 8 2 11 10 6 2.598215778183429e10 4 1
tr 9 8 2 11 10 6 2.2045467208829162e8 5 2
tr 9 8 2 11 10 6 9.441626431363134e13 6 1
ann 9 8 2 11 10 8 1.7280390726614302e-37 46 0
tr 9 8 2 11 10 8 1.4019440795594262e14 6 1
tr 9 8 2 11 10 8 1.3733329758949461e14 7 2
ann 9 8 2 11 10 10 2.6526475087590374e-38 46 0
tr 9 8 2 11 10 10 8.70740647768743e16 8 1
tr 9 8 2 11 10 10 2.1347007563557424e17 9 2
tr 9 8 2 11 10 10 1.734517411832121e21 10 1
ann 9 8 4 9 8 4 1.510809033701025e-32 42 0
ann 9 8 4 9 8 6 4.5163786120121243e-32 42 0
tr 9 8 4 9 8 6 636854.3999999982 2 1
ann 9 8 4 9 8 8 1.269012308755402e-32 42 0
tr 9 8 4 9 8 8 4.4518403769230473e8 4 1
ann 9 8 4 11 10 2 5.3327797698845984e-37 46 0
tr 9 8 4 11 10 2 74476.44989236977 2 1
tr 9 8 4 11 10 2 1.1585225538813043e6 3 2
tr 9 8 4 11 10 2 1.807070754017288e10 4 1
ann 9 8 4 11 10 4 8.047695822389247e-37 46 0
tr 9 8 4 11 10 4 1.452290772901208e6 2 1
tr 9 8 4 11 10 4 2.305223449049536e6 3 2
ann 9 8 4 11 10 6 8.459828521954805e-37 46 0
tr 9 8 4 11 10 6 1.936387697201611e6 2 1
tr 9 8 4 11 10 6 614726.2530798776 3 2
tr 9 8 4 11 10 6 1.6331642034295944e10 4 1
ann 9 8 4 11 10 8 5.2358525335456154e-37 46 0
tr 9 8 4 11 10 8 2.409254630679177e10 4 1
tr 9 8 4 11 10 8 2.473501420830625e10 5 2
ann 9 8 4 11 10 10 1.3019642650973052e-37 46 0
tr 9 8 4 11 10 10 2.6905997486494008e13 6 1
tr 9 8 4 11 10 10 9.26609607315482e13 7 2
tr 9 8 4 11 10 10 7.183610344092166e17 8 1
ann 9 8 6 9 8 6 1.9293783392073925e-32 42 0
ann 9 8 6 9 8 8 4.749446427420536e-32 42 0
tr 9 8 6 9 8 8 139967.99999999884 2 1
ann 9 8 6 11 10 2 1.9699047600339007e-37 46 0
tr 9 8 6 11 10 2 5.511366802207214e8 4 1
tr 9 8 6 11 10 2 7.112669374921331e9 5 2
tr 9 8 6 11 10 2 1.0606274034982286e14 6 1
ann 9 8 6 11 10 4 4.56432810870974e-37 46 0
tr 9 8 6 11 10 4 15959.23926265055 2 1
tr 9 8 6 11 10 4 366049.2180084152 3 2
tr 9 8 6 11 10 4 1.1087037003805656e10 4 1
ann 9 8 6 11 10 6 8.64755834179886e-37 46 0
tr 9 8 6 11 10 6 766043.4846072312 2 1
tr 9 8 6 11 10 6 2.735869587882966e6 3 2
tr 9 8 6 11 10 6 1.6621857088155128e10 4 1
ann 9 8 6 11 10 8 1.1277499751696071e-36 46 0
tr 9 8 6 11 10 8 3.2556848095807363e6 2 1
tr 9 8 6 11 10 8 258387.68330005827 3 2
tr 9 8 6 11 10 8 6.057806645951629e9 4 1
ann 9 8 6 11 10 10 6.023765711656988e-37 46 0
tr 9 8 6 11 10 10 8.383853110422045e9 4 1
tr 9 8 6 11 10 10 3.137085400227016e10 5 2
tr 9 8 6 11 10 10 2.225859792064508e14 6 1
ann 9 8 8 9 8 8 4.678755302548774e-32 42 0
ann 9 8 8 11 10 2 2.485971863134274e-38 46 0
tr 9 8 8 11 10 2 3.887347418069348e11 6 1
tr 9 8 8 11 10 2 4.3375657159783237e12 7 2
tr 9 8 8 11 10 2 9.340917475290106e16 8 1
ann 9 8 8 11 10 4 8.708571498193687e-38 46 0
tr 9 8 8 11 10 4 2.5956201580253623e7 4 1
tr 9 8 8 11 10 4 5.2878288479918283e8 5 2
tr 9 8 8 11 10 4 1.5007517001879752e13 6 1
ann 9 8 8 11 10 6 2.8586740161081756e-37 46 0
tr 9 8 8 11 10 6 1063.949284176701 2 1
tr 9 8 8 11 10 6 33776.16775164139 3 2
tr 9 8 8 11 10 6 1.668612958730607e9 4 1
ann 9 8 8 11 10 8 9.097508730793508e-37 46 0
tr 9 8 8 11 10 8 162784.24047903623 2 1
tr 9 8 8 11 10 8 1.0335507332002302e6 3 2
tr 9 8 8 11 10 8 1.701985217905228e10 4 1
ann 9 8 8 11 10 10 2.8563566748487623e-36 46 0
tr 9 8 8 11 10 10 5.154834281836169e6 2 1
tr 9 8 8 11 10 10 6.545821310268132e6 3 2
tr 9 8 8 11 10 10 3.593079904466593e10 4 1
ann 11 10 2 11 10 2 3.56820709362706e-42 50 0
ann 11 10 2 11 10 4 1.177710779744094e-41 50 0
tr 11 10 2 11 10 4 5.952308689196663e6 2 1
ann 11 10 2 11 10 6 6.155026118014089e-42 50 0
tr 11 10 2 11 10 6 1.1375409360040244e11 4 1
ann 11 10 2 11 10 8 1.894117279814136e-42 50 0
tr 11 10 2 11 10 8 6.439037880760762e14 6 1
ann 11 10 2 11 10 10 2.059461110710554e-43 50 0
ann 11 10 4 11 10 4 3.80138372778714e-42 50 0
ann 11 10 4 11 10 6 1.2384738891820877e-41 50 0
tr 11 10 4 11 10 6 4.204927645429355e6 2 1
ann 11 10 4 11 10 8 5.5089254744163493e-42 50 0
tr 11 10 4 11 10 8 4.098361771003525e10 4 1
ann 11 10 4 11 10 10 8.84708984468437e-43 50 0
tr 11 10 4 11 10 10 4.801480366344323e13 6 1
ann 11 10 6 11 10 6 4.3177571048853556e-42 50 0
ann 11 10 6 11 10 8 1.337342627961296e-41 50 0
tr 11 10 6 11 10 8 2.1445130991689586e6 2 1
ann 11 10 6 11 10 10 3.545162371265376e-42 50 0
tr 11 10 6 11 10 10 4.326048536059267e9 4 1
ann 11 10 8 11 10 8 5.6025297466485834e-42 50 0
ann 11 10 8 11 10 10 1.397500636629233e-41 50 0
tr 11 10 8 11 10 10 443853.47368420946 2 1
ann 11 10 10 11 10 10 1.3927256420684092e-41 50 0
