# GW NR rates, Nmax=8, solver convention (Numerics/gw_rates.jl).
# ann: rate = C alpha^p.  tr: rate = K alpha^(2-2L mass | 4-2L current) (dw/mu)^(2L+1)
# type na la ma nb lb mb coeff power kind
ann 2 1 1 2 1 1 6.77690974768085e-5 16 0
ann 2 1 1 3 1 1 9.519282118167974e-5 16 0
tr 2 1 1 3 1 1 6.92533995824479 2 1
ann 2 1 1 3 2 1 5.806305358116922e-6 16 0
tr 2 1 1 3 2 1 4.809263859892224 2 2
tr 2 1 1 3 2 1 22.79426180542284 3 1
ann 2 1 1 3 2 2 3.6289211102614454e-6 16 0
tr 2 1 1 3 2 2 3.2061759065948134 2 2
tr 2 1 1 3 2 2 7.598087268474278 3 1
ann 2 1 1 4 1 1 4.2355694754945845e-5 16 0
tr 2 1 1 4 1 1 0.6651636789400664 2 1
ann 2 1 1 4 2 1 3.48771703837146e-6 16 0
tr 2 1 1 4 2 1 0.6235909490063131 2 2
ann 2 1 1 4 2 2 2.179811450832716e-6 16 0
tr 2 1 1 4 2 2 0.4157272993375419 2 2
ann 2 1 1 4 3 1 1.30335457179433e-7 18 0
tr 2 1 1 4 3 1 15.963928294561612 2 1
tr 2 1 1 4 3 1 1.5837230450953972 3 2
tr 2 1 1 4 3 1 23.83498527598009 4 1
ann 2 1 1 4 3 2 1.3623903745234787e-7 18 0
tr 2 1 1 4 3 2 26.60654715760269 2 1
tr 2 1 1 4 3 2 1.3197692042461653 3 2
tr 2 1 1 4 3 2 11.91749263799002 4 1
ann 2 1 1 4 3 3 1.3623888507151387e-7 18 0
tr 2 1 1 4 3 3 39.909820736404 2 1
tr 2 1 1 4 3 3 0.7918615225476985 3 2
tr 2 1 1 4 3 3 3.9724975459966787 4 1
ann 2 1 1 5 1 1 2.220658302234635e-5 16 0
tr 2 1 1 5 1 1 0.1931774583580324 2 1
ann 2 1 1 5 2 1 2.0479964029286446e-6 16 0
tr 2 1 1 5 2 1 0.20283633127593428 2 2
tr 2 1 1 5 2 1 0.039407551280442446 3 1
ann 2 1 1 5 2 2 1.2799909256879608e-6 16 0
tr 2 1 1 5 2 2 0.13522422085062277 2 2
tr 2 1 1 5 2 2 0.013135850426814148 3 1
ann 2 1 1 5 3 1 1.1195730660189626e-7 18 0
tr 2 1 1 5 3 1 6.05552195995792 2 1
tr 2 1 1 5 3 1 0.6007462261863012 3 2
tr 2 1 1 5 3 1 4.289257282225031 4 1
ann 2 1 1 5 3 2 1.1702844439305627e-7 18 0
tr 2 1 1 5 3 2 10.092536599929868 2 1
tr 2 1 1 5 3 2 0.5006218551552514 3 2
tr 2 1 1 5 3 2 2.1446286411125106 4 1
ann 2 1 1 5 3 3 1.170283146669334e-7 18 0
tr 2 1 1 5 3 3 15.13880489989479 2 1
tr 2 1 1 5 3 3 0.30037311309315057 3 2
tr 2 1 1 5 3 3 0.7148762137041711 4 1
ann 2 1 1 5 4 1 1.2658468561137382e-9 20 0
tr 2 1 1 5 4 1 4.670524596200595 3 1
tr 2 1 1 5 4 1 0.43591562897872255 4 2
tr 2 1 1 5 4 1 13.864265962747576 5 1
ann 2 1 1 5 4 2 1.4432890752065582e-9 20 0
tr 2 1 1 5 4 2 7.005786894300891 3 1
tr 2 1 1 5 4 2 0.3923240660808499 4 2
tr 2 1 1 5 4 2 8.31855957764854 5 1
ann 2 1 1 5 4 3 1.617121516120856e-9 20 0
tr 2 1 1 5 4 3 9.808101652021241 3 1
tr 2 1 1 5 4 3 0.30514094028510663 4 2
tr 2 1 1 5 4 3 4.159279788824265 5 1
ann 2 1 1 5 4 4 1.78734417885663e-9 20 0
tr 2 1 1 5 4 4 13.07746886936165 3 1
tr 2 1 1 5 4 4 0.1743662515914883 4 2
tr 2 1 1 5 4 4 1.386426596274755 5 1
ann 2 1 1 6 1 1 1.30146446841165e-5 16 0
tr 2 1 1 6 1 1 0.08409484863281236 2 1
ann 2 1 1 6 2 1 1.2701293647138217e-6 16 0
tr 2 1 1 6 2 1 0.09343872070312496 2 2
tr 2 1 1 6 2 1 0.03447766206702398 3 1
ann 2 1 1 6 2 2 7.938266339992786e-7 16 0
tr 2 1 1 6 2 2 0.06229248046874996 2 2
tr 2 1 1 6 2 2 0.011492554022341332 3 1
ann 2 1 1 6 3 1 8.136778582278933e-8 18 0
tr 2 1 1 6 3 1 2.919292602539061 2 1
tr 2 1 1 6 3 1 0.28961236136300184 3 2
tr 2 1 1 6 3 1 1.3791064826809603 4 1
ann 2 1 1 6 3 2 8.505336299012424e-8 18 0
tr 2 1 1 6 3 2 4.8654876708984345 2 1
tr 2 1 1 6 3 2 0.24134363446916837 3 2
tr 2 1 1 6 3 2 0.6895532413404784 4 1
ann 2 1 1 6 3 3 8.505326916952839e-8 18 0
tr 2 1 1 6 3 3 7.298231506347648 2 1
tr 2 1 1 6 3 3 0.14480618068150092 3 2
tr 2 1 1 6 3 3 0.22985108044682645 4 1
ann 2 1 1 6 4 1 1.419731497922168e-9 20 0
tr 2 1 1 6 4 1 3.102989586032164 3 1
tr 2 1 1 6 4 1 0.28961236136300217 4 2
tr 2 1 1 6 4 1 6.772979996421109 5 1
ann 2 1 1 6 4 2 1.6187447596963331e-9 20 0
tr 2 1 1 6 4 2 4.654484379048245 3 1
tr 2 1 1 6 4 2 0.2606511252267017 4 2
tr 2 1 1 6 4 2 4.063787997852661 5 1
ann 2 1 1 6 4 3 1.8137094158651944e-9 20 0
tr 2 1 1 6 4 3 6.51627813066754 3 1
tr 2 1 1 6 4 3 0.2027286529541021 4 2
tr 2 1 1 6 4 3 2.031893998926328 5 1
ann 2 1 1 6 4 4 2.004625466428754e-9 20 0
tr 2 1 1 6 4 4 8.68837084089005 3 1
tr 2 1 1 6 4 4 0.11584494454520042 4 2
tr 2 1 1 6 4 4 0.6772979996421093 5 1
ann 2 1 1 6 5 1 7.38148938406709e-12 22 0
tr 2 1 1 6 5 1 1.2067181723458427 4 1
tr 2 1 1 6 5 1 0.0921493877064098 5 2
tr 2 1 1 6 5 1 5.115257619674687 6 1
ann 2 1 1 6 5 2 8.608714108731976e-12 22 0
tr 2 1 1 6 5 2 1.6894054412841792 4 1
tr 2 1 1 6 5 2 0.08600609519264912 5 2
tr 2 1 1 6 5 2 3.410171746449795 6 1
ann 2 1 1 6 5 3 9.902795690628448e-12 22 0
tr 2 1 1 6 5 3 2.2525405883789027 4 1
tr 2 1 1 6 5 3 0.07371951016512776 5 2
tr 2 1 1 6 5 3 2.0461030478698725 6 1
ann 2 1 1 6 5 4 1.1263734129756522e-11 22 0
tr 2 1 1 6 5 4 2.8961236136300172 4 1
tr 2 1 1 6 5 4 0.05528963262384585 5 2
tr 2 1 1 6 5 4 1.0230515239349427 6 1
ann 2 1 1 6 5 5 1.2691529426116192e-11 22 0
tr 2 1 1 6 5 5 3.6201545170375202 4 1
tr 2 1 1 6 5 5 0.03071646256880321 5 2
tr 2 1 1 6 5 5 0.34101717464497644 6 1
ann 2 1 1 7 1 1 8.257936977375276e-6 16 0
tr 2 1 1 7 1 1 0.044916081897935826 2 1
ann 2 1 1 7 2 1 8.326378706651456e-7 16 0
tr 2 1 1 7 2 1 0.0515618287093652 2 2
tr 2 1 1 7 2 1 0.024538281355740023 3 1
ann 2 1 1 7 2 2 5.203959091514737e-7 16 0
tr 2 1 1 7 2 2 0.034374552472910117 2 2
tr 2 1 1 7 2 2 0.008179427118580005 3 1
ann 2 1 1 7 3 1 5.80581708263409e-8 18 0
tr 2 1 1 7 3 1 1.642645280838798 2 1
tr 2 1 1 7 3 1 0.16296084135305527 3 2
tr 2 1 1 7 3 1 0.6064355710212718 4 1
ann 2 1 1 7 3 2 6.068793245604237e-8 18 0
tr 2 1 1 7 3 2 2.73774213473133 2 1
tr 2 1 1 7 3 2 0.13580070112754614 3 2
tr 2 1 1 7 3 2 0.3032177855106352 4 1
ann 2 1 1 7 3 3 6.068786571083779e-8 18 0
tr 2 1 1 7 3 3 4.106613202096994 2 1
tr 2 1 1 7 3 3 0.0814804206765276 3 2
tr 2 1 1 7 3 3 0.10107259517021187 4 1
ann 2 1 1 7 4 1 1.228025636420732e-9 20 0
tr 2 1 1 7 4 1 1.982891422686066 3 1
tr 2 1 1 7 4 1 0.18506986611736628 4 2
tr 2 1 1 7 4 1 3.611183223227708 5 1
ann 2 1 1 7 4 2 1.400166206860308e-9 20 0
tr 2 1 1 7 4 2 2.974337134029099 3 1
tr 2 1 1 7 4 2 0.16656287950562948 4 2
tr 2 1 1 7 4 2 2.1667099339366227 5 1
ann 2 1 1 7 4 3 1.5688048539877065e-9 20 0
tr 2 1 1 7 4 3 4.164071987640735 3 1
tr 2 1 1 7 4 3 0.12954890628215676 4 2
tr 2 1 1 7 4 3 1.08335496696831 5 1
ann 2 1 1 7 4 4 1.733941577802927e-9 20 0
tr 2 1 1 7 4 4 5.55209598352098 3 1
tr 2 1 1 7 4 4 0.07402794644694623 4 2
tr 2 1 1 7 4 4 0.36111832232277 5 1
ann 2 1 1 7 5 1 1.0234583944808131e-11 22 0
tr 2 1 1 7 5 1 1.1580079314509248 4 1
tr 2 1 1 7 5 1 0.0884296965835252 5 2
tr 2 1 1 7 5 1 4.171158389842833 6 1
ann 2 1 1 7 5 2 1.1936155792629306e-11 22 0
tr 2 1 1 7 5 2 1.621211104031295 4 1
tr 2 1 1 7 5 2 0.08253438347795683 5 2
tr 2 1 1 7 5 2 2.7807722598952243 6 1
ann 2 1 1 7 5 3 1.3730426023794459e-11 22 0
tr 2 1 1 7 5 3 2.1616148053750575 4 1
tr 2 1 1 7 5 3 0.07074375726682008 5 2
tr 2 1 1 7 5 3 1.6684633559371314 6 1
ann 2 1 1 7 5 4 1.5617394638303657e-11 22 0
tr 2 1 1 7 5 4 2.7792190354822166 4 1
tr 2 1 1 7 5 4 0.053057817950115105 5 2
tr 2 1 1 7 5 4 0.8342316779685706 6 1
ann 2 1 1 7 5 5 1.7597061636156875e-11 22 0
tr 2 1 1 7 5 5 3.4740237943527688 4 1
tr 2 1 1 7 5 5 0.02947656552784169 5 2
tr 2 1 1 7 5 5 0.27807722598951995 6 1
ann 2 1 1 7 6 1 2.9234702375816236e-14 24 0
tr 2 1 1 7 6 1 0.24510210851029632 5 1
tr 2 1 1 7 6 1 0.015049004394841137 6 2
tr 2 1 1 7 6 1 1.3013908543935078 7 1
ann 2 1 1 7 6 2 3.42144355098185e-14 24 0
tr 2 1 1 7 6 2 0.3268028113470614 5 1
tr 2 1 1 7 6 2 0.01433238513794395 6 2
tr 2 1 1 7 6 2 0.929564895995365 7 1
ann 2 1 1 7 6 3 3.9552466072043634e-14 24 0
tr 2 1 1 7 6 3 0.4201750431605077 5 1
tr 2 1 1 7 6 3 0.012899146624149519 6 2
tr 2 1 1 7 6 3 0.6197099306635742 7 1
ann 2 1 1 7 6 4 4.524879406249171e-14 24 0
tr 2 1 1 7 6 4 0.5252188039506341 5 1
tr 2 1 1 7 6 4 0.010749288853457972 6 2
tr 2 1 1 7 6 4 0.3718259583981446 7 1
ann 2 1 1 7 6 5 5.130341948116265e-14 24 0
tr 2 1 1 7 6 5 0.6419340937174429 5 1
tr 2 1 1 7 6 5 0.007882811825869177 6 2
tr 2 1 1 7 6 5 0.18591297919907276 7 1
ann 2 1 1 7 6 6 5.771634232805647e-14 24 0
tr 2 1 1 7 6 6 0.7703209124609309 5 1
tr 2 1 1 7 6 6 0.004299715541383177 6 2
tr 2 1 1 7 6 6 0.06197099306635727 7 1
ann 2 1 1 8 1 1 5.559185212343742e-6 16 0
tr 2 1 1 8 1 1 0.027110515682344228 2 1
ann 2 1 1 8 2 1 5.722035937449111e-7 16 0
tr 2 1 1 8 2 1 0.03177013556524719 2 2
tr 2 1 1 8 2 1 0.01726642133875714 3 1
ann 2 1 1 8 2 2 3.576253519160024e-7 16 0
tr 2 1 1 8 2 2 0.021180090376831454 2 2
tr 2 1 1 8 2 2 0.005755473779585714 3 1
ann 2 1 1 8 3 1 4.2002638648478074e-8 18 0
tr 2 1 1 8 3 1 1.0224537343055549 2 1
tr 2 1 1 8 3 1 0.10143390221285263 3 2
tr 2 1 1 8 3 1 0.3211538578957309 4 1
ann 2 1 1 8 3 2 4.390516037805896e-8 18 0
tr 2 1 1 8 3 2 1.704089557175925 2 1
tr 2 1 1 8 3 2 0.08452825184404389 3 2
tr 2 1 1 8 3 2 0.16057692894786504 4 1
ann 2 1 1 8 3 3 4.390511218387277e-8 18 0
tr 2 1 1 8 3 3 2.5561343357638857 2 1
tr 2 1 1 8 3 3 0.0507169511064263 3 2
tr 2 1 1 8 3 3 0.053525642982621746 4 1
ann 2 1 1 8 4 1 9.89382130092339e-10 20 0
tr 2 1 1 8 4 1 1.3189627411550615 3 1
tr 2 1 1 8 4 1 0.12310318917447255 4 2
tr 2 1 1 8 4 1 2.138942128484268 5 1
ann 2 1 1 8 4 2 1.1280704443473748e-9 20 0
tr 2 1 1 8 4 2 1.9784441117325922 3 1
tr 2 1 1 8 4 2 0.11079287025702515 4 2
tr 2 1 1 8 4 2 1.2833652770905595 5 1
ann 2 1 1 8 4 3 1.2639373679479137e-9 20 0
tr 2 1 1 8 4 3 2.7698217564256273 3 1
tr 2 1 1 8 4 3 0.08617223242213101 4 2
tr 2 1 1 8 4 3 0.641682638545279 5 1
ann 2 1 1 8 4 4 1.3969829008939547e-9 20 0
tr 2 1 1 8 4 4 3.693095675234169 3 1
tr 2 1 1 8 4 4 0.049241275669788816 4 2
tr 2 1 1 8 4 4 0.21389421284842633 5 1
ann 2 1 1 8 5 1 1.0258793608621975e-11 22 0
tr 2 1 1 8 5 1 0.9196126006119969 4 1
tr 2 1 1 8 5 1 0.0702249622285525 5 2
tr 2 1 1 8 5 1 2.9860340875529134 6 1
ann 2 1 1 8 5 2 1.1964390489920101e-11 22 0
tr 2 1 1 8 5 2 1.2874576408567955 4 1
tr 2 1 1 8 5 2 0.06554329807998233 5 2
tr 2 1 1 8 5 2 1.9906893917019435 6 1
ann 2 1 1 8 5 3 1.3762905031691195e-11 22 0
tr 2 1 1 8 5 3 1.7166101878090587 4 1
tr 2 1 1 8 5 3 0.05617996978284193 5 2
tr 2 1 1 8 5 3 1.1944136350211638 6 1
ann 2 1 1 8 5 4 1.565433723393525e-11 22 0
tr 2 1 1 8 5 4 2.2070702414687893 4 1
tr 2 1 1 8 5 4 0.04213497733713148 5 2
tr 2 1 1 8 5 4 0.5972068175105854 6 1
ann 2 1 1 8 5 5 1.7638687096652253e-11 22 0
tr 2 1 1 8 5 5 2.7588378018359845 4 1
tr 2 1 1 8 5 5 0.023408320742850788 5 2
tr 2 1 1 8 5 5 0.19906893917019258 6 1
ann 2 1 1 8 6 1 4.832318621999892e-14 24 0
tr 2 1 1 8 6 1 0.3080076665017352 5 1
tr 2 1 1 8 6 1 0.01891133762578244 6 2
tr 2 1 1 8 6 1 1.4826719591498634 7 1
ann 2 1 1 8 6 2 5.655438245441233e-14 24 0
tr 2 1 1 8 6 2 0.41067688866897983 5 1
tr 2 1 1 8 6 2 0.01801079773884043 6 2
tr 2 1 1 8 6 2 1.0590513993927615 7 1
ann 2 1 1 8 6 3 6.537782256496978e-14 24 0
tr 2 1 1 8 6 3 0.5280131425744028 5 1
tr 2 1 1 8 6 3 0.01620971796495634 6 2
tr 2 1 1 8 6 3 0.7060342662618384 7 1
ann 2 1 1 8 6 4 7.479350655167135e-14 24 0
tr 2 1 1 8 6 4 0.6600164282180029 5 1
tr 2 1 1 8 6 4 0.013508098304130337 6 2
tr 2 1 1 8 6 4 0.42362055975710317 7 1
ann 2 1 1 8 6 5 8.480143441451699e-14 24 0
tr 2 1 1 8 6 5 0.806686745599783 5 1
tr 2 1 1 8 6 5 0.009905938756362245 6 2
tr 2 1 1 8 6 5 0.21181027987855208 7 1
ann 2 1 1 8 6 6 9.540160615350676e-14 24 0
tr 2 1 1 8 6 6 0.9680240947197389 5 1
tr 2 1 1 8 6 6 0.0054032393216521205 6 2
tr 2 1 1 8 6 6 0.07060342662618369 7 1
ann 2 1 1 8 7 1 8.424540748186176e-17 26 0
tr 2 1 1 8 7 1 0.03892903699328247 6 1
tr 2 1 1 8 7 1 0.0019365209728801232 7 2
tr 2 1 1 8 7 1 0.24187903333582114 8 1
ann 2 1 1 8 7 2 9.825257518174577e-17 26 0
tr 2 1 1 8 7 2 0.05005161899136306 6 1
tr 2 1 1 8 7 2 0.0018673595095629737 7 2
tr 2 1 1 8 7 2 0.18140927500186613 8 1
ann 2 1 1 8 7 3 1.133164627615124e-16 26 0
tr 2 1 1 8 7 3 0.06256452373920399 6 1
tr 2 1 1 8 7 3 0.0017290365829286808 7 2
tr 2 1 1 8 7 3 0.1295780535727612 8 1
ann 2 1 1 8 7 4 1.2943707022116122e-16 26 0
tr 2 1 1 8 7 4 0.07646775123680485 6 1
tr 2 1 1 8 7 4 0.001521552192977237 7 2
tr 2 1 1 8 7 4 0.08638536904850742 8 1
ann 2 1 1 8 7 5 1.4661439756069262e-16 26 0
tr 2 1 1 8 7 5 0.09176130148416568 6 1
tr 2 1 1 8 7 5 0.00124490633970865 7 2
tr 2 1 1 8 7 5 0.051831221429104304 8 1
ann 2 1 1 8 7 6 1.6484844478010674e-16 26 0
tr 2 1 1 8 7 6 0.10844517448128677 6 1
tr 2 1 1 8 7 6 0.0008990990231229138 7 2
tr 2 1 1 8 7 6 0.02591561071455248 8 1
ann 2 1 1 8 7 7 1.8413921187940307e-16 26 0
tr 2 1 1 8 7 7 0.12651937022816778 6 1
tr 2 1 1 8 7 7 0.00048413024322002923 7 2
tr 2 1 1 8 7 7 0.008638536904850705 8 1
ann 2 1 1 9 8 2 2.1434471952855238e-19 28 0
tr 2 1 1 9 8 2 0.006133576049765325 7 1
tr 2 1 1 9 8 2 0.0001948757822637858 8 2
tr 2 1 1 9 8 2 0.026647430681549487 9 1
ann 2 1 1 9 8 4 2.7976102848625264e-19 28 0
tr 2 1 1 9 8 4 0.00899591153965583 7 1
tr 2 1 1 9 8 4 0.0001670363847975307 8 2
tr 2 1 1 9 8 4 0.014275409293687166 9 1
ann 2 1 1 9 8 6 3.5392468400512325e-19 28 0
tr 2 1 1 9 8 6 0.01240345378952543 7 1
tr 2 1 1 9 8 6 0.00011692546935827132 8 2
tr 2 1 1 9 8 6 0.005710163717474867 9 1
ann 2 1 1 9 8 8 4.368356860851645e-19 28 0
tr 2 1 1 9 8 8 0.016356202799374223 7 1
tr 2 1 1 9 8 8 4.454303594600826e-5 8 2
tr 2 1 1 9 8 8 0.0009516939529124711 9 1
ann 2 1 1 11 10 2 5.103952801671893e-25 32 0
tr 2 1 1 11 10 2 5.0225217751088e-5 9 1
tr 2 1 1 11 10 2 1.1799179630093508e-6 10 2
tr 2 1 1 11 10 2 0.0002813125477242509 11 1
ann 2 1 1 11 10 4 6.511059801679456e-25 32 0
tr 2 1 1 11 10 4 6.924992144468196e-5 9 1
tr 2 1 1 11 10 4 1.0706662997677411e-6 10 2
tr 2 1 1 11 10 4 0.00017503891858397812 11 1
ann 2 1 1 11 10 6 8.092250609432396e-25 32 0
tr 2 1 1 11 10 6 9.13185777292508e-5 9 1
tr 2 1 1 11 10 6 8.74013305932851e-7 10 2
tr 2 1 1 11 10 6 9.377084924141672e-5 11 1
ann 2 1 1 11 10 8 9.84752522493071e-25 32 0
tr 2 1 1 11 10 8 0.00011643118660479491 9 1
tr 2 1 1 11 10 8 5.899589815046786e-7 10 2
tr 2 1 1 11 10 8 3.750833969656622e-5 11 1
ann 2 1 1 11 10 10 1.17768836481744e-24 32 0
tr 2 1 1 11 10 10 0.000144587748071314 9 1
tr 2 1 1 11 10 10 2.1850332648321223e-7 10 2
tr 2 1 1 11 10 10 6.251389949427764e-6 11 1
ann 2 1 1 13 12 2 5.611514226800466e-31 36 0
tr 2 1 1 13 12 2 2.021245900794772e-7 11 1
tr 2 1 1 13 12 2 3.620721681391347e-9 12 2
tr 2 1 1 13 12 2 1.342186763091359e-6 13 1
ann 2 1 1 13 12 4 7.001127903963485e-31 36 0
tr 2 1 1 13 12 4 2.665379209839267e-7 11 1
tr 2 1 1 13 12 4 3.3856098838983973e-9 12 2
tr 2 1 1 13 12 4 9.151273384713801e-7 13 1
ann 2 1 1 13 12 6 8.547150678181557e-31 36 0
tr 2 1 1 13 12 6 3.3983584925450665e-7 11 1
tr 2 1 1 13 12 6 2.9624086484111046e-9 12 2
tr 2 1 1 13 12 6 5.69412566159971e-7 13 1
ann 2 1 1 13 12 8 1.0249582549454687e-30 36 0
tr 2 1 1 13 12 8 4.22018374891218e-7 11 1
tr 2 1 1 13 12 8 2.3511179749294413e-9 12 2
tr 2 1 1 13 12 8 3.0504244615712743e-7 13 1
ann 2 1 1 13 12 10 1.210842351778287e-30 36 0
tr 2 1 1 13 12 10 5.130854978940598e-7 11 1
tr 2 1 1 13 12 10 1.5517378634534444e-9 12 2
tr 2 1 1 13 12 10 1.220169784628509e-7 13 1
ann 2 1 1 13 12 12 1.4123673583166101e-30 36 0
tr 2 1 1 13 12 12 6.130372182630312e-7 11 1
tr 2 1 1 13 12 12 5.642683139830622e-10 12 2
tr 2 1 1 13 12 12 2.0336163077141573e-8 13 1
ann 2 1 1 15 14 2 3.23288736496977e-37 40 0
tr 2 1 1 15 14 2 4.4083361563623185e-10 13 1
tr 2 1 1 15 14 2 6.194627471516014e-12 14 2
tr 2 1 1 15 14 2 3.3081495008960834e-9 15 1
ann 2 1 1 15 14 4 3.954859643713984e-37 40 0
tr 2 1 1 15 14 4 5.620628599361967e-10 13 1
tr 2 1 1 15 14 4 5.896808843077766e-12 14 2
tr 2 1 1 15 14 4 2.3993172204301264e-9 15 1
ann 2 1 1 15 14 6 4.750772534172748e-37 40 0
tr 2 1 1 15 14 6 6.979865580907006e-10 13 1
tr 2 1 1 15 14 6 5.360735311888862e-12 14 2
tr 2 1 1 15 14 6 1.6358981048387253e-9 15 1
ann 2 1 1 15 14 8 5.6206260363460795e-37 40 0
tr 2 1 1 15 14 8 8.486047100997461e-10 13 1
tr 2 1 1 15 14 8 4.586406877949393e-12 14 2
tr 2 1 1 15 14 8 1.0178921541218773e-9 15 1
ann 2 1 1 15 14 10 6.564420150233967e-37 40 0
tr 2 1 1 15 14 10 1.0139173159633336e-9 13 1
tr 2 1 1 15 14 10 3.5738235412592752e-12 14 2
tr 2 1 1 15 14 10 5.452993682795744e-10 15 1
ann 2 1 1 15 14 12 7.582154875836413e-37 40 0
tr 2 1 1 15 14 12 1.1939243756814617e-9 13 1
tr 2 1 1 15 14 12 2.322985301818525e-12 14 2
tr 2 1 1 15 14 12 2.1811974731182996e-10 15 1
ann 2 1 1 15 14 14 8.673830213153421e-37 40 0
tr 2 1 1 15 14 14 1.3886258892541295e-9 13 1
tr 2 1 1 15 14 14 8.338921596271555e-13 14 2
tr 2 1 1 15 14 14 3.635329121863721e-11 15 1
ann 3 1 1 3 1 1 8.357121334086104e-6 16 0
ann 3 1 1 3 2 1 2.038976575950605e-6 16 0
tr 3 1 1 3 2 1 21.599999999999994 2 2
tr 3 1 1 3 2 1 694.2857142857126 3 1
ann 3 1 1 3 2 2 1.2743536761572715e-6 16 0
tr 3 1 1 3 2 2 14.399999999999995 2 2
tr 3 1 1 3 2 2 231.42857142857082 3 1
ann 3 1 1 4 1 1 1.4873881232560514e-5 16 0
tr 3 1 1 4 1 1 140.60865904293436 2 1
ann 3 1 1 4 2 1 1.2247673703281657e-6 16 0
tr 3 1 1 4 2 1 12.210227362542172 2 2
tr 3 1 1 4 2 1 1967.6254395628557 3 1
ann 3 1 1 4 2 2 7.654756472505342e-7 16 0
tr 3 1 1 4 2 2 8.140151575028112 2 2
tr 3 1 1 4 2 2 655.8751465209517 3 1
ann 3 1 1 4 3 1 4.576936736803909e-8 18 0
tr 3 1 1 4 3 1 1275.9743534090208 2 1
tr 3 1 1 4 3 1 126.58475728264094 3 2
tr 3 1 1 4 3 1 9680.372971610266 4 1
ann 3 1 1 4 3 2 4.78425054776512e-8 18 0
tr 3 1 1 4 3 2 2126.623922348369 2 1
tr 3 1 1 4 3 2 105.48729773553414 3 2
tr 3 1 1 4 3 2 4840.186485805119 4 1
ann 3 1 1 4 3 3 4.7842454629139146e-8 18 0
tr 3 1 1 4 3 3 3189.9358835225507 2 1
tr 3 1 1 4 3 3 63.292378641320454 3 2
tr 3 1 1 4 3 3 1613.3954952683757 4 1
ann 3 1 1 5 1 1 7.79819761961231e-6 16 0
tr 3 1 1 5 1 1 11.754907447425442 2 1
ann 3 1 1 5 2 1 7.191865455999479e-7 16 0
tr 3 1 1 5 2 1 1.8796663425746365 2 2
tr 3 1 1 5 2 1 8.195531115995792 3 1
ann 3 1 1 5 2 2 4.4948928125940614e-7 16 0
tr 3 1 1 5 2 2 1.2531108950497571 2 2
tr 3 1 1 5 2 2 2.7318437053319298 3 1
ann 3 1 1 5 3 1 3.931558768650245e-8 18 0
tr 3 1 1 5 3 1 0.849625969578937 2 1
tr 3 1 1 5 3 1 0.08428829063283104 3 2
tr 3 1 1 5 3 1 2064.4928105021686 4 1
ann 3 1 1 5 3 2 4.1096400096588876e-8 18 0
tr 3 1 1 5 3 2 1.4160432826315619 2 1
tr 3 1 1 5 3 2 0.0702402421940259 3 2
tr 3 1 1 5 3 2 1032.2464052510818 4 1
ann 3 1 1 5 3 3 4.109635682821791e-8 18 0
tr 3 1 1 5 3 3 2.124064923947341 2 1
tr 3 1 1 5 3 3 0.042144145316415506 3 2
tr 3 1 1 5 3 3 344.08213508369437 4 1
ann 3 1 1 5 4 1 4.4452221284969786e-10 20 0
tr 3 1 1 5 4 1 3863.2446779224038 3 1
tr 3 1 1 5 4 1 360.5695032727579 4 2
tr 3 1 1 5 4 1 53720.94290571248 5 1
ann 3 1 1 5 4 2 5.068338753287884e-10 20 0
tr 3 1 1 5 4 2 5794.867016883605 3 1
tr 3 1 1 5 4 2 324.5125529454818 4 2
tr 3 1 1 5 4 2 32232.56574342745 5 1
ann 3 1 1 5 4 3 5.67877909371513e-10 20 0
tr 3 1 1 5 4 3 8112.813823637039 3 1
tr 3 1 1 5 4 3 252.39865229093127 4 2
tr 3 1 1 5 4 3 16116.28287171371 5 1
ann 3 1 1 5 4 4 6.276543149778716e-10 20 0
tr 3 1 1 5 4 4 10817.085098182717 3 1
tr 3 1 1 5 4 4 144.22780130910257 4 2
tr 3 1 1 5 4 4 5372.094290571235 5 1
ann 3 1 1 6 1 1 4.570301113041335e-6 16 0
tr 3 1 1 6 1 1 3.1687658593950396 2 1
ann 3 1 1 6 2 1 4.460261497370504e-7 16 0
tr 3 1 1 6 2 1 0.6466869100806211 2 2
ann 3 1 1 6 2 2 2.787649162193381e-7 16 0
tr 3 1 1 6 2 2 0.4311246067204139 2 2
ann 3 1 1 6 3 1 2.857359126856883e-8 18 0
tr 3 1 1 6 3 1 1.7737698105068456 2 1
tr 3 1 1 6 3 1 0.175969227232822 3 2
tr 3 1 1 6 3 1 537.7768552893009 4 1
ann 3 1 1 6 3 2 2.9867841558782353e-8 18 0
tr 3 1 1 6 3 2 2.9562830175114096 2 1
tr 3 1 1 6 3 2 0.14664102269401838 3 2
tr 3 1 1 6 3 2 268.88842764464977 4 1
ann 3 1 1 6 3 3 2.986781027433768e-8 18 0
tr 3 1 1 6 3 3 4.434424526267111 2 1
tr 3 1 1 6 3 3 0.08798461361641098 3 2
tr 3 1 1 6 3 3 89.62947588155004 4 1
ann 3 1 1 6 4 1 4.985612470108099e-10 20 0
tr 3 1 1 6 4 1 656.951781669202 3 1
tr 3 1 1 6 4 1 61.31549962245892 4 2
tr 3 1 1 6 4 1 832.4043585109557 5 1
ann 3 1 1 6 4 2 5.684479248259027e-10 20 0
tr 3 1 1 6 4 2 985.4276725038031 3 1
tr 3 1 1 6 4 2 55.18394966021297 4 2
tr 3 1 1 6 4 2 499.44261510657293 5 1
ann 3 1 1 6 4 3 6.369128732883593e-10 20 0
tr 3 1 1 6 4 3 1379.598741505323 3 1
tr 3 1 1 6 4 3 42.92084973572136 4 2
tr 3 1 1 6 4 3 249.72130755328627 5 1
ann 3 1 1 6 4 4 7.039560923981805e-10 20 0
tr 3 1 1 6 4 4 1839.4649886737639 3 1
tr 3 1 1 6 4 4 24.526199848983467 4 2
tr 3 1 1 6 4 4 83.2404358510954 5 1
ann 3 1 1 6 5 1 2.592126972391803e-12 22 0
tr 3 1 1 6 5 1 8342.24484659305 4 1
tr 3 1 1 6 5 1 637.0441519216512 5 2
tr 3 1 1 6 5 1 160939.2706581184 6 1
ann 3 1 1 6 5 2 3.0230864248180935e-12 22 0
tr 3 1 1 6 5 2 11679.142785230266 4 1
tr 3 1 1 6 5 2 594.574541793541 5 2
tr 3 1 1 6 5 2 107292.84710541232 6 1
ann 3 1 1 6 5 3 3.4775237294758675e-12 22 0
tr 3 1 1 6 5 3 15572.190380307004 4 1
tr 3 1 1 6 5 3 509.6353215373205 5 2
tr 3 1 1 6 5 3 64375.708263247274 6 1
ann 3 1 1 6 5 4 3.955438886365129e-12 22 0
tr 3 1 1 6 5 4 20021.387631823287 4 1
tr 3 1 1 6 5 4 382.2264911529906 5 2
tr 3 1 1 6 5 4 32187.854131623826 6 1
ann 3 1 1 6 5 5 4.456831895485888e-12 22 0
tr 3 1 1 6 5 5 25026.734539779092 4 1
tr 3 1 1 6 5 5 212.34805064055 5 2
tr 3 1 1 6 5 5 10729.28471054114 6 1
ann 3 1 1 7 1 1 2.8999069480691172e-6 16 0
tr 3 1 1 7 1 1 1.3240659191654163 2 1
ann 3 1 1 7 2 1 2.923940457527374e-7 16 0
tr 3 1 1 7 2 1 0.3070266141537676 2 2
tr 3 1 1 7 2 1 0.18387632030035256 3 1
ann 3 1 1 7 2 2 1.827453448930627e-7 16 0
tr 3 1 1 7 2 2 0.20468440943584493 2 2
tr 3 1 1 7 2 2 0.06129210676678416 3 1
ann 3 1 1 7 3 1 2.038804947458682e-8 18 0
tr 3 1 1 7 3 1 2.106417491724752 2 1
tr 3 1 1 7 3 1 0.2089699892584079 3 2
tr 3 1 1 7 3 1 193.6934444004215 4 1
ann 3 1 1 7 3 2 2.1311532988268037e-8 18 0
tr 3 1 1 7 3 2 3.510695819541255 2 1
tr 3 1 1 7 3 2 0.17414165771533996 3 2
tr 3 1 1 7 3 2 96.84672220021054 4 1
ann 3 1 1 7 3 3 2.1311510735617865e-8 18 0
tr 3 1 1 7 3 3 5.266043729311877 2 1
tr 3 1 1 7 3 3 0.10448499462920392 3 2
tr 3 1 1 7 3 3 32.282240733403555 4 1
ann 3 1 1 7 4 1 4.3124069132171155e-10 20 0
tr 3 1 1 7 4 1 194.4247281424352 3 1
tr 3 1 1 7 4 1 18.146307959960644 4 2
tr 3 1 1 7 4 1 0.6855150204971632 5 1
ann 3 1 1 7 4 2 4.916905954033249e-10 20 0
tr 3 1 1 7 4 2 291.63709221365286 3 1
tr 3 1 1 7 4 2 16.33167716396456 4 2
tr 3 1 1 7 4 2 0.4113090122982975 5 1
ann 3 1 1 7 4 3 5.509107459230984e-10 20 0
tr 3 1 1 7 4 3 408.2919290991137 3 1
tr 3 1 1 7 4 3 12.702415571972486 4 2
tr 3 1 1 7 4 3 0.2056545061491486 5 1
ann 3 1 1 7 4 4 6.089011428810351e-10 20 0
tr 3 1 1 7 4 4 544.3892387988182 3 1
tr 3 1 1 7 4 4 7.258523183984226 4 2
tr 3 1 1 7 4 4 0.06855150204971616 5 1
ann 3 1 1 7 5 1 3.5940363406616537e-12 22 0
tr 3 1 1 7 5 1 3813.3396866333064 4 1
tr 3 1 1 7 5 1 291.2004851610889 5 2
tr 3 1 1 7 5 1 38576.88740970998 6 1
ann 3 1 1 7 5 2 4.191570318801844e-12 22 0
tr 3 1 1 7 5 2 5338.675561286628 4 1
tr 3 1 1 7 5 2 271.7871194836829 5 2
tr 3 1 1 7 5 2 25717.92493980668 6 1
ann 3 1 1 7 5 3 4.8216568134132975e-12 22 0
tr 3 1 1 7 5 3 7118.234081715495 4 1
tr 3 1 1 7 5 3 232.96038812887087 5 2
tr 3 1 1 7 5 3 15430.754963883972 6 1
ann 3 1 1 7 5 4 5.484295824496023e-12 22 0
tr 3 1 1 7 5 4 9152.015247919922 4 1
tr 3 1 1 7 5 4 174.7202910966533 5 2
tr 3 1 1 7 5 4 7715.377481942031 6 1
ann 3 1 1 7 5 5 6.179487352050022e-12 22 0
tr 3 1 1 7 5 5 11440.019059899898 4 1
tr 3 1 1 7 5 5 97.06682838702947 5 2
tr 3 1 1 7 5 5 2571.792493980645 6 1
ann 3 1 1 7 6 1 1.0266228353538629e-14 24 0
tr 3 1 1 7 6 1 12637.186627919278 5 1
tr 3 1 1 7 6 1 775.9095923648322 6 2
tr 3 1 1 7 6 1 302328.2387737835 7 1
ann 3 1 1 7 6 2 1.2014940562037507e-14 24 0
tr 3 1 1 7 6 2 16849.582170559017 5 1
tr 3 1 1 7 6 2 738.961516537936 6 2
tr 3 1 1 7 6 2 215948.74198127433 7 1
ann 3 1 1 7 6 3 1.3889474598755553e-14 24 0
tr 3 1 1 7 6 3 21663.748505004463 5 1
tr 3 1 1 7 6 3 665.0653648841403 6 2
tr 3 1 1 7 6 3 143965.8279875157 7 1
ann 3 1 1 7 6 4 1.588983046369278e-14 24 0
tr 3 1 1 7 6 4 27079.685631255546 5 1
tr 3 1 1 7 6 4 554.2211374034524 6 2
tr 3 1 1 7 6 4 86379.49679250945 7 1
ann 3 1 1 7 6 5 1.8016008156849155e-14 24 0
tr 3 1 1 7 6 5 33097.39354931241 5 1
tr 3 1 1 7 6 5 406.428834095865 6 2
tr 3 1 1 7 6 5 43189.74839625482 7 1
ann 3 1 1 7 6 6 2.0268007678224713e-14 24 0
tr 3 1 1 7 6 6 39716.87225917484 5 1
tr 3 1 1 7 6 6 221.68845496138033 6 2
tr 3 1 1 7 6 6 14396.582798751539 7 1
ann 3 1 1 8 1 1 1.952197002629765e-6 16 0
tr 3 1 1 8 1 1 0.6912012137439044 2 1
ann 3 1 1 8 2 1 2.0093840271242702e-7 16 0
tr 3 1 1 8 2 1 0.17302833857971345 2 2
tr 3 1 1 8 2 1 0.22943167294223787 3 1
ann 3 1 1 8 2 2 1.2558586093606298e-7 16 0
tr 3 1 1 8 2 2 0.11535222571980894 2 2
tr 3 1 1 8 2 2 0.07647722431407929 3 1
ann 3 1 1 8 3 1 1.4749894160286522e-8 18 0
tr 3 1 1 8 3 1 1.6870173646665854 2 1
tr 3 1 1 8 3 1 0.16736283379628822 3 2
tr 3 1 1 8 3 1 89.44878042541858 4 1
ann 3 1 1 8 3 2 1.5417995569876145e-8 18 0
tr 3 1 1 8 3 2 2.811695607777643 2 1
tr 3 1 1 8 3 2 0.13946902816357357 3 2
tr 3 1 1 8 3 2 44.72439021270919 4 1
ann 3 1 1 8 3 3 1.541797950373496e-8 18 0
tr 3 1 1 8 3 3 4.217543411666461 2 1
tr 3 1 1 8 3 3 0.08368141689814407 3 2
tr 3 1 1 8 3 3 14.908130070903086 4 1
ann 3 1 1 8 4 1 3.474372367387532e-10 20 0
tr 3 1 1 8 4 1 79.3103578511692 3 1
tr 3 1 1 8 4 1 7.40230006610913 4 2
tr 3 1 1 8 4 1 44.76737868308297 5 1
ann 3 1 1 8 4 2 3.961398480554759e-10 20 0
tr 3 1 1 8 4 2 118.96553677675378 3 1
tr 3 1 1 8 4 2 6.662070059498212 4 2
tr 3 1 1 8 4 2 26.860427209849757 5 1
ann 3 1 1 8 4 3 4.438516851897259e-10 20 0
tr 3 1 1 8 4 3 166.55175148745516 3 1
tr 3 1 1 8 4 3 5.181610046276406 4 2
tr 3 1 1 8 4 3 13.430213604924866 5 1
ann 3 1 1 8 4 4 4.905727481415035e-10 20 0
tr 3 1 1 8 4 4 222.06900198327352 3 1
tr 3 1 1 8 4 4 2.96092002644364 4 2
tr 3 1 1 8 4 4 4.476737868308287 5 1
ann 3 1 1 8 5 1 3.6025379477627694e-12 22 0
tr 3 1 1 8 5 1 1929.5227271816746 4 1
tr 3 1 1 8 5 1 147.34537189387333 5 2
tr 3 1 1 8 5 1 12476.933229149994 6 1
ann 3 1 1 8 5 2 4.201485380332601e-12 22 0
tr 3 1 1 8 5 2 2701.331818054344 4 1
tr 3 1 1 8 5 2 137.52234710094842 5 2
tr 3 1 1 8 5 2 8317.9554861 6 1
ann 3 1 1 8 5 3 4.83306233203646e-12 22 0
tr 3 1 1 8 5 3 3601.775757405787 4 1
tr 3 1 1 8 5 3 117.87629751509854 5 2
tr 3 1 1 8 5 3 4990.773291659991 6 1
ann 3 1 1 8 5 4 5.4972688028743555e-12 22 0
tr 3 1 1 8 5 4 4630.854545236011 4 1
tr 3 1 1 8 5 4 88.40722313632396 5 2
tr 3 1 1 8 5 4 2495.38664583001 6 1
ann 3 1 1 8 5 5 6.194104792846294e-12 22 0
tr 3 1 1 8 5 5 5788.568181545011 4 1
tr 3 1 1 8 5 5 49.11512396462435 5 2
tr 3 1 1 8 5 5 831.7955486099927 6 1
ann 3 1 1 8 6 1 1.69694515144257e-14 24 0
tr 3 1 1 8 6 1 9775.059044636873 5 1
tr 3 1 1 8 6 1 600.1780540227063 6 2
tr 3 1 1 8 6 1 170292.29133249263 7 1
ann 3 1 1 8 6 2 1.985996651961441e-14 24 0
tr 3 1 1 8 6 2 13033.412059515817 5 1
tr 3 1 1 8 6 2 571.5981466882923 6 2
tr 3 1 1 8 6 2 121637.35095178068 7 1
ann 3 1 1 8 6 3 2.2958457361017297e-14 24 0
tr 3 1 1 8 6 3 16757.244076520343 5 1
tr 3 1 1 8 6 3 514.4383320194614 6 2
tr 3 1 1 8 6 3 81091.56730118682 7 1
ann 3 1 1 8 6 4 2.6264924038634362e-14 24 0
tr 3 1 1 8 6 4 20946.5550956504 5 1
tr 3 1 1 8 6 4 428.6986100162195 6 2
tr 3 1 1 8 6 4 48654.940380712105 7 1
ann 3 1 1 8 6 5 2.977936655246564e-14 24 0
tr 3 1 1 8 6 5 25601.3451169061 5 1
tr 3 1 1 8 6 5 314.37898067856094 6 2
tr 3 1 1 8 6 5 24327.47019035611 7 1
ann 3 1 1 8 6 6 3.3501784902511095e-14 24 0
tr 3 1 1 8 6 6 30721.614140287293 5 1
tr 3 1 1 8 6 6 171.47944400648734 6 2
tr 3 1 1 8 6 6 8109.156730118663 7 1
ann 3 1 1 8 7 1 2.958410602197474e-17 26 0
tr 3 1 1 8 7 1 13947.679235019625 6 1
tr 3 1 1 8 7 1 693.8258803134765 7 2
tr 3 1 1 8 7 1 389670.7544388669 8 1
ann 3 1 1 8 7 2 3.4502944544580806e-17 26 0
tr 3 1 1 8 7 2 17932.730445025187 6 1
tr 3 1 1 8 7 2 669.0463845879943 7 2
tr 3 1 1 8 7 2 292253.06582915055 8 1
ann 3 1 1 8 7 3 3.9792866979815064e-17 26 0
tr 3 1 1 8 7 3 22415.91305628155 6 1
tr 3 1 1 8 7 3 619.4873931370322 7 2
tr 3 1 1 8 7 3 208752.18987796424 8 1
ann 3 1 1 8 7 4 4.545387332767741e-17 26 0
tr 3 1 1 8 7 4 27397.227068788547 6 1
tr 3 1 1 8 7 4 545.1489059605877 7 2
tr 3 1 1 8 7 4 139168.1265853094 8 1
ann 3 1 1 8 7 5 5.148596358816789e-17 26 0
tr 3 1 1 8 7 5 32876.67248254621 6 1
tr 3 1 1 8 7 5 446.0309230586631 7 2
tr 3 1 1 8 7 5 83500.87595118542 8 1
ann 3 1 1 8 7 6 5.788913776128651e-17 26 0
tr 3 1 1 8 7 6 38854.249297554634 6 1
tr 3 1 1 8 7 6 322.13344443125675 7 2
tr 3 1 1 8 7 6 41750.43797559321 8 1
ann 3 1 1 8 7 7 6.466339584703325e-17 26 0
tr 3 1 1 8 7 7 45329.95751381371 6 1
tr 3 1 1 8 7 7 173.45647007836857 7 2
tr 3 1 1 8 7 7 13916.812658530882 8 1
ann 3 1 1 9 8 2 7.527053071431407e-20 28 0
tr 3 1 1 9 8 2 14552.610573282376 7 1
tr 3 1 1 9 8 2 462.3650781271636 8 2
tr 3 1 1 9 8 2 284725.59299627127 9 1
ann 3 1 1 9 8 4 9.82425007557238e-20 28 0
tr 3 1 1 9 8 4 21343.8288408142 7 1
tr 3 1 1 9 8 4 396.3129241089974 8 2
tr 3 1 1 9 8 4 152531.56767657326 9 1
ann 3 1 1 9 8 6 1.242862397283265e-19 28 0
tr 3 1 1 9 8 6 29428.612492637687 7 1
tr 3 1 1 9 8 6 277.4190468762978 8 2
tr 3 1 1 9 8 6 61012.627070629314 9 1
ann 3 1 1 9 8 8 1.5340174763212205e-19 28 0
tr 3 1 1 9 8 8 38806.96152875307 7 1
tr 3 1 1 9 8 8 105.68344642906617 8 2
tr 3 1 1 9 8 8 10168.771178438148 9 1
ann 3 1 1 11 10 2 1.7923333322495328e-25 32 0
tr 3 1 1 11 10 2 4744.448319672558 9 1
tr 3 1 1 11 10 2 111.45914438230413 10 2
tr 3 1 1 11 10 2 120533.61140452612 11 1
ann 3 1 1 11 10 4 2.286461107796403e-25 32 0
tr 3 1 1 11 10 4 6541.587834700045 9 1
tr 3 1 1 11 10 4 101.13885323579419 10 2
tr 3 1 1 11 10 4 74998.69154059392 11 1
ann 3 1 1 11 10 6 2.8417211531667892e-25 32 0
tr 3 1 1 11 10 6 8626.269672131912 9 1
tr 3 1 1 11 10 6 82.56232917207701 10 2
tr 3 1 1 11 10 6 40177.87046817528 11 1
ann 3 1 1 11 10 8 3.4581134683606885e-25 32 0
tr 3 1 1 11 10 8 10998.493831968206 9 1
tr 3 1 1 11 10 8 55.729572191152364 10 2
tr 3 1 1 11 10 8 16071.148187269911 11 1
ann 3 1 1 11 10 10 4.1356380533781033e-25 32 0
tr 3 1 1 11 10 10 13658.260314208883 9 1
tr 3 1 1 11 10 10 20.640582293019204 10 2
tr 3 1 1 11 10 10 2678.5246978783434 11 1
ann 3 1 1 13 12 2 1.970571254340683e-31 36 0
tr 3 1 1 13 12 2 697.8947209119807 11 1
tr 3 1 1 13 12 2 12.501608766855028 12 2
tr 3 1 1 13 12 2 21197.794534546527 13 1
ann 3 1 1 13 12 4 2.458555907318472e-31 36 0
tr 3 1 1 13 12 4 920.3007308729441 11 1
tr 3 1 1 13 12 4 11.689815989786505 12 2
tr 3 1 1 13 12 4 14453.041728099888 13 1
ann 3 1 1 13 12 6 3.001466069473249e-31 36 0
tr 3 1 1 13 12 6 1173.3834318630043 11 1
tr 3 1 1 13 12 6 10.228588991063214 12 2
tr 3 1 1 13 12 6 8993.003741928835 13 1
ann 3 1 1 13 12 8 3.5993017408050146e-31 36 0
tr 3 1 1 13 12 8 1457.1428238821638 11 1
tr 3 1 1 13 12 8 8.11792777068507 12 2
tr 3 1 1 13 12 8 4817.680576033307 13 1
ann 3 1 1 13 12 10 4.252062921313777e-31 36 0
tr 3 1 1 13 12 10 1771.5789069304203 11 1
tr 3 1 1 13 12 10 5.357832328652192 12 2
tr 3 1 1 13 12 10 1927.072230413322 13 1
ann 3 1 1 13 12 12 4.9597496109995265e-31 36 0
tr 3 1 1 13 12 12 2116.6916810077714 11 1
tr 3 1 1 13 12 12 1.948302664964403 12 2
tr 3 1 1 13 12 12 321.17870506888306 13 1
ann 3 1 1 15 14 2 1.1352789675228023e-37 40 0
tr 3 1 1 15 14 2 52.56450686568639 13 1
tr 3 1 1 15 14 2 0.73864044552711 14 2
tr 3 1 1 15 14 2 1818.798160041459 15 1
ann 3 1 1 15 14 4 1.388810830631693e-37 40 0
tr 3 1 1 15 14 4 67.01974625375028 13 1
tr 3 1 1 15 14 4 0.7031288856460017 14 2
tr 3 1 1 15 14 4 1319.1283358542446 15 1
ann 3 1 1 15 14 6 1.6683080964700081e-37 40 0
tr 3 1 1 15 14 6 83.22713587067014 13 1
tr 3 1 1 15 14 6 0.6392080778599996 14 2
tr 3 1 1 15 14 6 899.4056835369865 15 1
ann 3 1 1 15 14 8 1.973770765037757e-37 40 0
tr 3 1 1 15 14 8 101.18667571644629 13 1
tr 3 1 1 15 14 8 0.5468780221691147 14 2
tr 3 1 1 15 14 8 559.6302030896827 15 1
ann 3 1 1 15 14 10 2.3051988363349315e-37 40 0
tr 3 1 1 15 14 10 120.89836579107873 13 1
tr 3 1 1 15 14 10 0.426138718573337 14 2
tr 3 1 1 15 14 10 299.8018945123285 15 1
ann 3 1 1 15 14 12 2.662592310361537e-37 40 0
tr 3 1 1 15 14 12 142.36220609456737 13 1
tr 3 1 1 15 14 12 0.2769901670726687 14 2
tr 3 1 1 15 14 12 119.9207578049315 15 1
ann 3 1 1 15 14 14 3.045951187117567e-37 40 0
tr 3 1 1 15 14 14 165.5781966269121 13 1
tr 3 1 1 15 14 14 0.09943236766711096 14 2
tr 3 1 1 15 14 14 19.986792967487975 15 1
ann 3 2 1 3 2 1 3.7758818349429376e-8 18 0
ann 3 2 1 3 2 2 4.719817917530709e-8 18 0
tr 3 2 1 3 2 2 518.3999999999996 2 1
tr 3 2 1 3 2 2 37.02857142857139 3 2
ann 3 2 1 4 1 1 9.072350080166173e-7 16 0
tr 3 2 1 4 1 1 0.36178451444569376 2 2
tr 3 2 1 4 1 1 440.8938484946399 3 1
ann 3 2 1 4 2 1 9.072348721380434e-8 18 0
tr 3 2 1 4 2 1 46.86774484514322 2 1
tr 3 2 1 4 2 1 26.78156848293893 3 2
tr 3 2 1 4 2 1 4405.645299079511 4 1
ann 3 2 1 4 2 2 2.835088635694768e-8 18 0
tr 3 2 1 4 2 2 281.2064690708587 2 1
tr 3 2 1 4 2 2 20.086176362204192 3 2
tr 3 2 1 4 2 2 1376.7641559623453 4 1
ann 3 2 1 4 3 1 2.0040832945038524e-9 20 0
tr 3 2 1 4 3 1 25.516883304577938 2 2
tr 3 2 1 4 3 1 196.76254395628735 3 1
tr 3 2 1 4 3 1 234.24112375748328 4 2
tr 3 2 1 4 3 1 15448.366633135971 5 1
ann 3 2 1 4 3 2 2.143332725701869e-9 20 0
tr 3 2 1 4 3 2 1475.719079672146 3 1
tr 3 2 1 4 3 2 229.55630128233423 4 2
tr 3 2 1 4 3 2 7415.215983905272 5 1
ann 3 2 1 4 3 3 1.718246407342167e-9 20 0
tr 3 2 1 4 3 3 63.792208261444756 2 2
tr 3 2 1 4 3 3 2459.5317994535712 3 1
tr 3 2 1 4 3 3 126.49020682904096 4 2
tr 3 2 1 4 3 3 2162.771328639033 5 1
ann 3 2 1 5 1 1 4.7565241503652864e-7 16 0
tr 3 2 1 5 1 1 0.04972662281943484 2 2
tr 3 2 1 5 1 1 14.838251163487941 3 1
ann 3 2 1 5 2 1 5.327306346909098e-8 18 0
tr 3 2 1 5 2 1 3.3715316253132506 2 1
tr 3 2 1 5 2 1 1.9265895001789963 3 2
tr 3 2 1 5 2 1 18.14240949526812 4 1
ann 3 2 1 5 2 2 1.664771373912745e-8 18 0
tr 3 2 1 5 2 2 20.229189751879453 2 1
tr 3 2 1 5 2 2 1.4449421251342467 3 2
tr 3 2 1 5 2 2 5.6695029672712804 4 1
ann 3 2 1 5 3 1 1.7214944761491609e-9 20 0
tr 3 2 1 5 3 1 2.6852376322494833 2 2
tr 3 2 1 5 3 1 1.1853040870241955 3 1
tr 3 2 1 5 3 1 1.4110762940764137 4 2
tr 3 2 1 5 3 1 6525.867699916483 5 1
ann 3 2 1 5 3 2 1.841108828124952e-9 20 0
tr 3 2 1 5 3 2 8.889780652681413 3 1
tr 3 2 1 5 3 2 1.3828547681948886 4 2
tr 3 2 1 5 3 2 3132.4164959599148 5 1
ann 3 2 1 5 3 3 1.4759624770657865e-9 20 0
tr 3 2 1 5 3 3 6.713094080623699 2 2
tr 3 2 1 5 3 3 14.816301087802321 3 1
tr 3 2 1 5 3 3 0.7619811988012632 4 2
tr 3 2 1 5 3 3 913.6214779883064 5 1
ann 3 2 1 5 4 1 2.608863538946083e-11 22 0
tr 3 2 1 5 4 1 409.6410924755599 2 1
tr 3 2 1 5 4 1 40.63899726940071 3 2
tr 3 2 1 5 4 1 382.69145029081665 4 1
tr 3 2 1 5 4 1 636.4274785442378 5 2
tr 3 2 1 5 4 1 86250.97869120397 6 1
ann 3 2 1 5 4 2 2.717454833709111e-11 22 0
tr 3 2 1 5 4 2 546.1881233007454 2 1
tr 3 2 1 5 4 2 6.773166211566804 3 2
tr 3 2 1 5 4 2 3099.800747355588 4 1
tr 3 2 1 5 4 2 678.8559771138525 5 2
ann 3 2 1 5 4 3 2.7894291051757943e-11 22 0
tr 3 2 1 5 4 3 477.9146078881516 2 1
tr 3 2 1 5 4 3 9.482432696193497 3 2
tr 3 2 1 5 4 3 6697.100380089224 4 1
tr 3 2 1 5 4 3 530.3562321201968 5 2
ann 3 2 1 5 4 4 2.9803151924138665e-11 22 0
tr 3 2 1 5 4 4 113.78919235432191 3 2
tr 3 2 1 5 4 4 7500.752425699927 4 1
tr 3 2 1 5 4 4 254.57099141769444 5 2
tr 3 2 1 5 4 4 6468.823401840321 6 1
ann 3 2 1 6 1 1 2.7876630085822053e-7 16 0
tr 3 2 1 6 1 1 0.016167172752015527 2 2
tr 3 2 1 6 1 1 2.7149537915921065 3 1
ann 3 2 1 6 2 1 3.3038964964732534e-8 18 0
tr 3 2 1 6 2 1 0.8446522907175477 2 1
tr 3 2 1 6 2 1 0.4826584518385975 3 2
tr 3 2 1 6 2 1 16.343989903529184 4 1
ann 3 2 1 6 2 2 1.0324603284235669e-8 18 0
tr 3 2 1 6 2 2 5.067913744305274 2 1
tr 3 2 1 6 2 2 0.36199383887894815 3 2
tr 3 2 1 6 2 2 5.1074968448528635 4 1
ann 3 2 1 6 3 1 1.2511393732662926e-9 20 0
tr 3 2 1 6 3 1 0.7883421380030435 2 2
tr 3 2 1 6 3 1 1.2513367269889657 3 1
tr 3 2 1 6 3 1 1.4896865797487586 4 2
tr 3 2 1 6 3 1 990.9575696558995 5 1
ann 3 2 1 6 3 2 1.3380721091811435e-9 20 0
tr 3 2 1 6 3 2 9.385025452417185 3 1
tr 3 2 1 6 3 2 1.4598928481537865 4 2
tr 3 2 1 6 3 2 475.65963343483224 5 1
ann 3 2 1 6 3 3 1.072692831295063e-9 20 0
tr 3 2 1 6 3 3 1.9708553450076065 2 2
tr 3 2 1 6 3 3 15.641709087361942 3 1
tr 3 2 1 6 3 3 0.8044307530643293 4 2
tr 3 2 1 6 3 3 138.73405975182575 5 1
ann 3 2 1 6 4 1 2.926014117287237e-11 22 0
tr 3 2 1 6 4 1 135.1443665148076 2 1
tr 3 2 1 6 4 1 13.407179217738827 3 2
tr 3 2 1 6 4 1 40.85997475882348 4 1
tr 3 2 1 6 4 1 67.95137620497617 5 2
ann 3 2 1 6 4 2 3.047806486137685e-11 22 0
tr 3 2 1 6 4 2 180.19248868640975 2 1
tr 3 2 1 6 4 2 2.234529869623144 3 2
tr 3 2 1 6 4 2 330.9657955464674 4 1
tr 3 2 1 6 4 2 72.48146795197451 5 2
ann 3 2 1 6 4 3 3.128530420789849e-11 22 0
tr 3 2 1 6 4 3 157.66842760060834 2 1
tr 3 2 1 6 4 3 3.1283418174723923 3 2
tr 3 2 1 6 4 3 715.0495582794039 4 1
tr 3 2 1 6 4 3 56.62614683748002 5 2
ann 3 2 1 6 4 4 3.342621861357988e-11 22 0
tr 3 2 1 6 4 4 37.54010180966869 3 2
tr 3 2 1 6 4 4 800.8555052729317 4 1
tr 3 2 1 6 4 4 27.1805504819904 5 2
ann 3 2 1 6 5 1 2.255784530374003e-13 24 0
tr 3 2 1 6 5 1 572.0396466235245 3 1
tr 3 2 1 6 5 1 53.390367018195555 4 2
tr 3 2 1 6 5 1 554.9362390073062 5 1
tr 3 2 1 6 5 1 1117.6338240147122 6 2
tr 3 2 1 6 5 1 264105.4697979381 7 1
ann 3 2 1 6 5 2 2.36566228940539e-13 24 0
tr 3 2 1 6 5 2 750.8020361933746 3 1
tr 3 2 1 6 5 2 18.686628456368428 4 2
tr 3 2 1 6 5 2 4661.4644076613695 5 1
tr 3 2 1 6 5 2 1231.6780917713145 6 2
tr 3 2 1 6 5 2 172477.04150069444 7 1
ann 3 2 1 6 5 3 2.4163246764377105e-13 24 0
tr 3 2 1 6 5 3 800.8555052729324 3 1
tr 3 2 1 6 5 3 11098.72478014609 5 1
tr 3 2 1 6 5 3 1103.9485118839184 6 2
tr 3 2 1 6 5 3 97018.33584414018 7 1
ann 3 2 1 6 5 4 2.460540247472259e-13 24 0
tr 3 2 1 6 5 4 600.6416289546987 3 1
tr 3 2 1 6 5 4 32.03422021091728 4 2
tr 3 2 1 6 5 4 16315.125426814766 5 1
tr 3 2 1 6 5 4 770.9392500346386 6 2
tr 3 2 1 6 5 4 43119.26037517354 7 1
ann 3 2 1 6 5 5 2.5750588386320595e-13 24 0
tr 3 2 1 6 5 5 160.17110105458644 4 2
tr 3 2 1 6 5 5 14983.278453197247 5 1
tr 3 2 1 6 5 5 342.13280326980987 6 2
tr 3 2 1 6 5 5 11857.796603172732 7 1
ann 3 2 1 7 1 1 1.7688031915662746e-7 16 0
tr 3 2 1 7 1 1 0.0074292859721158564 2 2
tr 3 2 1 7 1 1 0.9206474722319185 3 1
ann 3 2 1 7 2 1 2.1658812079780467e-8 18 0
tr 3 2 1 7 2 1 0.3384968421045294 2 1
tr 3 2 1 7 2 1 0.19342676691687355 3 2
tr 3 2 1 7 2 1 8.77749391324409 4 1
ann 3 2 1 7 2 2 6.7683308562506765e-9 18 0
tr 3 2 1 7 2 2 2.0309810526271717 2 1
tr 3 2 1 7 2 2 0.1450700751876551 3 2
tr 3 2 1 7 2 2 2.742966847888774 4 1
ann 3 2 1 7 3 1 8.927226286024482e-10 20 0
tr 3 2 1 7 3 1 0.34386980785221993 2 2
tr 3 2 1 7 3 1 0.7314578261036813 3 1
tr 3 2 1 7 3 1 0.8707831263139002 4 2
tr 3 2 1 7 3 1 263.92328289140784 5 1
ann 3 2 1 7 3 2 9.547515455718938e-10 20 0
tr 3 2 1 7 3 2 5.485933695777576 3 1
tr 3 2 1 7 3 2 0.8533674637876244 4 2
tr 3 2 1 7 3 2 126.68317578787585 5 1
ann 3 2 1 7 3 3 7.65396077558151e-10 20 0
tr 3 2 1 7 3 3 0.8596745196305488 2 2
tr 3 2 1 7 3 3 9.14322282629594 3 1
tr 3 2 1 7 3 3 0.47022288820950614 4 2
tr 3 2 1 7 3 3 36.949259604797035 5 1
ann 3 2 1 7 4 1 2.530915438672531e-11 22 0
tr 3 2 1 7 4 1 60.32013726302713 2 1
tr 3 2 1 7 4 1 5.984140601490774 3 2
tr 3 2 1 7 4 1 8.976982411272475 4 1
tr 3 2 1 7 4 1 14.92899377971604 5 2
ann 3 2 1 7 4 2 2.6362622276833842e-11 22 0
tr 3 2 1 7 4 2 80.426849684036 2 1
tr 3 2 1 7 4 2 0.9973567669151321 3 2
tr 3 2 1 7 4 2 72.71355753130644 4 1
tr 3 2 1 7 4 2 15.924260031697088 5 2
ann 3 2 1 7 4 3 2.706086036327311e-11 22 0
tr 3 2 1 7 4 3 70.37349347353141 2 1
tr 3 2 1 7 4 3 1.3962994736811807 3 2
tr 3 2 1 7 4 3 157.09719219726676 4 1
tr 3 2 1 7 4 3 12.440828149763338 5 2
ann 3 2 1 7 4 4 2.8912687768550846e-11 22 0
tr 3 2 1 7 4 4 16.75559368417416 3 2
tr 3 2 1 7 4 4 175.94885526093861 4 1
tr 3 2 1 7 4 4 5.971597511886403 5 2
tr 3 2 1 7 4 4 39.77835612533244 6 1
ann 3 2 1 7 5 1 3.1276907743188885e-13 24 0
tr 3 2 1 7 5 1 345.46987705188286 3 1
tr 3 2 1 7 5 1 32.24385519150902 4 2
tr 3 2 1 7 5 1 207.8395852769845 5 1
tr 3 2 1 7 5 1 418.5860179004995 6 2
tr 3 2 1 7 5 1 43283.49023266047 7 1
ann 3 2 1 7 5 2 3.2800385075904137e-13 24 0
tr 3 2 1 7 5 2 453.42921363059554 3 1
tr 3 2 1 7 5 2 11.285349317028148 4 2
tr 3 2 1 7 5 2 1745.8525163266693 5 1
tr 3 2 1 7 5 2 461.2988768699378 6 2
tr 3 2 1 7 5 2 28266.7691315334 7 1
ann 3 2 1 7 5 3 3.3502829302951757e-13 24 0
tr 3 2 1 7 5 3 483.6578278726347 3 1
tr 3 2 1 7 5 3 4156.791705539678 5 1
tr 3 2 1 7 5 3 413.4604748241662 6 2
tr 3 2 1 7 5 3 15900.05763648746 7 1
ann 3 2 1 7 5 4 3.4115887076986023e-13 24 0
tr 3 2 1 7 5 4 362.74337090447574 3 1
tr 3 2 1 7 5 4 19.34631311490538 4 2
tr 3 2 1 7 5 4 6110.483807143331 5 1
tr 3 2 1 7 5 4 288.73892663340587 6 2
ann 3 2 1 7 5 5 3.5703710332466754e-13 24 0
tr 3 2 1 7 5 5 96.73156557452691 4 2
tr 3 2 1 7 5 5 5611.6688024785735 5 1
tr 3 2 1 7 5 5 128.13857690831617 6 2
tr 3 2 1 7 5 5 1943.3403777929188 7 1
ann 3 2 1 7 6 1 1.2745885628169435e-15 26 0
tr 3 2 1 7 6 1 706.9373648877013 4 1
tr 3 2 1 7 6 1 53.98430786415171 5 2
tr 3 2 1 7 6 1 601.4487446150252 6 1
tr 3 2 1 7 6 1 1370.9632294835417 7 2
tr 3 2 1 7 6 1 508158.3596820778 8 1
ann 3 2 1 7 6 2 1.3594059556561963e-15 26 0
tr 3 2 1 7 6 2 904.8798270562579 4 1
tr 3 2 1 7 6 2 25.912467774792827 5 2
tr 3 2 1 7 6 2 5155.274953843056 6 1
tr 3 2 1 7 6 2 1530.0928900485949 7 2
tr 3 2 1 7 6 2 357298.84665146127 8 1
ann 3 2 1 7 6 3 1.4037710336005625e-15 26 0
tr 3 2 1 7 6 3 1017.9898054382885 4 1
tr 3 2 1 7 6 3 3.7017811106846703 5 2
tr 3 2 1 7 6 3 12888.187384607703 6 1
tr 3 2 1 7 6 3 1468.8891744466491 7 2
tr 3 2 1 7 6 3 226856.41057235567 8 1
ann 3 2 1 7 6 4 1.4116514922027802e-15 26 0
tr 3 2 1 7 6 4 969.5141004174175 4 1
tr 3 2 1 7 6 4 4.6272263883558304 5 2
tr 3 2 1 7 6 4 21050.706061525863 6 1
tr 3 2 1 7 6 4 1199.5928257980968 7 2
tr 3 2 1 7 6 4 124771.02581479496 8 1
ann 3 2 1 7 6 5 1.391431298323004e-15 26 0
tr 3 2 1 7 6 5 666.5409440369756 4 1
tr 3 2 1 7 6 5 50.899490271914466 5 2
tr 3 2 1 7 6 5 25518.61102152317 6 1
tr 3 2 1 7 6 5 783.407559704881 7 2
tr 3 2 1 7 6 5 54445.53853736523 8 1
ann 3 2 1 7 6 6 1.3559106901288043e-15 26 0
tr 3 2 1 7 6 6 169.66496757304827 5 2
tr 3 2 1 7 6 6 20792.942313833686 6 1
tr 3 2 1 7 6 6 330.5000642504964 7 2
tr 3 2 1 7 6 6 14745.66668720323 8 1
ann 3 2 1 8 1 1 1.1907458810221561e-7 16 0
tr 3 2 1 8 1 1 0.004101412470037653 2 2
tr 3 2 1 8 1 1 0.42320172137665885 3 1
ann 3 2 1 8 2 1 1.4884321844538749e-8 18 0
tr 3 2 1 8 2 1 0.17213065740334135 2 1
tr 3 2 1 8 2 1 0.09836037565905198 3 2
tr 3 2 1 8 2 1 5.024027254188071 4 1
ann 3 2 1 8 2 2 4.651317695767905e-9 18 0
tr 3 2 1 8 2 2 1.0327839444200457 2 1
tr 3 2 1 8 2 2 0.07377028174428896 3 2
tr 3 2 1 8 2 2 1.5700085169337703 4 1
ann 3 2 1 8 3 1 6.458471824035232e-10 20 0
tr 3 2 1 8 3 1 0.18408417527857326 2 2
tr 3 2 1 8 3 1 0.44074718261839146 3 1
tr 3 2 1 8 3 1 0.5246990269266528 4 2
tr 3 2 1 8 3 1 100.24473725795116 5 1
ann 3 2 1 8 3 2 6.907224884575619e-10 20 0
tr 3 2 1 8 3 2 3.305603869637916 3 1
tr 3 2 1 8 3 2 0.5142050463881209 4 2
tr 3 2 1 8 3 2 48.117473883816594 5 1
ann 3 2 1 8 3 3 5.537317929036266e-10 20 0
tr 3 2 1 8 3 3 0.4602104381964325 2 2
tr 3 2 1 8 3 3 5.509339782729847 3 1
tr 3 2 1 8 3 3 0.28333747454039243 4 2
tr 3 2 1 8 3 3 14.034263216113144 5 1
ann 3 2 1 8 4 1 2.0390800011100683e-11 22 0
tr 3 2 1 8 4 1 32.44819374468806 2 1
tr 3 2 1 8 4 1 3.219066839750793 3 2
tr 3 2 1 8 4 1 2.963377447493106 4 1
tr 3 2 1 8 4 1 4.928186494497584 5 2
ann 3 2 1 8 4 2 2.1239546396428786e-11 22 0
tr 3 2 1 8 4 2 43.26425832625066 2 1
tr 3 2 1 8 4 2 0.5365111399584671 3 2
tr 3 2 1 8 4 2 24.003357324693955 4 1
tr 3 2 1 8 4 2 5.256732260797417 5 2
ann 3 2 1 8 4 3 2.180209514233129e-11 22 0
tr 3 2 1 8 4 3 37.856226035469284 2 1
tr 3 2 1 8 4 3 0.7511155959418517 3 2
tr 3 2 1 8 4 3 51.85910533112884 4 1
tr 3 2 1 8 4 3 4.106822078747977 5 2
ann 3 2 1 8 4 4 2.3294054961791654e-11 22 0
tr 3 2 1 8 4 4 9.013387151302217 3 2
tr 3 2 1 8 4 4 58.08219797086425 4 1
tr 3 2 1 8 4 4 1.971274597799029 5 2
tr 3 2 1 8 4 4 36.442249467186684 6 1
ann 3 2 1 8 5 1 3.135089261798394e-13 24 0
tr 3 2 1 8 5 1 208.6268753978528 3 1
tr 3 2 1 8 5 1 19.47184170379957 4 2
tr 3 2 1 8 5 1 92.87914072936888 5 1
tr 3 2 1 8 5 1 187.05729041998725 6 2
tr 3 2 1 8 5 1 10289.29956984233 7 1
ann 3 2 1 8 5 2 3.2877973724044097e-13 24 0
tr 3 2 1 8 5 2 273.8227739596814 3 1
tr 3 2 1 8 5 2 6.815144596329847 4 2
tr 3 2 1 8 5 2 780.184782126698 5 1
tr 3 2 1 8 5 2 206.14476903427155 6 2
tr 3 2 1 8 5 2 6719.542576223569 7 1
ann 3 2 1 8 5 3 3.358207957279093e-13 24 0
tr 3 2 1 8 5 3 292.0776255569932 3 1
tr 3 2 1 8 5 3 1857.5828145873718 5 1
tr 3 2 1 8 5 3 184.76679298627292 6 2
ann 3 2 1 8 5 4 3.4196587495369904e-13 24 0
tr 3 2 1 8 5 4 219.05821916774468 3 1
tr 3 2 1 8 5 4 11.683105022279724 4 2
tr 3 2 1 8 5 4 2730.6467374434383 5 1
tr 3 2 1 8 5 4 129.03135543256272 6 2
ann 3 2 1 8 5 5 3.578816663474469e-13 24 0
tr 3 2 1 8 5 5 58.41552511139864 4 2
tr 3 2 1 8 5 5 2507.736799692956 5 1
tr 3 2 1 8 5 5 57.26243584285325 6 2
tr 3 2 1 8 5 5 461.96855211536985 7 1
ann 3 2 1 8 6 1 2.106817433787306e-15 26 0
tr 3 2 1 8 6 1 635.2346532370558 4 1
tr 3 2 1 8 6 1 48.50882806537515 5 2
tr 3 2 1 8 6 1 415.7149607969313 6 1
tr 3 2 1 8 6 1 947.595169665846 7 2
tr 3 2 1 8 6 1 242162.2530999246 8 1
ann 3 2 1 8 6 2 2.247015430649043e-15 26 0
tr 3 2 1 8 6 2 813.1003561434319 4 1
tr 3 2 1 8 6 2 23.284237471380088 5 2
tr 3 2 1 8 6 2 3563.2710925451124 6 1
tr 3 2 1 8 6 2 1057.5838947163452 7 2
tr 3 2 1 8 6 2 170270.3342108846 8 1
ann 3 2 1 8 6 3 2.3203482089158585e-15 26 0
tr 3 2 1 8 6 3 914.7379006613592 4 1
tr 3 2 1 8 6 3 3.326319638768565 5 2
tr 3 2 1 8 6 3 8908.177731362828 6 1
tr 3 2 1 8 6 3 1015.2805389276903 7 2
tr 3 2 1 8 6 3 108108.14870532323 8 1
ann 3 2 1 8 6 4 2.333374127650594e-15 26 0
tr 3 2 1 8 6 4 871.1789530108184 4 1
tr 3 2 1 8 6 4 4.1578995484606995 5 2
tr 3 2 1 8 6 4 14550.023627892582 6 1
tr 3 2 1 8 6 4 829.1457734576138 7 2
tr 3 2 1 8 6 4 59459.48178792748 8 1
ann 3 2 1 8 6 5 2.2999513738663698e-15 26 0
tr 3 2 1 8 6 5 598.9355301949383 4 1
tr 3 2 1 8 6 5 45.736895033068 5 2
tr 3 2 1 8 6 5 17638.19190809834 6 1
tr 3 2 1 8 6 5 541.4829540947691 7 2
tr 3 2 1 8 6 5 25945.955689277525 8 1
ann 3 2 1 8 6 6 2.2412379625266088e-15 26 0
tr 3 2 1 8 6 6 152.45631677689335 5 2
tr 3 2 1 8 6 6 14371.860073265309 6 1
tr 3 2 1 8 6 6 228.4381212587305 7 2
tr 3 2 1 8 6 6 7027.029665846063 8 1
ann 3 2 1 8 7 1 4.990197763849473e-18 28 0
tr 3 2 1 8 7 1 690.6226214015951 5 1
tr 3 2 1 8 7 1 42.40348207454413 6 2
tr 3 2 1 8 7 1 498.9260362845964 7 1
tr 3 2 1 8 7 1 1239.9779431190761 8 2
tr 3 2 1 8 7 1 669848.1912372791 9 1
ann 3 2 1 8 7 2 5.3903659172198955e-18 28 0
tr 3 2 1 8 7 2 863.2782767519927 5 1
tr 3 2 1 8 7 2 24.23056118545375 6 2
tr 3 2 1 8 7 2 4329.965243469903 7 1
tr 3 2 1 8 7 2 1389.2345473834105 8 2
tr 3 2 1 8 7 2 496183.84536094894 9 1
ann 3 2 1 8 7 3 5.644507303172312e-18 28 0
tr 3 2 1 8 7 3 986.603744859423 5 1
tr 3 2 1 8 7 3 7.5720503704543125 6 2
tr 3 2 1 8 7 3 11136.741881352698 7 1
tr 3 2 1 8 7 3 1385.9541824545229 8 2
tr 3 2 1 8 7 3 341126.3936856509 9 1
ann 3 2 1 8 7 4 5.732629672075367e-18 28 0
tr 3 2 1 8 7 4 1017.4351118862783 5 1
tr 3 2 1 8 7 4 19208.652396957183 7 1
tr 3 2 1 8 7 4 1230.1368483324186 8 2
tr 3 2 1 8 7 4 212650.2194404056 9 1
ann 3 2 1 8 7 5 5.6390708234730074e-18 28 0
tr 3 2 1 8 7 5 904.3867661211352 5 1
tr 3 2 1 8 7 5 11.105673876666268 6 2
tr 3 2 1 8 7 5 25979.79146081952 7 1
tr 3 2 1 8 7 5 948.0254644481843 8 2
tr 3 2 1 8 7 5 115185.53553021954 9 1
ann 3 2 1 8 7 6 5.352498606084493e-18 28 0
tr 3 2 1 8 7 6 587.8513979787379 5 1
tr 3 2 1 8 7 6 52.49954923514982 6 2
tr 3 2 1 8 7 6 28028.95196698836 7 1
tr 3 2 1 8 7 6 592.1058696640021 8 2
tr 3 2 1 8 7 6 49618.38453609471 9 1
ann 3 2 1 8 7 7 4.865910917804361e-18 28 0
tr 3 2 1 8 7 7 137.8113167422682 6 2
tr 3 2 1 8 7 7 21079.625033024342 7 1
tr 3 2 1 8 7 7 241.1068222731534 8 2
tr 3 2 1 8 7 7 13290.63871502535 9 1
ann 3 2 1 9 8 2 1.5551793052571616e-20 30 0
tr 3 2 1 9 8 2 649.828764479381 6 1
tr 3 2 1 9 8 2 16.83628415623397 7 2
tr 3 2 1 9 8 2 2842.7942001593947 8 1
tr 3 2 1 9 8 2 963.8314288534935 9 2
tr 3 2 1 9 8 2 494410.36444231804 10 1
ann 3 2 1 9 8 4 1.693565540430722e-20 30 0
tr 3 2 1 9 8 4 794.2351565859134 6 1
tr 3 2 1 9 8 4 0.9877286704990635 7 2
tr 3 2 1 9 8 4 13266.372934077273 8 1
tr 3 2 1 9 8 4 917.9346941461869 9 2
tr 3 2 1 9 8 4 243459.6491572029 10 1
ann 3 2 1 9 8 6 1.622911984850824e-20 30 0
tr 3 2 1 9 8 6 657.0490840847076 6 1
tr 3 2 1 9 8 6 12.256814865738345 7 2
tr 3 2 1 9 8 6 22931.873214619198 8 1
tr 3 2 1 9 8 6 573.7091838413623 9 2
tr 3 2 1 9 8 6 80261.42279907783 10 1
ann 3 2 1 9 8 8 1.274620764866692e-20 30 0
tr 3 2 1 9 8 8 87.99764518991614 7 2
tr 3 2 1 9 8 8 16244.53828662516 8 1
tr 3 2 1 9 8 8 137.69020412192782 9 2
tr 3 2 1 9 8 8 9096.294583895475 10 1
ann 3 2 1 11 10 2 5.872993209272332e-26 34 0
tr 3 2 1 11 10 2 191.9655096710772 8 1
tr 3 2 1 11 10 2 4.0002793228760725 9 2
tr 3 2 1 11 10 2 642.9704551409869 10 1
tr 3 2 1 11 10 2 234.25096842199764 11 2
tr 3 2 1 11 10 2 217096.0259235345 12 1
ann 3 2 1 11 10 4 6.589722769738509e-26 34 0
tr 3 2 1 11 10 4 238.21174609183652 8 1
tr 3 2 1 11 10 4 1.0130577505984775 9 2
tr 3 2 1 11 10 4 3176.4857259125934 10 1
tr 3 2 1 11 10 4 240.94385323405518 11 2
tr 3 2 1 11 10 4 127524.93830473335 12 1
ann 3 2 1 11 10 6 6.71094483663644e-26 34 0
tr 3 2 1 11 10 6 244.31973958137078 8 1
tr 3 2 1 11 10 6 0.1484333700510633 9 2
tr 3 2 1 11 10 6 6403.244861897955 10 1
tr 3 2 1 11 10 6 192.81882434735783 11 2
tr 3 2 1 11 10 6 60220.10975501316 12 1
ann 3 2 1 11 10 8 5.964556108763198e-26 34 0
tr 3 2 1 11 10 8 178.0043816949988 8 1
tr 3 2 1 11 10 8 4.7313136703775225 9 2
tr 3 2 1 11 10 8 8037.130689262428 10 1
tr 3 2 1 11 10 8 107.72357459406116 11 2
tr 3 2 1 11 10 8 19229.95101420584 12 1
ann 3 2 1 11 10 10 4.0453976788613473e-26 34 0
tr 3 2 1 11 10 10 19.036579709048446 9 2
tr 3 2 1 11 10 10 4775.9739569114845 10 1
tr 3 2 1 11 10 10 23.903160043060833 11 2
tr 3 2 1 11 10 10 2125.415638412206 12 1
ann 3 2 1 13 12 2 9.352611964804885e-32 38 0
tr 3 2 1 13 12 2 26.515223907360365 10 1
tr 3 2 1 13 12 2 0.4389231841114672 11 2
tr 3 2 1 13 12 2 69.51685312209584 12 1
tr 3 2 1 13 12 2 26.46633646328122 13 2
tr 3 2 1 13 12 2 39263.49521281861 14 1
ann 3 2 1 13 12 4 1.062307509716591e-31 38 0
tr 3 2 1 13 12 4 32.63412173213595 10 1
tr 3 2 1 13 12 4 0.17864191457528097 11 2
tr 3 2 1 13 12 4 353.9039795306723 12 1
tr 3 2 1 13 12 4 28.195670948097906 13 2
tr 3 2 1 13 12 4 25672.285331458184 14 1
ann 3 2 1 13 12 6 1.122770008842642e-31 38 0
tr 3 2 1 13 12 6 35.66443303583424 10 1
tr 3 2 1 13 12 6 0.009110737643339388 11 2
tr 3 2 1 13 12 6 764.6853843430566 12 1
tr 3 2 1 13 12 6 25.263321169495768 13 2
tr 3 2 1 13 12 6 14607.118498754911 14 1
ann 3 2 1 13 12 8 1.0838280007605722e-31 38 0
tr 3 2 1 13 12 8 33.2168739059241 10 1
tr 3 2 1 13 12 8 0.10182589130791099 11 2
tr 3 2 1 13 12 8 1128.520342891169 12 1
tr 3 2 1 13 12 8 18.421171686090634 13 2
tr 3 2 1 13 12 8 6726.962466531887 14 1
ann 3 2 1 13 12 10 9.082544359456378e-32 38 0
tr 3 2 1 13 12 10 22.435958690843457 10 1
tr 3 2 1 13 12 10 0.674015943692535 11 2
tr 3 2 1 13 12 10 1195.0278084322222 12 1
tr 3 2 1 13 12 10 9.624122350284058 13 2
tr 3 2 1 13 12 10 2105.035873880723 14 1
ann 3 2 1 13 12 12 5.544159084464348e-32 38 0
tr 3 2 1 13 12 12 1.988641793052031 11 2
tr 3 2 1 13 12 12 636.7864121487236 12 1
tr 3 2 1 13 12 12 2.03008830826305 13 2
tr 3 2 1 13 12 12 228.80824716094716 14 1
ann 3 2 1 15 14 2 7.343110071821672e-38 42 0
tr 3 2 1 15 14 2 1.9108047334255254 12 1
tr 3 2 1 15 14 2 0.025390415102372305 13 2
tr 3 2 1 15 14 2 4.013455944746602 14 1
tr 3 2 1 15 14 2 1.573354809724435 15 2
tr 3 2 1 15 14 2 3443.5359938366505 16 1
ann 3 2 1 15 14 4 8.365532792190275e-38 42 0
tr 3 2 1 15 14 4 2.3202628905881455 12 1
tr 3 2 1 15 14 4 0.013109637880336518 13 2
tr 3 2 1 15 14 4 20.800507252100257 14 1
tr 3 2 1 15 14 4 1.7046277995467816 15 2
tr 3 2 1 15 14 4 2419.1563788633853 16 1
ann 3 2 1 15 14 6 9.018002754903454e-38 42 0
tr 3 2 1 15 14 6 2.593234995363209 12 1
tr 3 2 1 15 14 6 0.002990193514122338 13 2
tr 3 2 1 15 14 6 46.69501628022495 14 1
tr 3 2 1 15 14 6 1.6233025814617286 15 2
tr 3 2 1 15 14 6 1542.5794723521578 16 1
ann 3 2 1 15 14 8 9.113593161090836e-38 42 0
tr 3 2 1 15 14 8 2.6273565084600934 12 1
tr 3 2 1 15 14 8 0.000403938422083211 13 2
tr 3 2 1 15 14 8 74.28752590035783 14 1
tr 3 2 1 15 14 8 1.3447477006191784 15 2
tr 3 2 1 15 14 8 860.1049179175594 16 1
ann 3 2 1 15 14 10 8.440498371914491e-38 42 0
tr 3 2 1 15 14 10 2.302064750269797 12 1
tr 3 2 1 15 14 10 0.012065693127160404 13 2
tr 3 2 1 15 14 10 92.87548692650823 14 1
tr 3 2 1 15 14 10 0.9253144892355842 15 2
tr 3 2 1 15 14 10 389.5402707959995 16 1
ann 3 2 1 15 14 12 6.76203390856888e-38 42 0
tr 3 2 1 15 14 12 1.47859890086499 12 1
tr 3 2 1 15 14 12 0.04603324225688383 13 2
tr 3 2 1 15 14 12 88.46325811545668 14 1
tr 3 2 1 15 14 12 0.4623370665938345 15 2
tr 3 2 1 15 14 12 120.20099784562193 16 1
ann 3 2 1 15 14 14 3.816636452280924e-38 42 0
tr 3 2 1 15 14 14 0.11170733454337138 13 2
tr 3 2 1 15 14 14 43.76210616675642 14 1
tr 3 2 1 15 14 14 0.09413233904334203 15 2
tr 3 2 1 15 14 14 12.910477546381523 16 1
ann 3 2 2 3 2 2 2.3599089587653566e-8 18 0
ann 3 2 2 4 1 1 5.67018944647662e-7 16 0
tr 3 2 2 4 1 1 0.241189676297129 2 2
tr 3 2 2 4 1 1 146.96461616487994 3 1
ann 3 2 2 4 2 1 2.8350886356947655e-8 18 0
tr 3 2 2 4 2 1 281.2064690708585 2 1
tr 3 2 2 4 2 1 20.086176362204192 3 2
tr 3 2 2 4 2 1 1376.7641559623453 4 1
ann 3 2 2 4 2 2 5.670177271389571e-8 18 0
tr 3 2 2 4 2 2 187.47097938057223 2 1
tr 3 2 2 4 2 2 6.695392120734725 3 2
tr 3 2 2 4 2 2 275.3528311924706 4 1
ann 3 2 2 4 3 1 1.6681320093707085e-9 20 0
tr 3 2 2 4 3 1 38.27532495686687 2 2
tr 3 2 2 4 3 1 2361.150527475432 3 1
tr 3 2 2 4 3 1 187.39289900598658 4 2
tr 3 2 2 4 3 1 4634.509989940789 5 1
ann 3 2 2 4 3 2 2.085161282867727e-9 20 0
tr 3 2 2 4 3 2 63.79220826144478 2 2
tr 3 2 2 4 3 2 1967.6254395628566 3 1
tr 3 2 2 4 3 2 93.6964495029934 4 2
tr 3 2 2 4 3 2 1544.8366633135963 5 1
ann 3 2 2 4 3 3 2.8189910339188486e-9 20 0
tr 3 2 2 4 3 3 63.79220826144478 2 2
tr 3 2 2 4 3 3 983.8127197814296 3 1
tr 3 2 2 4 3 3 28.108934850897736 4 2
tr 3 2 2 4 3 3 308.96733266271764 5 1
ann 3 2 2 5 1 1 2.9728122978328613e-7 16 0
tr 3 2 2 5 1 1 0.03315108187962319 2 2
tr 3 2 2 5 1 1 4.946083721162646 3 1
ann 3 2 2 5 2 1 1.6647713739127494e-8 18 0
tr 3 2 2 5 2 1 20.229189751879446 2 1
tr 3 2 2 5 2 1 1.4449421251342467 3 2
tr 3 2 2 5 2 1 5.6695029672712804 4 1
ann 3 2 2 5 2 2 3.329542747825533e-8 18 0
tr 3 2 2 5 2 2 13.486126501252954 2 1
tr 3 2 2 5 2 2 0.4816473750447486 3 2
tr 3 2 2 5 2 2 1.1339005934542619 4 1
ann 3 2 2 5 3 1 1.4329145199809635e-9 20 0
tr 3 2 2 5 3 1 4.02785644837422 2 2
tr 3 2 2 5 3 1 14.223649044290248 3 1
tr 3 2 2 5 3 1 1.1288610352611304 4 2
tr 3 2 2 5 3 1 1957.7603099749438 5 1
ann 3 2 2 5 3 2 1.7911399729132595e-9 20 0
tr 3 2 2 5 3 2 6.713094080623701 2 2
tr 3 2 2 5 3 2 11.853040870241848 3 1
tr 3 2 2 5 3 2 0.5644305176305661 4 2
tr 3 2 2 5 3 2 652.5867699916482 5 1
ann 3 2 2 5 3 3 2.421494964608212e-9 20 0
tr 3 2 2 5 3 3 6.713094080623701 2 2
tr 3 2 2 5 3 3 5.926520435120934 3 1
tr 3 2 2 5 3 3 0.16932915528916806 4 2
tr 3 2 2 5 3 3 130.51735399832893 5 1
ann 3 2 2 5 4 1 2.3293090621589115e-11 22 0
tr 3 2 2 5 4 1 68.2735154125929 2 1
tr 3 2 2 5 4 1 54.185329692534296 3 2
tr 3 2 2 5 4 1 7653.829005816258 4 1
tr 3 2 2 5 4 1 530.356232120197 5 2
tr 3 2 2 5 4 1 25156.535451601165 6 1
ann 3 2 2 5 4 2 3.056341741943928e-11 22 0
tr 3 2 2 5 4 2 204.82054623777944 2 1
tr 3 2 2 5 4 2 81.27799453880137 3 2
tr 3 2 2 5 4 2 6888.446105234623 4 1
tr 3 2 2 5 4 2 318.21373927211795 5 2
ann 3 2 2 5 4 3 3.894273213600431e-11 22 0
tr 3 2 2 5 4 3 477.9146078881516 2 1
tr 3 2 2 5 4 3 94.82432696193501 3 2
tr 3 2 2 5 4 3 4821.912273664237 4 1
ann 3 2 2 5 4 4 4.8082312347869954e-11 22 0
tr 3 2 2 5 4 4 955.8292157763036 2 1
tr 3 2 2 5 4 4 75.85946156954779 3 2
tr 3 2 2 5 4 4 2143.0721216285488 4 1
ann 3 2 2 6 1 1 1.7422804455309734e-7 16 0
tr 3 2 2 6 1 1 0.010778115168010343 2 2
tr 3 2 2 6 1 1 0.9049845971973686 3 1
ann 3 2 2 6 2 1 1.0324603284235662e-8 18 0
tr 3 2 2 6 2 1 5.067913744305271 2 1
tr 3 2 2 6 2 1 0.36199383887894815 3 2
tr 3 2 2 6 2 1 5.1074968448528635 4 1
ann 3 2 2 6 2 2 2.0649206568471758e-8 18 0
tr 3 2 2 6 2 2 3.3786091628701778 2 1
tr 3 2 2 6 2 2 0.12066461295964925 3 2
tr 3 2 2 6 2 2 1.0214993689705785 4 1
ann 3 2 2 6 3 1 1.0414066402720483e-9 20 0
tr 3 2 2 6 3 1 1.1825132070045639 2 2
tr 3 2 2 6 3 1 15.016040723867485 3 1
tr 3 2 2 6 3 1 1.1917492637990064 4 2
tr 3 2 2 6 3 1 297.2872708967698 5 1
ann 3 2 2 6 3 2 1.3017560015908032e-9 20 0
tr 3 2 2 6 3 2 1.9708553450076065 2 2
tr 3 2 2 6 3 2 12.513367269889546 3 1
tr 3 2 2 6 3 2 0.595874631899504 4 2
tr 3 2 2 6 3 2 99.09575696558994 5 1
ann 3 2 2 6 3 3 1.7598823421822894e-9 20 0
tr 3 2 2 6 3 3 1.9708553450076065 2 2
tr 3 2 2 6 3 3 6.256683634944783 3 1
tr 3 2 2 6 3 3 0.17876238956984933 4 2
tr 3 2 2 6 3 3 19.81915139311788 5 1
ann 3 2 2 6 4 1 2.612475149753871e-11 22 0
tr 3 2 2 6 4 1 22.524061085801133 2 1
tr 3 2 2 6 4 1 17.87623895698511 3 2
tr 3 2 2 6 4 1 817.1994951764618 4 1
tr 3 2 2 6 4 1 56.62614683748003 5 2
ann 3 2 2 6 4 2 3.4278907038163366e-11 22 0
tr 3 2 2 6 4 2 67.57218325740364 2 1
tr 3 2 2 6 4 2 26.81435843547764 3 2
tr 3 2 2 6 4 2 735.4795456588145 4 1
tr 3 2 2 6 4 2 33.97568810248799 5 2
ann 3 2 2 6 4 3 4.367686639702756e-11 22 0
tr 3 2 2 6 4 3 157.66842760060834 2 1
tr 3 2 2 6 4 3 31.283418174723945 3 2
tr 3 2 2 6 4 3 514.8356819611702 4 1
ann 3 2 2 6 4 4 5.3927514180475275e-11 22 0
tr 3 2 2 6 4 4 315.3368552012169 2 1
tr 3 2 2 6 4 4 25.02673453977909 3 2
tr 3 2 2 6 4 4 228.81585864940888 4 1
ann 3 2 2 6 5 1 1.7844014228713997e-13 24 0
tr 3 2 2 6 5 1 107.25743374191035 3 1
tr 3 2 2 6 5 1 66.73795877274438 4 2
tr 3 2 2 6 5 1 16648.087170219136 5 1
tr 3 2 2 6 5 1 957.9718491554679 6 2
tr 3 2 2 6 5 1 75458.70565655372 7 1
ann 3 2 2 6 5 2 2.3757972426130956e-13 24 0
tr 3 2 2 6 5 2 250.26734539779125 3 1
tr 3 2 2 6 5 2 93.43314228184217 4 2
tr 3 2 2 6 5 2 15538.21469220454 5 1
tr 3 2 2 6 5 2 638.6478994369771 6 2
tr 3 2 2 6 5 2 37729.35282827672 7 1
ann 3 2 2 6 5 3 3.064069873443781e-13 24 0
tr 3 2 2 6 5 3 500.5346907955825 3 1
tr 3 2 2 6 5 3 112.11977073821043 4 2
tr 3 2 2 6 5 3 12430.571753763614 5 1
tr 3 2 2 6 5 3 364.9416568211308 6 2
ann 3 2 2 6 5 4 3.8378233374389117e-13 24 0
tr 3 2 2 6 5 4 900.9624434320478 3 1
tr 3 2 2 6 5 4 112.11977073821055 4 2
tr 3 2 2 6 5 4 7991.081841705201 5 1
tr 3 2 2 6 5 4 164.22374556950825 6 2
ann 3 2 2 6 5 5 4.679666336643476e-13 24 0
tr 3 2 2 6 5 5 1501.604072386746 3 1
tr 3 2 2 6 5 5 80.08555052729321 4 2
tr 3 2 2 6 5 5 3329.617434043814 5 1
ann 3 2 2 7 1 1 1.1054963368797019e-7 16 0
tr 3 2 2 7 1 1 0.004952857314743898 2 2
tr 3 2 2 7 1 1 0.3068824907439728 3 1
ann 3 2 2 7 2 1 6.768330856250665e-9 18 0
tr 3 2 2 7 2 1 2.0309810526271703 2 1
tr 3 2 2 7 2 1 0.1450700751876552 3 2
tr 3 2 2 7 2 1 2.742966847888774 4 1
ann 3 2 2 7 2 2 1.353666171250165e-8 18 0
tr 3 2 2 7 2 2 1.3539873684181127 2 1
tr 3 2 2 7 2 2 0.04835669172921834 3 2
tr 3 2 2 7 2 2 0.5485933695777578 4 1
ann 3 2 2 7 3 1 7.430725101614437e-10 20 0
tr 3 2 2 7 3 1 0.5158047117783293 2 2
tr 3 2 2 7 3 1 8.777493913244113 3 1
tr 3 2 2 7 3 1 0.69662650105112 4 2
tr 3 2 2 7 3 1 79.17698486742232 5 1
ann 3 2 2 7 3 2 9.28839001895154e-10 20 0
tr 3 2 2 7 3 2 0.8596745196305488 2 2
tr 3 2 2 7 3 2 7.314578261036748 3 1
tr 3 2 2 7 3 2 0.3483132505255605 4 2
tr 3 2 2 7 3 2 26.39232828914077 5 1
ann 3 2 2 7 3 3 1.2557248505691664e-9 20 0
tr 3 2 2 7 3 3 0.8596745196305488 2 2
tr 3 2 2 7 3 3 3.65728913051838 3 1
tr 3 2 2 7 3 3 0.10449397515766706 4 2
tr 3 2 2 7 3 3 5.278465657828126 5 1
ann 3 2 2 7 4 1 2.259713522992266e-11 22 0
tr 3 2 2 7 4 1 10.053356210504461 2 1
tr 3 2 2 7 4 1 7.978854135321038 3 2
tr 3 2 2 7 4 1 179.5396482254478 4 1
tr 3 2 2 7 4 1 12.440828149763343 5 2
ann 3 2 2 7 4 2 2.9650238002560315e-11 22 0
tr 3 2 2 7 4 2 30.160068631513496 2 1
tr 3 2 2 7 4 2 11.968281202981542 3 2
tr 3 2 2 7 4 2 161.58568340290273 4 1
tr 3 2 2 7 4 2 7.464496889857999 5 2
ann 3 2 2 7 4 3 3.777919421717253e-11 22 0
tr 3 2 2 7 4 3 70.37349347353141 2 1
tr 3 2 2 7 4 3 13.962994736811817 3 2
tr 3 2 2 7 4 3 113.10997838203194 4 1
ann 3 2 2 7 4 4 4.664570066579424e-11 22 0
tr 3 2 2 7 4 4 140.74698694706294 2 1
tr 3 2 2 7 4 4 11.170395789449424 3 2
tr 3 2 2 7 4 4 50.27110150312528 4 1
ann 3 2 2 7 5 1 2.4741085741378036e-13 24 0
tr 3 2 2 7 5 1 64.77560194722773 3 1
tr 3 2 2 7 5 1 40.304818989386234 4 2
tr 3 2 2 7 5 1 6235.187558309517 5 1
tr 3 2 2 7 5 1 358.7880153432853 6 2
tr 3 2 2 7 5 1 12366.711495045844 7 1
ann 3 2 2 7 5 2 3.2940908145276965e-13 24 0
tr 3 2 2 7 5 2 151.1430712101983 3 1
tr 3 2 2 7 5 2 56.426746585140755 4 2
tr 3 2 2 7 5 2 5819.508387755556 5 1
tr 3 2 2 7 5 2 239.19201022885633 6 2
tr 3 2 2 7 5 2 6183.3557475229 7 1
ann 3 2 2 7 5 3 4.248394710493025e-13 24 0
tr 3 2 2 7 5 3 302.2861424203965 3 1
tr 3 2 2 7 5 3 67.7120959021688 4 2
tr 3 2 2 7 5 3 4655.606710204437 5 1
tr 3 2 2 7 5 3 136.68114870220404 6 2
ann 3 2 2 7 5 4 5.321219509513949e-13 24 0
tr 3 2 2 7 5 4 544.1150563567136 3 1
tr 3 2 2 7 5 4 67.71209590216887 4 2
tr 3 2 2 7 5 4 2992.8900279885747 5 1
ann 3 2 2 7 5 5 6.488451827025458e-13 24 0
tr 3 2 2 7 5 5 906.858427261189 3 1
tr 3 2 2 7 5 5 48.36578278726347 4 2
tr 3 2 2 7 5 5 1247.0375116618982 5 1
ann 3 2 2 7 6 1 8.81854483524888e-16 26 0
tr 3 2 2 7 6 1 141.38747297754009 4 1
tr 3 2 2 7 6 1 64.78116943698197 5 2
tr 3 2 2 7 6 1 25260.847273830994 6 1
tr 3 2 2 7 6 1 1199.5928257980977 7 2
tr 3 2 2 7 6 1 142919.53866058413 8 1
ann 3 2 2 7 6 2 1.1711849112771736e-15 26 0
tr 3 2 2 7 6 2 282.7749459550798 4 1
tr 3 2 2 7 6 2 86.37489258264274 5 2
tr 3 2 2 7 6 2 24057.94978460097 6 1
tr 3 2 2 7 6 2 856.8520184272131 7 2
tr 3 2 2 7 6 2 79399.74370032412 8 1
ann 3 2 2 7 6 3 1.513576613710716e-15 26 0
tr 3 2 2 7 6 3 508.9949027191447 4 1
tr 3 2 2 7 6 3 103.64987109917116 5 2
tr 3 2 2 7 6 3 20621.099815372243 6 1
tr 3 2 2 7 6 3 550.8334404174932 7 2
tr 3 2 2 7 6 3 39699.871850162184 8 1
ann 3 2 2 7 6 4 1.9098059126162794e-15 26 0
tr 3 2 2 7 6 4 848.3248378652399 4 1
tr 3 2 2 7 6 4 111.05343332054066 5 2
tr 3 2 2 7 6 4 15465.824861529158 6 1
tr 3 2 2 7 6 4 306.0185780097188 7 2
ann 3 2 2 7 6 5 2.359545061957776e-15 26 0
tr 3 2 2 7 6 5 1333.081888073952 4 1
tr 3 2 2 7 6 5 101.79898054382896 5 2
tr 3 2 2 7 6 5 9451.33741537896 6 1
ann 3 2 2 7 6 6 2.8613622478722587e-15 26 0
tr 3 2 2 7 6 6 1999.6228321109236 4 1
tr 3 2 2 7 6 6 67.86598702921921 5 2
tr 3 2 2 7 6 6 3780.5349661515647 6 1
ann 3 2 2 8 1 1 7.44212371796212e-8 16 0
tr 3 2 2 8 1 1 0.0027342749800250993 2 2
tr 3 2 2 8 1 1 0.14106724045888633 3 1
ann 3 2 2 8 2 1 4.651317695767917e-9 18 0
tr 3 2 2 8 2 1 1.0327839444200453 2 1
tr 3 2 2 8 2 1 0.07377028174428898 3 2
tr 3 2 2 8 2 1 1.5700085169337703 4 1
ann 3 2 2 8 2 2 9.30263539153606e-9 18 0
tr 3 2 2 8 2 2 0.688522629613363 2 1
tr 3 2 2 8 2 2 0.02459009391476297 3 2
tr 3 2 2 8 2 2 0.31400170338675565 4 1
ann 3 2 2 8 3 1 5.375816318205188e-10 20 0
tr 3 2 2 8 3 1 0.2761262629178595 2 2
tr 3 2 2 8 3 1 5.28896619142066 3 1
tr 3 2 2 8 3 1 0.419759221541322 4 2
tr 3 2 2 8 3 1 30.07342117738533 5 1
ann 3 2 2 8 3 2 6.719758584114264e-10 20 0
tr 3 2 2 8 3 2 0.4602104381964326 2 2
tr 3 2 2 8 3 2 4.407471826183876 3 1
tr 3 2 2 8 3 2 0.20987961077066133 4 2
tr 3 2 2 8 3 2 10.024473725795112 5 1
ann 3 2 2 8 3 3 9.08463989427027e-10 20 0
tr 3 2 2 8 3 3 0.4602104381964326 2 2
tr 3 2 2 8 3 3 2.203735913091941 3 1
tr 3 2 2 8 3 3 0.06296388323119775 4 2
tr 3 2 2 8 3 3 2.004894745159012 5 1
ann 3 2 2 8 4 1 1.8205810329954523e-11 22 0
tr 3 2 2 8 4 1 5.408032290781313 2 1
tr 3 2 2 8 4 1 4.292089119667726 3 2
tr 3 2 2 8 4 1 59.26754894986154 4 1
tr 3 2 2 8 4 1 4.106822078747979 5 2
tr 3 2 2 8 4 1 141.7198590390588 6 1
ann 3 2 2 8 4 2 2.3888276307030613e-11 22 0
tr 3 2 2 8 4 2 16.224096872343996 2 1
tr 3 2 2 8 4 2 6.438133679501583 3 2
tr 3 2 2 8 4 2 53.34079405487532 4 1
tr 3 2 2 8 4 2 2.464093247248786 5 2
ann 3 2 2 8 4 3 3.043752401738503e-11 22 0
tr 3 2 2 8 4 3 37.856226035469284 2 1
tr 3 2 2 8 4 3 7.511155959418521 3 2
tr 3 2 2 8 4 3 37.33855583841274 4 1
ann 3 2 2 8 4 4 3.758099307297843e-11 22 0
tr 3 2 2 8 4 4 75.71245207093864 2 1
tr 3 2 2 8 4 4 6.008924767534802 3 2
tr 3 2 2 8 4 4 16.594913705961204 4 1
ann 3 2 2 8 5 1 2.479961020750095e-13 24 0
tr 3 2 2 8 5 1 39.11753913709722 3 1
tr 3 2 2 8 5 1 24.33980212974944 4 2
tr 3 2 2 8 5 1 2786.3742218810576 5 1
tr 3 2 2 8 5 1 160.3348203599891 6 2
tr 3 2 2 8 5 1 2939.7998770978074 7 1
ann 3 2 2 8 5 2 3.30188291313651e-13 24 0
tr 3 2 2 8 5 2 91.27425798656034 3 1
tr 3 2 2 8 5 2 34.075722981649236 4 2
tr 3 2 2 8 5 2 2600.615940422323 5 1
tr 3 2 2 8 5 2 106.8898802399925 6 2
ann 3 2 2 8 5 3 4.2584441974653065e-13 24 0
tr 3 2 2 8 5 3 182.5485159731207 3 1
tr 3 2 2 8 5 3 40.890867577979016 4 2
tr 3 2 2 8 5 3 2080.492752337855 5 1
tr 3 2 2 8 5 3 61.07993156571018 6 2
ann 3 2 2 8 5 4 5.333806745417876e-13 24 0
tr 3 2 2 8 5 4 328.58732875161706 3 1
tr 3 2 2 8 5 4 40.890867577979066 4 2
tr 3 2 2 8 5 4 1337.4596265029106 5 1
ann 3 2 2 8 5 5 6.50380013338015e-13 24 0
tr 3 2 2 8 5 5 547.6455479193617 3 1
tr 3 2 2 8 5 5 29.20776255569932 4 2
tr 3 2 2 8 5 5 557.2748443762094 5 1
ann 3 2 2 8 6 1 1.457651865216468e-15 26 0
tr 3 2 2 8 6 1 127.04693064741106 4 1
tr 3 2 2 8 6 1 58.210593678450124 5 2
tr 3 2 2 8 6 1 17460.02835347107 6 1
tr 3 2 2 8 6 1 829.145773457614 7 2
tr 3 2 2 8 6 1 68108.13368435368 8 1
ann 3 2 2 8 6 2 1.9358974789908996e-15 26 0
tr 3 2 2 8 6 2 254.09386129482172 4 1
tr 3 2 2 8 6 2 77.61412490460026 5 2
tr 3 2 2 8 6 2 16628.598431877224 6 1
tr 3 2 2 8 6 2 592.2469810411534 7 2
tr 3 2 2 8 6 2 37837.85204686295 8 1
ann 3 2 2 8 6 3 2.501850155591172e-15 26 0
tr 3 2 2 8 6 3 457.36895033068015 4 1
tr 3 2 2 8 6 3 93.13694988552017 5 2
tr 3 2 2 8 6 3 14253.084370180472 6 1
tr 3 2 2 8 6 3 380.73020209788365 7 2
tr 3 2 2 8 6 3 18918.926023431537 8 1
ann 3 2 2 8 6 4 3.15679310795479e-15 26 0
tr 3 2 2 8 6 4 762.2815838844658 4 1
tr 3 2 2 8 6 4 99.78958916305741 5 2
tr 3 2 2 8 6 4 10689.813277635334 6 1
tr 3 2 2 8 6 4 211.51677894326897 7 2
ann 3 2 2 8 6 5 3.900184592031688e-15 26 0
tr 3 2 2 8 6 5 1197.871060389878 4 1
tr 3 2 2 8 6 5 91.47379006613603 5 2
tr 3 2 2 8 6 5 6532.663669666055 6 1
ann 3 2 2 8 6 6 4.729657906784221e-15 26 0
tr 3 2 2 8 6 6 1796.8065905848127 4 1
tr 3 2 2 8 6 6 60.98252671075728 5 2
tr 3 2 2 8 6 6 2613.0654678664096 6 1
ann 3 2 2 8 7 1 3.071256450876514e-18 28 0
tr 3 2 2 8 7 1 143.8797127919988 5 1
tr 3 2 2 8 7 1 49.47072908696811 6 2
tr 3 2 2 8 7 1 27939.858031937543 7 1
tr 3 2 2 8 7 1 1102.2026161058463 8 2
tr 3 2 2 8 7 1 186068.94201035524 9 1
ann 3 2 2 8 7 2 4.0422013299059564e-18 28 0
tr 3 2 2 8 7 2 258.9834830255971 5 1
tr 3 2 2 8 7 2 63.60522311181611 6 2
tr 3 2 2 8 7 2 26942.005959368376 7 1
tr 3 2 2 8 7 2 826.6519620793839 8 2
tr 3 2 2 8 7 2 111641.36520621285 9 1
ann 3 2 2 8 7 3 5.1986749662428775e-18 28 0
tr 3 2 2 8 7 3 431.63913837599654 5 1
tr 3 2 2 8 7 3 75.72050370454308 6 2
tr 3 2 2 8 7 3 24055.362463721747 7 1
tr 3 2 2 8 7 3 574.0638625551287 8 2
tr 3 2 2 8 7 3 62022.980670118166 9 1
ann 3 2 2 8 7 4 6.553379765437503e-18 28 0
tr 3 2 2 8 7 4 678.290074590852 5 1
tr 3 2 2 8 7 4 83.29255407499727 6 2
tr 3 2 2 8 7 4 19600.665711180678 7 1
tr 3 2 2 8 7 4 360.84014217750837 8 2
tr 3 2 2 8 7 4 31011.490335059047 9 1
ann 3 2 2 8 7 5 8.117935620746257e-18 28 0
tr 3 2 2 8 7 5 1017.435111886276 5 1
tr 3 2 2 8 7 5 83.29255407499728 6 2
tr 3 2 2 8 7 5 14112.479312050064 7 1
tr 3 2 2 8 7 5 196.82189573318627 8 2
ann 3 2 2 8 7 6 9.902879913131699e-18 28 0
tr 3 2 2 8 7 6 1469.6284949468456 5 1
tr 3 2 2 8 7 6 72.18688019833112 6 2
tr 3 2 2 8 7 6 8339.1923207569 7 1
ann 3 2 2 8 7 7 1.1917667511262645e-17 28 0
tr 3 2 2 8 7 7 2057.4798929255808 5 1
tr 3 2 2 8 7 7 45.93710558075602 6 2
tr 3 2 2 8 7 7 3243.019235849893 7 1
ann 3 2 2 9 8 2 1.0373964347063669e-20 30 0
tr 3 2 2 9 8 2 189.53338963981912 6 1
tr 3 2 2 9 8 2 37.71327650996409 7 2
tr 3 2 2 9 8 2 22742.353601275223 8 1
tr 3 2 2 9 8 2 602.3946430334337 9 2
tr 3 2 2 9 8 2 112365.99191870898 10 1
ann 3 2 2 9 8 4 1.6597703053503705e-20 30 0
tr 3 2 2 9 8 4 446.75727557957447 6 1
tr 3 2 2 9 8 4 49.38643352495292 7 2
tr 3 2 2 9 8 4 17868.99211528764 8 1
tr 3 2 2 9 8 4 301.1973215167173 9 2
tr 3 2 2 9 8 4 37455.33063956966 10 1
ann 3 2 2 9 8 6 2.49947919085258e-20 30 0
tr 3 2 2 9 8 6 903.4424906164725 6 1
tr 3 2 2 9 8 6 49.0272594629533 7 2
tr 3 2 2 9 8 6 9855.019893885908 8 1
tr 3 2 2 9 8 6 100.39910717223904 9 2
ann 3 2 2 9 8 8 3.590302845076567e-20 30 0
tr 3 2 2 9 8 8 1642.6227102117703 6 1
tr 3 2 2 9 8 8 25.142184339976065 7 2
tr 3 2 2 9 8 8 2165.93843821667 8 1
ann 3 2 2 11 10 2 3.2738980510052996e-26 34 0
tr 3 2 2 11 10 2 53.990299594990375 8 1
tr 3 2 2 11 10 2 7.347451817527456 9 2
tr 3 2 2 11 10 2 7858.52778505658 10 1
tr 3 2 2 11 10 2 157.76085628420176 11 2
tr 3 2 2 11 10 2 50099.08290543072 12 1
ann 3 2 2 11 10 4 5.063256178599533e-26 34 0
tr 3 2 2 11 10 4 109.18038362542507 8 1
tr 3 2 2 11 10 4 9.455205672252506 9 2
tr 3 2 2 11 10 4 6741.928887651225 10 1
tr 3 2 2 11 10 4 93.70038736879867 11 2
tr 3 2 2 11 10 4 21254.156384122063 12 1
ann 3 2 2 11 10 6 7.467489027461236e-26 34 0
tr 3 2 2 11 10 6 198.50978840986338 8 1
tr 3 2 2 11 10 6 10.390335903574204 9 2
tr 3 2 2 11 10 6 4762.744112155496 10 1
tr 3 2 2 11 10 6 44.61923208038068 11 2
tr 3 2 2 11 10 6 7084.718794707355 12 1
ann 3 2 2 11 10 8 1.0601988494407807e-25 34 0
tr 3 2 2 11 10 8 333.7582156781225 8 1
tr 3 2 2 11 10 8 9.084122247124887 9 2
tr 3 2 2 11 10 8 2428.9994971992887 10 1
ann 3 2 2 11 10 10 1.4590410377770286e-25 34 0
tr 3 2 2 11 10 10 528.4505081570273 8 1
tr 3 2 2 11 10 10 4.230351046455202 9 2
tr 3 2 2 11 10 10 502.73410072752375 10 1
ann 3 2 2 13 12 2 4.585711313166453e-32 38 0
tr 3 2 2 13 12 2 7.291686574524089 10 1
tr 3 2 2 13 12 2 0.7152822259594255 11 2
tr 3 2 2 13 12 2 1204.9587874496617 12 1
tr 3 2 2 13 12 2 18.81591107936399 13 2
tr 3 2 2 13 12 2 9161.482216324359 14 1
ann 3 2 2 13 12 4 6.851301456969921e-32 38 0
tr 3 2 2 13 12 4 13.257611953680188 10 1
tr 3 2 2 13 12 4 0.9003552494594169 11 2
tr 3 2 2 13 12 4 1083.379529175521 12 1
tr 3 2 2 13 12 4 12.406095217163074 13 2
tr 3 2 2 13 12 4 4530.403293786765 14 1
ann 3 2 2 13 12 6 9.847437797790408e-32 38 0
tr 3 2 2 13 12 6 22.29027064739638 10 1
tr 3 2 2 13 12 6 1.020402616054007 11 2
tr 3 2 2 13 12 6 859.4810931459144 12 1
tr 3 2 2 13 12 6 7.105309078920675 13 2
tr 3 2 2 13 12 6 1921.989276151959 14 1
ann 3 2 2 13 12 8 1.3710684073451593e-31 38 0
tr 3 2 2 13 12 8 35.29292852504433 10 1
tr 3 2 2 13 12 8 1.0182589130791044 11 2
tr 3 2 2 13 12 8 571.7836403981927 12 1
tr 3 2 2 13 12 8 3.28949494394477 13 2
tr 3 2 2 13 12 8 640.6630920506509 14 1
ann 3 2 2 13 12 10 1.858861991284385e-31 38 0
tr 3 2 2 13 12 10 53.28540189075328 10 1
tr 3 2 2 13 12 10 0.8253256453378023 11 2
tr 3 2 2 13 12 10 278.06741248838347 12 1
ann 3 2 2 13 12 12 2.4639840835924307e-31 38 0
tr 3 2 2 13 12 12 77.40405748340989 10 1
tr 3 2 2 13 12 12 0.3615712351003682 11 2
tr 3 2 2 13 12 12 55.37273149119296 12 1
ann 3 2 2 15 14 2 3.273425780346844e-38 42 0
tr 3 2 2 15 14 2 0.5175096153027461 12 1
tr 3 2 2 15 14 2 0.03819054172422948 13 2
tr 3 2 2 15 14 2 93.64730537742112 14 1
tr 3 2 2 15 14 2 1.1654480072032884 15 2
tr 3 2 2 15 14 2 810.243763255679 16 1
ann 3 2 2 15 14 4 4.738477191885769e-38 42 0
tr 3 2 2 15 14 4 0.8700985839705506 12 1
tr 3 2 2 15 14 4 0.04708767891712694 13 2
tr 3 2 2 15 14 4 86.59803019241743 14 1
tr 3 2 2 15 14 4 0.824138233665182 15 2
tr 3 2 2 15 14 4 445.63406979062296 16 1
ann 3 2 2 15 14 6 6.641160418662479e-38 42 0
tr 3 2 2 15 14 6 1.3776560912867053 12 1
tr 3 2 2 15 14 6 0.05382348325420262 13 2
tr 3 2 2 15 14 6 73.32275283671714 14 1
tr 3 2 2 15 14 6 0.5282937395289609 15 2
tr 3 2 2 15 14 6 220.36849605030852 16 1
ann 3 2 2 15 14 8 9.059389585132419e-38 42 0
tr 3 2 2 15 14 8 2.0799905691975744 12 1
tr 3 2 2 15 14 8 0.05655137909164784 13 2
tr 3 2 2 15 14 8 55.46801933893422 14 1
tr 3 2 2 15 14 8 0.2958444941362174 15 2
tr 3 2 2 15 14 8 93.48966499104041 16 1
ann 3 2 2 15 14 10 1.2077298525742938e-37 42 0
tr 3 2 2 15 14 10 3.021459984729112 12 1
tr 3 2 2 15 14 10 0.05308904975950611 13 2
tr 3 2 2 15 14 10 35.50364874198937 14 1
ann 3 2 2 15 14 12 1.5785240784933305e-37 42 0
tr 3 2 2 15 14 12 4.2509718399868435 12 1
tr 3 2 2 15 14 12 0.04091843756167466 13 2
tr 3 2 2 15 14 12 16.722733103110922 14 1
ann 3 2 2 15 14 14 2.0279789617134655e-37 42 0
tr 3 2 2 15 14 14 5.821983172155887 12 1
tr 3 2 2 15 14 14 0.017185743775903265 13 2
tr 3 2 2 15 14 14 3.241637493833763 14 1
ann 4 1 1 4 1 1 1.6545196448416275e-6 16 0
ann 4 1 1 4 2 1 5.449556645937045e-7 16 0
tr 4 1 1 4 2 1 92.15999999999998 2 2
tr 4 1 1 4 2 1 32914.28571428564 3 1
ann 4 1 1 4 2 2 3.4059555190856293e-7 16 0
tr 4 1 1 4 2 2 61.43999999999996 2 2
tr 4 1 1 4 2 2 10971.428571428543 3 1
ann 4 1 1 4 3 1 2.0364908405746693e-8 18 0
tr 4 1 1 4 3 1 3686.3999999999965 2 1
tr 4 1 1 4 3 1 365.7142857142853 3 2
tr 4 1 1 4 3 1 122879.99999999975 4 1
ann 4 1 1 4 3 2 2.128734375616286e-8 18 0
tr 4 1 1 4 3 2 6143.999999999997 2 1
tr 4 1 1 4 3 2 304.76190476190453 3 2
tr 4 1 1 4 3 2 61439.999999999716 4 1
ann 4 1 1 4 3 3 2.1287321545933464e-8 18 0
tr 4 1 1 4 3 3 9215.999999999987 2 1
tr 4 1 1 4 3 3 182.8571428571426 3 2
tr 4 1 1 4 3 3 20479.99999999993 4 1
ann 4 1 1 5 1 1 3.4697792574590544e-6 16 0
tr 4 1 1 5 1 1 1178.8833478411234 2 1
ann 4 1 1 5 2 1 3.199993659361271e-7 16 0
tr 4 1 1 5 2 1 25.996430561342024 2 2
tr 4 1 1 5 2 1 44979.92664602651 3 1
ann 4 1 1 5 2 2 1.999985896055892e-7 16 0
tr 4 1 1 5 2 2 17.33095370756134 2 2
tr 4 1 1 5 2 2 14993.308882008836 3 1
ann 4 1 1 5 3 1 1.749332333382497e-8 18 0
tr 4 1 1 5 3 1 9727.079953260545 2 1
tr 4 1 1 5 3 1 964.9880906012442 3 2
tr 4 1 1 5 3 1 793256.7124753648 4 1
ann 4 1 1 5 3 2 1.8285689414940003e-8 18 0
tr 4 1 1 5 3 2 16211.799922100918 2 1
tr 4 1 1 5 3 2 804.1567421677039 3 2
tr 4 1 1 5 3 2 396628.35623768147 4 1
ann 4 1 1 5 3 3 1.828567051900114e-8 18 0
tr 4 1 1 5 3 3 24317.699883151356 2 1
tr 4 1 1 5 3 3 482.4940453006221 3 2
tr 4 1 1 5 3 3 132209.45207922734 4 1
ann 4 1 1 5 4 1 1.9778848722424167e-10 20 0
tr 4 1 1 5 4 1 112090.14817000565 3 1
tr 4 1 1 5 4 1 10461.74716253387 4 2
tr 4 1 1 5 4 1 5.306676563396365e6 5 1
ann 4 1 1 5 4 2 2.2551382889787288e-10 20 0
tr 4 1 1 5 4 2 168135.22225500847 3 1
tr 4 1 1 5 4 2 9415.57244628047 4 2
tr 4 1 1 5 4 2 3.1840059380378155e6 5 1
ann 4 1 1 5 4 3 2.5267514444793644e-10 20 0
tr 4 1 1 5 4 3 235389.3111570117 3 1
tr 4 1 1 5 4 3 7323.223013773727 4 2
tr 4 1 1 5 4 3 1.5920029690189064e6 5 1
ann 4 1 1 5 4 4 2.7927243387443244e-10 20 0
tr 4 1 1 5 4 4 313852.4148760155 3 1
tr 4 1 1 5 4 4 4184.698865013532 4 2
tr 4 1 1 5 4 4 530667.6563396355 5 1
ann 4 1 1 6 1 1 2.033538616864874e-6 16 0
tr 4 1 1 6 1 1 88.52148613947321 2 1
ann 4 1 1 6 2 1 1.9845766857015326e-7 16 0
tr 4 1 1 6 2 1 4.104745640218222 2 2
tr 4 1 1 6 2 1 311.2813918923514 3 1
ann 4 1 1 6 2 2 1.2403541619318832e-7 16 0
tr 4 1 1 6 2 2 2.7364970934788126 2 2
tr 4 1 1 6 2 2 103.76046396411714 3 1
ann 4 1 1 6 3 1 1.2713712303001822e-8 18 0
tr 4 1 1 6 3 1 170.81367698742176 2 1
tr 4 1 1 6 3 1 16.945801288434694 3 2
tr 4 1 1 6 3 1 50931.05452868597 4 1
ann 4 1 1 6 3 2 1.3289584317723883e-8 18 0
tr 4 1 1 6 3 2 284.68946164570303 2 1
tr 4 1 1 6 3 2 14.121501073695583 3 2
tr 4 1 1 6 3 2 25465.527264342927 4 1
ann 4 1 1 6 3 3 1.3289570656676242e-8 18 0
tr 4 1 1 6 3 3 427.0341924685541 2 1
tr 4 1 1 6 3 3 8.472900644217347 3 2
tr 4 1 1 6 3 3 8488.509088114322 4 1
ann 4 1 1 6 4 1 2.2183295228992608e-10 20 0
tr 4 1 1 6 4 1 20358.35515477635 3 1
tr 4 1 1 6 4 1 1900.1131477791278 4 2
tr 4 1 1 6 4 1 5.212676415854436e6 5 1
ann 4 1 1 6 4 2 2.5292876876743784e-10 20 0
tr 4 1 1 6 4 2 30537.53273216452 3 1
tr 4 1 1 6 4 2 1710.1018330012132 4 2
tr 4 1 1 6 4 2 3.1276058495126585e6 5 1
ann 4 1 1 6 4 3 2.833919925446562e-10 20 0
tr 4 1 1 6 4 3 42752.5458250303 3 1
tr 4 1 1 6 4 3 1330.0792034453932 4 2
tr 4 1 1 6 4 3 1.5638029247563276e6 5 1
ann 4 1 1 6 4 4 3.132226236215811e-10 20 0
tr 4 1 1 6 4 4 57003.394433373716 3 1
tr 4 1 1 6 4 4 760.0452591116479 4 2
tr 4 1 1 6 4 4 521267.6415854424 5 1
ann 4 1 1 6 5 1 1.1533571234537632e-12 22 0
tr 4 1 1 6 5 1 1.519769893728857e6 4 1
tr 4 1 1 6 5 1 116055.15552111274 5 2
tr 4 1 1 6 5 1 9.149196793538615e7 6 1
ann 4 1 1 6 5 2 1.3451109135998312e-12 22 0
tr 4 1 1 6 5 2 2.127677851220399e6 4 1
tr 4 1 1 6 5 2 108318.14515303854 5 2
tr 4 1 1 6 5 2 6.099464529025748e7 6 1
ann 4 1 1 6 5 3 1.5473110867205495e-12 22 0
tr 4 1 1 6 5 3 2.8369038016271954e6 4 1
tr 4 1 1 6 5 3 92844.12441689007 5 2
tr 4 1 1 6 5 3 3.6596787174154416e7 6 1
ann 4 1 1 6 5 4 1.7599576428159166e-12 22 0
tr 4 1 1 6 5 4 3.6474477449492514e6 4 1
tr 4 1 1 6 5 4 69633.09331266761 5 2
tr 4 1 1 6 5 4 1.8298393587077312e7 6 1
ann 4 1 1 6 5 5 1.9830505818859378e-12 22 0
tr 4 1 1 6 5 5 4.5593096811865615e6 4 1
tr 4 1 1 6 5 5 38685.05184037084 5 2
tr 4 1 1 6 5 5 6.099464529025696e6 6 1
ann 4 1 1 7 1 1 1.2903028960760279e-6 16 0
tr 4 1 1 7 1 1 22.35230600565444 2 1
ann 4 1 1 7 2 1 1.300996380102215e-7 16 0
tr 4 1 1 7 2 1 1.426521824306762 2 2
tr 4 1 1 7 2 1 7.7600258305298295 3 1
ann 4 1 1 7 2 2 8.131186384065673e-8 16 0
tr 4 1 1 7 2 2 0.9510145495378411 2 2
tr 4 1 1 7 2 2 2.586675276843276 3 1
ann 4 1 1 7 3 1 9.071586172102724e-9 18 0
tr 4 1 1 7 3 1 9.970570603231794 2 1
tr 4 1 1 7 3 1 0.9891439090507728 3 2
tr 4 1 1 7 3 1 15260.887365181183 4 1
ann 4 1 1 7 3 2 9.482486842249358e-9 18 0
tr 4 1 1 7 3 2 16.617617672052994 2 1
tr 4 1 1 7 3 2 0.8242865908756443 3 2
tr 4 1 1 7 3 2 7630.4436825905705 4 1
ann 4 1 1 7 3 3 9.482477125711854e-9 18 0
tr 4 1 1 7 3 3 24.926426508079473 2 1
tr 4 1 1 7 3 3 0.4945719545253862 3 2
tr 4 1 1 7 3 3 2543.4812275301947 4 1
ann 4 1 1 7 4 1 1.9187892415827844e-10 20 0
tr 4 1 1 7 4 1 6489.591179468531 3 1
tr 4 1 1 7 4 1 605.6951767503967 4 2
tr 4 1 1 7 4 1 295589.3995455744 5 1
ann 4 1 1 7 4 2 2.1877588338101444e-10 20 0
tr 4 1 1 7 4 2 9734.386769202794 3 1
tr 4 1 1 7 4 2 545.1256590753565 4 2
tr 4 1 1 7 4 2 177353.63972734442 5 1
ann 4 1 1 7 4 3 2.451256687517536e-10 20 0
tr 4 1 1 7 4 3 13628.141476883904 3 1
tr 4 1 1 7 4 3 423.9866237252789 4 2
tr 4 1 1 7 4 3 88676.81986367212 5 1
ann 4 1 1 7 4 4 2.7092828027049603e-10 20 0
tr 4 1 1 7 4 4 18170.855302511867 3 1
tr 4 1 1 7 4 4 242.2780707001577 4 2
tr 4 1 1 7 4 4 29558.939954557376 5 1
ann 4 1 1 7 5 1 1.599152919437793e-12 22 0
tr 4 1 1 7 5 1 21848.165454882885 4 1
tr 4 1 1 7 5 1 1668.405362009239 5 2
tr 4 1 1 7 5 1 5.3358399755358435e6 6 1
ann 4 1 1 7 5 2 1.865023419329049e-12 22 0
tr 4 1 1 7 5 2 30587.431636836038 4 1
tr 4 1 1 7 5 2 1557.1783378752893 5 2
tr 4 1 1 7 5 2 3.5572266503572315e6 6 1
ann 4 1 1 7 5 3 2.1453780402759523e-12 22 0
tr 4 1 1 7 5 3 40783.242182448 4 1
tr 4 1 1 7 5 3 1334.7242896073897 5 2
tr 4 1 1 7 5 3 2.134335990214335e6 6 1
ann 4 1 1 7 5 4 2.4402167822785036e-12 22 0
tr 4 1 1 7 5 4 52435.59709171885 4 1
tr 4 1 1 7 5 4 1001.0432172055429 5 2
tr 4 1 1 7 5 4 1.067167995107174e6 6 1
ann 4 1 1 7 5 5 2.749539645336702e-12 22 0
tr 4 1 1 7 5 5 65544.49636464853 4 1
tr 4 1 1 7 5 5 556.1351206697453 5 2
tr 4 1 1 7 5 5 355722.66503572004 6 1
ann 4 1 1 7 6 1 4.567919495398025e-15 24 0
tr 4 1 1 7 6 1 1.185282170384609e7 5 1
tr 4 1 1 7 6 1 727750.4342846364 6 2
tr 4 1 1 7 6 1 8.517494965514877e8 7 1
ann 4 1 1 7 6 2 5.346002400175447e-15 24 0
tr 4 1 1 7 6 2 1.5803762271794768e7 5 1
tr 4 1 1 7 6 2 693095.6516996542 6 2
tr 4 1 1 7 6 2 6.083924975367782e8 7 1
ann 4 1 1 7 6 3 6.1800692543383086e-15 24 0
tr 4 1 1 7 6 3 2.0319122920878995e7 5 1
tr 4 1 1 7 6 3 623786.086529687 6 2
tr 4 1 1 7 6 3 4.055949983578507e8 7 1
ann 4 1 1 7 6 4 7.070120057886612e-15 24 0
tr 4 1 1 7 6 4 2.5398903651098717e7 5 1
tr 4 1 1 7 6 4 519821.738774741 6 2
tr 4 1 1 7 6 4 2.4335699901471043e8 7 1
ann 4 1 1 7 6 5 8.01615481082035e-15 24 0
tr 4 1 1 7 6 5 3.1043104462454055e7 5 1
tr 4 1 1 7 6 5 381202.60843481 6 2
tr 4 1 1 7 6 5 1.2167849950735548e8 7 1
ann 4 1 1 7 6 6 9.018173513139527e-15 24 0
tr 4 1 1 7 6 6 3.7251725354944825e7 5 1
tr 4 1 1 7 6 6 207928.69550989592 6 2
tr 4 1 1 7 6 6 4.055949983578497e7 7 1
ann 4 1 1 8 1 1 8.68622852998941e-7 16 0
tr 4 1 1 8 1 1 8.964342866614071 2 1
ann 4 1 1 8 2 1 8.940679140007444e-8 16 0
tr 4 1 1 8 2 1 0.6819929992729515 2 2
ann 4 1 1 8 2 2 5.587896332308986e-8 16 0
tr 4 1 1 8 2 2 0.45466199951530084 2 2
ann 4 1 1 8 3 1 6.5629101043343305e-9 18 0
tr 4 1 1 8 3 1 0.5709803139445905 2 1
tr 4 1 1 8 3 1 0.05664487241513792 3 2
tr 4 1 1 8 3 1 5639.406465292036 4 1
ann 4 1 1 8 3 2 6.860179425182269e-9 18 0
tr 4 1 1 8 3 2 0.9516338565743178 2 1
tr 4 1 1 8 3 2 0.04720406034594829 3 2
tr 4 1 1 8 3 2 2819.7032326460126 4 1
ann 4 1 1 8 3 3 6.860172410232562e-9 18 0
tr 4 1 1 8 3 3 1.4274507848614757 2 1
tr 4 1 1 8 3 3 0.028322436207568955 3 2
tr 4 1 1 8 3 3 939.901077548672 4 1
ann 4 1 1 8 4 1 1.5459089213875557e-10 20 0
tr 4 1 1 8 4 1 2506.3607745167205 3 1
tr 4 1 1 8 4 1 233.92700562156082 4 2
tr 4 1 1 8 4 1 29944.786004773512 5 1
ann 4 1 1 8 4 2 1.7626093728652124e-10 20 0
tr 4 1 1 8 4 2 3759.54116177508 3 1
tr 4 1 1 8 4 2 210.53430505940446 4 2
tr 4 1 1 8 4 2 17966.871602864092 5 1
ann 4 1 1 8 4 3 1.9749014148638833e-10 20 0
tr 4 1 1 8 4 3 5263.357626485109 3 1
tr 4 1 1 8 4 3 163.748903935093 4 2
tr 4 1 1 8 4 3 8983.435801432037 5 1
ann 4 1 1 8 4 4 2.1827850473835712e-10 20 0
tr 4 1 1 8 4 4 7017.810168646809 3 1
tr 4 1 1 8 4 4 93.57080224862392 4 2
tr 4 1 1 8 4 4 2994.4786004773446 5 1
ann 4 1 1 8 5 1 1.6029356774644341e-12 22 0
tr 4 1 1 8 5 1 320.9684909126177 4 1
tr 4 1 1 8 5 1 24.510321124236263 5 2
tr 4 1 1 8 5 1 3.5463846299869595e6 6 1
ann 4 1 1 8 5 2 1.8694350885967726e-12 22 0
tr 4 1 1 8 5 2 449.3558872776647 4 1
tr 4 1 1 8 5 2 22.876299715953845 5 2
tr 4 1 1 8 5 2 2.364256419991309e6 6 1
ann 4 1 1 8 5 3 2.1504528828329836e-12 22 0
tr 4 1 1 8 5 3 599.1411830368856 4 1
tr 4 1 1 8 5 3 19.60825689938899 5 2
tr 4 1 1 8 5 3 1.4185538519947822e6 6 1
ann 4 1 1 8 5 4 2.4459890601730646e-12 22 0
tr 4 1 1 8 5 4 770.3243781902813 4 1
tr 4 1 1 8 5 4 14.706192674541755 5 2
tr 4 1 1 8 5 4 709276.9259973952 6 1
ann 4 1 1 8 5 5 2.7560436206170176e-12 22 0
tr 4 1 1 8 5 5 962.9054727378514 4 1
tr 4 1 1 8 5 5 8.170107041412074 5 2
tr 4 1 1 8 5 5 236425.64199912883 6 1
ann 4 1 1 8 6 1 7.550493299931198e-15 24 0
tr 4 1 1 8 6 1 2.582750235343579e6 5 1
tr 4 1 1 8 6 1 158578.0713136123 6 2
tr 4 1 1 8 6 1 4.127192529583673e7 7 1
ann 4 1 1 8 6 2 8.83661705466302e-15 24 0
tr 4 1 1 8 6 2 3.4436669804581013e6 5 1
tr 4 1 1 8 6 2 151026.73458439275 6 2
tr 4 1 1 8 6 2 2.947994663988344e7 7 1
ann 4 1 1 8 6 3 1.0215278875744732e-14 24 0
tr 4 1 1 8 6 3 4.427571832017561e6 5 1
tr 4 1 1 8 6 3 135924.06112595307 6 2
tr 4 1 1 8 6 3 1.965329775992222e7 7 1
ann 4 1 1 8 6 4 1.168647876317633e-14 24 0
tr 4 1 1 8 6 4 5.534464790021947e6 5 1
tr 4 1 1 8 6 4 113270.05093829466 6 2
tr 4 1 1 8 6 4 1.1791978655953338e7 7 1
ann 4 1 1 8 6 5 1.3250216716957838e-14 24 0
tr 4 1 1 8 6 5 6.764345854471281e6 5 1
tr 4 1 1 8 6 5 83064.70402141607 6 2
tr 4 1 1 8 6 5 5.895989327976682e6 7 1
ann 4 1 1 8 6 6 1.4906492737089204e-14 24 0
tr 4 1 1 8 6 6 8.1172150253655305e6 5 1
tr 4 1 1 8 6 6 45308.02037531775 6 2
tr 4 1 1 8 6 6 1.9653297759922177e6 7 1
ann 4 1 1 8 7 1 1.3163335834439126e-17 26 0
tr 4 1 1 8 7 1 6.039621155771287e7 6 1
tr 4 1 1 8 7 1 3.004403381059697e6 7 2
tr 4 1 1 8 7 1 4.976131741783664e9 8 1
ann 4 1 1 8 7 2 1.535195442947833e-17 26 0
tr 4 1 1 8 7 2 7.765227200277352e7 6 1
tr 4 1 1 8 7 2 2.897103260307561e6 7 2
tr 4 1 1 8 7 2 3.732098806337753e9 8 1
ann 4 1 1 8 7 3 1.7705685409390247e-17 26 0
tr 4 1 1 8 7 3 9.706534000346717e7 6 1
tr 4 1 1 8 7 3 2.6825030188033003e6 7 2
tr 4 1 1 8 7 3 2.665784861669818e9 8 1
ann 4 1 1 8 7 4 2.0224528774174837e-17 26 0
tr 4 1 1 8 7 4 1.1863541555979314e8 6 1
tr 4 1 1 8 7 4 2.3606026565469005e6 7 2
tr 4 1 1 8 7 4 1.7771899077798772e9 8 1
ann 4 1 1 8 7 5 2.290848452383215e-17 26 0
tr 4 1 1 8 7 5 1.4236249867175156e8 6 1
tr 4 1 1 8 7 5 1.9314021735383754e6 7 2
tr 4 1 1 8 7 5 1.0663139446679232e9 8 1
ann 4 1 1 8 7 6 2.5757552658362112e-17 26 0
tr 4 1 1 8 7 6 1.6824658933934283e8 6 1
tr 4 1 1 8 7 6 1.3949015697777155e6 7 2
tr 4 1 1 8 7 6 5.331569723339682e8 8 1
ann 4 1 1 8 7 7 2.877173317776481e-17 26 0
tr 4 1 1 8 7 7 1.962876875625665e8 6 1
tr 4 1 1 8 7 7 751100.8452649215 7 2
tr 4 1 1 8 7 7 1.77718990777987e8 8 1
ann 4 1 1 9 8 2 3.3491336628853513e-20 28 0
tr 4 1 1 9 8 2 2.7162276564981127e8 7 1
tr 4 1 1 9 8 2 8.629989830921741e6 8 2
tr 4 1 1 9 8 2 1.5532412071978374e10 9 1
ann 4 1 1 9 8 4 4.3712627542939043e-20 28 0
tr 4 1 1 9 8 4 3.9838005628639066e8 7 1
tr 4 1 1 9 8 4 7.397134140790066e6 8 2
tr 4 1 1 9 8 4 8.320935038559811e9 9 1
ann 4 1 1 9 8 6 5.530069039412904e-20 28 0
tr 4 1 1 9 8 6 5.492815927585069e8 7 1
tr 4 1 1 9 8 6 5.177993898553041e6 8 2
tr 4 1 1 9 8 6 3.3283740154239244e9 9 1
ann 4 1 1 9 8 8 6.825552518242348e-20 28 0
tr 4 1 1 9 8 8 7.243273750661641e8 7 1
tr 4 1 1 9 8 8 1.9725691042106883e6 8 2
tr 4 1 1 9 8 8 5.547290025706501e8 9 1
ann 4 1 1 11 10 2 7.974918688372035e-26 32 0
tr 4 1 1 11 10 2 1.4466928161983502e9 9 1
tr 4 1 1 11 10 2 3.398648960067557e7 10 2
tr 4 1 1 11 10 2 1.0683610069783218e11 11 1
ann 4 1 1 11 10 4 1.0173521368447669e-25 32 0
tr 4 1 1 11 10 4 1.994682519303787e9 9 1
tr 4 1 1 11 10 4 3.083959241542775e7 10 2
tr 4 1 1 11 10 4 6.6475795989762146e10 11 1
ann 4 1 1 11 10 6 1.2644129750261593e-25 32 0
tr 4 1 1 11 10 6 2.6303505749060884e9 9 1
tr 4 1 1 11 10 6 2.517517748198187e7 10 2
tr 4 1 1 11 10 6 3.561203356594396e10 11 1
ann 4 1 1 11 10 8 1.5386743833813841e-25 32 0
tr 4 1 1 11 10 8 3.353696983005267e9 9 1
tr 4 1 1 11 10 8 1.6993244800337877e7 10 2
tr 4 1 1 11 10 8 1.4244813426377413e10 11 1
ann 4 1 1 11 10 10 1.840136361910436e-25 32 0
tr 4 1 1 11 10 10 4.164721743601313e9 9 1
tr 4 1 1 11 10 10 6.293794370495453e6 10 2
tr 4 1 1 11 10 10 2.374135571062924e9 11 1
ann 4 1 1 13 12 2 8.76798111106562e-32 36 0
tr 4 1 1 13 12 2 3.122878064641841e9 11 1
tr 4 1 1 13 12 2 5.5941102032880425e7 12 2
tr 4 1 1 13 12 2 2.7607203207135583e11 13 1
ann 4 1 1 13 12 4 1.093925009760143e-31 36 0
tr 4 1 1 13 12 4 4.1180809643628798e9 11 1
tr 4 1 1 13 12 4 5.230856293983615e7 12 2
tr 4 1 1 13 12 4 1.882309309577425e11 13 1
ann 4 1 1 13 12 6 1.335490802920788e-31 36 0
tr 4 1 1 13 12 6 5.250553229562673e9 11 1
tr 4 1 1 13 12 6 4.576999257235676e7 12 2
tr 4 1 1 13 12 6 1.171214681514844e11 13 1
ann 4 1 1 13 12 8 1.601495490588496e-31 36 0
tr 4 1 1 13 12 8 6.520294860241236e9 11 1
tr 4 1 1 13 12 8 3.632539093044177e7 12 2
tr 4 1 1 13 12 8 6.274364365258098e10 13 1
ann 4 1 1 13 12 10 1.8919390727632687e-31 36 0
tr 4 1 1 13 12 10 7.927305856398557e9 11 1
tr 4 1 1 13 12 10 2.3974758014091764e7 12 2
tr 4 1 1 13 12 10 2.5097457461032368e10 13 1
ann 4 1 1 13 12 12 2.206821549445102e-31 36 0
tr 4 1 1 13 12 12 9.47158621803462e9 11 1
tr 4 1 1 13 12 12 8.718093823305963e6 12 2
tr 4 1 1 13 12 12 4.182909576838678e9 13 1
ann 4 1 1 15 14 2 5.05137993155194e-38 40 0
tr 4 1 1 15 14 2 3.225899845906933e9 13 1
tr 4 1 1 15 14 2 4.533058981215304e7 14 2
tr 4 1 1 15 14 2 3.2600694891631e11 15 1
ann 4 1 1 15 14 4 6.179460173879562e-38 40 0
tr 4 1 1 15 14 4 4.1130223035313473e9 13 1
tr 4 1 1 15 14 4 4.315123453272277e7 14 2
tr 4 1 1 15 14 4 2.3644460031292813e11 15 1
ann 4 1 1 15 14 6 7.423072473620043e-38 40 0
tr 4 1 1 15 14 6 5.107674756019313e9 13 1
tr 4 1 1 15 14 6 3.922839502974786e7 14 2
tr 4 1 1 15 14 6 1.6121222748608765e11 15 1
ann 4 1 1 15 14 8 8.782216830773403e-38 40 0
tr 4 1 1 15 14 8 6.209857203370846e9 13 1
tr 4 1 1 15 14 8 3.356207130322897e7 14 2
tr 4 1 1 15 14 8 1.0030983043578824e11 15 1
ann 4 1 1 15 14 10 1.0256893245339628e-37 40 0
tr 4 1 1 15 14 10 7.419569645585947e9 13 1
tr 4 1 1 15 14 10 2.6152263353165485e7 14 2
tr 4 1 1 15 14 10 5.3737409162029144e10 15 1
ann 4 1 1 15 14 12 1.1847101717318728e-37 40 0
tr 4 1 1 15 14 12 8.736812082664614e9 13 1
tr 4 1 1 15 14 12 1.6998971179557536e7 14 2
tr 4 1 1 15 14 12 2.1494963664811684e10 15 1
ann 4 1 1 15 14 14 1.35528422467107e-37 40 0
tr 4 1 1 15 14 14 1.0161584514606836e10 13 1
tr 4 1 1 15 14 14 6.102194782405217e6 14 2
tr 4 1 1 15 14 14 3.5824939441351714e9 15 1
ann 4 2 1 4 2 1 1.3623888888788435e-8 18 0
ann 4 2 1 4 2 2 1.702974079231188e-8 18 0
tr 4 2 1 4 2 2 8294.399999999994 2 1
tr 4 2 1 4 2 2 592.4571428571422 3 2
ann 4 2 1 4 3 1 1.2038077017293955e-9 20 0
tr 4 2 1 4 3 1 61.44000000000005 2 2
tr 4 2 1 4 3 1 2438.0952380952544 3 1
tr 4 2 1 4 3 1 2902.4943310657586 4 2
ann 4 2 1 4 3 2 1.2874517068658132e-9 20 0
tr 4 2 1 4 3 2 18285.714285714294 3 1
tr 4 2 1 4 3 2 2844.4444444444493 4 2
tr 4 2 1 4 3 2 333637.8181818179 5 1
ann 4 2 1 4 3 3 1.032111882172705e-9 20 0
tr 4 2 1 4 3 3 153.5999999999999 2 2
tr 4 2 1 4 3 3 30476.190476190426 3 1
ann 4 2 1 5 1 1 2.857137077619094e-7 16 0
tr 4 2 1 5 1 1 1.9784479386024085 2 2
tr 4 2 1 5 1 1 15880.311104282671 3 1
ann 4 2 1 5 2 1 3.199992944529731e-8 18 0
tr 4 2 1 5 2 1 492.5460045777199 2 1
tr 4 2 1 5 2 1 281.4548597586964 3 2
tr 4 2 1 5 2 1 431777.79290129384 4 1
ann 4 2 1 5 2 2 9.999907805086261e-9 18 0
tr 4 2 1 5 2 2 2955.276027466312 2 1
tr 4 2 1 5 2 2 211.09114481902225 3 2
tr 4 2 1 5 2 2 134930.56028165415 4 1
ann 4 2 1 5 3 1 1.0340629626305123e-9 20 0
tr 4 2 1 5 3 1 48.2334543136887 2 2
tr 4 2 1 5 3 1 6390.0052939510515 3 1
tr 4 2 1 5 3 1 7607.149159465486 4 2
tr 4 2 1 5 3 1 5.414171243230749e6 5 1
ann 4 2 1 5 3 2 1.1059126167725454e-9 20 0
tr 4 2 1 5 3 2 47925.039704632596 3 1
tr 4 2 1 5 3 2 7455.006176276193 4 2
tr 4 2 1 5 3 2 2.598802196750762e6 5 1
ann 4 2 1 5 3 3 8.86577387103075e-10 20 0
tr 4 2 1 5 3 3 120.5836357842216 2 2
tr 4 2 1 5 3 3 79875.0661743875 3 1
tr 4 2 1 5 3 3 4107.860546111361 4 2
tr 4 2 1 5 3 3 757983.9740523037 5 1
ann 4 2 1 5 4 1 1.5670855219938764e-11 22 0
tr 4 2 1 5 4 1 11115.528566117575 2 1
tr 4 2 1 5 4 1 1102.7310085434083 3 2
tr 4 2 1 5 4 1 37737.345706988024 4 1
ann 4 2 1 5 4 2 1.63231388744462e-11 22 0
tr 4 2 1 5 4 2 14820.704754823404 2 1
tr 4 2 1 5 4 2 183.78850142390198 3 2
tr 4 2 1 5 4 2 305672.50022660044 4 1
ann 4 2 1 5 4 3 1.675547194735411e-11 22 0
tr 4 2 1 5 4 3 12968.11666047046 2 1
tr 4 2 1 5 4 3 257.3039019934619 3 2
tr 4 2 1 5 4 3 660403.5498722842 4 1
ann 4 2 1 5 4 4 1.790208069956624e-11 22 0
tr 4 2 1 5 4 4 3087.646823921542 3 2
tr 4 2 1 5 4 4 739651.9758569576 4 1
tr 4 2 1 5 4 4 25103.33978666037 5 2
tr 4 2 1 5 4 4 2.0082049068080997e6 6 1
ann 4 2 1 6 1 1 1.674486471621453e-7 16 0
tr 4 2 1 6 1 1 0.26899128452216126 2 2
tr 4 2 1 6 1 1 426.2937789926594 3 1
ann 4 2 1 6 2 1 1.984576217266906e-8 18 0
tr 4 2 1 6 2 1 33.891602576869474 2 1
tr 4 2 1 6 2 1 19.366630043925372 3 2
tr 4 2 1 6 2 1 683.7558349359269 4 1
ann 4 2 1 6 2 2 6.201757345441943e-9 18 0
tr 4 2 1 6 2 2 203.34961546121642 2 1
tr 4 2 1 6 2 2 14.524972532944027 3 2
tr 4 2 1 6 2 2 213.6736984174769 4 1
ann 4 2 1 6 3 1 7.515312450362628e-10 20 0
tr 4 2 1 6 3 1 6.535570744850856 2 2
tr 4 2 1 6 3 1 0.860454571207798 3 1
tr 4 2 1 6 3 1 1.024350680009276 4 2
tr 4 2 1 6 3 1 883107.9933734066 5 1
ann 4 2 1 6 3 2 8.037497865902656e-10 20 0
tr 4 2 1 6 3 2 6.453409284058447 3 1
tr 4 2 1 6 3 2 1.0038636664090927 4 2
tr 4 2 1 6 3 2 423891.8368192356 5 1
ann 4 2 1 6 3 3 6.443424018640501e-10 20 0
tr 4 2 1 6 3 3 16.33892686212712 2 2
tr 4 2 1 6 3 3 10.755682140097385 3 1
tr 4 2 1 6 3 3 0.553149367205009 4 2
tr 4 2 1 6 3 3 123635.11907227678 5 1
ann 4 2 1 6 4 1 1.7575907255781223e-11 22 0
tr 4 2 1 6 4 1 64.53409284058452 2 1
tr 4 2 1 6 4 1 6.402191750057974 3 2
tr 4 2 1 6 4 1 11692.629366655934 4 1
tr 4 2 1 6 4 1 19445.196958850676 5 2
tr 4 2 1 6 4 1 3.916421933024857e7 6 1
ann 4 2 1 6 4 2 1.830748681396086e-11 22 0
tr 4 2 1 6 4 2 86.04545712077918 2 1
tr 4 2 1 6 4 2 1.067031958342999 3 2
tr 4 2 1 6 4 2 94710.29786991229 4 1
tr 4 2 1 6 4 2 20741.543422774026 5 2
tr 4 2 1 6 4 2 2.2845794609311637e7 6 1
ann 4 2 1 6 4 3 1.879237712287544e-11 22 0
tr 4 2 1 6 4 3 75.2897749806817 2 1
tr 4 2 1 6 4 3 1.4938447416801939 3 2
tr 4 2 1 6 4 3 204621.01391647683 4 1
tr 4 2 1 6 4 3 16204.330799042193 5 2
tr 4 2 1 6 4 3 1.0443791821399633e7 6 1
ann 4 2 1 6 4 4 2.007837508679699e-11 22 0
tr 4 2 1 6 4 4 17.926136900162323 3 2
tr 4 2 1 6 4 4 229175.5355864539 4 1
tr 4 2 1 6 4 4 7778.078783540252 5 2
tr 4 2 1 6 4 4 2.937316449768653e6 6 1
ann 4 2 1 6 5 1 1.3549988781937423e-13 24 0
tr 4 2 1 6 5 1 100697.76924763214 3 1
tr 4 2 1 6 5 1 9398.45846311232 4 2
tr 4 2 1 6 5 1 316505.90482503024 5 1
ann 4 2 1 6 5 2 1.42099998449562e-13 24 0
tr 4 2 1 6 5 2 132165.82213751698 3 1
tr 4 2 1 6 5 2 3289.4604620893097 4 2
tr 4 2 1 6 5 2 2.6586496005302523e6 5 1
ann 4 2 1 6 5 3 1.4514317410373235e-13 24 0
tr 4 2 1 6 5 3 140976.8769466846 3 1
tr 4 2 1 6 5 3 6.330118096500587e6 5 1
ann 4 2 1 6 5 4 1.4779910157548609e-13 24 0
tr 4 2 1 6 5 4 105732.65771001337 3 1
tr 4 2 1 6 5 4 5639.075077867384 4 2
tr 4 2 1 6 5 4 9.305273601855868e6 5 1
ann 4 2 1 6 5 5 1.546779687173126e-13 24 0
tr 4 2 1 6 5 5 28195.375389336925 4 2
tr 4 2 1 6 5 5 8.545659430275805e6 5 1
tr 4 2 1 6 5 5 195134.2241821218 6 2
tr 4 2 1 6 5 5 2.0194365074077588e7 7 1
ann 4 2 1 7 1 1 1.0624802948276558e-7 16 0
tr 4 2 1 7 1 1 0.0864391263261699 2 2
tr 4 2 1 7 1 1 67.71074735397686 3 1
ann 4 2 1 7 2 1 1.3009960630930246e-8 18 0
tr 4 2 1 7 2 1 8.155552429549193 2 1
tr 4 2 1 7 2 1 4.660315674028101 3 2
tr 4 2 1 7 2 1 795.1842123817379 4 1
ann 4 2 1 7 2 2 4.06558435695298e-9 18 0
tr 4 2 1 7 2 2 48.93331457729504 2 1
tr 4 2 1 7 2 2 3.4952367555210744 3 2
tr 4 2 1 7 2 2 248.49506636929272 4 1
ann 4 2 1 7 3 1 5.362383782984381e-10 20 0
tr 4 2 1 7 3 1 2.0923327141710866 2 2
tr 4 2 1 7 3 1 5.271602547566911 3 1
tr 4 2 1 7 3 1 6.275717318531991 4 2
tr 4 2 1 7 3 1 136828.74985174494 5 1
ann 4 2 1 7 3 2 5.734977552665276e-10 20 0
tr 4 2 1 7 3 2 39.53701910675158 3 1
tr 4 2 1 7 3 2 6.150202972161365 4 2
tr 4 2 1 7 3 2 65677.79992883763 5 1
ann 4 2 1 7 3 3 4.597561693366849e-10 20 0
tr 4 2 1 7 3 3 5.230831785427709 2 2
tr 4 2 1 7 3 3 65.89503184458583 3 1
tr 4 2 1 7 3 3 3.388887352007274 4 2
tr 4 2 1 7 3 3 19156.024979244274 5 1
ann 4 2 1 7 4 1 1.5202638551714958e-11 22 0
tr 4 2 1 7 4 1 113.07225192802372 2 1
tr 4 2 1 7 4 1 11.217485310319793 3 2
tr 4 2 1 7 4 1 2091.654158603143 4 1
tr 4 2 1 7 4 1 3478.484249216351 5 2
ann 4 2 1 7 4 2 1.583543318480757e-11 22 0
tr 4 2 1 7 4 2 150.763002570698 2 1
tr 4 2 1 7 4 2 1.8695808850533038 3 2
tr 4 2 1 7 4 2 16942.39868468532 4 1
tr 4 2 1 7 4 2 3710.3831991641023 5 2
ann 4 2 1 7 4 3 1.62548489168186e-11 22 0
tr 4 2 1 7 4 3 131.91762724936058 2 1
tr 4 2 1 7 4 3 2.6174132390746174 3 2
tr 4 2 1 7 4 3 36603.947775554654 4 1
tr 4 2 1 7 4 3 2898.736874346952 5 2
ann 4 2 1 7 4 4 1.7367198979203858e-11 22 0
tr 4 2 1 7 4 4 31.408958868895393 3 2
tr 4 2 1 7 4 4 40996.42150862117 4 1
tr 4 2 1 7 4 4 1391.3936996865366 5 2
tr 4 2 1 7 4 4 41594.6054690618 6 1
ann 4 2 1 7 5 1 1.8787332892279302e-13 24 0
tr 4 2 1 7 5 1 10654.990555704395 3 1
tr 4 2 1 7 5 1 994.4657851990755 4 2
ann 4 2 1 7 5 2 1.9702451568446662e-13 24 0
tr 4 2 1 7 5 2 13984.675104361999 3 1
tr 4 2 1 7 5 2 348.0630248196763 4 2
tr 4 2 1 7 5 2 163.45461165499995 5 1
ann 4 2 1 7 5 3 2.0124394018335637e-13 24 0
tr 4 2 1 7 5 3 14916.986777986118 3 1
tr 4 2 1 7 5 3 389.1776467976179 5 1
ann 4 2 1 7 5 4 2.049264369729084e-13 24 0
tr 4 2 1 7 5 4 11187.740083489578 3 1
tr 4 2 1 7 5 4 596.6794711194445 4 2
tr 4 2 1 7 5 4 572.0911407924987 5 1
ann 4 2 1 7 5 5 2.1446412435496147e-13 24 0
tr 4 2 1 7 5 5 2983.3973555972234 4 2
tr 4 2 1 7 5 5 525.3898231767851 5 1
tr 4 2 1 7 5 5 3.181322696983734e6 7 1
ann 4 2 1 7 6 1 7.656165759368453e-16 26 0
tr 4 2 1 7 6 1 648695.5980039892 4 1
tr 4 2 1 7 6 1 49536.75475666826 5 2
tr 4 2 1 7 6 1 1.6997096976826033e6 6 1
ann 4 2 1 7 6 2 8.165644749953068e-16 26 0
tr 4 2 1 7 6 2 830330.3654451065 4 1
tr 4 2 1 7 6 2 23777.642283200767 5 2
tr 4 2 1 7 6 2 1.4568940265850835e7 6 1
ann 4 2 1 7 6 3 8.432135791475058e-16 26 0
tr 4 2 1 7 6 3 934121.6611257432 4 1
tr 4 2 1 7 6 3 3396.806040457236 5 2
tr 4 2 1 7 6 3 3.642235066462727e7 6 1
ann 4 2 1 7 6 4 8.479471905348061e-16 26 0
tr 4 2 1 7 6 4 889639.6772626125 4 1
tr 4 2 1 7 6 4 4246.007550571537 5 2
tr 4 2 1 7 6 4 5.948983941889106e7 6 1
ann 4 2 1 7 6 5 8.358013650780374e-16 26 0
tr 4 2 1 7 6 5 611627.2781180472 4 1
tr 4 2 1 7 6 5 46706.083056287214 5 2
tr 4 2 1 7 6 5 7.211625431596175e7 6 1
ann 4 2 1 7 6 6 8.144649124774951e-16 26 0
tr 4 2 1 7 6 6 155686.94352095746 5 2
tr 4 2 1 7 6 6 5.876139240559843e7 6 1
tr 4 2 1 7 6 6 934001.7238723462 7 2
tr 4 2 1 7 6 6 1.2162639814536649e8 8 1
ann 4 2 1 8 1 1 7.152542695340514e-8 16 0
tr 4 2 1 8 1 1 0.039426118584400004 2 2
tr 4 2 1 8 1 1 20.925089954221196 3 1
ann 4 2 1 8 2 1 8.940676917194355e-9 18 0
tr 4 2 1 8 2 1 3.1748592733042234 2 1
tr 4 2 1 8 2 1 1.8142052990309814 3 2
tr 4 2 1 8 2 1 419.89598497202604 4 1
ann 4 2 1 8 2 2 2.7939420907103843e-9 18 0
tr 4 2 1 8 2 2 19.049155639825297 2 1
tr 4 2 1 8 2 2 1.3606539742732355 3 2
tr 4 2 1 8 2 2 131.21749530375794 4 1
ann 4 2 1 8 3 1 3.8794585756480225e-10 20 0
tr 4 2 1 8 3 1 0.9516338565743188 2 2
tr 4 2 1 8 3 1 4.774020522889028 3 1
tr 4 2 1 8 3 1 5.6833577653440415 4 2
tr 4 2 1 8 3 1 35648.55476758751 5 1
ann 4 2 1 8 3 2 4.1490144580519375e-10 20 0
tr 4 2 1 8 3 2 35.80515392166749 3 1
tr 4 2 1 8 3 2 5.569690610037173 4 2
tr 4 2 1 8 3 2 17111.306288442018 5 1
ann 4 2 1 8 3 3 3.3261420512827774e-10 20 0
tr 4 2 1 8 3 3 2.379084641435793 2 2
tr 4 2 1 8 3 3 59.67525653611236 3 1
tr 4 2 1 8 3 3 3.0690131932857816 4 2
tr 4 2 1 8 3 3 4990.797667462244 5 1
ann 4 2 1 8 4 1 1.2248293941881454e-11 22 0
tr 4 2 1 8 4 1 77.33913247080186 2 1
tr 4 2 1 8 4 1 7.672532983214455 3 2
tr 4 2 1 8 4 1 586.9382422663592 4 1
tr 4 2 1 8 4 1 976.0960828962891 5 2
ann 4 2 1 8 4 2 1.2758116939369385e-11 22 0
tr 4 2 1 8 4 2 103.11884329440225 2 1
tr 4 2 1 8 4 2 1.2787554972024129 3 2
tr 4 2 1 8 4 2 4754.19976235747 4 1
tr 4 2 1 8 4 2 1041.1691550893736 5 2
ann 4 2 1 8 4 3 1.309602717176273e-11 22 0
tr 4 2 1 8 4 3 90.22898788260186 2 1
tr 4 2 1 8 4 3 1.7902576960833723 3 2
tr 4 2 1 8 4 3 10271.419239661187 4 1
tr 4 2 1 8 4 3 813.4134024135722 5 2
ann 4 2 1 8 4 4 1.399221306550377e-11 22 0
tr 4 2 1 8 4 4 21.483092353000465 3 2
tr 4 2 1 8 4 4 11503.989548420519 4 1
tr 4 2 1 8 4 4 390.4384331585145 5 2
ann 4 2 1 8 5 1 1.88317739375125e-13 24 0
tr 4 2 1 8 5 1 2063.368870152547 3 1
tr 4 2 1 8 5 1 192.58109454757079 4 2
tr 4 2 1 8 5 1 1834.2484161173938 5 1
tr 4 2 1 8 5 1 2.483075460585744e7 7 1
ann 4 2 1 8 5 2 1.9749057319528626e-13 24 0
tr 4 2 1 8 5 2 2708.1716420752136 3 1
tr 4 2 1 8 5 2 67.40338309164973 4 2
tr 4 2 1 8 5 2 15407.6866953861 5 1
tr 4 2 1 8 5 2 1.6216003007906914e7 7 1
ann 4 2 1 8 5 3 2.017199786820405e-13 24 0
tr 4 2 1 8 5 3 2888.716418213559 3 1
tr 4 2 1 8 5 3 36684.96832234776 5 1
ann 4 2 1 8 5 4 2.0541118617976119e-13 24 0
tr 4 2 1 8 5 4 2166.537313660167 3 1
tr 4 2 1 8 5 4 115.54865672854228 4 2
tr 4 2 1 8 5 4 53926.90343385125 5 1
ann 4 2 1 8 5 5 2.1497143428845687e-13 24 0
tr 4 2 1 8 5 5 577.7432836427115 4 2
tr 4 2 1 8 5 5 49524.707235169575 5 1
tr 4 2 1 8 5 5 1130.8624457866595 6 2
tr 4 2 1 8 5 5 1.114850206793599e6 7 1
ann 4 2 1 8 6 1 1.265517671220429e-15 26 0
tr 4 2 1 8 6 1 234628.71503542422 4 1
tr 4 2 1 8 6 1 17917.10187543239 5 2
tr 4 2 1 8 6 1 245325.11060952942 6 1
ann 4 2 1 8 6 2 1.349731452771668e-15 26 0
tr 4 2 1 8 6 2 300324.75524534314 4 1
tr 4 2 1 8 6 2 8600.20890020755 5 2
tr 4 2 1 8 6 2 2.1027866623673877e6 6 1
ann 4 2 1 8 6 3 1.393780802763866e-15 26 0
tr 4 2 1 8 6 3 337865.34965101036 4 1
tr 4 2 1 8 6 3 1228.6012714582148 5 2
tr 4 2 1 8 6 3 5.256966655918496e6 6 1
ann 4 2 1 8 6 4 1.4016051744616525e-15 26 0
tr 4 2 1 8 6 4 321776.52347715275 4 1
tr 4 2 1 8 6 4 1535.7515893227662 5 2
tr 4 2 1 8 6 4 8.58637887133352e6 6 1
ann 4 2 1 8 6 5 1.3815288618327355e-15 26 0
tr 4 2 1 8 6 5 221221.3598905429 4 1
tr 4 2 1 8 6 5 16893.267482550535 5 2
tr 4 2 1 8 6 5 1.0408793978718586e7 6 1
ann 4 2 1 8 6 6 1.3462609995478882e-15 26 0
tr 4 2 1 8 6 6 56310.891608501806 5 2
tr 4 2 1 8 6 6 8.48123953821514e6 6 1
tr 4 2 1 8 6 6 134807.77130993461 7 2
tr 4 2 1 8 6 6 1.4360767922263737e6 8 1
ann 4 2 1 8 7 1 2.9974990751477994e-18 28 0
tr 4 2 1 8 7 1 2.9402423590453165e6 5 1
tr 4 2 1 8 7 1 180527.7010961017 6 2
tr 4 2 1 8 7 1 6.378156625261303e6 7 1
tr 4 2 1 8 7 1 2.4743890641822536e10 9 1
ann 4 2 1 8 7 2 3.2378710616529e-18 28 0
tr 4 2 1 8 7 2 3.675302948806639e6 5 1
tr 4 2 1 8 7 2 103158.68634062939 6 2
tr 4 2 1 8 7 2 5.535328785494646e7 7 1
tr 4 2 1 8 7 2 1.8328807882831566e10 9 1
ann 4 2 1 8 7 3 3.390528063167121e-18 28 0
tr 4 2 1 8 7 3 4.200346227207599e6 5 1
tr 4 2 1 8 7 3 32237.08948144675 6 2
tr 4 2 1 8 7 3 1.423695675281554e8 7 1
ann 4 2 1 8 7 4 3.4434611815998163e-18 28 0
tr 4 2 1 8 7 4 4.33160704680783e6 5 1
tr 4 2 1 8 7 4 2.4555903007256293e8 7 1
ann 4 2 1 8 7 5 3.3872624804575294e-18 28 0
tr 4 2 1 8 7 5 3.8503173749402883e6 5 1
tr 4 2 1 8 7 5 47281.06457278834 6 2
tr 4 2 1 8 7 5 3.3211972712968016e8 7 1
ann 4 2 1 8 7 6 3.215124984843954e-18 28 0
tr 4 2 1 8 7 6 2.502706293711188e6 5 1
tr 4 2 1 8 7 6 223510.48707136384 6 2
tr 4 2 1 8 7 6 3.583157275548599e8 7 1
ann 4 2 1 8 7 7 2.9228426814599842e-18 28 0
tr 4 2 1 8 7 7 586715.0285623297 6 2
tr 4 2 1 8 7 7 2.694771174172918e8 7 1
tr 4 2 1 8 7 7 3.082254610982086e6 8 2
tr 4 2 1 8 7 7 4.9095021114727163e8 9 1
ann 4 2 1 9 8 2 9.341610629232823e-21 30 0
tr 4 2 1 9 8 2 1.1944580191745596e7 6 1
tr 4 2 1 9 8 2 309469.7514602456 7 2
tr 4 2 1 9 8 2 1.5483122752884454e8 8 1
tr 4 2 1 9 8 2 5.249455034483299e7 9 2
tr 4 2 1 9 8 2 7.750741797595274e10 10 1
ann 4 2 1 9 8 4 1.0172865506418724e-20 30 0
tr 4 2 1 9 8 4 1.4598931345466908e7 6 1
tr 4 2 1 9 8 4 18155.55875233448 7 2
tr 4 2 1 9 8 4 7.225457284679465e8 8 1
ann 4 2 1 9 8 6 9.748465513763147e-21 30 0
tr 4 2 1 9 8 6 1.2077297749431668e7 6 1
tr 4 2 1 9 8 6 225293.97906305906 7 2
tr 4 2 1 9 8 6 1.2489719020660164e9 8 1
ann 4 2 1 9 8 8 7.65635863727471e-21 30 0
tr 4 2 1 9 8 8 1.6174952342988816e6 7 2
tr 4 2 1 9 8 8 8.847498715933996e8 8 1
tr 4 2 1 9 8 8 7.499221477833294e6 9 2
tr 4 2 1 9 8 8 1.4260022787783527e9 10 1
ann 4 2 1 11 10 2 3.527774151404076e-26 34 0
tr 4 2 1 11 10 2 5.7602298686367e7 8 1
tr 4 2 1 11 10 2 1.2003473164529763e6 9 2
tr 4 2 1 11 10 2 5.657683919297867e8 10 1
tr 4 2 1 11 10 2 2.0612423580652395e8 11 2
tr 4 2 1 11 10 2 5.499801302019712e11 12 1
ann 4 2 1 11 10 4 3.958297392930642e-26 34 0
tr 4 2 1 11 10 4 7.147921609717353e7 8 1
tr 4 2 1 11 10 4 303984.06066016684 9 2
tr 4 2 1 11 10 4 2.795082117332155e9 10 1
tr 4 2 1 11 10 4 3.230652513074511e11 12 1
ann 4 2 1 11 10 6 4.031112745876697e-26 34 0
tr 4 2 1 11 10 6 7.331201650992157e7 8 1
tr 4 2 1 11 10 6 44539.78910771806 9 2
tr 4 2 1 11 10 6 5.634401269424268e9 10 1
ann 4 2 1 11 10 8 3.5827739033740993e-26 34 0
tr 4 2 1 11 10 8 5.3413040600085735e7 8 1
tr 4 2 1 11 10 8 1.4197057778084767e6 9 2
tr 4 2 1 11 10 8 7.072104899122416e9 10 1
ann 4 2 1 11 10 10 2.4299788015019096e-26 34 0
tr 4 2 1 11 10 10 5.712227953064714e6 9 2
tr 4 2 1 11 10 10 4.20251830219454e9 10 1
tr 4 2 1 11 10 10 2.103308528637987e7 11 2
tr 4 2 1 11 10 10 5.384420855124143e9 12 1
ann 4 2 1 13 12 2 5.617902200098949e-32 38 0
tr 4 2 1 13 12 2 1.1645761708051777e8 10 1
tr 4 2 1 13 12 2 1.9277962080050765e6 11 2
tr 4 2 1 13 12 2 8.941174835660208e8 12 1
tr 4 2 1 13 12 2 3.404068667521293e8 13 2
tr 4 2 1 13 12 2 1.4601005307356846e12 14 1
ann 4 2 1 13 12 4 6.38104064192681e-32 38 0
tr 4 2 1 13 12 4 1.43332451791407e8 10 1
tr 4 2 1 13 12 4 784613.8412719041 11 2
tr 4 2 1 13 12 4 4.551870825427049e9 12 1
tr 4 2 1 13 12 4 9.5468111625025e11 14 1
ann 4 2 1 13 12 6 6.744225185636021e-32 38 0
tr 4 2 1 13 12 6 1.5664189374346602e8 10 1
tr 4 2 1 13 12 6 40015.30590486736 11 2
tr 4 2 1 13 12 6 9.83529231922626e9 12 1
tr 4 2 1 13 12 6 5.431982394065629e11 14 1
ann 4 2 1 13 12 8 6.510309354881373e-32 38 0
tr 4 2 1 13 12 8 1.458919598591107e8 10 1
tr 4 2 1 13 12 8 447229.889524989 11 2
tr 4 2 1 13 12 8 1.4514894213734146e10 12 1
tr 4 2 1 13 12 8 2.501570839372336e11 14 1
ann 4 2 1 13 12 10 5.455678686946584e-32 38 0
tr 4 2 1 13 12 10 9.854106060659225e7 10 1
tr 4 2 1 13 12 10 2.960348023118894e6 11 2
tr 4 2 1 13 12 10 1.537030531273021e10 12 1
ann 4 2 1 13 12 12 3.3302507327442326e-32 38 0
tr 4 2 1 13 12 12 8.734321281038849e6 11 2
tr 4 2 1 13 12 12 8.190270975003051e9 12 1
tr 4 2 1 13 12 12 2.611075398382813e7 13 2
tr 4 2 1 13 12 12 8.508744351606535e9 14 1
ann 4 2 1 15 14 2 4.4108397582184675e-38 42 0
tr 4 2 1 15 14 2 1.1476303046776335e8 12 1
tr 4 2 1 15 14 2 1.5249496356223468e6 13 2
tr 4 2 1 15 14 2 7.072332286799176e8 14 1
tr 4 2 1 15 14 2 2.772495368728269e8 15 2
tr 4 2 1 15 14 2 1.7636923545223293e12 16 1
ann 4 2 1 15 14 4 5.024985914326547e-38 42 0
tr 4 2 1 15 14 4 1.3935510842514166e8 12 1
tr 4 2 1 15 14 4 787365.524673609 13 2
tr 4 2 1 15 14 4 3.665372214023817e9 14 1
tr 4 2 1 15 14 4 1.2390309314123203e12 16 1
ann 4 2 1 15 14 6 5.416909833348358e-38 42 0
tr 4 2 1 15 14 6 1.5574982706339285e8 12 1
tr 4 2 1 15 14 6 179591.17609601904 13 2
tr 4 2 1 15 14 6 8.22838660291059e9 14 1
tr 4 2 1 15 14 6 7.90070330758868e11 16 1
ann 4 2 1 15 14 8 5.474328822726603e-38 42 0
tr 4 2 1 15 14 8 1.5779916689317435e8 12 1
tr 4 2 1 15 14 8 24260.562384901896 13 2
tr 4 2 1 15 14 8 1.309061505008502e10 14 1
tr 4 2 1 15 14 8 4.405240632110013e11 16 1
ann 4 2 1 15 14 10 5.070016034353328e-38 42 0
tr 4 2 1 15 14 10 1.3826212718259093e8 12 1
tr 4 2 1 15 14 10 724666.1491593805 13 2
tr 4 2 1 15 14 10 1.6366102279067383e10 14 1
tr 4 2 1 15 14 10 1.9951270978759293e11 16 1
ann 4 2 1 15 14 12 4.061800464569896e-38 42 0
tr 4 2 1 15 14 12 8.880472595719782e7 12 1
tr 4 2 1 15 14 12 2.764758895162426e6 13 2
tr 4 2 1 15 14 12 1.5588599082153238e10 14 1
ann 4 2 1 15 14 14 2.292566954167025e-38 42 0
tr 4 2 1 15 14 14 6.709148252260816e6 13 2
tr 4 2 1 15 14 14 7.711562320413753e9 14 1
tr 4 2 1 15 14 14 1.6587579129143449e7 15 2
tr 4 2 1 15 14 14 6.61242123867442e9 16 1
ann 4 2 2 4 2 2 8.514870396155942e-9 18 0
ann 4 2 2 4 3 1 1.0020092896067772e-9 20 0
tr 4 2 2 4 3 1 92.15999999999998 2 2
tr 4 2 2 4 3 1 29257.142857142844 3 1
tr 4 2 2 4 3 1 2321.995464852606 4 2
ann 4 2 2 4 3 2 1.2525094195779875e-9 20 0
tr 4 2 2 4 3 2 153.59999999999997 2 2
tr 4 2 2 4 3 2 24380.95238095233 3 1
ann 4 2 2 4 3 3 1.6933044943885535e-9 20 0
tr 4 2 2 4 3 3 153.59999999999997 2 2
tr 4 2 2 4 3 3 12190.476190476184 3 1
ann 4 2 2 5 1 1 1.7857016151905297e-7 16 0
tr 4 2 2 5 1 1 1.3189652924016044 2 2
tr 4 2 2 5 1 1 5293.437034760889 3 1
ann 4 2 2 5 2 1 9.999907805086258e-9 18 0
tr 4 2 2 5 2 1 2955.2760274663106 2 1
tr 4 2 2 5 2 1 211.0911448190223 3 2
tr 4 2 2 5 2 1 134930.56028165415 4 1
ann 4 2 2 5 2 2 1.999981561017257e-8 18 0
tr 4 2 2 5 2 2 1970.1840183108716 2 1
tr 4 2 2 5 2 2 70.36371493967403 3 2
tr 4 2 2 5 2 2 26986.112056330978 4 1
ann 4 2 2 5 3 1 8.607194467630952e-10 20 0
tr 4 2 2 5 3 1 72.35018147053297 2 2
tr 4 2 2 5 3 1 76680.0635274121 3 1
tr 4 2 2 5 3 1 6085.719327572386 4 2
tr 4 2 2 5 3 1 1.6242513729692241e6 5 1
ann 4 2 2 5 3 2 1.0758974407826855e-9 20 0
tr 4 2 2 5 3 2 120.58363578422166 2 2
tr 4 2 2 5 3 2 63900.05293950996 3 1
tr 4 2 2 5 3 2 3042.859663786197 4 2
tr 4 2 2 5 3 2 541417.1243230748 5 1
ann 4 2 2 5 3 3 1.4545375481419094e-9 20 0
tr 4 2 2 5 3 3 120.58363578422166 2 2
tr 4 2 2 5 3 3 31950.026469755023 3 1
tr 4 2 2 5 3 3 912.85789913585 4 2
tr 4 2 2 5 3 3 108283.42486461435 5 1
ann 4 2 2 5 4 1 1.3991633867016843e-11 22 0
tr 4 2 2 5 4 1 1852.588094352918 2 1
tr 4 2 2 5 4 1 1470.308011391212 3 2
tr 4 2 2 5 4 1 754746.9141397534 4 1
ann 4 2 2 5 4 2 1.8358755422758644e-11 22 0
tr 4 2 2 5 4 2 5557.764283058776 2 1
tr 4 2 2 5 4 2 2205.4620170868156 3 2
tr 4 2 2 5 4 2 679272.2227257772 4 1
ann 4 2 2 5 4 3 2.3392021266337436e-11 22 0
tr 4 2 2 5 4 3 12968.11666047046 2 1
tr 4 2 2 5 4 3 2573.0390199346216 3 2
tr 4 2 2 5 4 3 475490.55590804404 4 1
ann 4 2 2 5 4 4 2.888196183310861e-11 22 0
tr 4 2 2 5 4 4 25936.233320940944 2 1
tr 4 2 2 5 4 4 2058.4312159476913 3 2
tr 4 2 2 5 4 4 211329.13595913062 4 1
ann 4 2 2 6 1 1 1.0465487538407776e-7 16 0
tr 4 2 2 6 1 1 0.179327523014774 2 2
tr 4 2 2 6 1 1 142.09792633088645 3 1
ann 4 2 2 6 2 1 6.20175734544194e-9 18 0
tr 4 2 2 6 2 1 203.34961546121622 2 1
tr 4 2 2 6 2 1 14.52497253294403 3 2
tr 4 2 2 6 2 1 213.6736984174769 4 1
ann 4 2 2 6 2 2 1.240351469088394e-8 18 0
tr 4 2 2 6 2 2 135.5664103074774 2 1
tr 4 2 2 6 2 2 4.84165751098134 3 2
tr 4 2 2 6 2 2 42.73473968349562 4 1
ann 4 2 2 6 3 1 6.255494900577049e-10 20 0
tr 4 2 2 6 3 1 9.803356117276273 2 2
tr 4 2 2 6 3 1 10.325454854493504 3 1
tr 4 2 2 6 3 1 0.8194805440074203 4 2
tr 4 2 2 6 3 1 264932.3980120219 5 1
ann 4 2 2 6 3 2 7.819355113587651e-10 20 0
tr 4 2 2 6 3 2 16.338926862127124 2 2
tr 4 2 2 6 3 2 8.604545712077904 3 1
tr 4 2 2 6 3 2 0.4097402720037108 4 2
tr 4 2 2 6 3 2 88310.79933734064 5 1
ann 4 2 2 6 3 3 1.0571217303482003e-9 20 0
tr 4 2 2 6 3 3 16.338926862127124 2 2
tr 4 2 2 6 3 3 4.302272856038959 3 1
tr 4 2 2 6 3 3 17662.15986746803 5 1
ann 4 2 2 6 4 1 1.5692548651383097e-11 22 0
tr 4 2 2 6 4 1 10.755682140097354 2 1
tr 4 2 2 6 4 1 8.536255666743973 3 2
tr 4 2 2 6 4 1 233852.58733311648 4 1
tr 4 2 2 6 4 1 16204.330799042198 5 2
tr 4 2 2 6 4 1 1.1422897304655831e7 6 1
ann 4 2 2 6 4 2 2.0590566226172687e-11 22 0
tr 4 2 2 6 4 2 32.26704642029218 2 1
tr 4 2 2 6 4 2 12.804383500115943 3 2
tr 4 2 2 6 4 2 210467.32859980452 4 1
tr 4 2 2 6 4 2 9722.59847942531 5 2
tr 4 2 2 6 4 2 4.895527416281063e6 6 1
ann 4 2 2 6 4 3 2.6235708990270236e-11 22 0
tr 4 2 2 6 4 3 75.2897749806817 2 1
tr 4 2 2 6 4 3 14.93844741680195 3 2
tr 4 2 2 6 4 3 147327.1300198632 4 1
tr 4 2 2 6 4 3 4537.212623731821 5 2
ann 4 2 2 6 4 4 3.239304289374355e-11 22 0
tr 4 2 2 6 4 4 150.57954996136345 2 1
tr 4 2 2 6 4 4 11.950757933441528 3 2
tr 4 2 2 6 4 4 65478.724453272494 4 1
ann 4 2 2 6 5 1 1.0718496410263279e-13 24 0
tr 4 2 2 6 5 1 18880.83173393094 3 1
tr 4 2 2 6 5 1 11748.073078890387 4 2
tr 4 2 2 6 5 1 9.495177144750878e6 5 1
tr 4 2 2 6 5 1 546375.8277099411 6 2
ann 4 2 2 6 5 2 1.4270877709053368e-13 24 0
tr 4 2 2 6 5 2 44055.27404583894 3 1
tr 4 2 2 6 5 2 16447.302310446554 4 2
tr 4 2 2 6 5 2 8.862165335100826e6 5 1
ann 4 2 2 6 5 3 1.8405176246958942e-13 24 0
tr 4 2 2 6 5 3 88110.54809167786 3 1
tr 4 2 2 6 5 3 19736.76277253583 4 2
tr 4 2 2 6 5 3 7.089732268080652e6 5 1
ann 4 2 2 6 5 4 2.305293900048065e-13 24 0
tr 4 2 2 6 5 4 158598.98656502008 3 1
tr 4 2 2 6 5 4 19736.762772535854 4 2
tr 4 2 2 6 5 4 4.557685029480431e6 5 1
ann 4 2 2 6 5 5 2.8109700419646867e-13 24 0
tr 4 2 2 6 5 5 264331.6442750334 3 1
tr 4 2 2 6 5 5 14097.68769466846 4 2
tr 4 2 2 6 5 5 1.899035428950168e6 5 1
ann 4 2 2 7 1 1 6.640468339667395e-8 16 0
tr 4 2 2 7 1 1 0.057626084217446534 2 2
tr 4 2 2 7 1 1 22.570249117992283 3 1
ann 4 2 2 7 2 1 4.065584356952981e-9 18 0
tr 4 2 2 7 2 1 48.93331457729501 2 1
tr 4 2 2 7 2 1 3.4952367555210757 3 2
tr 4 2 2 7 2 1 248.49506636929272 4 1
ann 4 2 2 7 2 2 8.131168713906006e-9 18 0
tr 4 2 2 7 2 2 32.62220971819666 2 1
tr 4 2 2 7 2 2 1.1650789185070238 3 2
tr 4 2 2 7 2 2 49.69901327385881 4 1
ann 4 2 2 7 3 1 4.463469041122691e-10 20 0
tr 4 2 2 7 3 1 3.138499071256626 2 2
tr 4 2 2 7 3 1 63.25923057080247 3 1
tr 4 2 2 7 3 1 5.0205738548255905 4 2
tr 4 2 2 7 3 1 41048.62495552347 5 1
ann 4 2 2 7 3 2 5.579326686639363e-10 20 0
tr 4 2 2 7 3 2 5.230831785427711 2 2
tr 4 2 2 7 3 2 52.71602547566864 3 1
tr 4 2 2 7 3 2 2.5102869274127992 4 2
tr 4 2 2 7 3 2 13682.874985174494 5 1
ann 4 2 2 7 3 3 7.54285667318443e-10 20 0
tr 4 2 2 7 3 3 5.230831785427711 2 2
tr 4 2 2 7 3 3 26.358012737834354 3 1
tr 4 2 2 7 3 3 0.753086078223832 4 2
tr 4 2 2 7 3 3 2736.5749970348843 5 1
ann 4 2 2 7 4 1 1.3573589169292261e-11 22 0
tr 4 2 2 7 4 1 18.845375321337173 2 1
tr 4 2 2 7 4 1 14.956647080426396 3 2
tr 4 2 2 7 4 1 41833.08317206246 4 1
tr 4 2 2 7 4 1 2898.7368743469533 5 2
ann 4 2 2 7 4 2 1.781022914569011e-11 22 0
tr 4 2 2 7 4 2 56.536125964011724 2 1
tr 4 2 2 7 4 2 22.434970620639568 3 2
tr 4 2 2 7 4 2 37649.774854856165 4 1
tr 4 2 2 7 4 2 1739.2421246081703 5 2
ann 4 2 2 7 4 3 2.2693110269378036e-11 22 0
tr 4 2 2 7 4 3 131.91762724936058 2 1
tr 4 2 2 7 4 3 26.17413239074619 3 2
tr 4 2 2 7 4 3 26354.84239839932 4 1
ann 4 2 2 7 4 4 2.8019021559552188e-11 22 0
tr 4 2 2 7 4 4 263.83525449872127 2 1
tr 4 2 2 7 4 4 20.939305912596897 3 2
tr 4 2 2 7 4 4 11713.263288177468 4 1
ann 4 2 2 7 5 1 1.4861411524669511e-13 24 0
tr 4 2 2 7 5 1 1997.810729194565 3 1
tr 4 2 2 7 5 1 1243.0822314988432 4 2
tr 4 2 2 7 5 1 583.766470196427 5 1
tr 4 2 2 7 5 1 2.0244780798987396e7 7 1
ann 4 2 2 7 5 2 1.9786859894212174e-13 24 0
tr 4 2 2 7 5 2 4661.55836812066 3 1
tr 4 2 2 7 5 2 1740.3151240983816 4 2
tr 4 2 2 7 5 2 544.8487055166655 5 1
ann 4 2 2 7 5 3 2.551914827105102e-13 24 0
tr 4 2 2 7 5 3 9323.11673624132 3 1
tr 4 2 2 7 5 3 2088.3781489180546 4 2
tr 4 2 2 7 5 3 435.87896441333186 5 1
ann 4 2 2 7 5 4 3.196336516178829e-13 24 0
tr 4 2 2 7 5 4 16781.610125234365 3 1
tr 4 2 2 7 5 4 2088.378148918057 4 2
tr 4 2 2 7 5 4 280.2079056942855 5 1
ann 4 2 2 7 5 5 3.897466697931637e-13 24 0
tr 4 2 2 7 5 5 27969.350208723936 3 1
tr 4 2 2 7 5 5 1491.6986777986117 4 2
ann 4 2 2 7 6 1 5.297100650023399e-16 26 0
tr 4 2 2 7 6 1 129739.11960079774 4 1
tr 4 2 2 7 6 1 59444.10570800185 5 2
tr 4 2 2 7 6 1 7.138780730266914e7 6 1
tr 4 2 2 7 6 1 3.390080331092218e6 7 2
ann 4 2 2 7 6 2 7.035043215702578e-16 26 0
tr 4 2 2 7 6 2 259478.239201595 4 1
tr 4 2 2 7 6 2 79258.80761066922 5 2
tr 4 2 2 7 6 2 6.7988387907304e7 6 1
ann 4 2 2 7 6 3 9.091712903596156e-16 26 0
tr 4 2 2 7 6 3 467060.8305628721 4 1
tr 4 2 2 7 6 3 95110.56913280295 5 2
tr 4 2 2 7 6 3 5.827576106340341e7 6 1
ann 4 2 2 7 6 4 1.1471772914118977e-15 26 0
tr 4 2 2 7 6 4 778434.7176047856 4 1
tr 4 2 2 7 6 4 101904.18121371756 5 2
tr 4 2 2 7 6 4 4.370682079755248e7 6 1
ann 4 2 2 7 6 5 1.4173254563237217e-15 26 0
tr 4 2 2 7 6 5 1.2232545562360953e6 4 1
tr 4 2 2 7 6 5 93412.16611257447 5 2
tr 4 2 2 7 6 5 2.6709723820726592e7 6 1
ann 4 2 2 7 6 6 1.7187557282468345e-15 26 0
tr 4 2 2 7 6 6 1.834881834354138e6 4 1
tr 4 2 2 7 6 6 62274.77740838289 5 2
tr 4 2 2 7 6 6 1.0683889528290585e7 6 1
ann 4 2 2 8 1 1 4.470316660523951e-8 16 0
tr 4 2 2 8 1 1 0.026284079056266653 2 2
tr 4 2 2 8 1 1 6.975029984740397 3 1
ann 4 2 2 8 2 1 2.7939420907103835e-9 18 0
tr 4 2 2 8 2 1 19.049155639825287 2 1
tr 4 2 2 8 2 1 1.3606539742732355 3 2
tr 4 2 2 8 2 1 131.21749530375794 4 1
ann 4 2 2 8 2 2 5.587884181420801e-9 18 0
tr 4 2 2 8 2 2 12.699437093216847 2 1
tr 4 2 2 8 2 2 0.45355132475774473 3 2
tr 4 2 2 8 2 2 26.243499060751738 4 1
ann 4 2 2 8 3 1 3.2291316633228513e-10 20 0
tr 4 2 2 8 3 1 1.427450784861476 2 2
tr 4 2 2 8 3 1 57.28824627466794 3 1
tr 4 2 2 8 3 1 4.546686212275232 4 2
tr 4 2 2 8 3 1 10694.566430276247 5 1
ann 4 2 2 8 3 2 4.0364076357287486e-10 20 0
tr 4 2 2 8 3 2 2.379084641435794 2 2
tr 4 2 2 8 3 2 47.74020522888986 3 1
tr 4 2 2 8 3 2 2.2733431061376193 4 2
tr 4 2 2 8 3 2 3564.8554767587493 5 1
ann 4 2 2 8 3 3 5.456938804620705e-10 20 0
tr 4 2 2 8 3 3 2.379084641435794 2 2
tr 4 2 2 8 3 3 23.870102614444964 3 1
tr 4 2 2 8 3 3 0.6820029318412787 4 2
tr 4 2 2 8 3 3 712.9710953517462 5 1
ann 4 2 2 8 4 1 1.0935819403586671e-11 22 0
tr 4 2 2 8 4 1 12.88985541180023 2 1
tr 4 2 2 8 4 1 10.23004397761928 3 2
tr 4 2 2 8 4 1 11738.76484532707 4 1
tr 4 2 2 8 4 1 813.4134024135726 5 2
ann 4 2 2 8 4 2 1.4349148728149752e-11 22 0
tr 4 2 2 8 4 2 38.669566235400836 2 1
tr 4 2 2 8 4 2 15.3450659664289 3 2
tr 4 2 2 8 4 2 10564.88836079435 4 1
tr 4 2 2 8 4 2 488.0480414481431 5 2
ann 4 2 2 8 4 3 1.8283134491507906e-11 22 0
tr 4 2 2 8 4 3 90.22898788260186 2 1
tr 4 2 2 8 4 3 17.90257696083374 3 2
tr 4 2 2 8 4 3 7395.421852556045 4 1
ann 4 2 2 8 4 4 2.2574055917512048e-11 22 0
tr 4 2 2 8 4 4 180.4579757652038 2 1
tr 4 2 2 8 4 4 14.32206156866695 3 2
tr 4 2 2 8 4 4 3286.854156691575 4 1
ann 4 2 2 8 5 1 1.4896565849924546e-13 24 0
tr 4 2 2 8 5 1 386.8816631536007 3 1
tr 4 2 2 8 5 1 240.72636818446315 4 2
tr 4 2 2 8 5 1 55027.45248352165 5 1
tr 4 2 2 8 5 1 3166.414848202648 6 2
tr 4 2 2 8 5 1 7.094501315959267e6 7 1
ann 4 2 2 8 5 2 1.9833665271518282e-13 24 0
tr 4 2 2 8 5 2 902.7238806917369 3 1
tr 4 2 2 8 5 2 337.0169154582487 4 2
tr 4 2 2 8 5 2 51358.955651286924 5 1
ann 4 2 2 8 5 3 2.5579513271379343e-13 24 0
tr 4 2 2 8 5 3 1805.447761383473 3 1
tr 4 2 2 8 5 3 404.4202985498978 4 2
tr 4 2 2 8 5 3 41087.16452102948 5 1
ann 4 2 2 8 5 4 3.203897384826625e-13 24 0
tr 4 2 2 8 5 4 3249.8059704902503 3 1
tr 4 2 2 8 5 4 404.42029854989823 4 2
tr 4 2 2 8 5 4 26413.17719209045 5 1
ann 4 2 2 8 5 5 3.9066860794546685e-13 24 0
tr 4 2 2 8 5 5 5416.3432841504155 3 1
tr 4 2 2 8 5 5 288.87164182135575 4 2
tr 4 2 2 8 5 5 11005.490496704286 5 1
ann 4 2 2 8 6 1 8.755785435123958e-16 26 0
tr 4 2 2 8 6 1 46925.743007084806 4 1
tr 4 2 2 8 6 1 21500.522250518843 5 2
tr 4 2 2 8 6 1 1.0303654645600205e7 6 1
tr 4 2 2 8 6 1 489302.28105087363 7 2
ann 4 2 2 8 6 2 1.162849887727725e-15 26 0
tr 4 2 2 8 6 2 93851.48601416945 4 1
tr 4 2 2 8 6 2 28667.363000691825 5 2
tr 4 2 2 8 6 2 9.813004424381157e6 6 1
ann 4 2 2 8 6 3 1.502804888527417e-15 26 0
tr 4 2 2 8 6 3 168932.67482550544 4 1
tr 4 2 2 8 6 3 34400.83560083015 5 2
tr 4 2 2 8 6 3 8.41114664946956e6 6 1
ann 4 2 2 8 6 4 1.8962143447185724e-15 26 0
tr 4 2 2 8 6 4 281554.4580425086 4 1
tr 4 2 2 8 6 4 36858.03814374663 5 2
tr 4 2 2 8 6 4 6.308359987102159e6 6 1
ann 4 2 2 8 6 5 2.342752844932527e-15 26 0
tr 4 2 2 8 6 5 442442.719781086 4 1
tr 4 2 2 8 6 5 33786.534965101084 5 2
tr 4 2 2 8 6 5 3.8551088810068863e6 6 1
ann 4 2 2 8 6 6 2.840998767624845e-15 26 0
tr 4 2 2 8 6 6 663664.0796716276 4 1
tr 4 2 2 8 6 6 22524.356643400693 5 2
tr 4 2 2 8 6 6 1.542043552402747e6 6 1
ann 4 2 2 8 7 1 1.8448343298997327e-18 28 0
tr 4 2 2 8 7 1 612550.4914677733 5 1
tr 4 2 2 8 7 1 210615.65127878523 6 2
tr 4 2 2 8 7 1 3.571767710146348e8 7 1
tr 4 2 2 8 7 1 1.4090306793060994e7 8 2
tr 4 2 2 8 7 1 6.873302956061813e9 9 1
ann 4 2 2 8 7 2 2.428058986131056e-18 28 0
tr 4 2 2 8 7 2 1.102590884641989e6 5 1
tr 4 2 2 8 7 2 270791.55164415226 6 2
tr 4 2 2 8 7 2 3.4442045776411253e8 7 1
tr 4 2 2 8 7 2 1.0567730094795732e7 8 2
ann 4 2 2 8 7 3 3.122726580902626e-18 28 0
tr 4 2 2 8 7 3 1.83765147440332e6 5 1
tr 4 2 2 8 7 3 322370.89481446735 6 2
tr 4 2 2 8 7 3 3.075182658608146e8 7 1
ann 4 2 2 8 7 4 3.936467164258004e-18 28 0
tr 4 2 2 8 7 4 2.887738031205219e6 5 1
tr 4 2 2 8 7 4 354607.9842959136 6 2
tr 4 2 2 8 7 4 2.5057043884955242e8 7 1
ann 4 2 2 8 7 5 4.8762605458414445e-18 28 0
tr 4 2 2 8 7 5 4.33160704680782e6 5 1
tr 4 2 2 8 7 5 354607.98429591366 6 2
tr 4 2 2 8 7 5 1.8041071597167754e8 7 1
ann 4 2 2 8 7 6 5.948436294897914e-18 28 0
tr 4 2 2 8 7 6 6.256765734277973e6 5 1
tr 4 2 2 8 7 6 307326.91972312576 6 2
tr 4 2 2 8 7 6 1.0660633216508272e8 7 1
ann 4 2 2 8 7 7 7.158673740273088e-18 28 0
tr 4 2 2 8 7 7 8.75947202798915e6 5 1
tr 4 2 2 8 7 7 195571.676187443 6 2
tr 4 2 2 8 7 7 4.145801806419867e7 7 1
ann 4 2 2 9 8 2 6.231405818033128e-21 30 0
tr 4 2 2 9 8 2 3.483835889259128e6 6 1
tr 4 2 2 9 8 2 693212.2432709498 7 2
tr 4 2 2 9 8 2 1.2386498202307596e9 8 1
tr 4 2 2 9 8 2 3.280909396552063e7 9 2
tr 4 2 2 9 8 2 1.7615322267262035e10 10 1
ann 4 2 2 9 8 4 9.96986501806959e-21 30 0
tr 4 2 2 9 8 4 8.211898881825102e6 6 1
tr 4 2 2 9 8 4 907777.9376167193 7 2
tr 4 2 2 9 8 4 9.732248587527378e8 8 1
ann 4 2 2 9 8 6 1.501380658878736e-20 30 0
tr 4 2 2 9 8 6 1.6606284405468533e7 6 1
tr 4 2 2 9 8 6 901175.9162522346 7 2
tr 4 2 2 9 8 6 5.367482554333279e8 8 1
ann 4 2 2 9 8 8 2.156613790757052e-20 30 0
tr 4 2 2 9 8 8 3.019324437357918e7 6 1
tr 4 2 2 9 8 8 462141.49551396683 7 2
tr 4 2 2 9 8 8 1.1796664954578568e8 8 1
ann 4 2 2 11 10 2 1.966556462431455e-26 34 0
tr 4 2 2 11 10 2 1.6200646505540691e7 8 1
tr 4 2 2 11 10 2 2.20471956083199e6 9 2
tr 4 2 2 11 10 2 6.914947012475235e9 10 1
tr 4 2 2 11 10 2 1.3881836289010733e8 11 2
tr 4 2 2 11 10 2 1.2691849158506946e11 12 1
ann 4 2 2 11 10 4 3.041383408320559e-26 34 0
tr 4 2 2 11 10 4 3.2761307377871197e7 8 1
tr 4 2 2 11 10 4 2.8371845661615725e6 9 2
tr 4 2 2 11 10 4 5.932419187807028e9 10 1
ann 4 2 2 11 10 6 4.4855516956034863e-26 34 0
tr 4 2 2 11 10 6 5.9566013414311156e7 8 1
tr 4 2 2 11 10 6 3.1177852375401957e6 9 2
tr 4 2 2 11 10 6 4.1908769772577124e9 10 1
ann 4 2 2 11 10 8 6.368374629556274e-26 34 0
tr 4 2 2 11 10 8 1.001494511251607e8 8 1
tr 4 2 2 11 10 8 2.7258350933922883e6 9 2
tr 4 2 2 11 10 8 2.1373472584014208e9 10 1
ann 4 2 2 11 10 10 8.764129454718151e-26 34 0
tr 4 2 2 11 10 10 1.5856996428150442e8 8 1
tr 4 2 2 11 10 10 1.269383989569934e6 9 2
tr 4 2 2 11 10 10 4.4237034759942454e8 10 1
ann 4 2 2 13 12 2 2.754532901915701e-32 38 0
tr 4 2 2 13 12 2 3.202584469714234e7 10 1
tr 4 2 2 13 12 2 3.1415938204527055e6 11 2
tr 4 2 2 13 12 2 1.5498036381811039e10 12 1
tr 4 2 2 13 12 2 2.42008006831592e8 13 2
tr 4 2 2 13 12 2 3.40690123838327e11 14 1
ann 4 2 2 13 12 4 4.1154215928717774e-32 38 0
tr 4 2 2 13 12 4 5.822880854025891e7 10 1
tr 4 2 2 13 12 4 3.9544537600103994e6 11 2
tr 4 2 2 13 12 4 1.393429844518476e10 12 1
tr 4 2 2 13 12 4 1.5956571879006064e8 13 2
tr 4 2 2 13 12 4 1.6847313816180978e11 14 1
ann 4 2 2 13 12 6 5.915132844915559e-32 38 0
tr 4 2 2 13 12 6 9.790118358966617e7 10 1
tr 4 2 2 13 12 6 4.481714261345125e6 11 2
tr 4 2 2 13 12 6 1.1054543433179924e10 12 1
ann 4 2 2 13 12 8 8.235697404737688e-32 38 0
tr 4 2 2 13 12 8 1.5501020735030502e8 10 1
tr 4 2 2 13 12 8 4.472298895249865e6 11 2
tr 4 2 2 13 12 8 7.354213068291971e9 12 1
ann 4 2 2 13 12 10 1.116576301562162e-31 38 0
tr 4 2 2 13 12 10 2.3403501894065693e8 10 1
tr 4 2 2 13 12 10 3.6249159466762156e6 11 2
tr 4 2 2 13 12 10 3.5764699342640853e9 12 1
ann 4 2 2 13 12 12 1.480059441744357e-31 38 0
tr 4 2 2 13 12 12 3.399666590927432e8 10 1
tr 4 2 2 13 12 12 1.588058414734331e6 11 2
tr 4 2 2 13 12 12 7.121974760872169e8 12 1
ann 4 2 2 15 14 2 1.9662726416509835e-38 42 0
tr 4 2 2 15 14 2 3.1081654085019223e7 12 1
tr 4 2 2 15 14 2 2.2937258982088235e6 13 2
tr 4 2 2 15 14 2 1.6502108669198147e10 14 1
tr 4 2 2 15 14 2 2.053700273132056e8 15 2
tr 4 2 2 15 14 2 4.1498643635819336e11 16 1
ann 4 2 2 15 14 4 2.8462958129563205e-38 42 0
tr 4 2 2 15 14 4 5.2258165659427874e7 12 1
tr 4 2 2 15 14 4 2.828088415154178e6 13 2
tr 4 2 2 15 14 4 1.525991697267059e10 14 1
tr 4 2 2 15 14 4 1.4522594788576674e8 15 2
tr 4 2 2 15 14 4 2.282425399970061e11 16 1
ann 4 2 2 15 14 6 3.9891944970309644e-38 42 0
tr 4 2 2 15 14 6 8.274209562742749e7 12 1
tr 4 2 2 15 14 6 3.2326411697283746e6 13 2
tr 4 2 2 15 14 6 1.2920607062421635e10 14 1
ann 4 2 2 15 14 8 5.441769942934393e-38 42 0
tr 4 2 2 15 14 8 1.249243404570964e8 12 1
tr 4 2 2 15 14 8 3.396478733886163e6 13 2
tr 4 2 2 15 14 8 9.774325904063545e9 14 1
ann 4 2 2 15 14 10 7.254559438613753e-38 42 0
tr 4 2 2 15 14 10 1.814690419271508e8 12 1
tr 4 2 2 15 14 10 3.188531056301295e6 13 2
tr 4 2 2 15 14 10 6.25629394601469e9 14 1
ann 4 2 2 15 14 12 9.481836310903866e-38 42 0
tr 4 2 2 15 14 12 2.553135871269436e8 12 1
tr 4 2 2 15 14 12 2.4575634623666094e6 13 2
tr 4 2 2 15 14 12 2.9468051194996705e9 14 1
ann 4 2 2 15 14 14 1.2181609925527198e-37 42 0
tr 4 2 2 15 14 14 3.496686084564659e8 12 1
tr 4 2 2 15 14 14 1.0321766541939705e6 13 2
tr 4 2 2 15 14 14 5.712268385491588e8 14 1
ann 4 3 1 4 3 1 9.330559866326364e-12 22 0
ann 4 3 1 4 3 2 2.6376485832427378e-11 22 0
tr 4 3 1 4 3 2 2304.0 2 1
ann 4 3 1 4 3 3 2.123872254489076e-11 22 0
tr 4 3 1 4 3 3 1535.9999999999984 2 1
tr 4 3 1 4 3 3 1097.1428571428569 3 2
ann 4 3 1 5 1 1 1.0677076671762777e-8 18 0
tr 4 3 1 5 1 1 209.56465926764494 2 1
tr 4 3 1 5 1 1 20.790144768615562 3 2
tr 4 3 1 5 1 1 79538.86793364635 4 1
ann 4 3 1 5 2 1 7.068789582689764e-10 20 0
tr 4 3 1 5 2 1 0.6728997532601659 2 2
tr 4 3 1 5 2 1 1050.2851259446306 3 1
tr 4 3 1 5 2 1 1250.3394356483607 4 2
tr 4 3 1 5 2 1 1.5185888401924677e6 5 1
ann 4 3 1 5 2 2 5.883824039212729e-10 20 0
tr 4 3 1 5 2 2 1.0093496298902478 2 2
tr 4 3 1 5 2 2 12603.421511335477 3 1
tr 4 3 1 5 2 2 1000.2715485186885 4 2
tr 4 3 1 5 2 2 455576.6520577402 5 1
ann 4 3 1 5 3 1 3.2059559877098017e-11 22 0
tr 4 3 1 5 3 1 595.4747446134436 2 1
tr 4 3 1 5 3 1 236.29950183073043 3 2
tr 4 3 1 5 3 1 4390.494514386451 4 1
ann 4 3 1 5 3 2 2.2657229378420473e-11 22 0
tr 4 3 1 5 3 2 992.4579076890678 2 1
tr 4 3 1 5 3 2 140495.82446036424 4 1
ann 4 3 1 5 3 3 1.8243923828391585e-11 22 0
tr 4 3 1 5 3 3 661.6386051260442 2 1
tr 4 3 1 5 3 3 472.5990036614607 3 2
tr 4 3 1 5 3 3 237086.70377686425 4 1
ann 4 3 1 5 4 1 4.59906722075518e-13 24 0
tr 4 3 1 5 4 1 79.75108186787152 2 2
tr 4 3 1 5 4 1 10002.095315586537 3 1
tr 4 3 1 5 4 1 6172.7216804762265 4 2
ann 4 3 1 5 4 2 4.605297490123078e-13 24 0
tr 4 3 1 5 4 2 26.583693955957223 2 2
tr 4 3 1 5 4 2 26672.254174897298 3 1
tr 4 3 1 5 4 2 1097.3727431957718 4 2
tr 4 3 1 5 4 2 595261.0452643773 5 1
ann 4 3 1 5 4 3 3.5051874096455364e-13 24 0
tr 4 3 1 5 4 3 372.17171538340034 2 2
tr 4 3 1 5 4 3 9335.28896121405 3 1
tr 4 3 1 5 4 3 1920.4023005926013 4 2
tr 4 3 1 5 4 3 1.5459402592534032e6 5 1
ann 4 3 1 5 4 4 2.898674240135325e-13 24 0
tr 4 3 1 5 4 4 28005.86688364205 3 1
tr 4 3 1 5 4 4 13442.816104148204 4 2
tr 4 3 1 5 4 4 1.514390458044147e6 5 1
ann 4 3 1 6 1 1 6.257529769139966e-9 18 0
tr 4 3 1 6 1 1 16.07207717448245 2 1
tr 4 3 1 6 1 1 1.5944521006430996 3 2
tr 4 3 1 6 1 1 366.3439115327868 4 1
ann 4 3 1 6 2 1 4.383932070419646e-10 20 0
tr 4 3 1 6 2 1 0.07780441362917685 2 2
tr 4 3 1 6 2 1 26.643361187041457 3 1
tr 4 3 1 6 2 1 31.718287127430084 4 2
tr 4 3 1 6 2 1 34062.73688725995 5 1
ann 4 3 1 6 2 2 3.64903840115506e-10 20 0
tr 4 3 1 6 2 2 0.1167066204437651 2 2
tr 4 3 1 6 2 2 319.72033424449523 3 1
tr 4 3 1 6 2 2 25.37462970194406 4 2
tr 4 3 1 6 2 2 10218.821066177985 5 1
ann 4 3 1 6 3 1 2.3300090689093805e-11 22 0
tr 4 3 1 6 3 1 33.88039874130699 2 1
tr 4 3 1 6 3 1 13.444602675121757 3 2
tr 4 3 1 6 3 1 37.76166346786256 4 1
ann 4 3 1 6 3 2 1.646671089413417e-11 22 0
tr 4 3 1 6 3 2 56.46733123551136 2 1
tr 4 3 1 6 3 2 1208.3732309715829 4 1
ann 4 3 1 6 3 3 1.325923001626751e-11 22 0
tr 4 3 1 6 3 3 37.644887490340864 2 1
tr 4 3 1 6 3 3 26.8892053502435 3 2
tr 4 3 1 6 3 3 2039.1298272645433 4 1
ann 4 3 1 6 4 1 5.158160024053599e-13 24 0
tr 4 3 1 6 4 1 7.002397226625916 2 2
tr 4 3 1 6 4 1 132.75584812920314 3 1
tr 4 3 1 6 4 1 81.92932341687916 4 2
tr 4 3 1 6 4 1 2180.0151607847247 5 1
ann 4 3 1 6 4 2 5.165147687789544e-13 24 0
tr 4 3 1 6 4 2 2.3341324088753095 2 2
tr 4 3 1 6 4 2 354.0155950112066 3 1
tr 4 3 1 6 4 2 14.565213051889609 4 2
tr 4 3 1 6 4 2 268723.20215272 5 1
ann 4 3 1 6 4 3 3.9313010256636745e-13 24 0
tr 4 3 1 6 4 3 32.67785372425426 2 2
tr 4 3 1 6 4 3 123.90545825392222 3 1
tr 4 3 1 6 4 3 25.489122840806818 4 2
tr 4 3 1 6 4 3 697895.5201391904 5 1
ann 4 3 1 6 4 4 3.251056091706541e-13 24 0
tr 4 3 1 6 4 4 371.71637476176534 3 1
tr 4 3 1 6 4 4 178.4238598856477 4 2
tr 4 3 1 6 4 4 683652.7544220625 5 1
ann 4 3 1 6 5 1 4.38010089316187e-15 26 0
tr 4 3 1 6 5 1 3872.0455704350716 2 1
tr 4 3 1 6 5 1 384.1315050034789 3 2
tr 4 3 1 6 5 1 63968.257914558555 4 1
ann 4 3 1 6 5 2 4.566500265030239e-15 26 0
tr 4 3 1 6 5 2 4517.386498840911 2 1
tr 4 3 1 6 5 2 189472.92261634427 4 1
ann 4 3 1 6 5 3 4.30059666632349e-15 26 0
tr 4 3 1 6 5 3 3011.5909992272686 2 1
tr 4 3 1 6 5 3 537.78410700487 3 2
tr 4 3 1 6 5 3 179851.25076473306 4 1
ann 4 3 1 6 5 4 3.606690093397817e-15 26 0
tr 4 3 1 6 5 4 1613.352321014609 3 2
tr 4 3 1 6 5 4 15542.700683371935 4 1
tr 4 3 1 6 5 4 33760.62984800314 5 2
tr 4 3 1 6 5 4 1.879882527851931e7 6 1
ann 4 3 1 6 5 5 2.724870882324815e-15 26 0
tr 4 3 1 6 5 5 310854.0136674393 4 1
tr 4 3 1 6 5 5 94951.77144750879 5 2
tr 4 3 1 6 5 5 1.409911895888946e7 6 1
ann 4 3 1 7 1 1 3.970472236425011e-9 18 0
tr 4 3 1 7 1 1 4.022323964076365 2 1
tr 4 3 1 7 1 1 0.3990400758012264 3 2
tr 4 3 1 7 1 1 16.58778087265439 4 1
ann 4 3 1 7 2 1 2.8739024058804695e-10 20 0
tr 4 3 1 7 2 1 0.022884889061246267 2 2
tr 4 3 1 7 2 1 4.096082247339377 3 1
tr 4 3 1 7 2 1 4.876288389689701 4 2
tr 4 3 1 7 2 1 9020.69927374191 5 1
ann 4 3 1 7 2 2 2.392140208092085e-10 20 0
tr 4 3 1 7 2 2 0.03432733359186936 2 2
tr 4 3 1 7 2 2 49.152986968072184 3 1
tr 4 3 1 7 2 2 3.9010307117517615 4 2
tr 4 3 1 7 2 2 2706.2097821225725 5 1
ann 4 3 1 7 3 1 1.6625260604103668e-11 22 0
tr 4 3 1 7 3 1 7.380996652671885 2 1
tr 4 3 1 7 3 1 2.928966925663432 3 2
tr 4 3 1 7 3 1 19.356693733843294 4 1
ann 4 3 1 7 3 2 1.1749454755409099e-11 22 0
tr 4 3 1 7 3 2 12.30166108778641 2 1
tr 4 3 1 7 3 2 619.4141994829758 4 1
ann 4 3 1 7 3 3 9.460828158526265e-12 22 0
tr 4 3 1 7 3 3 8.2011073918576 2 1
tr 4 3 1 7 3 3 5.85793385132686 3 2
tr 4 3 1 7 3 3 1045.26146162752 4 1
ann 4 3 1 7 4 1 4.4616554524447597e-13 24 0
tr 4 3 1 7 4 1 1.849283964545152 2 2
tr 4 3 1 7 4 1 82.49432772730016 3 1
tr 4 3 1 7 4 1 50.910785111704946 4 2
tr 4 3 1 7 4 1 212.84880087862368 5 1
ann 4 3 1 7 4 2 4.467699575355995e-13 24 0
tr 4 3 1 7 4 2 0.6164279881817185 2 2
tr 4 3 1 7 4 2 219.98487393946598 3 1
tr 4 3 1 7 4 2 9.050806242080863 4 2
tr 4 3 1 7 4 2 26237.162188303995 5 1
ann 4 3 1 7 4 3 3.4004588144230535e-13 24 0
tr 4 3 1 7 4 3 8.629991834544041 2 2
tr 4 3 1 7 4 3 76.99470587881305 3 1
tr 4 3 1 7 4 3 15.838910923641519 4 2
tr 4 3 1 7 4 3 68139.99612127416 5 1
ann 4 3 1 7 4 4 2.812067097759763e-13 24 0
tr 4 3 1 7 4 4 230.9841176364383 3 1
tr 4 3 1 7 4 4 110.87237646549058 4 2
tr 4 3 1 7 4 4 66749.38395553373 5 1
ann 4 3 1 7 5 1 6.073098296038093e-15 26 0
tr 4 3 1 7 5 1 1115.4280655749687 2 1
tr 4 3 1 7 5 1 110.65754618799274 3 2
tr 4 3 1 7 5 1 4282.806750710884 4 1
ann 4 3 1 7 5 2 6.3315447866706775e-15 26 0
tr 4 3 1 7 5 2 1301.3327431707949 2 1
tr 4 3 1 7 5 2 12685.602805411341 4 1
ann 4 3 1 7 5 3 5.962864081157579e-15 26 0
tr 4 3 1 7 5 3 867.555162113862 2 1
tr 4 3 1 7 5 3 154.9205646631898 3 2
tr 4 3 1 7 5 3 12041.412037949052 4 1
ann 4 3 1 7 5 4 5.0007486104524134e-15 26 0
tr 4 3 1 7 5 4 464.7616939895692 3 2
tr 4 3 1 7 5 4 1040.6158551313958 4 1
tr 4 3 1 7 5 4 2260.3437726005654 5 2
tr 4 3 1 7 5 4 176957.3373736617 6 1
ann 4 3 1 7 5 5 3.778088455922973e-15 26 0
tr 4 3 1 7 5 5 20812.317102627952 4 1
tr 4 3 1 7 5 5 6357.21686043909 5 2
tr 4 3 1 7 5 5 132718.0030302461 6 1
ann 4 3 1 7 6 1 2.9755465612837045e-17 28 0
tr 4 3 1 7 6 1 16222.752843601771 3 1
tr 4 3 1 7 6 1 1514.1235987361645 4 2
tr 4 3 1 7 6 1 310662.8255455031 5 1
ann 4 3 1 7 6 2 3.111898953173707e-17 28 0
tr 4 3 1 7 6 2 19467.303412322082 3 1
tr 4 3 1 7 6 2 121.12988789889282 4 2
tr 4 3 1 7 6 2 931988.4766365077 5 1
ann 4 3 1 7 6 3 3.080122876087504e-17 28 0
tr 4 3 1 7 6 3 17520.57307108987 3 1
tr 4 3 1 7 6 3 545.0844955450184 4 2
tr 4 3 1 7 6 3 1.1982708985326565e6 5 1
ann 4 3 1 7 6 4 2.8576161026341874e-17 28 0
tr 4 3 1 7 6 4 9733.651706161025 3 1
tr 4 3 1 7 6 4 3244.5505687203436 4 2
tr 4 3 1 7 6 4 665706.0547403637 5 1
ann 4 3 1 7 6 5 2.405173663701707e-17 28 0
tr 4 3 1 7 6 5 5710.409000947808 4 2
tr 4 3 1 7 6 5 240782.84931268328 6 2
tr 4 3 1 7 6 5 1.3009646051220915e8 7 1
ann 4 3 1 7 6 6 1.6439674255703957e-17 28 0
tr 4 3 1 7 6 6 2.1968299806431886e6 5 1
tr 4 3 1 7 6 6 441435.2237399196 6 2
tr 4 3 1 7 6 6 8.313856648117478e7 7 1
ann 4 3 1 8 1 1 2.672894005833128e-9 18 0
tr 4 3 1 8 1 1 1.5951196072102845 2 1
tr 4 3 1 8 1 1 0.158245992778798 3 2
tr 4 3 1 8 1 1 1.7145752719691083 4 1
ann 4 3 1 8 2 1 1.9749969761079558e-10 20 0
tr 4 3 1 8 2 1 0.009887105003369544 2 2
tr 4 3 1 8 2 1 1.2400053306205268 3 1
tr 4 3 1 8 2 1 1.4761968221672837 4 2
tr 4 3 1 8 2 1 3103.5544316854975 5 1
ann 4 3 1 8 2 2 1.6439213971654649e-10 20 0
tr 4 3 1 8 2 2 0.0148306575050543 2 2
tr 4 3 1 8 2 2 14.880063967446214 3 1
tr 4 3 1 8 2 2 1.1809574577338267 4 2
tr 4 3 1 8 2 2 931.0663295056492 5 1
ann 4 3 1 8 3 1 1.2027675057244864e-11 22 0
tr 4 3 1 8 3 1 2.706869636478074 2 1
tr 4 3 1 8 3 1 1.0741546176500245 3 2
tr 4 3 1 8 3 1 8.55060914852142 4 1
ann 4 3 1 8 3 2 8.500235138917242e-12 22 0
tr 4 3 1 8 3 2 4.511449394130102 2 1
tr 4 3 1 8 3 2 273.61949275268125 4 1
ann 4 3 1 8 3 3 6.8445102581015604e-12 22 0
tr 4 3 1 8 3 3 3.007632929420064 2 1
tr 4 3 1 8 3 3 2.1483092353000477 3 2
tr 4 3 1 8 3 3 461.7328940201488 4 1
ann 4 3 1 8 4 1 3.594617293825155e-13 24 0
tr 4 3 1 8 4 1 0.7552649655351735 2 2
tr 4 3 1 8 4 1 40.58199263848998 3 1
tr 4 3 1 8 4 1 25.044886885467943 4 2
tr 4 3 1 8 4 1 40.62834892388451 5 1
ann 4 3 1 8 4 2 3.5994868565501327e-13 24 0
tr 4 3 1 8 4 2 0.2517549885117249 2 2
tr 4 3 1 8 4 2 108.21864703597271 3 1
tr 4 3 1 8 4 2 4.452424335194295 4 2
tr 4 3 1 8 4 2 5008.121144017302 5 1
ann 4 3 1 8 4 3 2.739644111997416e-13 24 0
tr 4 3 1 8 4 3 3.5245698391641413 2 2
tr 4 3 1 8 4 3 37.87652646259044 3 1
tr 4 3 1 8 4 3 7.7917425865900185 4 2
tr 4 3 1 8 4 3 13006.488768832403 5 1
ann 4 3 1 8 4 4 2.2655951600289072e-13 24 0
tr 4 3 1 8 4 4 113.62957938777089 3 1
tr 4 3 1 8 4 4 54.54219810613012 4 2
tr 4 3 1 8 4 4 12741.050222529671 5 1
ann 4 3 1 8 5 1 6.087464093419887e-15 26 0
tr 4 3 1 8 5 1 457.0039646001928 2 1
tr 4 3 1 8 5 1 45.337694900812714 3 2
tr 4 3 1 8 5 1 612.8155802828716 4 1
ann 4 3 1 8 5 2 6.346521933783878e-15 26 0
tr 4 3 1 8 5 2 533.1712920335576 2 1
tr 4 3 1 8 5 2 1815.1496196147102 4 1
ann 4 3 1 8 5 3 5.976969121841732e-15 26 0
tr 4 3 1 8 5 3 355.4475280223712 2 1
tr 4 3 1 8 5 3 63.47277286113776 3 2
tr 4 3 1 8 5 3 1722.9740529936514 4 1
ann 4 3 1 8 5 4 5.012577784441377e-15 26 0
tr 4 3 1 8 5 4 190.4183185834132 3 2
tr 4 3 1 8 5 4 148.89899223401866 4 1
tr 4 3 1 8 5 4 323.4266594949845 5 2
tr 4 3 1 8 5 4 274489.634248424 6 1
ann 4 3 1 8 5 5 3.787025437919833e-15 26 0
tr 4 3 1 8 5 5 2977.979844680379 4 1
tr 4 3 1 8 5 5 909.6374798296438 5 2
tr 4 3 1 8 5 5 205867.22568631763 6 1
ann 4 3 1 8 6 1 4.918397642919223e-17 28 0
tr 4 3 1 8 6 1 8837.856174604438 3 1
tr 4 3 1 8 6 1 824.8665762964138 4 2
tr 4 3 1 8 6 1 90603.02380465588 5 1
ann 4 3 1 8 6 2 5.1437798611594514e-17 28 0
tr 4 3 1 8 6 2 10605.427409525302 3 1
tr 4 3 1 8 6 2 65.98932610371291 4 2
tr 4 3 1 8 6 2 271809.0714139672 5 1
ann 4 3 1 8 6 3 5.091255936116316e-17 28 0
tr 4 3 1 8 6 3 9544.88466857277 3 1
tr 4 3 1 8 6 3 296.95196746670854 4 2
tr 4 3 1 8 6 3 349468.80610367307 5 1
ann 4 3 1 8 6 4 4.723465759080478e-17 28 0
tr 4 3 1 8 6 4 5302.713704762643 3 1
tr 4 3 1 8 6 4 1767.5712349208818 4 2
tr 4 3 1 8 6 4 194149.3367242626 5 1
ann 4 3 1 8 6 5 3.975605898493442e-17 28 0
tr 4 3 1 8 6 5 3110.9253734607532 4 2
tr 4 3 1 8 6 5 70222.93121078481 6 2
tr 4 3 1 8 6 5 1.1425426958952967e7 7 1
ann 4 3 1 8 6 6 2.7173782401208437e-17 28 0
tr 4 3 1 8 6 6 640692.811190063 5 1
tr 4 3 1 8 6 6 128742.04055310557 6 2
tr 4 3 1 8 6 6 7.3014562814610405e6 7 1
ann 4 3 1 8 7 1 1.4319121409042085e-19 30 0
tr 4 3 1 8 7 1 60161.208983442026 4 1
tr 4 3 1 8 7 1 4594.1286860083055 5 2
tr 4 3 1 8 7 1 1.1386329100686924e6 6 1
ann 4 3 1 8 7 2 1.5025797924083307e-19 30 0
tr 4 3 1 8 7 2 72193.4507801304 4 1
tr 4 3 1 8 7 2 918.8257372016608 5 2
tr 4 3 1 8 7 2 3.3504489940398196e6 6 1
ann 4 3 1 8 7 3 1.5121832754616401e-19 30 0
tr 4 3 1 8 7 3 72193.45078013059 4 1
tr 4 3 1 8 7 3 262.5216392004758 5 2
tr 4 3 1 8 7 3 4.927980134870443e6 6 1
ann 4 3 1 8 7 4 1.4538637980611874e-19 30 0
tr 4 3 1 8 7 4 56723.42561295965 4 1
tr 4 3 1 8 7 4 4331.607046807823 5 2
tr 4 3 1 8 7 4 4.287920215009331e6 6 1
ann 4 3 1 8 7 5 1.315054968053012e-19 30 0
tr 4 3 1 8 7 5 28361.71280647976 4 1
tr 4 3 1 8 7 5 11791.596960754627 5 2
tr 4 3 1 8 7 5 1.4840086011616648e6 6 1
tr 4 3 1 8 7 5 6.159052944497077e8 8 1
ann 4 3 1 8 7 6 1.070611357404599e-19 30 0
tr 4 3 1 8 7 6 15641.914335694924 5 2
tr 4 3 1 8 7 6 252334.3994840891 6 1
tr 4 3 1 8 7 6 1.0267672895804595e6 7 2
tr 4 3 1 8 7 6 5.882170540959185e8 8 1
ann 4 3 1 8 7 7 6.742022365725565e-20 30 0
tr 4 3 1 8 7 7 1.059804477833166e7 6 1
tr 4 3 1 8 7 7 1.4599347398722165e6 7 2
tr 4 3 1 8 7 7 3.377652615316397e8 8 1
ann 4 3 1 9 8 2 5.291553823494408e-22 32 0
tr 4 3 1 9 8 2 210591.57920379462 5 1
tr 4 3 1 9 8 2 3324.881627258833 6 2
tr 4 3 1 9 8 2 9.151459449596997e6 7 1
ann 4 3 1 9 8 4 5.268155491131427e-22 32 0
tr 4 3 1 9 8 4 198557.77467786407 5 1
tr 4 3 1 9 8 4 4063.744211094127 6 2
tr 4 3 1 9 8 4 1.529722042060595e7 7 1
ann 4 3 1 9 8 6 4.319037132300083e-22 32 0
tr 4 3 1 9 8 6 66921.3240580947 5 1
tr 4 3 1 9 8 6 30256.42280805541 6 2
tr 4 3 1 9 8 6 1.9466070063715512e6 7 1
tr 4 3 1 9 8 6 1.3783165077794117e6 8 2
tr 4 3 1 9 8 6 2.194558239808376e9 9 1
ann 4 3 1 9 8 8 1.9943773423590953e-22 32 0
tr 4 3 1 9 8 8 3.690442449579374e7 7 1
tr 4 3 1 9 8 8 3.618080832920953e6 8 2
tr 4 3 1 9 8 8 1.0020337266188052e9 9 1
ann 4 3 1 11 10 2 2.8908870667447595e-27 36 0
tr 4 3 1 11 10 2 891215.298705319 7 1
tr 4 3 1 11 10 2 14446.767343366124 8 2
tr 4 3 1 11 10 2 3.3629823329946175e7 9 1
ann 4 3 1 11 10 4 2.9925684571469188e-27 36 0
tr 4 3 1 11 10 4 965483.240264093 7 1
tr 4 3 1 11 10 4 717.0849972252646 8 2
tr 4 3 1 11 10 4 7.056711290755746e7 9 1
ann 4 3 1 11 10 6 2.7098102841518945e-27 36 0
tr 4 3 1 11 10 6 702169.629282977 7 1
tr 4 3 1 11 10 6 36038.117809269665 8 2
tr 4 3 1 11 10 6 5.025020171852486e7 9 1
tr 4 3 1 11 10 6 1.0274057128555445e10 11 1
ann 4 3 1 11 10 8 1.9873892743851247e-27 36 0
tr 4 3 1 11 10 8 196761.81919468028 7 1
tr 4 3 1 11 10 8 90557.5910781616 8 2
tr 4 3 1 11 10 8 27237.32902163132 9 1
tr 4 3 1 11 10 8 7.354396889580886e6 10 2
tr 4 3 1 11 10 8 1.117402546462403e10 11 1
ann 4 3 1 11 10 10 7.795490488235699e-28 36 0
tr 4 3 1 11 10 10 1.9794728866466373e8 9 1
tr 4 3 1 11 10 10 1.0769080356160223e7 10 2
tr 4 3 1 11 10 10 4.029625665993862e9 11 1
ann 4 3 1 13 12 2 6.341941032418668e-33 40 0
tr 4 3 1 13 12 2 1.6649949584271943e6 9 1
tr 4 3 1 13 12 2 23662.13721701703 10 2
tr 4 3 1 13 12 2 5.549247571537757e7 11 1
ann 4 3 1 13 12 4 6.731773398374883e-33 40 0
tr 4 3 1 13 12 4 1.883630660038854e6 9 1
tr 4 3 1 13 12 4 594.3393963458011 10 2
tr 4 3 1 13 12 4 1.2605862872844277e8 11 1
ann 4 3 1 13 12 6 6.45060207430171e-33 40 0
tr 4 3 1 13 12 6 1.696598259336407e6 9 1
tr 4 3 1 13 12 6 16238.201364447561 10 2
tr 4 3 1 13 12 6 1.362252618995115e8 11 1
tr 4 3 1 13 12 6 1.75626950621261e10 13 1
ann 4 3 1 13 12 8 5.4104860607319534e-33 40 0
tr 4 3 1 13 12 8 1.074512230913059e6 9 1
tr 4 3 1 13 12 8 73199.26458208825 10 2
tr 4 3 1 13 12 8 5.476356527715219e7 11 1
tr 4 3 1 13 12 8 2.557461069351273e10 13 1
ann 4 3 1 13 12 10 3.630261072296843e-33 40 0
tr 4 3 1 13 12 10 270383.79666766495 9 1
tr 4 3 1 13 12 10 118087.80881145506 10 2
tr 4 3 1 13 12 10 8.80409470484351e6 11 1
tr 4 3 1 13 12 10 1.3505702241559895e7 12 2
tr 4 3 1 13 12 10 2.1988581541112984e10 13 1
ann 4 3 1 13 12 12 1.268915310979702e-33 40 0
tr 4 3 1 13 12 12 4.3311254784105414e8 11 1
tr 4 3 1 13 12 12 1.4351658389999442e7 12 2
tr 4 3 1 13 12 12 6.852962299793131e9 13 1
ann 4 3 1 15 14 2 6.574788325803988e-39 44 0
tr 4 3 1 15 14 2 1.5542883248670914e6 11 1
tr 4 3 1 15 14 2 18638.339742064847 12 2
tr 4 3 1 15 14 2 4.667529775532673e7 13 1
ann 4 3 1 15 14 4 7.08412763078624e-39 44 0
tr 4 3 1 15 14 4 1.7817640886963026e6 11 1
tr 4 3 1 15 14 4 2514.696631865935 12 2
tr 4 3 1 15 14 4 1.0867604937553251e8 13 1
ann 4 3 1 15 14 6 7.042142203682104e-39 44 0
tr 4 3 1 15 14 6 1.755367583678568e6 11 1
tr 4 3 1 15 14 6 2810.5432944383383 12 2
tr 4 3 1 15 14 6 1.404094557931878e8 13 1
tr 4 3 1 15 14 6 1.4002470339085379e10 15 1
ann 4 3 1 15 14 8 6.356374509486048e-39 44 0
tr 4 3 1 15 14 8 1.4197826044459008e6 11 1
tr 4 3 1 15 14 8 25627.717145339324 12 2
tr 4 3 1 15 14 8 1.0501089633776923e8 13 1
tr 4 3 1 15 14 8 2.3818303304317734e10 15 1
ann 4 3 1 15 14 10 5.019549211251074e-39 44 0
tr 4 3 1 15 14 10 824968.4185833029 11 1
tr 4 3 1 15 14 10 62374.33802569328 12 2
tr 4 3 1 15 14 10 2.2662578829777747e7 13 1
tr 4 3 1 15 14 10 4.99606145551231e6 14 2
tr 4 3 1 15 14 10 2.7344958540546032e10 15 1
ann 4 3 1 15 14 12 3.145788408929997e-39 44 0
tr 4 3 1 15 14 12 193444.9754975272 11 1
tr 4 3 1 15 14 12 78522.63502444021 12 2
tr 4 3 1 15 14 12 2.9917877122205403e7 13 1
tr 4 3 1 15 14 12 1.1328887554547895e7 14 2
tr 4 3 1 15 14 12 2.034559181358474e10 15 1
ann 4 3 1 15 14 14 1.0108200652048357e-39 44 0
tr 4 3 1 15 14 14 4.5375446968678164e8 13 1
tr 4 3 1 15 14 14 9.809526607162545e6 14 2
tr 4 3 1 15 14 14 5.741302146263417e9 15 1
ann 4 3 2 4 3 2 1.1261581683387454e-11 22 0
ann 4 3 2 4 3 3 2.894536747619566e-11 22 0
tr 4 3 2 4 3 3 3839.9999999999945 2 1
tr 4 3 2 4 3 3 1097.1428571428585 3 2
ann 4 3 2 5 1 1 1.1160698515446825e-8 18 0
tr 4 3 2 5 1 1 349.2744321127418 2 1
tr 4 3 2 5 1 1 17.325120640512978 3 2
tr 4 3 2 5 1 1 39769.43396682312 4 1
ann 4 3 2 5 2 1 7.559949339227093e-10 20 0
tr 4 3 2 5 2 1 7877.13844458468 3 1
tr 4 3 2 5 2 1 1225.332646935396 4 2
tr 4 3 2 5 2 1 728922.6432923854 5 1
ann 4 3 2 5 2 2 7.354767303845495e-10 20 0
tr 4 3 2 5 2 2 1.6822493831504128 2 2
tr 4 3 2 5 2 2 10502.851259446212 3 1
tr 4 3 2 5 2 2 500.1357742593448 4 2
tr 4 3 2 5 2 2 151858.88401924682 5 1
ann 4 3 2 5 3 1 2.2657229378420476e-11 22 0
tr 4 3 2 5 3 1 992.4579076890682 2 1
tr 4 3 2 5 3 1 140495.82446036424 4 1
ann 4 3 2 5 3 2 3.869450043179766e-11 22 0
tr 4 3 2 5 3 2 236.2995018307306 3 2
tr 4 3 2 5 3 2 215134.23120493235 4 1
tr 4 3 2 5 3 2 14901.072291250734 5 2
tr 4 3 2 5 3 2 2.2413001192054693e6 6 1
ann 4 3 2 5 3 3 2.4863882153434883e-11 22 0
tr 4 3 2 5 3 3 1654.09651281511 2 1
tr 4 3 2 5 3 3 472.5990036614614 3 2
tr 4 3 2 5 3 3 131714.83543159114 4 1
ann 4 3 2 5 4 1 3.541754563099321e-13 24 0
tr 4 3 2 5 4 1 260.52020076838033 2 2
tr 4 3 2 5 4 1 21337.80333991781 3 1
tr 4 3 2 5 4 1 1.006052334478736e6 5 1
ann 4 3 2 5 4 2 4.946337138893088e-13 24 0
tr 4 3 2 5 4 2 255.20346197718894 2 2
tr 4 3 2 5 4 2 2000.4190631172867 3 1
tr 4 3 2 5 4 2 3429.289822486791 4 2
tr 4 3 2 5 4 2 1.5452963857593352e6 5 1
ann 4 3 2 5 4 3 6.047571149529585e-13 24 0
tr 4 3 2 5 4 3 37.217171538340054 2 2
tr 4 3 2 5 4 3 9335.288961214046 3 1
tr 4 3 2 5 4 3 9602.011502962998 4 2
tr 4 3 2 5 4 3 1.3634021236855825e6 5 1
ann 4 3 2 5 4 4 4.624691831900347e-13 24 0
tr 4 3 2 5 4 4 297.73737230672015 2 2
tr 4 3 2 5 4 4 46676.44480607011 3 1
tr 4 3 2 5 4 4 9602.011502963001 4 2
tr 4 3 2 5 4 4 630996.0241850627 5 1
ann 4 3 2 6 1 1 6.540966747447339e-9 18 0
tr 4 3 2 6 1 1 26.78679529080409 2 1
tr 4 3 2 6 1 1 1.32871008386925 3 2
tr 4 3 2 6 1 1 183.17195576639313 4 1
ann 4 3 2 6 2 1 4.688540240419933e-10 20 0
tr 4 3 2 6 2 1 199.8252089028097 3 1
tr 4 3 2 6 2 1 31.083921384881542 4 2
tr 4 3 2 6 2 1 16350.113705884798 5 1
ann 4 3 2 6 2 2 4.56129014052962e-10 20 0
tr 4 3 2 6 2 2 0.19451103407294187 2 2
tr 4 3 2 6 2 2 266.43361187041234 3 1
tr 4 3 2 6 2 2 12.687314850972049 4 2
tr 4 3 2 6 2 2 3406.2736887259957 5 1
ann 4 3 2 6 3 1 1.646671089413419e-11 22 0
tr 4 3 2 6 3 1 56.46733123551139 2 1
tr 4 3 2 6 3 1 1208.3732309715829 4 1
ann 4 3 2 6 3 2 2.8122200471468488e-11 22 0
tr 4 3 2 6 3 2 13.444602675121768 3 2
tr 4 3 2 6 3 2 1850.3215099252338 4 1
tr 4 3 2 6 3 2 128.16079722425866 5 2
tr 4 3 2 6 3 2 655650.9932519319 6 1
ann 4 3 2 6 3 3 1.8070451333067454e-11 22 0
tr 4 3 2 6 3 3 94.11221872585212 2 1
tr 4 3 2 6 3 3 26.88920535024354 3 2
tr 4 3 2 6 3 3 1132.8499040358568 4 1
ann 4 3 2 6 4 1 3.9723135197615754e-13 24 0
tr 4 3 2 6 4 1 22.874497606977997 2 2
tr 4 3 2 6 4 1 283.2124760089649 3 1
tr 4 3 2 6 4 1 454169.8251634677 5 1
ann 4 3 2 6 4 2 5.547646363559262e-13 24 0
tr 4 3 2 6 4 2 22.40767112520294 2 2
tr 4 3 2 6 4 2 26.55116962584035 3 1
tr 4 3 2 6 4 2 45.51629078715507 4 2
tr 4 3 2 6 4 2 697604.8514510851 5 1
ann 4 3 2 6 4 3 6.782753589816862e-13 24 0
tr 4 3 2 6 4 3 3.267785372425429 2 2
tr 4 3 2 6 4 3 123.90545825392213 3 1
tr 4 3 2 6 4 3 127.44561420403399 4 2
tr 4 3 2 6 4 3 615490.9470615311 5 1
ann 4 3 2 6 4 4 5.186899770717056e-13 24 0
tr 4 3 2 6 4 4 26.142282979403404 2 2
tr 4 3 2 6 4 4 619.5272912696093 3 1
tr 4 3 2 6 4 4 127.44561420403403 4 2
tr 4 3 2 6 4 4 284855.3143425268 5 1
ann 4 3 2 6 5 1 3.619126793796083e-15 26 0
tr 4 3 2 6 5 1 1032.5454854493494 2 1
tr 4 3 2 6 5 1 1037.1550635093922 3 2
tr 4 3 2 6 5 1 165207.27767189633 4 1
ann 4 3 2 6 5 2 4.548724917448422e-15 26 0
tr 4 3 2 6 5 2 2710.431899304545 2 1
tr 4 3 2 6 5 2 1075.5682140097404 3 2
tr 4 3 2 6 5 2 37006.430198504684 4 1
ann 4 3 2 6 5 3 5.379672706066002e-15 26 0
tr 4 3 2 6 5 3 4818.545598763631 2 1
tr 4 3 2 6 5 3 537.78410700487 3 2
tr 4 3 2 6 5 3 11101.929059551378 4 1
ann 4 3 2 6 5 4 5.7869224288442534e-15 26 0
tr 4 3 2 6 5 4 5420.863798609081 2 1
tr 4 3 2 6 5 4 177630.86495282257 4 1
ann 4 3 2 6 5 5 5.231016889249746e-15 26 0
tr 4 3 2 6 5 5 1613.352321014609 3 2
tr 4 3 2 6 5 5 388567.5170843001 4 1
tr 4 3 2 6 5 5 52750.9841375049 5 2
tr 4 3 2 6 5 5 4.699706319629828e6 6 1
ann 4 3 2 7 1 1 4.150316161123054e-9 18 0
tr 4 3 2 7 1 1 6.703873273460609 2 1
tr 4 3 2 7 1 1 0.33253339650102226 3 2
tr 4 3 2 7 1 1 8.293890436327178 4 1
ann 4 3 2 7 2 1 3.073589388008984e-10 20 0
tr 4 3 2 7 2 1 30.72061685504514 3 1
tr 4 3 2 7 2 1 4.778762621895917 4 2
tr 4 3 2 7 2 1 4329.935651396121 5 1
ann 4 3 2 7 2 2 2.990170124021182e-10 20 0
tr 4 3 2 7 2 2 0.05721222265311558 2 2
tr 4 3 2 7 2 2 40.960822473393414 3 1
tr 4 3 2 7 2 2 1.950515355875883 4 2
tr 4 3 2 7 2 2 902.069927374191 5 1
ann 4 3 2 7 3 1 1.1749454755409086e-11 22 0
tr 4 3 2 7 3 1 12.301661087786416 2 1
tr 4 3 2 7 3 1 619.4141994829758 4 1
ann 4 3 2 7 3 2 2.006596961549401e-11 22 0
tr 4 3 2 7 3 2 2.9289669256634343 3 2
tr 4 3 2 7 3 2 948.477992958305 4 1
tr 4 3 2 7 3 2 65.69544539970947 5 2
tr 4 3 2 7 3 2 52807.31089227816 6 1
ann 4 3 2 7 3 3 1.2893768053850475e-11 22 0
tr 4 3 2 7 3 3 20.502768479643986 2 1
tr 4 3 2 7 3 3 5.8579338513268695 3 2
tr 4 3 2 7 3 3 580.7008120152885 4 1
ann 4 3 2 7 4 1 3.435933404218813e-13 24 0
tr 4 3 2 7 4 1 6.040994284180832 2 2
tr 4 3 2 7 4 1 175.98789915157255 3 1
tr 4 3 2 7 4 1 44343.50018304498 5 1
ann 4 3 2 7 4 2 4.798549591068184e-13 24 0
tr 4 3 2 7 4 2 5.91770868654449 2 2
tr 4 3 2 7 4 2 16.498865545459857 3 1
tr 4 3 2 7 4 2 28.28376950650273 4 2
tr 4 3 2 7 4 2 68111.61628115692 5 1
ann 4 3 2 7 4 3 5.866880703449863e-13 24 0
tr 4 3 2 7 4 3 0.8629991834544046 2 2
tr 4 3 2 7 4 3 76.99470587881301 3 1
tr 4 3 2 7 4 3 79.1945546182075 4 2
tr 4 3 2 7 4 3 60094.31144806253 5 1
ann 4 3 2 7 4 4 4.486514501650254e-13 24 0
tr 4 3 2 7 4 4 6.90399346763523 2 2
tr 4 3 2 7 4 4 384.97352939406414 3 1
tr 4 3 2 7 4 4 79.19455461820755 4 2
tr 4 3 2 7 4 4 27812.24331480579 5 1
ann 4 3 2 7 5 1 5.017992348633538e-15 26 0
tr 4 3 2 7 5 1 297.44748415332407 2 1
tr 4 3 2 7 5 1 298.7753747075803 3 2
tr 4 3 2 7 5 1 11060.967847910291 4 1
ann 4 3 2 7 5 2 6.3068989115541855e-15 26 0
tr 4 3 2 7 5 2 780.7996459024764 2 1
tr 4 3 2 7 5 2 309.84112932637964 3 2
tr 4 3 2 7 5 2 2477.6567979318984 4 1
ann 4 3 2 7 5 3 7.459024788850623e-15 26 0
tr 4 3 2 7 5 3 1388.0882593821789 2 1
tr 4 3 2 7 5 3 154.9205646631898 3 2
tr 4 3 2 7 5 3 743.2970393795678 4 1
ann 4 3 2 7 5 4 8.023684744791664e-15 26 0
tr 4 3 2 7 5 4 1561.5992918049508 2 1
tr 4 3 2 7 5 4 11892.752630073122 4 1
ann 4 3 2 7 5 5 7.25291049954688e-15 26 0
tr 4 3 2 7 5 5 464.7616939895692 3 2
tr 4 3 2 7 5 5 26015.39637828501 4 1
tr 4 3 2 7 5 5 3531.7871446883833 5 2
tr 4 3 2 7 5 5 44239.33434341546 6 1
ann 4 3 2 7 6 1 2.4565114832665092e-17 28 0
tr 4 3 2 7 6 1 4866.825853080519 3 1
tr 4 3 2 7 6 1 3664.179108941511 4 2
tr 4 3 2 7 6 1 931988.4766365056 5 1
ann 4 3 2 7 6 2 2.9995151510435105e-17 28 0
tr 4 3 2 7 6 2 10382.561819905124 3 1
tr 4 3 2 7 6 2 3876.156412764575 4 2
tr 4 3 2 7 6 2 310662.8255455034 5 1
ann 4 3 2 7 6 3 3.47573739877294e-17 28 0
tr 4 3 2 7 6 3 17520.57307108987 3 1
tr 4 3 2 7 6 3 2725.422477725089 4 2
ann 4 3 2 7 6 4 3.808729974936811e-17 28 0
tr 4 3 2 7 6 4 23360.764094786515 3 1
tr 4 3 2 7 6 4 726.7793273933601 4 2
tr 4 3 2 7 6 4 399423.6328442177 5 1
ann 4 3 2 7 6 5 3.9156984773244397e-17 28 0
tr 4 3 2 7 6 5 21414.03375355433 3 1
tr 4 3 2 7 6 5 285.5204500473908 4 2
tr 4 3 2 7 6 5 1.4645533204287966e6 5 1
ann 4 3 2 7 6 6 3.7166576451916827e-17 28 0
tr 4 3 2 7 6 6 6852.490801137372 4 2
tr 4 3 2 7 6 6 2.1968299806431932e6 5 1
tr 4 3 2 7 6 6 200652.3744272361 6 2
tr 4 3 2 7 6 6 2.3094046244770892e7 7 1
ann 4 3 2 8 1 1 2.793963676181901e-9 18 0
tr 4 3 2 8 1 1 2.658532678683808 2 1
tr 4 3 2 8 1 1 0.13187166064899838 3 2
tr 4 3 2 8 1 1 0.8572876359845527 4 1
ann 4 3 2 8 2 1 2.1122254319824417e-10 20 0
tr 4 3 2 8 2 1 9.300039979653892 3 1
tr 4 3 2 8 2 1 1.4466728857239404 4 2
tr 4 3 2 8 2 1 1489.7061272090402 5 1
ann 4 3 2 8 2 2 2.054898224493883e-10 20 0
tr 4 3 2 8 2 2 0.024717762508423835 2 2
tr 4 3 2 8 2 2 12.400053306205159 3 1
tr 4 3 2 8 2 2 0.5904787288669139 4 2
tr 4 3 2 8 2 2 310.35544316854975 5 1
ann 4 3 2 8 3 1 8.500235138917247e-12 22 0
tr 4 3 2 8 3 1 4.5114493941301035 2 1
tr 4 3 2 8 3 1 273.61949275268125 4 1
ann 4 3 2 8 3 2 1.4516882956611064e-11 22 0
tr 4 3 2 8 3 2 1.0741546176500252 3 2
tr 4 3 2 8 3 2 418.9798482775424 4 1
tr 4 3 2 8 3 2 29.020249231344934 5 2
tr 4 3 2 8 3 2 9051.251129336259 6 1
ann 4 3 2 8 3 3 9.328097579325049e-12 22 0
tr 4 3 2 8 3 3 7.519082323550155 2 1
tr 4 3 2 8 3 3 2.1483092353000504 3 2
tr 4 3 2 8 3 3 256.51827445563805 4 1
ann 4 3 2 8 4 1 2.7682248870447307e-13 24 0
tr 4 3 2 8 4 1 2.4671988874149 2 2
tr 4 3 2 8 4 1 86.57491762877807 3 1
tr 4 3 2 8 4 1 8464.239359142293 5 1
ann 4 3 2 8 4 2 3.866042445856878e-13 24 0
tr 4 3 2 8 4 2 2.416847889712556 2 2
tr 4 3 2 8 4 2 8.11639852769791 3 1
tr 4 3 2 8 4 2 13.913826047482189 4 2
tr 4 3 2 8 4 2 13001.071655642538 5 1
ann 4 3 2 8 4 3 4.726763653172241e-13 24 0
tr 4 3 2 8 4 3 0.35245698391641445 2 2
tr 4 3 2 8 4 3 37.876526462590405 3 1
tr 4 3 2 8 4 3 38.95871293295006 4 2
tr 4 3 2 8 4 3 11470.737179509631 5 1
ann 4 3 2 8 4 4 3.614645468855654e-13 24 0
tr 4 3 2 8 4 4 2.819655871331312 2 2
tr 4 3 2 8 4 4 189.3826323129516 3 1
tr 4 3 2 8 4 4 38.95871293295007 4 2
tr 4 3 2 8 4 4 5308.770926054043 5 1
ann 4 3 2 8 5 1 5.029862313692479e-15 26 0
tr 4 3 2 8 5 1 121.8677238933844 2 1
tr 4 3 2 8 5 1 122.41177623219427 3 2
tr 4 3 2 8 5 1 1582.6848664330287 4 1
ann 4 3 2 8 5 2 6.3218177613283055e-15 26 0
tr 4 3 2 8 5 2 319.9027752201344 2 1
tr 4 3 2 8 5 2 126.94554572227557 3 2
tr 4 3 2 8 5 2 354.5214100809975 4 1
ann 4 3 2 8 5 3 7.476668968036882e-15 26 0
tr 4 3 2 8 5 3 568.7160448357938 2 1
tr 4 3 2 8 5 3 63.47277286113776 3 2
tr 4 3 2 8 5 3 106.35642302429902 4 1
ann 4 3 2 8 5 4 8.042664613271174e-15 26 0
tr 4 3 2 8 5 4 639.8055504402678 2 1
tr 4 3 2 8 5 4 1701.702768388789 4 1
ann 4 3 2 8 5 5 7.270067120102332e-15 26 0
tr 4 3 2 8 5 5 190.4183185834132 3 2
tr 4 3 2 8 5 5 3722.4748058504833 4 1
tr 4 3 2 8 5 5 505.35415546091326 5 2
tr 4 3 2 8 5 5 68622.40856210604 6 1
ann 4 3 2 8 6 1 4.060464197126731e-17 28 0
tr 4 3 2 8 6 1 2651.3568523813246 3 1
tr 4 3 2 8 6 1 1996.1771146373173 4 2
tr 4 3 2 8 6 1 271809.0714139665 5 1
ann 4 3 2 8 6 2 4.9580162636301555e-17 28 0
tr 4 3 2 8 6 2 5656.227951746836 3 1
tr 4 3 2 8 6 2 2111.658435318817 4 2
tr 4 3 2 8 6 2 90603.02380465597 5 1
ann 4 3 2 8 6 3 5.745182700642765e-17 28 0
tr 4 3 2 8 6 3 9544.88466857277 3 1
tr 4 3 2 8 6 3 1484.759837333541 4 2
ann 4 3 2 8 6 4 6.295599193318913e-17 28 0
tr 4 3 2 8 6 4 12726.512891430368 3 1
tr 4 3 2 8 6 4 395.93595662227926 4 2
tr 4 3 2 8 6 4 116489.6020345574 5 1
ann 4 3 2 8 6 5 6.472411625050569e-17 28 0
tr 4 3 2 8 6 5 11665.970150477853 3 1
tr 4 3 2 8 6 5 155.54626867303793 4 2
tr 4 3 2 8 6 5 427128.54079337657 5 1
ann 4 3 2 8 6 6 6.143409218932535e-17 28 0
tr 4 3 2 8 6 6 3733.110448152905 4 2
tr 4 3 2 8 6 6 640692.8111900645 5 1
tr 4 3 2 8 6 6 58519.10934232069 6 2
tr 4 3 2 8 6 6 2.0281823004058558e6 7 1
ann 4 3 2 8 7 1 1.1403555156706053e-19 30 0
tr 4 3 2 8 7 1 19251.58687470148 4 1
tr 4 3 2 8 7 1 10352.103305805382 5 2
tr 4 3 2 8 7 1 3.8515886405676655e6 6 1
ann 4 3 2 8 7 2 1.3834445149846288e-19 30 0
tr 4 3 2 8 7 2 36096.72539006518 4 1
tr 4 3 2 8 7 2 11025.908846419914 5 2
tr 4 3 2 8 7 2 1.6169934817543544e6 6 1
ann 4 3 2 8 7 3 1.603215470083988e-19 30 0
tr 4 3 2 8 7 3 57754.7606241045 4 1
tr 4 3 2 8 7 3 9004.492224576275 5 2
tr 4 3 2 8 7 3 120312.01501148599 6 1
ann 4 3 2 8 7 4 1.7743028754250209e-19 30 0
tr 4 3 2 8 7 4 79412.79585814351 4 1
tr 4 3 2 8 7 4 4620.380849928341 5 2
tr 4 3 2 8 7 4 529372.8660505365 6 1
ann 4 3 2 8 7 5 1.8709211491890512e-19 30 0
tr 4 3 2 8 7 5 90757.48098073536 4 1
tr 4 3 2 8 7 5 433.1607046807841 5 2
tr 4 3 2 8 7 5 3.308580412815833e6 6 1
ann 4 3 2 8 7 6 1.8699330199977485e-19 30 0
tr 4 3 2 8 7 6 73740.4532968475 4 1
tr 4 3 2 8 7 6 2502.706293711188 5 2
tr 4 3 2 8 7 6 7.340637075900713e6 6 1
ann 4 3 2 8 7 7 1.7546118455903834e-19 30 0
tr 4 3 2 8 7 7 21898.680069972906 5 2
tr 4 3 2 8 7 7 8.831703981943056e6 6 1
tr 4 3 2 8 7 7 561513.3614893141 7 2
tr 4 3 2 8 7 7 8.042030036467634e7 8 1
ann 4 3 2 9 8 2 4.616728872629127e-22 32 0
tr 4 3 2 9 8 2 101083.95801782153 5 1
tr 4 3 2 9 8 2 24825.78281686597 6 2
tr 4 3 2 9 8 2 5.849179706645283e6 7 1
tr 4 3 2 9 8 2 1.75355902158291e9 9 1
ann 4 3 2 9 8 4 6.016735137192212e-22 32 0
tr 4 3 2 9 8 4 211794.95965638856 5 1
tr 4 3 2 9 8 4 14629.47915993888 6 2
tr 4 3 2 9 8 4 306385.6036814221 7 1
ann 4 3 2 9 8 6 6.641824044750894e-22 32 0
tr 4 3 2 9 8 6 267685.2962323792 5 1
tr 4 3 2 9 8 6 1.4903709892532116e7 7 1
ann 4 3 2 9 8 8 5.86892603408125e-22 32 0
tr 4 3 2 9 8 8 53789.196103209564 6 2
tr 4 3 2 9 8 8 2.636030321128129e7 7 1
tr 4 3 2 9 8 8 1.2060269443069883e6 8 2
tr 4 3 2 9 8 8 2.087570263789173e8 9 1
ann 4 3 2 11 10 2 2.2690859172411992e-27 36 0
tr 4 3 2 11 10 2 407412.707979574 7 1
tr 4 3 2 11 10 2 66570.7039182309 8 2
tr 4 3 2 11 10 2 3.2384383108800624e7 9 1
tr 4 3 2 11 10 2 9.024798756110909e9 11 1
ann 4 3 2 11 10 4 3.0202194533080543e-27 36 0
tr 4 3 2 11 10 4 772386.5922112756 7 1
tr 4 3 2 11 10 4 52586.23312985241 8 2
tr 4 3 2 11 10 4 850498.9503321303 9 1
tr 4 3 2 11 10 4 1.093915000740716e10 11 1
ann 4 3 2 11 10 6 3.56722853605876e-27 36 0
tr 4 3 2 11 10 6 1.123471406852764e6 7 1
tr 4 3 2 11 10 6 15297.813274138836 8 2
tr 4 3 2 11 10 6 2.336535577835528e7 9 1
tr 4 3 2 11 10 6 8.80341119643722e9 11 1
ann 4 3 2 11 10 8 3.6237058585727145e-27 36 0
tr 4 3 2 11 10 8 1.1018661874902116e6 7 1
tr 4 3 2 11 10 8 6430.124810283613 8 2
tr 4 3 2 11 10 8 9.887150434850131e7 9 1
ann 4 3 2 11 10 10 2.8216817267817347e-27 36 0
tr 4 3 2 11 10 10 162896.49519385293 8 2
tr 4 3 2 11 10 10 1.099707159248132e8 9 1
tr 4 3 2 11 10 10 2.8339685147790066e6 10 2
tr 4 3 2 11 10 10 6.716042776656395e8 11 1
ann 4 3 2 13 12 2 4.552827306047474e-33 40 0
tr 4 3 2 13 12 2 739997.7593009757 9 1
tr 4 3 2 13 12 2 84990.53367744882 10 2
tr 4 3 2 13 12 2 7.153326947685388e7 11 1
tr 4 3 2 13 12 2 1.92111328491015e10 13 1
ann 4 3 2 13 12 4 6.085274576202979e-33 40 0
tr 4 3 2 13 12 4 1.29163245259807e6 9 1
tr 4 3 2 13 12 4 75718.83909445413 10 2
tr 4 3 2 13 12 4 1.0004653073685767e7 11 1
tr 4 3 2 13 12 4 2.394794376450499e10 13 1
ann 4 3 2 13 12 6 7.443015111709945e-33 40 0
tr 4 3 2 13 12 6 1.9001900504567747e6 9 1
tr 4 3 2 13 12 6 41569.79549298594 10 2
tr 4 3 2 13 12 6 1.1338606816844001e7 11 1
tr 4 3 2 13 12 6 2.221707059384734e10 13 1
ann 4 3 2 13 12 8 8.210593454708726e-33 40 0
tr 4 3 2 13 12 8 2.2922927592811943e6 9 1
tr 4 3 2 13 12 8 4113.677678993365 10 2
tr 4 3 2 13 12 8 1.0183307592858861e8 11 1
tr 4 3 2 13 12 8 1.516613142862315e10 13 1
ann 4 3 2 13 12 10 7.80471332549245e-33 40 0
tr 4 3 2 13 12 10 1.9467633360071906e6 9 1
tr 4 3 2 13 12 10 24843.38676725415 10 2
tr 4 3 2 13 12 10 2.2927329960530192e8 11 1
ann 4 3 2 13 12 12 5.4487954979127325e-33 40 0
tr 4 3 2 13 12 12 225551.80091322912 10 2
tr 4 3 2 13 12 12 1.9686933992775226e8 11 1
tr 4 3 2 13 12 12 3.119925736956406e6 12 2
tr 4 3 2 13 12 12 9.518003194157134e8 13 1
ann 4 3 2 15 14 2 4.392247691191052e-39 44 0
tr 4 3 2 15 14 2 678234.905396551 11 1
tr 4 3 2 15 14 2 57433.698760733445 12 2
tr 4 3 2 15 14 2 7.508279088150534e7 13 1
tr 4 3 2 15 14 2 1.9745219021540855e10 15 1
ann 4 3 2 15 14 4 5.838766099167177e-39 44 0
tr 4 3 2 15 14 4 1.1086532107443614e6 11 1
tr 4 3 2 15 14 4 54317.44724830354 12 2
tr 4 3 2 15 14 4 1.912698469009373e7 13 1
tr 4 3 2 15 14 4 2.4822561055651367e10 15 1
ann 4 3 2 15 14 6 7.246609858626342e-39 44 0
tr 4 3 2 15 14 6 1.6049075050775483e6 11 1
tr 4 3 2 15 14 6 38223.38880436165 12 2
tr 4 3 2 15 14 6 874522.5620337037 13 1
tr 4 3 2 15 14 6 2.4862340800932842e10 15 1
ann 4 3 2 15 14 8 8.340752340446115e-39 44 0
tr 4 3 2 15 14 8 2.0444869504020973e6 11 1
tr 4 3 2 15 14 8 14427.4555781169 12 2
tr 4 3 2 15 14 8 4.5023421804818414e7 13 1
tr 4 3 2 15 14 8 2.0048991621872166e10 15 1
ann 4 3 2 15 14 10 8.724334770521206e-39 44 0
tr 4 3 2 15 14 10 2.199915782888809e6 11 1
tr 4 3 2 15 14 10 1.4577762645175374e8 13 1
tr 4 3 2 15 14 10 1.2404047846865444e10 15 1
ann 4 3 2 15 14 12 7.855284500473512e-39 44 0
tr 4 3 2 15 14 12 1.7023157843782455e6 11 1
tr 4 3 2 15 14 12 29486.05070305514 12 2
tr 4 3 2 15 14 12 2.4000785869147056e8 13 1
ann 4 3 2 15 14 14 5.021336003566849e-39 44 0
tr 4 3 2 15 14 14 161532.27776456278 12 2
tr 4 3 2 15 14 14 1.745209498795319e8 13 1
tr 4 3 2 15 14 14 1.8165790013263845e6 14 2
tr 4 3 2 15 14 14 6.834883507456415e8 15 1
ann 4 3 3 4 3 3 1.4472683738097846e-11 22 0
ann 4 3 3 5 1 1 1.11606869715079e-8 18 0
tr 4 3 3 5 1 1 523.9116481691121 2 1
tr 4 3 3 5 1 1 10.39507238430778 3 2
tr 4 3 3 5 1 1 13256.477988941047 4 1
ann 4 3 3 5 2 1 6.060587238191004e-10 20 0
tr 4 3 3 5 2 1 1.6822493831504128 2 2
tr 4 3 3 5 2 1 13128.564074307775 3 1
tr 4 3 3 5 2 1 675.1832952501147 4 2
tr 4 3 3 5 2 1 212602.43762694523 5 1
ann 4 3 3 5 2 2 9.943127435154509e-10 20 0
tr 4 3 3 5 2 2 1.6822493831504128 2 2
tr 4 3 3 5 2 2 5251.42562972311 3 1
tr 4 3 3 5 2 2 150.0407322778019 4 2
tr 4 3 3 5 2 2 30371.776803849243 5 1
ann 4 3 3 5 3 1 1.8243923828391582e-11 22 0
tr 4 3 3 5 3 1 661.6386051260442 2 1
tr 4 3 3 5 3 1 472.5990036614607 3 2
tr 4 3 3 5 3 1 237086.70377686425 4 1
ann 4 3 3 5 3 2 2.4863882153434873e-11 22 0
tr 4 3 3 5 3 2 1654.09651281511 2 1
tr 4 3 3 5 3 2 472.5990036614614 3 2
tr 4 3 3 5 3 2 131714.83543159114 4 1
ann 4 3 3 5 3 3 4.972776430686977e-11 22 0
tr 4 3 3 5 3 3 1654.09651281511 2 1
tr 4 3 3 5 3 3 236.2995018307297 3 2
tr 4 3 3 5 3 3 39514.4506294774 4 1
ann 4 3 3 5 4 1 2.7143168820634646e-13 24 0
tr 4 3 3 5 4 1 31.900432747148503 2 2
tr 4 3 3 5 4 1 20004.190631172904 3 1
tr 4 3 3 5 4 1 11430.96607495596 4 2
tr 4 3 3 5 4 1 1.6901679219242746e6 5 1
ann 4 3 3 5 4 2 3.870534850946964e-13 24 0
tr 4 3 3 5 4 2 143.55194736216848 2 2
tr 4 3 3 5 4 2 36007.54313611126 3 1
tr 4 3 3 5 4 2 11430.96607495595 4 2
tr 4 3 3 5 4 2 1.0865365212370313e6 5 1
ann 4 3 3 5 4 3 5.818158934345505e-13 24 0
tr 4 3 3 5 4 3 334.9545438450604 2 2
tr 4 3 3 5 4 3 42008.800325463104 3 1
tr 4 3 3 5 4 3 8001.676252469176 4 2
tr 4 3 3 5 4 3 507050.37657728366 5 1
ann 4 3 3 5 4 4 9.398560241681002e-13 24 0
tr 4 3 3 5 4 4 446.60605846007985 2 2
tr 4 3 3 5 4 4 28005.86688364207 3 1
tr 4 3 3 5 4 4 3200.670500987664 4 2
ann 4 3 3 6 1 1 6.540960013906894e-9 18 0
tr 4 3 3 6 1 1 40.180192936206105 2 1
tr 4 3 3 6 1 1 0.7972260503215496 3 2
tr 4 3 3 6 1 1 61.05731858879774 4 1
ann 4 3 3 6 2 1 3.758663657754059e-10 20 0
tr 4 3 3 6 2 1 0.1945110340729418 2 2
tr 4 3 3 6 2 1 333.04201483801546 3 1
tr 4 3 3 6 2 1 17.12787504881224 4 2
tr 4 3 3 6 2 1 4768.783164216388 5 1
ann 4 3 3 6 2 2 6.166543106080753e-10 20 0
tr 4 3 3 6 2 2 0.19451103407294187 2 2
tr 4 3 3 6 2 2 133.21680593520622 3 1
tr 4 3 3 6 2 2 3.8061944552915743 4 2
tr 4 3 3 6 2 2 681.2547377451966 5 1
ann 4 3 3 6 3 1 1.3259230016267524e-11 22 0
tr 4 3 3 6 3 1 37.644887490340864 2 1
tr 4 3 3 6 3 1 26.8892053502435 3 2
tr 4 3 3 6 3 1 2039.1298272645433 4 1
ann 4 3 3 6 3 2 1.8070451333067483e-11 22 0
tr 4 3 3 6 3 2 94.11221872585212 2 1
tr 4 3 3 6 3 2 26.88920535024354 3 2
tr 4 3 3 6 3 2 1132.8499040358568 4 1
ann 4 3 3 6 3 3 3.6140902666135056e-11 22 0
tr 4 3 3 6 3 3 94.11221872585212 2 1
tr 4 3 3 6 3 3 13.444602675121716 3 2
tr 4 3 3 6 3 3 339.85497121075736 4 1
ann 4 3 3 6 4 1 3.0442870418848104e-13 24 0
tr 4 3 3 6 4 1 2.800958890650358 2 2
tr 4 3 3 6 4 1 265.51169625840396 3 1
tr 4 3 3 6 4 1 151.7209692905168 4 2
tr 4 3 3 6 4 1 763005.3062746251 5 1
ann 4 3 3 6 4 2 4.341062486383463e-13 24 0
tr 4 3 3 6 4 2 12.604315007926623 2 2
tr 4 3 3 6 4 2 477.92105326512745 3 1
tr 4 3 3 6 4 2 151.72096929051665 4 2
tr 4 3 3 6 4 2 490503.41117654345 5 1
ann 4 3 3 6 4 3 6.525452576671364e-13 24 0
tr 4 3 3 6 4 3 29.410068351828844 2 2
tr 4 3 3 6 4 3 557.5745621426486 3 1
tr 4 3 3 6 4 3 106.20467850336178 4 2
tr 4 3 3 6 4 3 228901.59188238814 5 1
ann 4 3 3 6 4 4 1.0541110994534304e-12 24 0
tr 4 3 3 6 4 4 39.21342446910508 2 2
tr 4 3 3 6 4 4 371.7163747617656 3 1
tr 4 3 3 6 4 4 42.481871401344634 4 2
tr 4 3 3 6 4 4 61040.42450196948 5 1
ann 4 3 3 6 5 1 2.3816215268909015e-15 26 0
tr 4 3 3 6 5 1 43.02272856038936 2 1
tr 4 3 3 6 5 1 192.06575250173898 3 2
tr 4 3 3 6 5 1 178423.85988564743 4 1
tr 4 3 3 6 5 1 76928.51853386135 5 2
tr 4 3 3 6 5 1 1.8276635687449314e7 6 1
ann 4 3 3 6 5 2 3.5047659155714393e-15 26 0
tr 4 3 3 6 5 2 301.15909992272645 2 1
tr 4 3 3 6 5 2 537.7841070048696 3 2
tr 4 3 3 6 5 2 277548.2264887855 4 1
tr 4 3 3 6 5 2 76928.51853386122 5 2
ann 4 3 3 6 5 3 5.076090786167975e-15 26 0
tr 4 3 3 6 5 3 1204.6363996909072 2 1
tr 4 3 3 6 5 3 1075.5682140097392 3 2
tr 4 3 3 6 5 3 333057.8717865421 4 1
ann 4 3 3 6 5 4 7.272384586929365e-15 26 0
tr 4 3 3 6 5 4 3613.9091990727215 2 1
tr 4 3 3 6 5 4 1613.3523210146086 3 2
tr 4 3 3 6 5 4 299752.0846078886 4 1
ann 4 3 3 6 5 5 1.033443613344878e-14 26 0
tr 4 3 3 6 5 5 9034.772997681803 2 1
tr 4 3 3 6 5 5 1613.3523210146095 3 2
tr 4 3 3 6 5 5 166528.9358932707 4 1
ann 4 3 3 7 1 1 4.150311900872085e-9 18 0
tr 4 3 3 7 1 1 10.055809910190908 2 1
tr 4 3 3 7 1 1 0.1995200379006132 3 2
tr 4 3 3 7 1 1 2.7646301454423945 4 1
ann 4 3 3 7 2 1 2.464005439417674e-10 20 0
tr 4 3 3 7 2 1 0.057212222653115576 2 2
tr 4 3 3 7 2 1 51.2010280917418 3 1
tr 4 3 3 7 2 1 2.6331957304324383 4 2
tr 4 3 3 7 2 1 1262.897898323866 5 1
ann 4 3 3 7 2 2 4.042499493228216e-10 20 0
tr 4 3 3 7 2 2 0.05721222265311558 2 2
tr 4 3 3 7 2 2 20.480411236696725 3 1
tr 4 3 3 7 2 2 0.5851546067627588 4 2
tr 4 3 3 7 2 2 180.41398547483752 5 1
ann 4 3 3 7 3 1 9.460828158526255e-12 22 0
tr 4 3 3 7 3 1 8.2011073918576 2 1
tr 4 3 3 7 3 1 5.85793385132686 3 2
tr 4 3 3 7 3 1 1045.26146162752 4 1
ann 4 3 3 7 3 2 1.2893768053850483e-11 22 0
tr 4 3 3 7 3 2 20.502768479643986 2 1
tr 4 3 3 7 3 2 5.8579338513268695 3 2
tr 4 3 3 7 3 2 580.7008120152885 4 1
ann 4 3 3 7 3 3 2.5787536107701037e-11 22 0
tr 4 3 3 7 3 3 20.502768479643986 2 1
tr 4 3 3 7 3 3 2.928966925663423 3 2
tr 4 3 3 7 3 3 174.21024360458674 4 1
ann 4 3 3 7 4 1 2.6332180009861656e-13 24 0
tr 4 3 3 7 4 1 0.7397135858180585 2 2
tr 4 3 3 7 4 1 164.98865545459887 3 1
tr 4 3 3 7 4 1 94.27923168834238 4 2
tr 4 3 3 7 4 1 74497.08030751548 5 1
ann 4 3 3 7 4 2 3.754890318930952e-13 24 0
tr 4 3 3 7 4 2 3.328711136181268 2 2
tr 4 3 3 7 4 2 296.9795798182782 3 1
tr 4 3 3 7 4 2 94.27923168834229 4 2
tr 4 3 3 7 4 2 47890.980197688405 5 1
ann 4 3 3 7 4 3 5.644322987204488e-13 24 0
tr 4 3 3 7 4 3 7.766992651089638 2 2
tr 4 3 3 7 4 3 346.47617645465783 3 1
tr 4 3 3 7 4 3 65.99546218183968 4 2
tr 4 3 3 7 4 3 22349.1240922547 5 1
ann 4 3 3 7 4 4 9.117748443867185e-13 24 0
tr 4 3 3 7 4 4 10.355990201452837 2 2
tr 4 3 3 7 4 4 230.98411763643847 3 1
tr 4 3 3 7 4 4 26.398184872735825 4 2
tr 4 3 3 7 4 4 5959.766424601186 5 1
ann 4 3 3 7 5 1 3.3021662991677893e-15 26 0
tr 4 3 3 7 5 1 12.39364517305511 2 1
tr 4 3 3 7 5 1 55.32877309399627 3 2
tr 4 3 3 7 5 1 11945.845275743075 4 1
tr 4 3 3 7 5 1 5150.522919337229 5 2
ann 4 3 3 7 5 2 4.859428668582753e-15 26 0
tr 4 3 3 7 5 2 86.7555162113861 2 1
tr 4 3 3 7 5 2 154.92056466318962 3 2
tr 4 3 3 7 5 2 18582.425984489273 4 1
tr 4 3 3 7 5 2 5150.52291933722 5 2
ann 4 3 3 7 5 3 7.038102326976393e-15 26 0
tr 4 3 3 7 5 3 347.0220648455446 2 1
tr 4 3 3 7 5 3 309.84112932637936 3 2
tr 4 3 3 7 5 3 22298.911181387088 4 1
ann 4 3 3 7 5 4 1.0083308025459336e-14 26 0
tr 4 3 3 7 5 4 1041.066194536634 2 1
tr 4 3 3 7 5 4 464.76169398956887 3 2
tr 4 3 3 7 5 4 20069.020063248427 4 1
ann 4 3 3 7 5 5 1.4328904314328017e-14 26 0
tr 4 3 3 7 5 5 2602.665486341584 2 1
tr 4 3 3 7 5 5 464.7616939895692 3 2
tr 4 3 3 7 5 5 11149.455590693527 4 1
ann 4 3 3 7 6 1 1.3881316099412777e-17 28 0
tr 4 3 3 7 6 1 324.4550568720358 3 1
tr 4 3 3 7 6 1 817.6267433175269 4 2
tr 4 3 3 7 6 1 1.0873198894092564e6 5 1
tr 4 3 3 7 6 1 357526.0489794387 6 2
tr 4 3 3 7 6 1 1.2625381480095778e8 7 1
ann 4 3 3 7 6 2 2.0495178486897486e-17 28 0
tr 4 3 3 7 6 2 1297.820227488133 3 1
tr 4 3 3 7 6 2 1816.948318483396 4 2
tr 4 3 3 7 6 2 1.5533141277275097e6 5 1
tr 4 3 3 7 6 2 357526.04897943913 6 2
tr 4 3 3 7 6 2 9.352134429700568e7 7 1
ann 4 3 3 7 6 3 2.942724331024786e-17 28 0
tr 4 3 3 7 6 3 3893.4606824644234 3 1
tr 4 3 3 7 6 3 3270.506973270113 4 2
tr 4 3 3 7 6 3 1.8639769532730132e6 5 1
tr 4 3 3 7 6 3 306450.89912523335 6 2
ann 4 3 3 7 6 4 4.1211747233764685e-17 28 0
tr 4 3 3 7 6 4 9733.651706161025 3 1
tr 4 3 3 7 6 4 4905.760459905169 4 2
tr 4 3 3 7 6 4 1.8639769532730114e6 5 1
ann 4 3 3 7 6 5 5.642940327008843e-17 28 0
tr 4 3 3 7 6 5 21414.03375355433 3 1
tr 4 3 3 7 6 5 5995.929450995205 4 2
tr 4 3 3 7 6 5 1.464553320428794e6 5 1
ann 4 3 3 7 6 6 7.56922300882602e-17 28 0
tr 4 3 3 7 6 6 42828.06750710857 3 1
tr 4 3 3 7 6 6 5139.368100853029 4 2
tr 4 3 3 7 6 6 732276.6602143954 5 1
ann 4 3 3 8 1 1 2.793960813565587e-9 18 0
tr 4 3 3 8 1 1 3.9877990180257092 2 1
tr 4 3 3 8 1 1 0.079122996389399 3 2
tr 4 3 3 8 1 1 0.28576254532818446 4 1
ann 4 3 3 8 2 1 1.6933084658906864e-10 20 0
tr 4 3 3 8 2 1 0.024717762508423825 2 2
tr 4 3 3 8 2 1 15.500066632756456 3 1
tr 4 3 3 8 2 1 0.7971462839703327 4 2
tr 4 3 3 8 2 1 434.4976204359691 5 1
ann 4 3 3 8 2 2 2.7780777417002875e-10 20 0
tr 4 3 3 8 2 2 0.024717762508423835 2 2
tr 4 3 3 8 2 2 6.200026653102583 3 1
tr 4 3 3 8 2 2 0.17714361866007236 4 2
tr 4 3 3 8 2 2 62.07108863370972 5 1
ann 4 3 3 8 3 1 6.844510258101567e-12 22 0
tr 4 3 3 8 3 1 3.007632929420064 2 1
tr 4 3 3 8 3 1 2.1483092353000477 3 2
tr 4 3 3 8 3 1 461.7328940201488 4 1
ann 4 3 3 8 3 2 9.328097579325048e-12 22 0
tr 4 3 3 8 3 2 7.519082323550155 2 1
tr 4 3 3 8 3 2 2.1483092353000504 3 2
tr 4 3 3 8 3 2 256.51827445563805 4 1
ann 4 3 3 8 3 3 1.8656195158650218e-11 22 0
tr 4 3 3 8 3 3 7.519082323550155 2 1
tr 4 3 3 8 3 3 1.074154617650021 3 2
tr 4 3 3 8 3 3 76.95548233669147 4 1
ann 4 3 3 8 4 1 2.1215019945306001e-13 24 0
tr 4 3 3 8 4 1 0.30210598621406837 2 2
tr 4 3 3 8 4 1 81.16398527697925 3 1
tr 4 3 3 8 4 1 46.37942015827392 4 2
tr 4 3 3 8 4 1 14219.92212335904 5 1
ann 4 3 3 8 4 2 3.0251985686675107e-13 24 0
tr 4 3 3 8 4 2 1.3594769379633094 2 2
tr 4 3 3 8 4 2 146.0951734985628 3 1
tr 4 3 3 8 4 2 46.37942015827388 4 2
tr 4 3 3 8 4 2 9141.378507873646 5 1
ann 4 3 3 8 4 3 4.5474558256389914e-13 24 0
tr 4 3 3 8 4 3 3.172112855247728 2 2
tr 4 3 3 8 4 3 170.44436908165648 3 1
tr 4 3 3 8 4 3 32.465594110791756 4 2
tr 4 3 3 8 4 3 4265.976637007722 5 1
ann 4 3 3 8 4 4 7.345886895988995e-13 24 0
tr 4 3 3 8 4 4 4.2294838069969645 2 2
tr 4 3 3 8 4 4 113.62957938777097 3 1
tr 4 3 3 8 4 4 12.986237644316681 4 2
tr 4 3 3 8 4 4 1137.5937698687133 5 1
ann 4 3 3 8 5 1 3.309977498184417e-15 26 0
tr 4 3 3 8 5 1 5.077821828890992 2 1
tr 4 3 3 8 5 1 22.668847450406314 3 2
tr 4 3 3 8 5 1 1709.299655747665 4 1
tr 4 3 3 8 5 1 736.9748100471658 5 2
tr 4 3 3 8 5 1 266864.92218596756 6 1
ann 4 3 3 8 5 2 4.870923545102835e-15 26 0
tr 4 3 3 8 5 2 35.54475280223707 2 1
tr 4 3 3 8 5 2 63.472772861137706 3 2
tr 4 3 3 8 5 2 2658.9105756074855 4 1
tr 4 3 3 8 5 2 736.9748100471643 5 2
ann 4 3 3 8 5 3 7.0547508205640114e-15 26 0
tr 4 3 3 8 5 3 142.17901120894842 2 1
tr 4 3 3 8 5 3 126.94554572227544 3 2
tr 4 3 3 8 5 3 3190.6926907289776 4 1
ann 4 3 3 8 5 4 1.0107159903669873e-14 26 0
tr 4 3 3 8 5 4 426.53703362684524 2 1
tr 4 3 3 8 5 4 190.41831858341314 3 2
tr 4 3 3 8 5 4 2871.6234216560865 4 1
ann 4 3 3 8 5 5 1.4362799079021206e-14 26 0
tr 4 3 3 8 5 5 1066.3425840671127 2 1
tr 4 3 3 8 5 5 190.41831858341322 3 2
tr 4 3 3 8 5 5 1595.3463453644856 4 1
ann 4 3 3 8 6 1 2.294497186319782e-17 28 0
tr 4 3 3 8 6 1 176.75712349208902 3 1
tr 4 3 3 8 6 1 445.4279512000624 4 2
tr 4 3 3 8 6 1 317110.5833162943 5 1
tr 4 3 3 8 6 1 104270.41300995318 6 2
tr 4 3 3 8 6 1 1.108795530345842e7 7 1
ann 4 3 3 8 6 2 3.387728446467464e-17 28 0
tr 4 3 3 8 6 2 707.0284939683505 3 1
tr 4 3 3 8 6 2 989.8398915556958 4 2
tr 4 3 3 8 6 2 453015.11902327766 5 1
tr 4 3 3 8 6 2 104270.41300995328 6 2
ann 4 3 3 8 6 3 4.8641444828253276e-17 28 0
tr 4 3 3 8 6 3 2121.085481905064 3 1
tr 4 3 3 8 6 3 1781.7118048002533 4 2
tr 4 3 3 8 6 3 543618.1428279335 5 1
tr 4 3 3 8 6 3 89374.63972281704 6 2
ann 4 3 3 8 6 4 6.812051370018264e-17 28 0
tr 4 3 3 8 6 4 5302.713704762643 3 1
tr 4 3 3 8 6 4 2672.5677072003787 4 2
tr 4 3 3 8 6 4 543618.1428279331 5 1
ann 4 3 3 8 6 5 9.327437440726988e-17 28 0
tr 4 3 3 8 6 5 11665.970150477853 3 1
tr 4 3 3 8 6 5 3266.4716421337953 4 2
tr 4 3 3 8 6 5 427128.54079337587 5 1
ann 4 3 3 8 6 6 1.2511465662521442e-16 28 0
tr 4 3 3 8 6 6 23331.94030095566 3 1
tr 4 3 3 8 6 6 2799.8328361146796 4 2
tr 4 3 3 8 6 6 213564.2703966875 5 1
ann 4 3 3 8 7 1 5.664254899813738e-20 30 0
tr 4 3 3 8 7 1 1604.298906225116 4 1
tr 4 3 3 8 7 1 2572.712064164646 5 2
tr 4 3 3 8 7 1 4.716230988450193e6 6 1
tr 4 3 3 8 7 1 1.2094133939769836e6 7 2
tr 4 3 3 8 7 1 5.995833044940356e8 8 1
ann 4 3 3 8 7 2 8.285093512802192e-20 30 0
tr 4 3 3 8 7 2 4812.896718675347 4 1
tr 4 3 3 8 7 2 4961.658980888962 5 2
tr 4 3 3 8 7 2 6.366911834407765e6 6 1
tr 4 3 3 8 7 2 1.2094133939769845e6 7 2
tr 4 3 3 8 7 2 4.625356920382561e8 8 1
ann 4 3 3 8 7 3 1.1781521411275026e-19 30 0
tr 4 3 3 8 7 3 12032.241796688391 4 1
tr 4 3 3 8 7 3 8269.431634814937 5 2
tr 4 3 3 8 7 3 7.579656945723526e6 6 1
tr 4 3 3 8 7 3 1.0798333874794513e6 7 2
tr 4 3 3 8 7 3 3.212053416932337e8 8 1
ann 4 3 3 8 7 4 1.6334366744480262e-19 30 0
tr 4 3 3 8 7 4 26470.931952714498 4 1
tr 4 3 3 8 7 4 12128.499731061911 5 2
tr 4 3 3 8 7 4 7.940592990757993e6 6 1
tr 4 3 3 8 7 4 848440.5187338535 7 2
ann 4 3 3 8 7 5 2.213373248669275e-19 30 0
tr 4 3 3 8 7 5 52941.86390542893 4 1
tr 4 3 3 8 7 5 15593.785368508157 5 2
tr 4 3 3 8 7 5 7.14653369168217e6 6 1
ann 4 3 3 8 7 6 2.937334943864802e-19 30 0
tr 4 3 3 8 7 6 98320.60439579673 4 1
tr 4 3 3 8 7 6 16893.26748255054 5 2
tr 4 3 3 8 7 6 5.161385443992704e6 6 1
ann 4 3 3 8 7 7 3.82437726757061e-19 30 0
tr 4 3 3 8 7 7 172061.0576926441 4 1
tr 4 3 3 8 7 7 13139.208041983718 5 2
tr 4 3 3 8 7 7 2.4086465405299193e6 6 1
ann 4 3 3 9 8 2 2.454450245219253e-22 32 0
tr 4 3 3 9 8 2 14039.438613586268 5 1
tr 4 3 3 9 8 2 10861.279982378861 6 2
tr 4 3 3 9 8 2 1.9653243814328026e7 7 1
tr 4 3 3 9 8 2 3.1012121425036807e6 8 2
tr 4 3 3 9 8 2 1.6439615827339787e9 9 1
ann 4 3 3 9 8 4 4.7358192563186745e-22 32 0
tr 4 3 3 9 8 4 61773.52989977974 5 1
tr 4 3 3 9 8 4 24382.465266564817 6 2
tr 4 3 3 9 8 4 2.4817233898194835e7 7 1
tr 4 3 3 9 8 4 2.3689814977458683e6 8 2
tr 4 3 3 9 8 4 8.037145515588342e8 9 1
ann 4 3 3 9 8 6 8.403332737187223e-22 32 0
tr 4 3 3 9 8 6 200763.97217428414 5 1
tr 4 3 3 9 8 6 36980.07232095659 6 2
tr 4 3 3 9 8 6 2.0074384753206477e7 7 1
ann 4 3 3 9 8 8 1.3918860139604572e-21 32 0
tr 4 3 3 9 8 8 535370.5924647587 5 1
tr 4 3 3 9 8 8 26894.598051604815 6 2
tr 4 3 3 9 8 8 6.083146894911044e6 7 1
ann 4 3 3 11 10 2 9.964846497148237e-28 36 0
tr 4 3 3 11 10 2 59414.35324702113 7 1
tr 4 3 3 11 10 2 28084.515715503596 8 2
tr 4 3 3 11 10 2 8.922227999363369e7 9 1
tr 4 3 3 11 10 2 1.0026613751118697e7 10 2
tr 4 3 3 11 10 2 9.116888539336512e9 11 1
ann 4 3 3 11 10 4 1.8340347403753844e-27 36 0
tr 4 3 3 11 10 4 193096.6480528188 7 1
tr 4 3 3 11 10 4 55215.54478634509 8 2
tr 4 3 3 11 10 4 1.1226586144384135e8 9 1
tr 4 3 3 11 10 4 8.445557632347263e6 10 2
tr 4 3 3 11 10 4 5.332835628610978e9 11 1
ann 4 3 3 11 10 6 3.156899430933562e-27 36 0
tr 4 3 3 11 10 6 514924.39480751636 7 1
tr 4 3 3 11 10 6 86050.19966703151 8 2
tr 4 3 3 11 10 6 1.0934986504270266e8 9 1
tr 4 3 3 11 10 6 5.41381899509441e6 10 2
ann 4 3 3 11 10 8 5.143725832922065e-27 36 0
tr 4 3 3 11 10 8 1.1936883697810618e6 7 1
tr 4 3 3 11 10 8 101274.46576196792 8 2
tr 4 3 3 11 10 8 7.354078835838884e7 9 1
ann 4 3 3 11 10 10 8.006520961243653e-27 36 0
tr 4 3 3 11 10 10 2.4923163764659534e6 7 1
tr 4 3 3 11 10 10 61086.18569769477 8 2
tr 4 3 3 11 10 10 1.9406596927908182e7 9 1
ann 4 3 3 13 12 2 1.7350862412880215e-33 40 0
tr 4 3 3 13 12 2 110999.66389514589 9 1
tr 4 3 3 13 12 2 35058.595141947524 10 2
tr 4 3 3 13 12 2 1.74859103165643e8 11 1
tr 4 3 3 13 12 2 1.458842745778428e7 12 2
tr 4 3 3 13 12 2 2.048687213986219e10 13 1
ann 4 3 3 13 12 4 3.0490049621880433e-33 40 0
tr 4 3 3 13 12 4 295999.1037203904 9 1
tr 4 3 3 13 12 4 62583.93843521221 10 2
tr 4 3 3 13 12 4 2.1676748326319414e8 11 1
tr 4 3 3 13 12 4 1.2948308394483093e7 12 2
tr 4 3 3 13 12 4 1.33593901165627e10 13 1
ann 4 3 3 13 12 6 5.0741727525547564e-33 40 0
tr 4 3 3 13 12 6 686179.7404427247 9 1
tr 4 3 3 13 12 6 95480.624022952 10 2
tr 4 3 3 13 12 6 2.2677213633688015e8 11 1
tr 4 3 3 13 12 6 9.60529059081656e6 12 2
tr 4 3 3 13 12 6 7.226215563049837e9 13 1
ann 4 3 3 13 12 8 8.07182382206081e-33 40 0
tr 4 3 3 13 12 8 1.4326829745507448e6 9 1
tr 4 3 3 13 12 8 123410.33036980199 10 2
tr 4 3 3 13 12 8 1.923513656428896e8 11 1
ann 4 3 3 13 12 10 1.2361893616757966e-32 40 0
tr 4 3 3 13 12 10 2.757914726010184e6 9 1
tr 4 3 3 13 12 10 125769.6455092249 10 2
tr 4 3 3 13 12 10 1.1616513846668613e8 11 1
ann 4 3 3 13 12 12 1.832927447572503e-32 40 0
tr 4 3 3 13 12 12 4.9750618586850315e6 9 1
tr 4 3 3 13 12 12 67665.54027396858 10 2
tr 4 3 3 13 12 12 2.812419141825016e7 11 1
ann 4 3 3 15 14 2 1.502428874818211e-39 44 0
tr 4 3 3 15 14 2 103619.22165780581 11 1
tr 4 3 3 15 14 2 23332.440121547927 12 2
tr 4 3 3 15 14 2 1.6940166868306568e8 13 1
tr 4 3 3 15 14 2 1.0868421375457041e7 14 2
tr 4 3 3 15 14 2 2.1939132246156517e10 15 1
ann 4 3 3 15 14 4 2.53111114394525e-39 44 0
tr 4 3 3 15 14 4 240208.19566127745 11 1
tr 4 3 3 15 14 4 38726.32813073488 12 2
tr 4 3 3 15 14 4 2.0657143465301257e8 13 1
tr 4 3 3 15 14 4 9.954586761847172e6 14 2
tr 4 3 3 15 14 4 1.538481648761727e10 15 1
ann 4 3 3 15 14 6 4.0757130735754856e-39 44 0
tr 4 3 3 15 14 6 501533.5953367345 11 1
tr 4 3 3 15 14 6 57335.0832065427 12 2
tr 4 3 3 15 14 6 2.2300325331859326e8 13 1
tr 4 3 3 15 14 6 8.023351886669817e6 14 2
tr 4 3 3 15 14 6 9.447689504354485e9 15 1
ann 4 3 3 15 14 8 6.317972100220582e-39 44 0
tr 4 3 3 15 14 8 965452.1710232137 11 1
tr 4 3 3 15 14 8 75744.14178511416 12 2
tr 4 3 3 15 14 8 2.094967381938507e8 13 1
tr 4 3 3 15 14 8 5.517813929078185e6 14 2
tr 4 3 3 15 14 8 4.87301879698284e9 15 1
ann 4 3 3 15 14 10 9.481343380460277e-39 44 0
tr 4 3 3 15 14 10 1.7415999947869736e6 11 1
tr 4 3 3 15 14 10 87324.07323597117 12 2
tr 4 3 3 15 14 10 1.630294165643873e8 13 1
ann 4 3 3 15 14 12 1.3836379351449598e-38 44 0
tr 4 3 3 15 14 12 2.9790526226619286e6 11 1
tr 4 3 3 15 14 12 81086.63943340171 12 2
tr 4 3 3 15 14 12 9.174815650809675e7 13 1
ann 4 3 3 15 14 14 1.9706375503891988e-38 44 0
tr 4 3 3 15 14 14 4.874813382537695e6 11 1
tr 4 3 3 15 14 14 40383.06944114065 12 2
tr 4 3 3 15 14 14 2.0942513985543635e7 13 1
ann 5 1 1 5 1 1 4.547909167917994e-7 16 0
ann 5 1 1 5 2 1 1.6777182303671504e-7 16 0
tr 5 1 1 5 2 1 251.99999999999994 2 2
tr 5 1 1 5 2 1 562499.9999999985 3 1
ann 5 1 1 5 2 2 1.0485686101690627e-7 16 0
tr 5 1 1 5 2 2 167.9999999999999 2 2
tr 5 1 1 5 2 2 187499.9999999995 3 1
ann 5 1 1 5 3 1 9.171539137710034e-9 18 0
tr 5 1 1 5 3 1 35999.99999999997 2 1
tr 5 1 1 5 3 1 3571.428571428568 3 2
tr 5 1 1 5 3 1 7.499999999999987e6 4 1
ann 5 1 1 5 3 2 9.586967216055787e-9 18 0
tr 5 1 1 5 3 2 59999.99999999997 2 1
tr 5 1 1 5 3 2 2976.190476190475 3 2
tr 5 1 1 5 3 2 3.7499999999999832e6 4 1
ann 5 1 1 5 3 3 9.586957395571898e-9 18 0
tr 5 1 1 5 3 3 89999.99999999988 2 1
tr 5 1 1 5 3 3 1785.7142857142835 3 2
tr 5 1 1 5 3 3 1.249999999999996e6 4 1
ann 5 1 1 5 4 1 1.036981251022541e-10 20 0
tr 5 1 1 5 4 1 260416.6666666665 3 1
tr 5 1 1 5 4 1 24305.555555555562 4 2
tr 5 1 1 5 4 1 4.176136363636357e7 5 1
ann 5 1 1 5 4 2 1.1823418871931453e-10 20 0
tr 5 1 1 5 4 2 390624.9999999997 3 1
tr 5 1 1 5 4 2 21874.999999999975 4 2
tr 5 1 1 5 4 2 2.5056818181818116e7 5 1
ann 5 1 1 5 4 3 1.3247454031611526e-10 20 0
tr 5 1 1 5 4 3 546874.999999999 3 1
tr 5 1 1 5 4 3 17013.888888888938 4 2
tr 5 1 1 5 4 3 1.2528409090909047e7 5 1
ann 5 1 1 5 4 4 1.4641917989265666e-10 20 0
tr 5 1 1 5 4 4 729166.6666666653 3 1
tr 5 1 1 5 4 4 9722.222222222184 4 2
tr 5 1 1 5 4 4 4.1761363636363475e6 5 1
ann 5 1 1 6 1 1 1.0661599175607606e-6 16 0
tr 5 1 1 6 1 1 6208.050562705217 2 1
ann 5 1 1 6 2 1 1.0404897132913962e-7 16 0
tr 5 1 1 6 2 1 49.06486645537452 2 2
tr 5 1 1 6 2 1 518645.6144454216 3 1
ann 5 1 1 6 2 2 6.503028057643839e-8 16 0
tr 5 1 1 6 2 2 32.709910970249666 2 2
tr 5 1 1 6 2 2 172881.87148180717 3 1
ann 5 1 1 6 3 1 6.665646529673514e-9 18 0
tr 5 1 1 6 3 1 44678.2336219802 2 1
tr 5 1 1 6 3 1 4432.364446625019 3 2
tr 5 1 1 6 3 1 2.2274204500151332e7 4 1
ann 5 1 1 6 3 2 6.967569353164929e-9 18 0
tr 5 1 1 6 3 2 74463.72270330036 2 1
tr 5 1 1 6 3 2 3693.637038854184 3 2
tr 5 1 1 6 3 2 1.1137102250075638e7 4 1
ann 5 1 1 6 3 3 6.9675622536568085e-9 18 0
tr 5 1 1 6 3 3 111695.58405495045 2 1
tr 5 1 1 6 3 3 2216.182223312509 3 2
tr 5 1 1 6 3 3 3.712367416691884e6 4 1
ann 5 1 1 6 4 1 1.1630434895982073e-10 20 0
tr 5 1 1 6 4 1 1.649889124161408e6 3 1
tr 5 1 1 6 4 1 153989.65158839824 4 2
tr 5 1 1 6 4 1 4.781770114782148e8 5 1
ann 5 1 1 6 4 2 1.3260751203216053e-10 20 0
tr 5 1 1 6 4 2 2.474833686242112e6 3 1
tr 5 1 1 6 4 2 138590.68642955823 4 2
tr 5 1 1 6 4 2 2.8690620688692856e8 5 1
ann 5 1 1 6 4 3 1.4857901446399353e-10 20 0
tr 5 1 1 6 4 3 3.4647671607389534e6 3 1
tr 5 1 1 6 4 3 107792.75611187905 4 2
tr 5 1 1 6 4 3 1.4345310344346416e8 5 1
ann 5 1 1 6 4 4 1.6421885625531908e-10 20 0
tr 5 1 1 6 4 4 4.619689547651937e6 3 1
tr 5 1 1 6 4 4 61595.86063535903 4 2
tr 5 1 1 6 4 4 4.781770114782137e7 5 1
ann 5 1 1 6 5 1 6.046912622450949e-13 22 0
tr 5 1 1 6 5 1 2.4858912951947425e7 4 1
tr 5 1 1 6 5 1 1.8983169890578033e6 5 2
tr 5 1 1 6 5 1 4.0748945132074327e9 6 1
ann 5 1 1 6 5 2 7.05225468775217e-13 22 0
tr 5 1 1 6 5 2 3.4802478132726386e7 4 1
tr 5 1 1 6 5 2 1.7717625231206166e6 5 2
tr 5 1 1 6 5 2 2.7165963421382914e9 6 1
ann 5 1 1 6 5 3 8.112365884814631e-13 22 0
tr 5 1 1 6 5 3 4.6403304176968455e7 4 1
tr 5 1 1 6 5 3 1.518653591246241e6 5 2
tr 5 1 1 6 5 3 1.6299578052829716e9 6 1
ann 5 1 1 6 5 4 9.227246213638354e-13 22 0
tr 5 1 1 6 5 4 5.9661391084673725e7 4 1
tr 5 1 1 6 5 4 1.1389901934346815e6 5 2
tr 5 1 1 6 5 4 8.149789026414906e8 6 1
ann 5 1 1 6 5 5 1.0396895674223322e-12 22 0
tr 5 1 1 6 5 5 7.457673885584211e7 4 1
tr 5 1 1 6 5 5 632772.3296859335 5 2
tr 5 1 1 6 5 5 2.716596342138267e8 6 1
ann 5 1 1 7 1 1 6.764903393458151e-7 16 0
tr 5 1 1 7 1 1 429.5229518489086 2 1
ann 5 1 1 7 2 1 6.820967717088665e-8 16 0
tr 5 1 1 7 2 1 7.691941273686282 2 2
tr 5 1 1 7 2 1 4221.136392325117 3 1
ann 5 1 1 7 2 2 4.263083466028167e-8 16 0
tr 5 1 1 7 2 2 5.127960849124185 2 2
tr 5 1 1 7 2 2 1407.0454641083725 3 1
ann 5 1 1 7 3 1 4.7561235810278395e-9 18 0
tr 5 1 1 7 3 1 1308.0540127676436 2 1
tr 5 1 1 7 3 1 129.76726317139315 3 2
tr 5 1 1 7 3 1 655831.2444934254 4 1
ann 5 1 1 7 3 2 4.971553897719069e-9 18 0
tr 5 1 1 7 3 2 2180.0900212794068 2 1
tr 5 1 1 7 3 2 108.13938597616102 3 2
tr 5 1 1 7 3 2 327915.6222467118 4 1
ann 5 1 1 7 3 3 4.97154884827546e-9 18 0
tr 5 1 1 7 3 3 3270.1350319191074 2 1
tr 5 1 1 7 3 3 64.88363158569658 3 2
tr 5 1 1 7 3 3 109305.20741557077 4 1
ann 5 1 1 7 4 1 1.0059981225950976e-10 20 0
tr 5 1 1 7 4 1 61581.5476989539 3 1
tr 5 1 1 7 4 1 5747.611118569037 4 2
tr 5 1 1 7 4 1 1.7990234006397516e8 5 1
ann 5 1 1 7 4 2 1.1470156490766646e-10 20 0
tr 5 1 1 7 4 2 92372.32154843085 3 1
tr 5 1 1 7 4 2 5172.850006712127 4 2
tr 5 1 1 7 4 2 1.0794140403838499e8 5 1
ann 5 1 1 7 4 3 1.285164409760935e-10 20 0
tr 5 1 1 7 4 3 129321.25016780307 3 1
tr 5 1 1 7 4 3 4023.3277829983363 4 2
tr 5 1 1 7 4 3 5.3970702019192435e7 5 1
ann 5 1 1 7 4 4 1.4204444046479125e-10 20 0
tr 5 1 1 7 4 4 172428.33355707073 3 1
tr 5 1 1 7 4 4 2299.0444474276046 4 2
tr 5 1 1 7 4 4 1.7990234006397475e7 5 1
ann 5 1 1 7 5 1 8.384166341142274e-13 22 0
tr 5 1 1 7 5 1 2.232613492345813e7 4 1
tr 5 1 1 7 5 1 1.704904848700439e6 5 2
tr 5 1 1 7 5 1 9.86316665865265e9 6 1
ann 5 1 1 7 5 2 9.778093403860227e-13 22 0
tr 5 1 1 7 5 2 3.125658889284138e7 4 1
tr 5 1 1 7 5 2 1.591244525453743e6 5 2
tr 5 1 1 7 5 2 6.575444439101774e9 6 1
ann 5 1 1 7 5 3 1.124795897433419e-12 22 0
tr 5 1 1 7 5 3 4.167545185712178e7 4 1
tr 5 1 1 7 5 3 1.36392387896035e6 5 2
tr 5 1 1 7 5 3 3.9452666634610558e9 6 1
ann 5 1 1 7 5 4 1.2793763052564154e-12 22 0
tr 5 1 1 7 5 4 5.358272381629944e7 4 1
tr 5 1 1 7 5 4 1.0229429092202634e6 5 2
tr 5 1 1 7 5 4 1.9726333317305398e9 6 1
ann 5 1 1 7 5 5 1.4415505638550133e-12 22 0
tr 5 1 1 7 5 5 6.697840477037424e7 4 1
tr 5 1 1 7 5 5 568301.6162334789 5 2
tr 5 1 1 7 5 5 6.575444439101716e8 6 1
ann 5 1 1 7 6 1 2.3949052033361107e-15 24 0
tr 5 1 1 7 6 1 9.111010595818967e8 5 1
tr 5 1 1 7 6 1 5.594061974059436e7 6 2
tr 5 1 1 7 6 1 1.6388632789794586e11 7 1
ann 5 1 1 7 6 2 2.8028447083131167e-15 24 0
tr 5 1 1 7 6 2 1.214801412775861e9 5 1
tr 5 1 1 7 6 2 5.327678070532799e7 6 2
tr 5 1 1 7 6 2 1.1706166278424725e11 7 1
ann 5 1 1 7 6 3 3.240135924649752e-15 24 0
tr 5 1 1 7 6 3 1.5618875307118218e9 5 1
tr 5 1 1 7 6 3 4.794910263479505e7 6 2
tr 5 1 1 7 6 3 7.804110852283124e10 7 1
ann 5 1 1 7 6 4 3.70677885234602e-15 24 0
tr 5 1 1 7 6 4 1.9523594133897753e9 5 1
tr 5 1 1 7 6 4 3.995758552899603e7 6 2
tr 5 1 1 7 6 4 4.6824665113698746e10 7 1
ann 5 1 1 7 6 5 4.2027734914019246e-15 24 0
tr 5 1 1 7 6 5 2.3862170608097305e9 5 1
tr 5 1 1 7 6 5 2.9302229387930416e7 6 2
tr 5 1 1 7 6 5 2.341233255684943e10 7 1
ann 5 1 1 7 6 6 4.728119841817466e-15 24 0
tr 5 1 1 7 6 6 2.863460472971673e9 5 1
tr 5 1 1 7 6 6 1.5983034211598368e7 6 2
tr 5 1 1 7 6 6 7.804110852283104e9 7 1
ann 5 1 1 8 1 1 4.5540854807764036e-7 16 0
tr 5 1 1 8 1 1 102.734227681844 2 1
ann 5 1 1 8 2 1 4.6874906583558225e-8 16 0
tr 5 1 1 8 2 1 2.660586002316696 2 2
tr 5 1 1 8 2 1 177.98758204686206 3 1
ann 5 1 1 8 2 2 2.9296670053989028e-8 16 0
tr 5 1 1 8 2 2 1.7737240015444635 2 2
tr 5 1 1 8 2 2 59.329194015620665 3 1
ann 5 1 1 8 3 1 3.4408548753448173e-9 18 0
tr 5 1 1 8 3 1 154.9156942123596 2 1
tr 5 1 1 8 3 1 15.36862045757535 3 2
tr 5 1 1 8 3 1 212468.2183485218 4 1
ann 5 1 1 8 3 2 3.596709631945734e-9 18 0
tr 5 1 1 8 3 2 258.192823687266 2 1
tr 5 1 1 8 3 2 12.807183714646131 3 2
tr 5 1 1 8 3 2 106234.10917426064 4 1
ann 5 1 1 8 3 3 3.5967059865174673e-9 18 0
tr 5 1 1 8 3 3 387.2892355308987 2 1
tr 5 1 1 8 3 3 7.684310228787672 3 2
tr 5 1 1 8 3 3 35411.3697247536 4 1
ann 5 1 1 8 4 1 8.105014552489583e-11 20 0
tr 5 1 1 8 4 1 29419.987948909682 3 1
tr 5 1 1 8 4 1 2745.8655418982394 4 2
tr 5 1 1 8 4 1 1.393038511530943e7 5 1
ann 5 1 1 8 4 2 9.241148990652632e-11 20 0
tr 5 1 1 8 4 2 44129.98192336451 3 1
tr 5 1 1 8 4 2 2471.2789877084124 4 2
tr 5 1 1 8 4 2 8.358231069185651e6 5 1
ann 5 1 1 8 4 3 1.0354170675368806e-10 20 0
tr 5 1 1 8 4 3 61781.97469271027 3 1
tr 5 1 1 8 4 3 1922.1058793287725 4 2
tr 5 1 1 8 4 3 4.179115534592821e6 5 1
ann 5 1 1 8 4 4 1.1444079606638121e-10 20 0
tr 5 1 1 8 4 4 82375.96625694702 3 1
tr 5 1 1 8 4 4 1098.346216759291 4 2
tr 5 1 1 8 4 4 1.3930385115309404e6 5 1
ann 5 1 1 8 5 1 8.403998886321732e-13 22 0
tr 5 1 1 8 5 1 1.675492846928517e6 4 1
tr 5 1 1 8 5 1 127946.72649272316 5 2
tr 5 1 1 8 5 1 1.4482153946530916e7 6 1
ann 5 1 1 8 5 2 9.801223255056521e-13 22 0
tr 5 1 1 8 5 2 2.3456899856999237e6 4 1
tr 5 1 1 8 5 2 119416.94472654161 5 2
tr 5 1 1 8 5 2 9.654769297687287e6 6 1
ann 5 1 1 8 5 3 1.1274565763352726e-12 22 0
tr 5 1 1 8 5 3 3.1275866475998946e6 4 1
tr 5 1 1 8 5 3 102357.38119417842 5 2
tr 5 1 1 8 5 3 5.792861578612359e6 6 1
ann 5 1 1 8 5 4 1.2824026411210342e-12 22 0
tr 5 1 1 8 5 4 4.0211828326284345e6 4 1
tr 5 1 1 8 5 4 76768.03589563386 5 2
tr 5 1 1 8 5 4 2.896430789306196e6 6 1
ann 5 1 1 8 5 5 1.4449605198629344e-12 22 0
tr 5 1 1 8 5 5 5.026478540785542e6 4 1
tr 5 1 1 8 5 5 42648.90883090765 5 2
tr 5 1 1 8 5 5 965476.92976872 6 1
ann 5 1 1 8 6 1 3.95863274516487e-15 24 0
tr 5 1 1 8 6 1 5.0218090167221256e7 5 1
tr 5 1 1 8 6 1 3.083336427500763e6 6 2
tr 5 1 1 8 6 1 6.924524095900705e10 7 1
ann 5 1 1 8 6 2 4.6329319549573595e-15 24 0
tr 5 1 1 8 6 2 6.695745355629494e7 5 1
tr 5 1 1 8 6 2 2.9365108833340616e6 6 2
tr 5 1 1 8 6 2 4.946088639929085e10 7 1
ann 5 1 1 8 6 3 5.355747760007907e-15 24 0
tr 5 1 1 8 6 3 8.608815457237925e7 5 1
tr 5 1 1 8 6 3 2.6428597950006477e6 6 2
tr 5 1 1 8 6 3 3.297392426619378e10 7 1
ann 5 1 1 8 6 4 6.127080160316505e-15 24 0
tr 5 1 1 8 6 4 1.0761019321547395e8 5 1
tr 5 1 1 8 6 4 2.202383162500548e6 6 2
tr 5 1 1 8 6 4 1.9784354559716274e10 7 1
ann 5 1 1 8 6 5 6.946929155883156e-15 24 0
tr 5 1 1 8 6 5 1.3152356948557955e8 5 1
tr 5 1 1 8 6 5 1.615080985833735e6 6 2
tr 5 1 1 8 6 5 9.89217727985816e9 7 1
ann 5 1 1 8 6 6 7.815294746707864e-15 24 0
tr 5 1 1 8 6 6 1.578282833826953e8 5 1
tr 5 1 1 8 6 6 880953.2650002171 6 2
tr 5 1 1 8 6 6 3.2973924266193705e9 7 1
ann 5 1 1 8 7 1 6.901378446411614e-18 26 0
tr 5 1 1 8 7 1 1.8188654504483418e10 6 1
tr 5 1 1 8 7 1 9.047927623403742e8 7 2
tr 5 1 1 8 7 1 3.6013288576467124e12 8 1
ann 5 1 1 8 7 2 8.048844826925131e-18 26 0
tr 5 1 1 8 7 2 2.3385412934335766e10 6 1
tr 5 1 1 8 7 2 8.724787351139312e8 7 2
tr 5 1 1 8 7 2 2.700996643235037e12 8 1
ann 5 1 1 8 7 3 9.282877643416417e-18 26 0
tr 5 1 1 8 7 3 2.923176616791979e10 6 1
tr 5 1 1 8 7 3 8.078506806610482e8 7 2
tr 5 1 1 8 7 3 1.9292833165964512e12 8 1
ann 5 1 1 8 7 4 1.060347689588543e-17 26 0
tr 5 1 1 8 7 4 3.5727714205235275e10 6 1
tr 5 1 1 8 7 4 7.109085989817215e8 7 2
tr 5 1 1 8 7 4 1.2861888777309668e12 8 1
ann 5 1 1 8 7 5 1.2010642584332189e-17 26 0
tr 5 1 1 8 7 5 4.287325704628228e10 6 1
tr 5 1 1 8 7 5 5.816524900759547e8 7 2
tr 5 1 1 8 7 5 7.717133266385776e11 8 1
ann 5 1 1 8 7 6 1.3504374708756705e-17 26 0
tr 5 1 1 8 7 6 5.066839469106088e10 6 1
tr 5 1 1 8 7 6 4.2008235394374496e8 7 2
tr 5 1 1 8 7 6 3.858566633192937e11 8 1
ann 5 1 1 8 7 7 1.5084673269158944e-17 26 0
tr 5 1 1 8 7 7 5.9113127139570984e10 6 1
tr 5 1 1 8 7 7 2.2619819058509284e8 7 2
tr 5 1 1 8 7 7 1.2861888777309612e11 8 1
ann 5 1 1 9 8 2 1.755910427542776e-20 28 0
tr 5 1 1 9 8 2 2.891388781397853e11 7 1
tr 5 1 1 9 8 2 9.18651119725171e9 8 2
tr 5 1 1 9 8 2 3.887005096653346e13 9 1
ann 5 1 1 9 8 4 2.291800398310481e-20 28 0
tr 5 1 1 9 8 4 4.2407035460501917e11 7 1
tr 5 1 1 9 8 4 7.874152454787181e9 8 2
tr 5 1 1 9 8 4 2.0823241589214277e13 9 1
ann 5 1 1 9 8 6 2.89934857555507e-20 28 0
tr 5 1 1 9 8 6 5.847030646826765e11 7 1
tr 5 1 1 9 8 6 5.511906718351019e9 8 2
tr 5 1 1 9 8 6 8.32929663568571e12 9 1
ann 5 1 1 9 8 8 3.5785549592765435e-20 28 0
tr 5 1 1 9 8 8 7.710370083727617e11 7 1
tr 5 1 1 9 8 8 2.0997739879432526e9 8 2
tr 5 1 1 9 8 8 1.388216105947609e12 9 1
ann 5 1 1 11 10 2 4.1811536933871784e-26 32 0
tr 5 1 1 11 10 2 1.6109406760439777e13 9 1
tr 5 1 1 11 10 2 3.7845089102984357e11 10 2
tr 5 1 1 11 10 2 2.74226430569182e15 11 1
ann 5 1 1 11 10 4 5.3338545690214e-26 32 0
tr 5 1 1 11 10 4 2.2211454775757883e13 9 1
tr 5 1 1 11 10 4 3.4340914186041266e11 10 2
tr 5 1 1 11 10 4 1.706297790208241e15 11 1
ann 5 1 1 11 10 6 6.62916475441431e-26 32 0
tr 5 1 1 11 10 6 2.9289830473526824e13 9 1
tr 5 1 1 11 10 6 2.803339933554392e11 10 2
tr 5 1 1 11 10 6 9.140881018972708e14 11 1
ann 5 1 1 11 10 8 8.067084249565912e-26 32 0
tr 5 1 1 11 10 8 3.734453385374676e13 9 1
tr 5 1 1 11 10 8 1.8922544551492282e11 10 2
tr 5 1 1 11 10 8 3.656352407589038e14 11 1
ann 5 1 1 11 10 10 9.647613054476186e-26 32 0
tr 5 1 1 11 10 10 4.6375564916417555e13 9 1
tr 5 1 1 11 10 10 7.008349833885963e10 10 2
tr 5 1 1 11 10 10 6.09392067931512e13 11 1
ann 5 1 1 13 12 2 4.59694665989623e-32 36 0
tr 5 1 1 13 12 2 3.1672683201790575e14 11 1
tr 5 1 1 13 12 2 5.673627871377266e12 12 2
tr 5 1 1 13 12 2 6.414035486415782e16 13 1
ann 5 1 1 13 12 4 5.735316784318412e-32 36 0
tr 5 1 1 13 12 4 4.176617565071297e14 11 1
tr 5 1 1 13 12 4 5.305210477131981e12 12 2
tr 5 1 1 13 12 4 4.3732060134653016e16 13 1
ann 5 1 1 13 12 6 7.001817083044832e-32 36 0
tr 5 1 1 13 12 6 5.3251873954659056e14 11 1
tr 5 1 1 13 12 6 4.642059167490494e12 12 2
tr 5 1 1 13 12 6 2.7211059639339708e16 13 1
ann 5 1 1 13 12 8 8.396447556075456e-32 36 0
tr 5 1 1 13 12 8 6.612977811362898e14 11 1
tr 5 1 1 13 12 8 3.6841739424527637e12 12 2
tr 5 1 1 13 12 8 1.4577353378217708e16 13 1
ann 5 1 1 13 12 10 9.919208203410327e-32 36 0
tr 5 1 1 13 12 10 8.039988812762261e14 11 1
tr 5 1 1 13 12 10 2.4315548020188438e12 12 2
tr 5 1 1 13 12 10 5.83094135128708e15 13 1
ann 5 1 1 13 12 12 1.1570099025049415e-31 36 0
tr 5 1 1 13 12 12 9.606220399663981e14 11 1
tr 5 1 1 13 12 12 8.84201746188657e11 12 2
tr 5 1 1 13 12 12 9.718235585478349e14 13 1
ann 5 1 1 15 14 2 2.648377467812607e-38 40 0
tr 5 1 1 15 14 2 2.744016305682831e15 13 1
tr 5 1 1 15 14 2 3.855912568041846e13 14 2
tr 5 1 1 15 14 2 6.34573692209414e17 15 1
ann 5 1 1 15 14 4 3.2398163111028507e-38 40 0
tr 5 1 1 15 14 4 3.498620789745616e15 13 1
tr 5 1 1 15 14 4 3.670532156116771e13 14 2
tr 5 1 1 15 14 4 4.602402602837507e17 15 1
ann 5 1 1 15 14 6 3.8918272163739704e-38 40 0
tr 5 1 1 15 14 6 4.344692483997817e15 13 1
tr 5 1 1 15 14 6 3.3368474146515996e13 14 2
tr 5 1 1 15 14 6 3.1380017746619424e17 15 1
ann 5 1 1 15 14 8 4.604410183625984e-38 40 0
tr 5 1 1 15 14 8 5.282231388439448e15 13 1
tr 5 1 1 15 14 8 2.85485834364639e13 14 2
tr 5 1 1 15 14 8 1.9525344375674387e17 15 1
ann 5 1 1 15 14 10 5.377565212858878e-38 40 0
tr 5 1 1 15 14 10 6.311237503070511e15 13 1
tr 5 1 1 15 14 10 2.224564943101088e13 14 2
tr 5 1 1 15 14 10 1.0460005915539795e17 15 1
ann 5 1 1 15 14 12 6.211292304072659e-38 40 0
tr 5 1 1 15 14 12 7.431710827891001e15 13 1
tr 5 1 1 15 14 12 1.4459672130157047e13 14 2
tr 5 1 1 15 14 12 4.184002366215922e16 15 1
ann 5 1 1 15 14 14 7.105591457267328e-38 40 0
tr 5 1 1 15 14 14 8.643651362900913e15 13 1
tr 5 1 1 15 14 14 5.190651533902484e12 14 2
tr 5 1 1 15 14 14 6.973337277026326e15 15 1
ann 5 2 1 5 2 1 4.697610080640577e-9 18 0
ann 5 2 1 5 2 2 5.871971707013262e-9 18 0
tr 5 2 1 5 2 2 59510.204081632626 2 1
tr 5 2 1 5 2 2 4250.728862973758 3 2
ann 5 2 1 5 3 1 6.072044137603465e-10 20 0
tr 5 2 1 5 3 1 219.4285714285715 2 2
tr 5 2 1 5 3 1 61437.07482993239 3 1
tr 5 2 1 5 3 1 73139.37479753804 4 2
ann 5 2 1 5 3 2 6.493947160756634e-10 20 0
tr 5 2 1 5 3 2 460778.06122449005 3 1
tr 5 2 1 5 3 2 71676.58730158744 4 2
ann 5 2 1 5 3 3 5.20600497945486e-10 20 0
tr 5 2 1 5 3 3 548.571428571428 2 2
tr 5 2 1 5 3 3 767963.4353741484 3 1
ann 5 2 1 5 4 1 9.20196608253824e-12 22 0
tr 5 2 1 5 4 1 18367.346938775536 2 1
tr 5 2 1 5 4 1 1822.1574344023315 3 2
ann 5 2 1 5 4 2 9.584988766090582e-12 22 0
tr 5 2 1 5 4 2 24489.795918367337 2 1
tr 5 2 1 5 4 2 303.6929057337229 3 2
tr 5 2 1 5 4 2 1.9371811224489813e6 4 1
ann 5 2 1 5 4 3 9.838855805832921e-12 22 0
tr 5 2 1 5 4 3 21428.571428571395 2 1
tr 5 2 1 5 4 3 425.17006802721073 3 2
tr 5 2 1 5 4 3 4.1852678571428545e6 4 1
ann 5 2 1 5 4 4 1.0512147127078487e-11 22 0
tr 5 2 1 5 4 4 5102.0408163265265 3 2
tr 5 2 1 5 4 4 4.6874999999999935e6 4 1
tr 5 2 1 5 4 4 159090.90909090886 5 2
ann 5 2 1 6 1 1 9.832627569565333e-8 16 0
tr 5 2 1 6 1 1 6.283106034360918 2 2
tr 5 2 1 6 1 1 229619.33382123298 3 1
ann 5 2 1 6 2 1 1.1653482249039952e-8 18 0
tr 5 2 1 6 2 1 2810.196628663041 2 1
tr 5 2 1 6 2 1 1605.8266449503058 3 2
tr 5 2 1 6 2 1 1.3655981743934378e7 4 1
ann 5 2 1 6 2 2 3.6416879411302484e-9 18 0
tr 5 2 1 6 2 2 16861.179771978208 2 1
tr 5 2 1 6 2 2 1204.3699837127285 3 2
tr 5 2 1 6 2 2 4.267494294979487e6 4 1
ann 5 2 1 6 3 1 4.413010673005642e-10 20 0
tr 5 2 1 6 3 1 84.21234339696065 2 2
tr 5 2 1 6 3 1 82992.54748359857 3 1
tr 5 2 1 6 3 1 98800.6517661881 4 2
tr 5 2 1 6 3 1 4.163799422975839e8 5 1
ann 5 2 1 6 3 2 4.719639296474464e-10 20 0
tr 5 2 1 6 3 2 622444.1061269855 3 1
tr 5 2 1 6 3 2 96824.63873086456 4 2
tr 5 2 1 6 3 2 1.998623723028404e8 5 1
ann 5 2 1 6 3 3 3.7835949815266087e-10 20 0
tr 5 2 1 6 3 3 210.53085849240125 2 2
tr 5 2 1 6 3 3 1.0374068435449738e6 3 1
tr 5 2 1 6 3 3 53352.35195374157 4 2
tr 5 2 1 6 3 3 5.829319192166167e7 5 1
ann 5 2 1 6 4 1 1.0320617488173583e-11 22 0
tr 5 2 1 6 4 1 61682.38720858733 2 1
tr 5 2 1 6 4 1 6119.28444529635 3 2
tr 5 2 1 6 4 1 1.5190026117411815e6 4 1
ann 5 2 1 6 4 2 1.0750202935654392e-11 22 0
tr 5 2 1 6 4 2 82243.18294478292 2 1
tr 5 2 1 6 4 2 1019.8807408827281 3 2
tr 5 2 1 6 4 2 1.2303921155103467e7 4 1
ann 5 2 1 6 4 3 1.1034931713159006e-11 22 0
tr 5 2 1 6 4 3 71962.78507668497 2 1
tr 5 2 1 6 4 3 1427.8330372358148 3 2
tr 5 2 1 6 4 3 2.6582545705470417e7 4 1
ann 5 2 1 6 4 4 1.179007270312388e-11 22 0
tr 5 2 1 6 4 4 17133.99644682977 3 2
tr 5 2 1 6 4 4 2.9772451190126844e7 4 1
tr 5 2 1 6 4 4 1.0104589494830925e6 5 2
tr 5 2 1 6 4 4 4.950878769573667e8 6 1
ann 5 2 1 6 5 1 7.956587796262323e-14 24 0
tr 5 2 1 6 5 1 1.3108102069081082e6 3 1
tr 5 2 1 6 5 1 122342.28597808992 4 2
tr 5 2 1 6 5 1 1.1837459734917613e7 5 1
ann 5 2 1 6 5 2 8.344148008661017e-14 24 0
tr 5 2 1 6 5 2 1.7204383965668897e6 3 1
tr 5 2 1 6 5 2 42819.800092331454 4 2
tr 5 2 1 6 5 2 9.943466177330789e7 5 1
ann 5 2 1 6 5 3 8.52284406498027e-14 24 0
tr 5 2 1 6 5 3 1.8351342896713468e6 3 1
tr 5 2 1 6 5 3 2.3674919469835156e8 5 1
ann 5 2 1 6 5 4 8.678800742111708e-14 24 0
tr 5 2 1 6 5 4 1.3763507172535087e6 3 1
tr 5 2 1 6 5 4 73405.37158685384 4 2
tr 5 2 1 6 5 4 3.4802131620657706e8 5 1
ann 5 2 1 6 5 5 9.082729395479915e-14 24 0
tr 5 2 1 6 5 5 367026.85793426936 4 2
tr 5 2 1 6 5 5 3.196114128427751e8 5 1
tr 5 2 1 6 5 5 7.298105616504064e6 6 2
tr 5 2 1 6 5 5 1.9343406416964593e9 7 1
ann 5 2 1 7 1 1 6.23891158041201e-8 16 0
tr 5 2 1 7 1 1 0.8439241367243636 2 2
tr 5 2 1 7 1 1 5206.533919683746 3 1
ann 5 2 1 7 2 1 7.639482119867808e-9 18 0
tr 5 2 1 7 2 1 183.47760726654272 2 1
tr 5 2 1 7 2 1 104.84434700945276 3 2
tr 5 2 1 7 2 1 11297.427643503901 4 1
ann 5 2 1 7 2 2 2.3873216415416515e-9 18 0
tr 5 2 1 7 2 2 1100.8656435992536 2 1
tr 5 2 1 7 2 2 78.63326025708955 3 2
tr 5 2 1 7 2 2 3530.446138594964 4 1
ann 5 2 1 7 3 1 3.1488054586367396e-10 20 0
tr 5 2 1 7 3 1 12.243699220206338 2 2
tr 5 2 1 7 3 1 172.2881408557524 3 1
tr 5 2 1 7 3 1 205.10492959017998 4 2
tr 5 2 1 7 3 1 3.887753572466306e7 5 1
ann 5 2 1 7 3 2 3.3675934816460785e-10 20 0
tr 5 2 1 7 3 2 1292.161056418135 3 1
tr 5 2 1 7 3 2 201.00283099837685 4 2
tr 5 2 1 7 3 2 1.866121714783828e7 5 1
ann 5 2 1 7 3 3 2.6996999266163525e-10 20 0
tr 5 2 1 7 3 3 30.609248050515806 2 2
tr 5 2 1 7 3 3 2153.601760696887 3 1
tr 5 2 1 7 3 3 110.75666197869718 4 2
tr 5 2 1 7 3 3 5.442855001452819e6 5 1
ann 5 2 1 7 4 1 8.927028062895752e-12 22 0
tr 5 2 1 7 4 1 272.38721568621975 2 1
tr 5 2 1 7 4 1 27.022541238712222 3 2
tr 5 2 1 7 4 1 154463.09920723762 4 1
tr 5 2 1 7 4 1 256876.81468160998 5 2
tr 5 2 1 7 4 1 3.9884869333058395e9 6 1
ann 5 2 1 7 4 2 9.298606741634347e-12 22 0
tr 5 2 1 7 4 2 363.18295424829233 2 1
tr 5 2 1 7 4 2 4.503756873118718 3 2
tr 5 2 1 7 4 2 1.251151103578614e6 4 1
tr 5 2 1 7 4 2 2.326617377761738e9 6 1
ann 5 2 1 7 4 3 9.544888687151135e-12 22 0
tr 5 2 1 7 4 3 317.78508496725544 2 1
tr 5 2 1 7 4 3 6.305259622366186 3 2
tr 5 2 1 7 4 3 2.703104236126632e6 4 1
ann 5 2 1 7 4 4 1.0198063226195963e-11 22 0
tr 5 2 1 7 4 4 75.66311546839418 3 2
tr 5 2 1 7 4 4 3.027476744461825e6 4 1
tr 5 2 1 7 4 4 102750.72587264374 5 2
tr 5 2 1 7 4 4 2.9913651999793917e8 6 1
ann 5 2 1 7 5 1 1.1031969547775045e-13 24 0
tr 5 2 1 7 5 1 425355.5740027732 3 1
tr 5 2 1 7 5 1 39699.85357359211 4 2
tr 5 2 1 7 5 1 1.4227668218047772e7 5 1
ann 5 2 1 7 5 2 1.156932961395828e-13 24 0
tr 5 2 1 7 5 2 558279.190878639 3 1
tr 5 2 1 7 5 2 13894.948750757232 4 2
tr 5 2 1 7 5 2 1.195124130316012e8 5 1
ann 5 2 1 7 5 3 1.181709530466205e-13 24 0
tr 5 2 1 7 5 3 595497.8036038807 3 1
tr 5 2 1 7 5 3 2.845533643609546e8 5 1
ann 5 2 1 7 5 4 1.2033332370227143e-13 24 0
tr 5 2 1 7 5 4 446623.3527029102 3 1
tr 5 2 1 7 5 4 23819.912144155227 4 2
tr 5 2 1 7 5 4 4.1829344561060345e8 5 1
ann 5 2 1 7 5 5 1.2593387556793284e-13 24 0
tr 5 2 1 7 5 5 119099.56072077618 4 2
tr 5 2 1 7 5 5 3.841470418872893e8 5 1
tr 5 2 1 7 5 5 8.771732082484119e6 6 2
tr 5 2 1 7 5 5 6.210671228133149e9 7 1
ann 5 2 1 7 6 1 4.495719907942724e-16 26 0
tr 5 2 1 7 6 1 4.119476887630054e7 4 1
tr 5 2 1 7 6 1 3.1457823505538586e6 5 2
tr 5 2 1 7 6 1 2.788569267046905e8 6 1
ann 5 2 1 7 6 2 4.79488727656618e-16 26 0
tr 5 2 1 7 6 2 5.272930416166472e7 4 1
tr 5 2 1 7 6 2 1.5099755282658527e6 5 2
tr 5 2 1 7 6 2 2.390202228897339e9 6 1
ann 5 2 1 7 6 3 4.951371499665548e-16 26 0
tr 5 2 1 7 6 3 5.932046718187271e7 4 1
tr 5 2 1 7 6 3 215710.7897522636 5 2
tr 5 2 1 7 6 3 5.975505572243378e9 6 1
ann 5 2 1 7 6 4 4.979167379552743e-16 26 0
tr 5 2 1 7 6 4 5.6495683030354954e7 4 1
tr 5 2 1 7 6 4 269638.48719032906 5 2
tr 5 2 1 7 6 4 9.759992434664158e9 6 1
ann 5 2 1 7 6 5 4.907846753964221e-16 26 0
tr 5 2 1 7 6 5 3.88407820833691e7 4 1
tr 5 2 1 7 6 5 2.9660233590936386e6 5 2
tr 5 2 1 7 6 5 1.1831501033041847e10 6 1
ann 5 2 1 7 6 6 4.782558496061042e-16 26 0
tr 5 2 1 7 6 6 9.886744530312132e6 5 2
tr 5 2 1 7 6 6 9.640482323219278e9 6 1
tr 5 2 1 7 6 6 1.5323372609512597e8 7 2
tr 5 2 1 7 6 6 4.819159309519786e10 8 1
ann 5 2 1 8 1 1 4.1999914415908925e-8 16 0
tr 5 2 1 8 1 1 0.2679792878871958 2 2
tr 5 2 1 8 1 1 738.1295436473213 3 1
ann 5 2 1 8 2 1 5.249988327100511e-9 18 0
tr 5 2 1 8 2 1 42.39927696198966 2 1
tr 5 2 1 8 2 1 24.228158263994043 3 2
tr 5 2 1 8 2 1 15689.313384017418 4 1
ann 5 2 1 8 2 2 1.6406100163583924e-9 18 0
tr 5 2 1 8 2 2 254.39566177193737 2 1
tr 5 2 1 8 2 2 18.171118697995524 3 2
tr 5 2 1 8 2 2 4902.910432505438 4 1
ann 5 2 1 8 3 1 2.278027987910463e-10 20 0
tr 5 2 1 8 3 1 4.042005989438961 2 2
tr 5 2 1 8 3 1 5.129508949824537 3 1
tr 5 2 1 8 3 1 6.106558273600598 4 2
tr 5 2 1 8 3 1 5.812560303495492e6 5 1
ann 5 2 1 8 3 2 2.4363118976285434e-10 20 0
tr 5 2 1 8 3 2 38.4713171236838 3 1
tr 5 2 1 8 3 2 5.984427108128599 4 2
tr 5 2 1 8 3 2 2.7900289456778383e6 5 1
ann 5 2 1 8 3 3 1.9531190771662807e-10 20 0
tr 5 2 1 8 3 3 10.10501497359739 2 2
tr 5 2 1 8 3 3 64.11886187280618 3 1
tr 5 2 1 8 3 3 3.2975414677443227 4 2
tr 5 2 1 8 3 3 813758.4424893677 5 1
ann 5 2 1 8 4 1 7.1922293863545814e-12 22 0
tr 5 2 1 8 4 1 11.291423203307051 2 1
tr 5 2 1 8 4 1 1.1201808733439513 3 2
tr 5 2 1 8 4 1 33675.92222266145 4 1
tr 5 2 1 8 4 1 56004.079138777124 5 2
tr 5 2 1 8 4 1 1.0124488957165985e8 6 1
ann 5 2 1 8 4 2 7.491598796097008e-12 22 0
tr 5 2 1 8 4 2 15.055230937742703 2 1
tr 5 2 1 8 4 2 0.18669681222399248 3 2
tr 5 2 1 8 4 2 272774.9700035554 4 1
tr 5 2 1 8 4 2 59737.68441469552 5 2
tr 5 2 1 8 4 2 5.90595189168015e7 6 1
ann 5 2 1 8 4 3 7.690020512528155e-12 22 0
tr 5 2 1 8 4 3 13.17332707052485 2 1
tr 5 2 1 8 4 3 0.26137553711358863 3 2
tr 5 2 1 8 4 3 589328.6388965696 4 1
tr 5 2 1 8 4 3 46670.065948980824 5 2
tr 5 2 1 8 4 3 2.6998637219109327e7 6 1
ann 5 2 1 8 4 4 8.216262949902182e-12 22 0
tr 5 2 1 8 4 4 3.136506445363062 3 2
tr 5 2 1 8 4 4 660048.0755641572 4 1
tr 5 2 1 8 4 4 22401.63165551079 5 2
tr 5 2 1 8 4 4 7.593366717874515e6 6 1
ann 5 2 1 8 5 1 1.1058065442306465e-13 24 0
tr 5 2 1 8 5 1 97357.10117822677 3 1
tr 5 2 1 8 5 1 9086.662776634488 4 2
tr 5 2 1 8 5 1 339088.4625043349 5 1
ann 5 2 1 8 5 2 1.1596696629392896e-13 24 0
tr 5 2 1 8 5 2 127781.19529642245 3 1
tr 5 2 1 8 5 2 3180.33197182207 4 2
tr 5 2 1 8 5 2 2.848343085036412e6 5 1
ann 5 2 1 8 5 3 1.1845048406268534e-13 24 0
tr 5 2 1 8 5 3 136299.94164951716 3 1
tr 5 2 1 8 5 3 6.781769250086677e6 5 1
ann 5 2 1 8 5 4 1.2061796966637572e-13 24 0
tr 5 2 1 8 5 4 102224.95623713775 3 1
tr 5 2 1 8 5 4 5451.997665980685 4 2
tr 5 2 1 8 5 4 9.969200797627423e6 5 1
ann 5 2 1 8 5 5 1.2623176924237004e-13 24 0
tr 5 2 1 8 5 5 27259.98832990343 4 2
tr 5 2 1 8 5 5 9.155388487617027e6 5 1
tr 5 2 1 8 5 5 209056.96560849485 6 2
tr 5 2 1 8 5 5 1.7490111293108904e8 7 1
ann 5 2 1 8 6 1 7.431151789519643e-16 26 0
tr 5 2 1 8 6 1 279.71782896807747 4 1
tr 5 2 1 8 6 1 21.36027057574408 5 2
tr 5 2 1 8 6 1 3.767429501709563e7 6 1
tr 5 2 1 8 6 1 8.58761010436779e7 7 2
tr 5 2 1 8 6 1 1.1389633626795356e12 8 1
ann 5 2 1 8 6 2 7.92565727245636e-16 26 0
tr 5 2 1 8 6 2 358.0388210791393 4 1
tr 5 2 1 8 6 2 10.252929876357166 5 2
tr 5 2 1 8 6 2 3.2292252871796143e8 6 1
tr 5 2 1 8 6 2 9.58438627719619e7 7 2
tr 5 2 1 8 6 2 8.00833614384049e11 8 1
ann 5 2 1 8 6 3 8.184316185423699e-16 26 0
tr 5 2 1 8 6 3 402.793673714031 4 1
tr 5 2 1 8 6 3 1.4647042680510163 5 2
tr 5 2 1 8 6 3 8.073063217949077e8 6 1
tr 5 2 1 8 6 3 9.201010826108329e7 7 2
tr 5 2 1 8 6 3 5.084657869105057e11 8 1
ann 5 2 1 8 6 4 8.230261084172223e-16 26 0
tr 5 2 1 8 6 4 383.6130225847914 4 1
tr 5 2 1 8 6 4 1.830880335063767 5 2
tr 5 2 1 8 6 4 1.3186003255983455e9 6 1
tr 5 2 1 8 6 4 7.5141588413218e7 7 2
tr 5 2 1 8 6 4 2.7965618280077673e11 8 1
ann 5 2 1 8 6 5 8.112372416884716e-16 26 0
tr 5 2 1 8 6 5 263.7339530270445 4 1
tr 5 2 1 8 6 5 20.139683685701566 5 2
tr 5 2 1 8 6 5 1.5984665171539114e9 6 1
tr 5 2 1 8 6 5 4.9072057739244506e7 7 2
tr 5 2 1 8 6 5 1.2203178885852112e11 8 1
ann 5 2 1 8 6 6 7.905278524176186e-16 26 0
tr 5 2 1 8 6 6 67.13227895233857 5 2
tr 5 2 1 8 6 6 1.302454199162446e9 6 1
tr 5 2 1 8 6 6 2.0702274358743757e7 7 2
tr 5 2 1 8 6 6 3.305027614918312e10 8 1
ann 5 2 1 8 7 1 1.7601390235978763e-18 28 0
tr 5 2 1 8 7 1 7.437848801979377e8 5 1
tr 5 2 1 8 7 1 4.566758727187757e7 6 2
tr 5 2 1 8 7 1 3.9609433675220604e9 7 1
ann 5 2 1 8 7 2 1.9012860652041825e-18 28 0
tr 5 2 1 8 7 2 9.297311002474208e8 5 1
tr 5 2 1 8 7 2 2.609576415535857e7 6 2
tr 5 2 1 8 7 2 3.437532993956656e10 7 1
ann 5 2 1 8 7 3 1.9909266450218986e-18 28 0
tr 5 2 1 8 7 3 1.0625498288541986e9 5 1
tr 5 2 1 8 7 3 8.154926298549569e6 6 2
tr 5 2 1 8 7 3 8.841391445361824e10 7 1
ann 5 2 1 8 7 4 2.022009106328047e-18 28 0
tr 5 2 1 8 7 4 1.0957545110058904e9 5 1
tr 5 2 1 8 7 4 1.524963196496011e11 7 1
ann 5 2 1 8 7 5 1.9890090833073375e-18 28 0
tr 5 2 1 8 7 5 9.740040097830124e8 5 1
tr 5 2 1 8 7 5 1.1960558571205977e7 6 2
tr 5 2 1 8 7 5 2.0625197963740015e11 7 1
ann 5 2 1 8 7 6 1.887929501052186e-18 28 0
tr 5 2 1 8 7 6 6.331026063589582e8 5 1
tr 5 2 1 8 7 6 5.654082233661027e7 6 2
tr 5 2 1 8 7 6 2.225201398968654e11 7 1
ann 5 2 1 8 7 7 1.7163005755626796e-18 28 0
tr 5 2 1 8 7 7 1.4841965863360187e8 6 2
tr 5 2 1 8 7 7 1.6734985727780826e11 7 1
tr 5 2 1 8 7 7 1.9141323544847283e9 8 2
tr 5 2 1 8 7 7 7.153789808041144e11 9 1
ann 5 2 1 9 8 2 5.485417298156553e-21 30 0
tr 5 2 1 9 8 2 1.0769215226787119e10 6 1
tr 5 2 1 9 8 2 2.790174544567773e8 7 2
tr 5 2 1 9 8 2 3.333235274136758e11 8 1
ann 5 2 1 9 8 4 5.973532266383816e-21 30 0
tr 5 2 1 9 8 4 1.3162374166073204e10 6 1
tr 5 2 1 9 8 4 1.636902399479767e7 7 2
tr 5 2 1 9 8 4 1.5555097945971653e12 8 1
ann 5 2 1 9 8 6 5.724323507429578e-21 30 0
tr 5 2 1 9 8 6 1.0888873173751425e10 6 1
tr 5 2 1 9 8 6 2.0312470684453416e8 7 2
tr 5 2 1 9 8 6 2.68880978780366e12 8 1
ann 5 2 1 9 8 8 4.495833016162693e-21 30 0
tr 5 2 1 9 8 8 1.4583312286274216e9 7 2
tr 5 2 1 9 8 8 1.9047058709352952e12 8 1
tr 5 2 1 9 8 8 1.6144462559286457e10 9 2
tr 5 2 1 9 8 8 7.093497030508751e12 10 1
ann 5 2 1 11 10 2 2.071517830786397e-26 34 0
tr 5 2 1 11 10 2 5.4678918915540686e11 8 1
tr 5 2 1 11 10 2 1.1394283749713093e10 9 2
tr 5 2 1 11 10 2 1.2497928058686648e13 10 1
ann 5 2 1 11 10 4 2.324322160772902e-26 34 0
tr 5 2 1 11 10 4 6.785156756337544e11 8 1
tr 5 2 1 11 10 4 2.885565365187059e9 9 2
tr 5 2 1 11 10 4 6.174387915412932e13 10 1
ann 5 2 1 11 10 6 2.367079518636133e-26 34 0
tr 5 2 1 11 10 6 6.959135134705171e11 8 1
tr 5 2 1 11 10 6 4.2279346010068035e8 9 2
tr 5 2 1 11 10 6 1.2446496255976125e14 10 1
ann 5 2 1 11 10 8 2.1038138203179215e-26 34 0
tr 5 2 1 11 10 8 5.07022702671377e11 8 1
tr 5 2 1 11 10 8 1.3476541540708843e10 9 2
tr 5 2 1 11 10 8 1.562241007335849e14 10 1
ann 5 2 1 11 10 10 1.4268896307766326e-26 34 0
tr 5 2 1 11 10 10 5.422326125791103e10 9 2
tr 5 2 1 11 10 10 9.283440389271434e13 10 1
tr 5 2 1 11 10 10 4.6462473073967535e11 11 2
tr 5 2 1 11 10 10 2.713417168111313e14 12 1
ann 5 2 1 13 12 2 3.298846205276293e-32 38 0
tr 5 2 1 13 12 2 1.008071918551611e13 10 1
tr 5 2 1 13 12 2 1.6687248723598547e11 11 2
tr 5 2 1 13 12 2 1.7844973399505622e14 12 1
ann 5 2 1 13 12 4 3.7469630073907623e-32 38 0
tr 5 2 1 13 12 4 1.2407038997558334e13 10 1
tr 5 2 1 13 12 4 6.7917170222216e10 11 2
tr 5 2 1 13 12 4 9.084713730657472e14 12 1
ann 5 2 1 13 12 6 3.960225879853489e-32 38 0
tr 5 2 1 13 12 6 1.355912119018873e13 10 1
tr 5 2 1 13 12 6 3.463775681333039e9 11 2
tr 5 2 1 13 12 6 1.9629470739456242e15 12 1
ann 5 2 1 13 12 8 3.822869917722993e-32 38 0
tr 5 2 1 13 12 8 1.2628593265371879e13 10 1
tr 5 2 1 13 12 8 3.8712787026663445e10 11 2
tr 5 2 1 13 12 8 2.8969112661535175e15 12 1
ann 5 2 1 13 12 10 3.2035881480136004e-32 38 0
tr 5 2 1 13 12 10 8.529839310821352e12 10 1
tr 5 2 1 13 12 10 2.56251483248421e11 11 2
tr 5 2 1 13 12 10 3.067635903438832e15 12 1
ann 5 2 1 13 12 12 1.9555315296954274e-32 38 0
tr 5 2 1 13 12 12 7.560539389137097e11 11 2
tr 5 2 1 13 12 12 1.6346304637815575e15 12 1
tr 5 2 1 13 12 12 5.211235870526889e12 13 2
tr 5 2 1 13 12 12 3.863024865666691e15 14 1
ann 5 2 1 15 14 2 2.5900560797152906e-38 42 0
tr 5 2 1 15 14 2 8.326109660761739e13 12 1
tr 5 2 1 15 14 2 1.1063578437741626e12 13 2
tr 5 2 1 15 14 2 1.1797220849235945e15 14 1
ann 5 2 1 15 14 4 2.9506842319831614e-38 42 0
tr 5 2 1 15 14 4 1.0110276016639288e14 12 1
tr 5 2 1 15 14 4 5.712372420643901e11 13 2
tr 5 2 1 15 14 4 6.114136574748266e15 14 1
ann 5 2 1 15 14 6 3.1808229332065523e-38 42 0
tr 5 2 1 15 14 6 1.1299720253890917e14 12 1
tr 5 2 1 15 14 6 1.3029420887422903e11 13 2
tr 5 2 1 15 14 6 1.3725612718822606e16 14 1
ann 5 2 1 15 14 8 3.214539506440353e-38 42 0
tr 5 2 1 15 14 8 1.1448400783547377e14 12 1
tr 5 2 1 15 14 8 1.7601147514589622e10 13 2
tr 5 2 1 15 14 8 2.1836202052672316e16 14 1
ann 5 2 1 15 14 10 2.977126029321777e-38 42 0
tr 5 2 1 15 14 10 1.0030979734155802e14 12 1
tr 5 2 1 15 14 10 5.257485621240861e11 13 2
tr 5 2 1 15 14 10 2.7299979016501224e16 14 1
ann 5 2 1 15 14 12 2.3850993340703555e-38 42 0
tr 5 2 1 15 14 12 6.442822951779919e13 12 1
tr 5 2 1 15 14 12 2.0058450576690723e12 13 2
tr 5 2 1 15 14 12 2.6003040955190988e16 14 1
ann 5 2 1 15 14 14 1.346201007487966e-38 42 0
tr 5 2 1 15 14 14 4.867517339943614e12 13 2
tr 5 2 1 15 14 14 1.2863508118301556e16 14 1
tr 5 2 1 15 14 14 2.7669420271151754e13 15 2
tr 5 2 1 15 14 14 2.51130863878128e16 16 1
ann 5 2 2 5 2 2 2.9359858535066348e-9 18 0
ann 5 2 2 5 3 1 5.054166487687949e-10 20 0
tr 5 2 2 5 3 1 329.1428571428569 2 2
tr 5 2 2 5 3 1 737244.8979591833 3 1
tr 5 2 2 5 3 1 58511.499838030395 4 2
ann 5 2 2 5 3 2 6.317697253267541e-10 20 0
tr 5 2 2 5 3 2 548.5714285714282 2 2
tr 5 2 2 5 3 2 614370.7482993185 3 1
ann 5 2 2 5 3 3 8.541081800892948e-10 20 0
tr 5 2 2 5 3 3 548.5714285714282 2 2
tr 5 2 2 5 3 3 307185.3741496597 3 1
ann 5 2 2 5 4 1 8.21592285909429e-12 22 0
tr 5 2 2 5 4 1 3061.224489795905 2 1
tr 5 2 2 5 4 1 2429.543245869777 3 2
tr 5 2 2 5 4 1 4.783163265306121e6 4 1
ann 5 2 2 5 4 2 1.0780307789719735e-11 22 0
tr 5 2 2 5 4 2 9183.67346938775 2 1
tr 5 2 2 5 4 2 3644.3148688046617 3 2
tr 5 2 2 5 4 2 4.304846938775502e6 4 1
ann 5 2 2 5 4 3 1.3735854408058421e-11 22 0
tr 5 2 2 5 4 3 21428.571428571395 2 1
tr 5 2 2 5 4 3 4251.70068027211 3 2
tr 5 2 2 5 4 3 3.0133928571428526e6 4 1
ann 5 2 2 5 4 4 1.6959561689038346e-11 22 0
tr 5 2 2 5 4 4 42857.14285714281 2 1
tr 5 2 2 5 4 4 3401.3605442176786 3 2
tr 5 2 2 5 4 4 1.3392857142857113e6 4 1
ann 5 2 2 6 1 1 6.145361369188844e-8 16 0
tr 5 2 2 6 1 1 4.188737356240607 2 2
tr 5 2 2 6 1 1 76539.77794041099 3 1
ann 5 2 2 6 2 1 3.6416879411302422e-9 18 0
tr 5 2 2 6 2 1 16861.179771978193 2 1
tr 5 2 2 6 2 1 1204.369983712729 3 2
tr 5 2 2 6 2 1 4.267494294979487e6 4 1
ann 5 2 2 6 2 2 7.283375882260504e-9 18 0
tr 5 2 2 6 2 2 11240.786514652125 2 1
tr 5 2 2 6 2 2 401.45666123757604 3 2
tr 5 2 2 6 2 2 853498.8589959019 4 1
ann 5 2 2 6 3 1 3.673242519301601e-10 20 0
tr 5 2 2 6 3 1 126.31851509544076 2 2
tr 5 2 2 6 3 1 995910.5698031761 3 1
tr 5 2 2 6 3 1 79040.52141295046 4 2
tr 5 2 2 6 3 1 1.2491398268927512e8 5 1
ann 5 2 2 6 3 2 4.5915452952001814e-10 20 0
tr 5 2 2 6 3 2 210.53085849240128 2 2
tr 5 2 2 6 3 2 829925.4748359785 3 1
tr 5 2 2 6 3 2 39520.26070647529 4 2
tr 5 2 2 6 3 2 4.163799422975837e7 5 1
ann 5 2 2 6 3 3 6.20744592254734e-10 20 0
tr 5 2 2 6 3 3 210.53085849240128 2 2
tr 5 2 2 6 3 3 414962.7374179899 3 1
tr 5 2 2 6 3 3 11856.07821194246 4 2
tr 5 2 2 6 3 3 8.327598845951631e6 5 1
ann 5 2 2 6 4 1 9.21470433029824e-12 22 0
tr 5 2 2 6 4 1 10280.397868097825 2 1
tr 5 2 2 6 4 1 8159.045927061804 3 2
tr 5 2 2 6 4 1 3.038005223482334e7 4 1
ann 5 2 2 6 4 2 1.2090832759151987e-11 22 0
tr 5 2 2 6 4 2 30841.19360429359 2 1
tr 5 2 2 6 4 2 12238.568890592695 3 2
tr 5 2 2 6 4 2 2.7342047011340957e7 4 1
ann 5 2 2 6 4 3 1.5405675075250345e-11 22 0
tr 5 2 2 6 4 3 71962.78507668497 2 1
tr 5 2 2 6 4 3 14278.33037235816 3 2
tr 5 2 2 6 4 3 1.9139432907938678e7 4 1
ann 5 2 2 6 4 4 1.902127744737682e-11 22 0
tr 5 2 2 6 4 4 143925.57015337003 2 1
tr 5 2 2 6 4 4 11422.664297886497 3 2
tr 5 2 2 6 4 4 8.50641462575052e6 4 1
ann 5 2 2 6 5 1 6.293928185644878e-14 24 0
tr 5 2 2 6 5 1 245776.91379526912 3 1
tr 5 2 2 6 5 1 152927.85747261223 4 2
tr 5 2 2 6 5 1 3.5512379204752725e8 5 1
ann 5 2 2 6 5 2 8.379895505391454e-14 24 0
tr 5 2 2 6 5 2 573479.4655222957 3 1
tr 5 2 2 6 5 2 214099.00046165727 4 2
tr 5 2 2 6 5 2 3.314488725776925e8 5 1
ann 5 2 2 6 5 3 1.0807566128974042e-13 24 0
tr 5 2 2 6 5 3 1.1469589310445911e6 3 1
tr 5 2 2 6 5 3 256918.8005539883 4 2
tr 5 2 2 6 5 3 2.6515909806215352e8 5 1
ann 5 2 2 6 5 4 1.3536744279529993e-13 24 0
tr 5 2 2 6 5 4 2.0645260758802628e6 3 1
tr 5 2 2 6 5 4 256918.80055398855 4 2
tr 5 2 2 6 5 4 1.7045942018281344e8 5 1
ann 5 2 2 6 5 5 1.6506087535563362e-13 24 0
tr 5 2 2 6 5 5 3.440876793133771e6 3 1
tr 5 2 2 6 5 5 183513.42896713462 4 2
tr 5 2 2 6 5 5 7.102475840950516e7 5 1
ann 5 2 2 7 1 1 3.8993001958246164e-8 16 0
tr 5 2 2 7 1 1 0.5626160911495751 2 2
tr 5 2 2 7 1 1 1735.5113065612481 3 1
ann 5 2 2 7 2 1 2.3873216415416515e-9 18 0
tr 5 2 2 7 2 1 1100.865643599253 2 1
tr 5 2 2 7 2 1 78.63326025708957 3 2
tr 5 2 2 7 2 1 3530.446138594964 4 1
ann 5 2 2 7 2 2 4.774643283083314e-9 18 0
tr 5 2 2 7 2 2 733.910429066168 2 1
tr 5 2 2 7 2 2 26.211086752363165 3 2
tr 5 2 2 7 2 2 706.0892277189968 4 1
ann 5 2 2 7 3 1 2.620960375801091e-10 20 0
tr 5 2 2 7 3 1 18.365548830309486 2 2
tr 5 2 2 7 3 1 2067.457690269014 3 1
tr 5 2 2 7 3 1 164.08394367214393 4 2
tr 5 2 2 7 3 1 1.1663260717398912e7 5 1
ann 5 2 2 7 3 2 3.2761948813282584e-10 20 0
tr 5 2 2 7 3 2 30.609248050515813 2 2
tr 5 2 2 7 3 2 1722.881408557509 3 1
tr 5 2 2 7 3 2 82.0419718360721 4 2
tr 5 2 2 7 3 2 3.887753572466305e6 5 1
ann 5 2 2 7 3 3 4.429184790752085e-10 20 0
tr 5 2 2 7 3 3 30.609248050515813 2 2
tr 5 2 2 7 3 3 861.4407042787557 3 1
tr 5 2 2 7 3 3 24.61259155082137 4 2
tr 5 2 2 7 3 3 777550.7144932568 5 1
ann 5 2 2 7 4 1 7.97044595333743e-12 22 0
tr 5 2 2 7 4 1 45.39786928103635 2 1
tr 5 2 2 7 4 1 36.03005498494965 3 2
tr 5 2 2 7 4 1 3.089261984144722e6 4 1
tr 5 2 2 7 4 1 214064.01223467453 5 2
tr 5 2 2 7 4 1 1.16330868888087e9 6 1
ann 5 2 2 7 4 2 1.0458211767338124e-11 22 0
tr 5 2 2 7 4 2 136.19360784310956 2 1
tr 5 2 2 7 4 2 54.045082477424415 3 2
tr 5 2 2 7 4 2 2.780335785730246e6 4 1
tr 5 2 2 7 4 2 128438.40734080465 5 2
tr 5 2 2 7 4 2 4.985608666632291e8 6 1
ann 5 2 2 7 4 3 1.332545209228081e-11 22 0
tr 5 2 2 7 4 3 317.78508496725544 2 1
tr 5 2 2 7 4 3 63.052596223661894 3 2
tr 5 2 2 7 4 3 1.9462350500111724e6 4 1
ann 5 2 2 7 4 4 1.6452840958365674e-11 22 0
tr 5 2 2 7 4 4 635.570169934511 2 1
tr 5 2 2 7 4 4 50.44207697892937 3 2
tr 5 2 2 7 4 4 864993.3555605208 4 1
ann 5 2 2 7 5 1 8.726658413023383e-14 24 0
tr 5 2 2 7 5 1 79754.1701255196 3 1
tr 5 2 2 7 5 1 49624.81696699008 4 2
tr 5 2 2 7 5 1 4.268300465414318e8 5 1
ann 5 2 2 7 5 2 1.1618894203551942e-13 24 0
tr 5 2 2 7 5 2 186093.0636262127 3 1
tr 5 2 2 7 5 2 69474.74375378616 4 2
tr 5 2 2 7 5 2 3.9837471010533667e8 5 1
ann 5 2 2 7 5 3 1.4984908527569653e-13 24 0
tr 5 2 2 7 5 3 372186.12725242536 3 1
tr 5 2 2 7 5 3 83369.69250454324 4 2
tr 5 2 2 7 5 3 3.186997680842689e8 5 1
ann 5 2 2 7 5 4 1.876896913228049e-13 24 0
tr 5 2 2 7 5 4 669935.0290543655 3 1
tr 5 2 2 7 5 4 83369.69250454336 4 2
tr 5 2 2 7 5 4 2.048784223398877e8 5 1
ann 5 2 2 7 5 5 2.288602351593861e-13 24 0
tr 5 2 2 7 5 5 1.1165583817572754e6 3 1
tr 5 2 2 7 5 5 59549.78036038809 4 2
tr 5 2 2 7 5 5 8.536600930828601e7 5 1
ann 5 2 2 7 6 1 3.1104708640995247e-16 26 0
tr 5 2 2 7 6 1 8.238953775260101e6 4 1
tr 5 2 2 7 6 1 3.774938820664627e6 5 2
tr 5 2 2 7 6 1 1.171199092159697e10 6 1
ann 5 2 2 7 6 2 4.130995137184308e-16 26 0
tr 5 2 2 7 6 2 1.6477907550520174e7 4 1
tr 5 2 2 7 6 2 5.033251760886176e6 5 2
tr 5 2 2 7 6 2 1.1154277068187603e10 6 1
ann 5 2 2 7 6 3 5.338676789432047e-16 26 0
tr 5 2 2 7 6 3 2.966023359093639e7 4 1
tr 5 2 2 7 6 3 6.0399021130634025e6 5 2
tr 5 2 2 7 6 3 9.560808915589367e9 6 1
ann 5 2 2 7 6 4 6.736254066827138e-16 26 0
tr 5 2 2 7 6 4 4.9433722651560575e7 4 1
tr 5 2 2 7 6 4 6.471323692567939e6 5 2
tr 5 2 2 7 6 4 7.170606686692013e9 6 1
ann 5 2 2 7 6 5 8.322570956497818e-16 26 0
tr 5 2 2 7 6 5 7.768156416673824e7 4 1
tr 5 2 2 7 6 5 5.932046718187279e6 5 2
tr 5 2 2 7 6 5 4.382037419645131e9 6 1
ann 5 2 2 7 6 6 1.0092577186716195e-15 26 0
tr 5 2 2 7 6 6 1.1652234625010708e8 4 1
tr 5 2 2 7 6 6 3.9546978121248474e6 5 2
tr 5 2 2 7 6 6 1.752814967858044e9 6 1
ann 5 2 2 8 1 1 2.624981513073858e-8 16 0
tr 5 2 2 8 1 1 0.1786528585914637 2 2
tr 5 2 2 8 1 1 246.04318121577379 3 1
ann 5 2 2 8 2 1 1.6406100163583945e-9 18 0
tr 5 2 2 8 2 1 254.39566177193717 2 1
tr 5 2 2 8 2 1 18.171118697995524 3 2
tr 5 2 2 8 2 1 4902.910432505438 4 1
ann 5 2 2 8 2 2 3.2812200327167964e-9 18 0
tr 5 2 2 8 2 2 169.597107847958 2 1
tr 5 2 2 8 2 2 6.057039565998503 3 2
tr 5 2 2 8 2 2 980.5820865010927 4 1
ann 5 2 2 8 3 1 1.8961543274611977e-10 20 0
tr 5 2 2 8 3 1 6.063008984158434 2 2
tr 5 2 2 8 3 1 61.55410739789402 3 1
tr 5 2 2 8 3 1 4.885246618880477 4 2
tr 5 2 2 8 3 1 1.7437680910486467e6 5 1
ann 5 2 2 8 3 2 2.3701888736495923e-10 20 0
tr 5 2 2 8 3 2 10.105014973597392 2 2
tr 5 2 2 8 3 2 51.29508949824492 3 1
tr 5 2 2 8 3 2 2.4426233094402416 4 2
tr 5 2 2 8 3 2 581256.030349549 5 1
ann 5 2 2 8 3 3 3.204328466616219e-10 20 0
tr 5 2 2 8 3 3 10.105014973597392 2 2
tr 5 2 2 8 3 3 25.647544749122503 3 1
tr 5 2 2 8 3 3 116251.2060699092 5 1
ann 5 2 2 8 4 1 6.421540863262383e-12 22 0
tr 5 2 2 8 4 1 1.8819038672178308 2 1
tr 5 2 2 8 4 1 1.493574497791936 3 2
tr 5 2 2 8 4 1 673518.4444532226 4 1
tr 5 2 2 8 4 1 46670.065948980846 5 2
tr 5 2 2 8 4 1 2.9529759458400782e7 6 1
ann 5 2 2 8 4 2 8.425856559871085e-12 22 0
tr 5 2 2 8 4 2 5.645711601653511 2 1
tr 5 2 2 8 4 2 2.2403617466879013 3 2
tr 5 2 2 8 4 2 606166.6000078992 4 1
tr 5 2 2 8 4 2 28002.039569388486 5 2
tr 5 2 2 8 4 2 1.2655611196457457e7 6 1
ann 5 2 2 8 4 3 1.0735903094432525e-11 22 0
tr 5 2 2 8 4 3 13.17332707052485 2 1
tr 5 2 2 8 4 3 2.6137553711358876 3 2
tr 5 2 2 8 4 3 424316.62000552966 4 1
tr 5 2 2 8 4 3 13067.61846571465 5 2
ann 5 2 2 8 4 4 1.3255543238962912e-11 22 0
tr 5 2 2 8 4 4 26.346654141049715 2 1
tr 5 2 2 8 4 4 2.091004296908705 3 2
tr 5 2 2 8 4 4 188585.16444690197 4 1
ann 5 2 2 8 5 1 8.747301121673986e-14 24 0
tr 5 2 2 8 5 1 18254.456470917434 3 1
tr 5 2 2 8 5 1 11358.328470793098 4 2
tr 5 2 2 8 5 1 1.0172653875130016e7 5 1
ann 5 2 2 8 5 2 1.1646378439554214e-13 24 0
tr 5 2 2 8 5 2 42593.73176547409 3 1
tr 5 2 2 8 5 2 15901.659859110347 4 2
tr 5 2 2 8 5 2 9.494476950121356e6 5 1
ann 5 2 2 8 5 3 1.5020355008720923e-13 24 0
tr 5 2 2 8 5 3 85187.46353094818 3 1
tr 5 2 2 8 5 3 19081.991830932384 4 2
tr 5 2 2 8 5 3 7.595581560097073e6 5 1
ann 5 2 2 8 5 4 1.8813366744842669e-13 24 0
tr 5 2 2 8 5 4 153337.43435570662 3 1
tr 5 2 2 8 5 4 19081.991830932406 4 2
tr 5 2 2 8 5 4 4.882873860062418e6 5 1
ann 5 2 2 8 5 5 2.2940159958579777e-13 24 0
tr 5 2 2 8 5 5 255562.39059284434 3 1
tr 5 2 2 8 5 5 13629.994164951715 4 2
tr 5 2 2 8 5 5 2.0345307750259947e6 5 1
ann 5 2 2 8 6 1 5.141419294749428e-16 26 0
tr 5 2 2 8 6 1 55.94356579361544 4 1
tr 5 2 2 8 6 1 25.63232469089287 5 2
tr 5 2 2 8 6 1 1.582320390718012e9 6 1
tr 5 2 2 8 6 1 7.514158841321805e7 7 2
tr 5 2 2 8 6 1 3.203334457536188e11 8 1
ann 5 2 2 8 6 2 6.828283898464722e-16 26 0
tr 5 2 2 8 6 2 111.88713158723067 4 1
tr 5 2 2 8 6 2 34.17643292119053 5 2
tr 5 2 2 8 6 2 1.5069718006838229e9 6 1
tr 5 2 2 8 6 2 5.367256315229864e7 7 2
tr 5 2 2 8 6 2 1.7796302541867618e11 8 1
ann 5 2 2 8 6 3 8.824508277480795e-16 26 0
tr 5 2 2 8 6 3 201.3968368570157 4 1
tr 5 2 2 8 6 3 41.01171950542861 5 2
tr 5 2 2 8 6 3 1.2916901148718472e9 6 1
tr 5 2 2 8 6 3 3.450379059790621e7 7 2
tr 5 2 2 8 6 3 8.898151270933833e10 8 1
ann 5 2 2 8 6 4 1.1134618586692451e-15 26 0
tr 5 2 2 8 6 4 335.66139476169235 4 1
tr 5 2 2 8 6 4 43.94112804153068 5 2
tr 5 2 2 8 6 4 9.687675861538836e8 6 1
tr 5 2 2 8 6 4 1.9168772554392368e7 7 2
tr 5 2 2 8 6 4 3.8134934018287735e10 8 1
ann 5 2 2 8 6 5 1.3756704007886501e-15 26 0
tr 5 2 2 8 6 5 527.4679060540893 4 1
tr 5 2 2 8 6 5 40.27936737140315 5 2
tr 5 2 2 8 6 5 5.920246359829307e8 6 1
tr 5 2 2 8 6 5 8.434259923932662e6 7 2
tr 5 2 2 8 6 5 1.271164467276291e10 8 1
ann 5 2 2 8 6 6 1.6682416749741667e-15 26 0
tr 5 2 2 8 6 6 791.2018590811322 4 1
tr 5 2 2 8 6 6 26.8529115809354 5 2
tr 5 2 2 8 6 6 2.368098543931712e8 6 1
tr 5 2 2 8 6 6 2.30025270652706e6 7 2
tr 5 2 2 8 6 6 2.5423289345524335e9 8 1
ann 5 2 2 8 7 1 1.0832913633218836e-18 28 0
tr 5 2 2 8 7 1 1.549551833745702e8 5 1
tr 5 2 2 8 7 1 5.327885181719047e7 6 2
tr 5 2 2 8 7 1 2.2181282858123657e11 7 1
ann 5 2 2 8 7 2 1.4257623536261724e-18 28 0
tr 5 2 2 8 7 2 2.7891933007422554e8 5 1
tr 5 2 2 8 7 2 6.850138090781628e7 6 2
tr 5 2 2 8 7 2 2.138909418461926e11 7 1
ann 5 2 2 8 7 3 1.8336729200810435e-18 28 0
tr 5 2 2 8 7 3 4.6486555012371063e8 5 1
tr 5 2 2 8 7 3 8.154926298549564e7 6 2
tr 5 2 2 8 7 3 1.9097405521981473e11 7 1
ann 5 2 2 8 7 4 2.3115034478652927e-18 28 0
tr 5 2 2 8 7 4 7.305030073372601e8 5 1
tr 5 2 2 8 7 4 8.970418928404507e7 6 2
tr 5 2 2 8 7 4 1.5560848943836746e11 7 1
ann 5 2 2 8 7 5 2.8633524994307924e-18 28 0
tr 5 2 2 8 7 5 1.095754511005888e9 5 1
tr 5 2 2 8 7 5 8.970418928404513e7 6 2
tr 5 2 2 8 7 5 1.1203811239562444e11 7 1
ann 5 2 2 8 7 6 3.4929368145024925e-18 28 0
tr 5 2 2 8 7 6 1.5827565158973963e9 5 1
tr 5 2 2 8 7 6 7.774363071283925e7 6 2
tr 5 2 2 8 7 6 6.620433914286934e10 7 1
ann 5 2 2 8 7 7 4.203591310078412e-18 28 0
tr 5 2 2 8 7 7 2.2158591222563515e9 5 1
tr 5 2 2 8 7 7 4.9473219544533886e7 6 2
tr 5 2 2 8 7 7 2.5746131888893528e10 7 1
ann 5 2 2 9 8 2 3.6590971634374565e-21 30 0
tr 5 2 2 9 8 2 3.141021107812905e9 6 1
tr 5 2 2 9 8 2 6.249990979831811e8 7 2
tr 5 2 2 9 8 2 2.6665882193094146e12 8 1
ann 5 2 2 9 8 4 5.854329827750391e-21 30 0
tr 5 2 2 9 8 4 7.403835468416147e9 6 1
tr 5 2 2 9 8 4 8.184511997398793e8 7 2
tr 5 2 2 9 8 4 2.095176458028821e12 8 1
ann 5 2 2 9 8 6 8.81614504357622e-21 30 0
tr 5 2 2 9 8 6 1.49722006139082e10 6 1
tr 5 2 2 9 8 6 8.124988273781353e8 7 2
tr 5 2 2 9 8 6 1.1555215617007437e12 8 1
ann 5 2 2 9 8 8 1.2663690542267834e-20 30 0
tr 5 2 2 9 8 8 2.722218293437857e10 6 1
tr 5 2 2 9 8 8 4.16666065322121e8 7 2
tr 5 2 2 9 8 8 2.5396078279137067e11 8 1
ann 5 2 2 11 10 2 1.1547668798290405e-26 34 0
tr 5 2 2 11 10 2 1.5378445944995792e11 8 1
tr 5 2 2 11 10 2 2.092827627498317e10 9 2
tr 5 2 2 11 10 2 1.52752454050616e14 10 1
ann 5 2 2 11 10 4 1.7859079587502648e-26 34 0
tr 5 2 2 11 10 4 3.109863513321373e11 8 1
tr 5 2 2 11 10 4 2.693194340841269e10 9 2
tr 5 2 2 11 10 4 1.3104823330672356e14 10 1
ann 5 2 2 11 10 6 2.633927201732833e-26 34 0
tr 5 2 2 11 10 6 5.654297296947941e11 8 1
tr 5 2 2 11 10 6 2.9595542207046978e10 9 2
tr 5 2 2 11 10 6 9.257724487916106e13 10 1
ann 5 2 2 11 10 8 3.7395255564411586e-26 34 0
tr 5 2 2 11 10 8 9.506675675088314e11 8 1
tr 5 2 2 11 10 8 2.5874959758161095e10 9 2
tr 5 2 2 11 10 8 4.721439488837188e13 10 1
ann 5 2 2 11 10 10 5.146318808285524e-26 34 0
tr 5 2 2 11 10 10 1.5052236485556494e12 8 1
tr 5 2 2 11 10 10 1.20496136128691e10 9 2
tr 5 2 2 11 10 10 9.772042515022545e12 10 1
ann 5 2 2 13 12 2 1.6174685920594292e-32 38 0
tr 5 2 2 13 12 2 2.7721977760169263e12 10 1
tr 5 2 2 13 12 2 2.7194034956975305e11 11 2
tr 5 2 2 13 12 2 3.093128722580976e15 12 1
ann 5 2 2 13 12 4 2.41658583086635e-32 38 0
tr 5 2 2 13 12 4 5.040359592758056e12 10 1
tr 5 2 2 13 12 4 3.42302537919969e11 11 2
tr 5 2 2 13 12 4 2.781034815507373e15 12 1
ann 5 2 2 13 12 6 3.473380775099583e-32 38 0
tr 5 2 2 13 12 6 8.47445074386795e12 10 1
tr 5 2 2 13 12 6 3.8794287630929865e11 11 2
tr 5 2 2 13 12 6 2.206287620302519e15 12 1
ann 5 2 2 13 12 8 4.8360220847022324e-32 38 0
tr 5 2 2 13 12 8 1.3417880344457613e13 10 1
tr 5 2 2 13 12 8 3.871278702666324e11 11 2
tr 5 2 2 13 12 8 1.4677683748511168e15 12 1
ann 5 2 2 13 12 10 6.556563936628462e-32 38 0
tr 5 2 2 13 12 10 2.025836836320073e13 10 1
tr 5 2 2 13 12 10 3.1377732642663965e11 11 2
tr 5 2 2 13 12 10 7.137989359802251e14 12 1
ann 5 2 2 13 12 12 8.690946024843485e-32 38 0
tr 5 2 2 13 12 12 2.9427945622333652e13 10 1
tr 5 2 2 13 12 12 1.37464352529765e11 11 2
tr 5 2 2 13 12 12 1.421417794592649e14 12 1
ann 5 2 2 15 14 2 1.1546001819170107e-38 42 0
tr 5 2 2 15 14 2 2.25498803312297e13 12 1
tr 5 2 2 15 14 2 1.664108492288413e12 13 2
tr 5 2 2 15 14 2 2.752684864821732e16 14 1
ann 5 2 2 15 14 4 1.671351977464943e-38 42 0
tr 5 2 2 15 14 4 3.7913535062397164e13 12 1
tr 5 2 2 15 14 4 2.0517909102720889e12 13 2
tr 5 2 2 15 14 4 2.545477267854381e16 14 1
ann 5 2 2 15 14 6 2.3424649286844443e-38 42 0
tr 5 2 2 15 14 6 6.00297638487955e13 12 1
tr 5 2 2 15 14 6 2.3452957597361465e12 13 2
tr 5 2 2 15 14 6 2.1552615013027316e16 14 1
ann 5 2 2 15 14 8 3.1954208456620343e-38 42 0
tr 5 2 2 15 14 8 9.06331728697501e13 12 1
tr 5 2 2 15 14 8 2.464160652042472e12 13 2
tr 5 2 2 15 14 8 1.630436419932877e16 14 1
ann 5 2 2 15 14 10 4.2598953498386425e-38 42 0
tr 5 2 2 15 14 10 1.3165660901079498e14 12 1
tr 5 2 2 15 14 10 2.3132936733459937e12 13 2
tr 5 2 2 15 14 10 1.0436003058939548e16 14 1
ann 5 2 2 15 14 12 5.567757874009622e-38 42 0
tr 5 2 2 15 14 12 1.8523115986367253e14 12 1
tr 5 2 2 15 14 12 1.782973384594737e12 13 2
tr 5 2 2 15 14 12 4.915508687181666e15 14 1
ann 5 2 2 15 14 14 7.153071662324749e-38 42 0
tr 5 2 2 15 14 14 2.536861537263339e14 12 1
tr 5 2 2 15 14 14 7.488488215297858e11 13 2
tr 5 2 2 15 14 14 9.528524532075096e14 14 1
ann 5 3 1 5 3 1 6.8847381228870694e-12 22 0
ann 5 3 1 5 3 2 1.946241233073013e-11 22 0
tr 5 3 1 5 3 2 22500.000000000007 2 1
ann 5 3 1 5 3 3 1.5671411307937835e-11 22 0
tr 5 3 1 5 3 3 14999.99999999998 2 1
tr 5 3 1 5 3 3 10714.285714285712 3 2
ann 5 3 1 5 4 1 3.9505686747629316e-13 24 0
tr 5 3 1 5 4 1 128.57142857142864 2 2
tr 5 3 1 5 4 1 71747.44897959233 3 1
ann 5 3 1 5 4 2 3.9559204331053965e-13 24 0
tr 5 3 1 5 4 2 42.85714285714295 2 2
tr 5 3 1 5 4 2 191326.53061224523 3 1
ann 5 3 1 5 4 3 3.010933048845245e-13 24 0
tr 5 3 1 5 4 3 600.0 2 2
tr 5 3 1 5 4 3 66964.2857142858 3 1
ann 5 3 1 5 4 4 2.4899421396137696e-13 24 0
tr 5 3 1 5 4 4 200892.8571428567 3 1
tr 5 3 1 5 4 4 96428.57142857136 4 2
ann 5 3 1 6 1 1 5.3751772088359255e-9 18 0
tr 5 3 1 6 1 1 2375.711216651495 2 1
tr 5 3 1 6 1 1 235.68563657256885 3 2
tr 5 3 1 6 1 1 4.1057212007918092e6 4 1
ann 5 3 1 6 2 1 3.765769049489004e-10 20 0
tr 5 3 1 6 2 1 3.250166666008396 2 2
tr 5 3 1 6 2 1 22354.54846259523 3 1
tr 5 3 1 6 2 1 26612.55769356557 4 2
tr 5 3 1 6 2 1 1.7158158050171462e8 5 1
ann 5 3 1 6 2 2 3.1345001951948285e-10 20 0
tr 5 3 1 6 2 2 4.875249999012586 2 2
tr 5 3 1 6 2 2 268254.5815511409 3 1
tr 5 3 1 6 2 2 21290.046154852454 4 2
tr 5 3 1 6 2 2 5.1474474150514364e7 5 1
ann 5 3 1 6 3 1 2.0014625684056674e-11 22 0
tr 5 3 1 6 3 1 4348.754225350032 2 1
tr 5 3 1 6 3 1 1725.6961211706391 3 2
tr 5 3 1 6 3 1 208957.0908608463 4 1
ann 5 3 1 6 3 2 1.4144797309498154e-11 22 0
tr 5 3 1 6 3 2 7247.923708916684 2 1
tr 5 3 1 6 3 2 6.686626907546976e6 4 1
ann 5 3 1 6 3 3 1.1389591908299629e-11 22 0
tr 5 3 1 6 3 3 4831.949139277783 2 1
tr 5 3 1 6 3 3 3451.3922423412764 3 2
tr 5 3 1 6 3 3 1.1283682906485507e7 4 1
ann 5 3 1 6 4 1 4.4308257375491333e-13 24 0
tr 5 3 1 6 4 1 129.3160613986619 2 2
tr 5 3 1 6 4 1 180048.3095712808 3 1
tr 5 3 1 6 4 1 111115.52819256122 4 2
ann 5 3 1 6 4 2 4.4368280924209573e-13 24 0
tr 5 3 1 6 4 2 43.10535379955405 2 2
tr 5 3 1 6 4 2 480128.82552341314 3 1
tr 5 3 1 6 4 2 19753.87167867752 4 2
tr 5 3 1 6 4 2 8.561803760322958e7 5 1
ann 5 3 1 6 4 3 3.37696185674905e-13 24 0
tr 5 3 1 6 4 3 603.4749531937553 2 2
tr 5 3 1 6 4 3 168045.08893319446 3 1
tr 5 3 1 6 4 3 34569.27543768567 4 2
tr 5 3 1 6 4 3 2.2235685049794966e8 5 1
ann 5 3 1 6 4 4 2.7926358363781775e-13 24 0
tr 5 3 1 6 4 4 504135.26679958176 3 1
tr 5 3 1 6 4 4 241984.92806379954 4 2
tr 5 3 1 6 4 4 2.1781895558982778e8 5 1
ann 5 3 1 6 5 1 3.762477977363153e-15 26 0
tr 5 3 1 6 5 1 55135.75450276677 2 1
tr 5 3 1 6 5 1 5469.816914957012 3 2
tr 5 3 1 6 5 1 2.7802543330725054e6 4 1
ann 5 3 1 6 5 2 3.922593821822659e-15 26 0
tr 5 3 1 6 5 2 64325.04691989448 2 1
tr 5 3 1 6 5 2 8.235067379943639e6 4 1
ann 5 3 1 6 5 3 3.694184350768197e-15 26 0
tr 5 3 1 6 5 3 42883.36461326293 2 1
tr 5 3 1 6 5 3 7657.743680939812 3 2
tr 5 3 1 6 5 3 7.81688036455588e6 4 1
ann 5 3 1 6 5 4 3.0981231061940547e-15 26 0
tr 5 3 1 6 5 4 22973.23104281943 3 2
tr 5 3 1 6 5 4 675532.8710109993 4 1
tr 5 3 1 6 5 4 1.4673392786081384e6 5 2
tr 5 3 1 6 5 4 2.1660094616884713e9 6 1
ann 5 3 1 6 5 5 2.340646151906887e-15 26 0
tr 5 3 1 6 5 5 1.3510657420220012e7 4 1
tr 5 3 1 6 5 5 4.126891721085389e6 5 2
tr 5 3 1 6 5 5 1.6245070962663507e9 6 1
ann 5 3 1 7 1 1 3.410609723152903e-9 18 0
tr 5 3 1 7 1 1 169.6764903621679 2 1
tr 5 3 1 7 1 1 16.832985154976964 3 2
tr 5 3 1 7 1 1 11798.902588763774 4 1
ann 5 3 1 7 2 1 2.4686634184732476e-10 20 0
tr 5 3 1 7 2 1 0.38607498902058923 2 2
tr 5 3 1 7 2 1 497.70032644155856 3 1
tr 5 3 1 7 2 1 592.5003886208989 4 2
tr 5 3 1 7 2 1 3.0802561304428414e6 5 1
ann 5 3 1 7 2 2 2.05483284221525e-10 20 0
tr 5 3 1 7 2 2 0.579112483530883 2 2
tr 5 3 1 7 2 2 5972.40391729866 3 1
tr 5 3 1 7 2 2 474.000310896719 4 2
tr 5 3 1 7 2 2 924076.8391328523 5 1
ann 5 3 1 7 3 1 1.4280990247251784e-11 22 0
tr 5 3 1 7 3 1 253.70035213573917 2 1
tr 5 3 1 7 3 1 100.67474291100713 3 2
tr 5 3 1 7 3 1 743.5011557413708 4 1
ann 5 3 1 7 3 2 1.0092705038720525e-11 22 0
tr 5 3 1 7 3 2 422.8339202262299 2 1
tr 5 3 1 7 3 2 23792.03698372349 4 1
ann 5 3 1 7 3 3 8.12678954267795e-12 22 0
tr 5 3 1 7 3 3 281.8892801508196 2 1
tr 5 3 1 7 3 3 201.3494858220142 3 2
tr 5 3 1 7 3 3 40149.06241003333 4 1
ann 5 3 1 7 4 1 3.832532864157451e-13 24 0
tr 5 3 1 7 4 1 15.564983753498252 2 2
tr 5 3 1 7 4 1 107.72027996372063 3 1
tr 5 3 1 7 4 1 66.4788013490386 4 2
tr 5 3 1 7 4 1 127673.5197133878 5 1
ann 5 3 1 7 4 2 3.837724723979725e-13 24 0
tr 5 3 1 7 4 2 5.188327917832761 2 2
tr 5 3 1 7 4 2 287.25407990325346 3 1
tr 5 3 1 7 4 2 11.818453573162405 4 2
tr 5 3 1 7 4 2 1.5737889196669659e7 5 1
ann 5 3 1 7 4 3 2.920971870836115e-13 24 0
tr 5 3 1 7 4 3 72.6365908496585 2 2
tr 5 3 1 7 4 3 100.53892796613867 3 1
tr 5 3 1 7 4 3 4.0872549444244325e7 5 1
ann 5 3 1 7 4 4 2.415547172974692e-13 24 0
tr 5 3 1 7 4 4 301.61678389841495 3 1
tr 5 3 1 7 4 4 144.7760562712394 4 2
tr 5 3 1 7 4 4 4.003841578211681e7 5 1
tr 5 3 1 7 4 4 1.523749232942938e6 6 2
ann 5 3 1 7 5 1 5.216751657222747e-15 26 0
tr 5 3 1 7 5 1 1456.514972766592 2 1
tr 5 3 1 7 5 1 144.49553301255852 3 2
tr 5 3 1 7 5 1 1.0720579974126006e6 4 1
ann 5 3 1 7 5 2 5.4387555067016756e-15 26 0
tr 5 3 1 7 5 2 1699.2674682276884 2 1
tr 5 3 1 7 5 2 3.175418068369205e6 4 1
ann 5 3 1 7 5 3 5.122061165805958e-15 26 0
tr 5 3 1 7 5 3 1132.8449788184573 2 1
tr 5 3 1 7 5 3 202.2937462175818 3 2
tr 5 3 1 7 5 3 3.014166369584832e6 4 1
ann 5 3 1 7 5 4 4.295610217986518e-15 26 0
tr 5 3 1 7 5 4 606.8812386527452 3 2
tr 5 3 1 7 5 4 260483.51342091043 4 1
tr 5 3 1 7 5 4 565801.7649094216 5 2
tr 5 3 1 7 5 4 3.2689762037185516e9 6 1
ann 5 3 1 7 5 5 3.2453531149979056e-15 26 0
tr 5 3 1 7 5 5 5.209670268418218e6 4 1
tr 5 3 1 7 5 5 1.5913174638077482e6 5 2
tr 5 3 1 7 5 5 2.4517321527889104e9 6 1
ann 5 3 1 7 6 1 2.5559749686294733e-17 28 0
tr 5 3 1 7 6 1 1.1668773468292207e6 3 1
tr 5 3 1 7 6 1 108908.55237072721 4 2
tr 5 3 1 7 6 1 5.976442418763896e7 5 1
ann 5 3 1 7 6 2 2.6731007848749732e-17 28 0
tr 5 3 1 7 6 2 1.400252816195062e6 3 1
tr 5 3 1 7 6 2 8712.684189658152 4 2
tr 5 3 1 7 6 2 1.7929327256291655e8 5 1
ann 5 3 1 7 6 3 2.6458053371174426e-17 28 0
tr 5 3 1 7 6 3 1.2602275345755555e6 3 1
tr 5 3 1 7 6 3 39207.07885346173 4 2
tr 5 3 1 7 6 3 2.3051992186660773e8 5 1
ann 5 3 1 7 6 4 2.454673458960187e-17 28 0
tr 5 3 1 7 6 4 700126.4080975297 3 1
tr 5 3 1 7 6 4 233375.46936584334 4 2
tr 5 3 1 7 6 4 1.2806662325922629e8 5 1
ann 5 3 1 7 6 5 2.0660283481099736e-17 28 0
tr 5 3 1 7 6 5 410740.8260838845 4 2
tr 5 3 1 7 6 5 4.632111459799942e7 6 2
tr 5 3 1 7 6 5 6.1833794050389694e10 7 1
ann 5 3 1 7 6 6 1.4121571811671836e-17 28 0
tr 5 3 1 7 6 6 4.226198567554445e8 5 1
tr 5 3 1 7 6 6 8.492204342966565e7 6 2
tr 5 3 1 7 6 6 3.951508732214239e10 7 1
ann 5 3 1 8 1 1 2.295998496506226e-9 18 0
tr 5 3 1 8 1 1 40.51333810681719 2 1
tr 5 3 1 8 1 1 4.019180367739798 3 2
tr 5 3 1 8 1 1 267.3499562080525 4 1
ann 5 3 1 8 2 1 1.696509518394475e-10 20 0
tr 5 3 1 8 2 1 0.1141188316065582 2 2
tr 5 3 1 8 2 1 69.71977495007157 3 1
tr 5 3 1 8 2 1 82.99973208341797 4 2
tr 5 3 1 8 2 1 708412.437778222 5 1
ann 5 3 1 8 2 2 1.41211776194765e-10 20 0
tr 5 3 1 8 2 2 0.17117824740983711 2 2
tr 5 3 1 8 2 2 836.6372994008531 3 1
tr 5 3 1 8 2 2 66.39978566673437 4 2
tr 5 3 1 8 2 2 212523.73133346654 5 1
ann 5 3 1 8 3 1 1.0331694298207211e-11 22 0
tr 5 3 1 8 3 1 54.902367353369804 2 1
tr 5 3 1 8 3 1 21.786653711654573 3 2
tr 5 3 1 8 3 1 470.0940423758431 4 1
ann 5 3 1 8 3 2 7.301646570226084e-12 22 0
tr 5 3 1 8 3 2 91.50394558894921 2 1
tr 5 3 1 8 3 2 15043.009356026743 4 1
ann 5 3 1 8 3 3 5.879389569100507e-12 22 0
tr 5 3 1 8 3 3 61.00263039263273 2 1
tr 5 3 1 8 3 3 43.57330742330913 3 2
tr 5 3 1 8 3 3 25385.07828829509 4 1
ann 5 3 1 8 4 1 3.087752754441147e-13 24 0
tr 5 3 1 8 4 1 4.6220600863364085 2 2
tr 5 3 1 8 4 1 365.4297729256446 3 1
tr 5 3 1 8 4 1 225.5223741483965 4 2
tr 5 3 1 8 4 1 14232.265195723108 5 1
ann 5 3 1 8 4 2 3.091935675178397e-13 24 0
tr 5 3 1 8 4 2 1.5406866954454725 2 2
tr 5 3 1 8 4 2 974.4793944683807 3 1
tr 5 3 1 8 4 2 40.09286651527043 4 2
tr 5 3 1 8 4 2 1.7543638897927336e6 5 1
ann 5 3 1 8 4 3 2.353336365464563e-13 24 0
tr 5 3 1 8 4 3 21.569613736236562 2 2
tr 5 3 1 8 4 3 341.0677880639331 3 1
tr 5 3 1 8 4 3 70.16251640172327 4 2
tr 5 3 1 8 4 3 4.556222497990651e6 5 1
ann 5 3 1 8 4 4 1.946131366592486e-13 24 0
tr 5 3 1 8 4 4 1023.2033641917957 3 1
tr 5 3 1 8 4 4 491.13761481206274 4 2
tr 5 3 1 8 4 4 4.463238365378588e6 5 1
ann 5 3 1 8 5 1 5.229091783077097e-15 26 0
tr 5 3 1 8 5 1 1221.0400542191205 2 1
tr 5 3 1 8 5 1 121.13492601380146 3 2
tr 5 3 1 8 5 1 138593.78156532635 4 1
ann 5 3 1 8 5 2 5.4516207779871716e-15 26 0
tr 5 3 1 8 5 2 1424.5467299223055 2 1
tr 5 3 1 8 5 2 410512.4901901875 4 1
ann 5 3 1 8 5 3 5.134177303310899e-15 26 0
tr 5 3 1 8 5 3 949.6978199482023 2 1
tr 5 3 1 8 5 3 169.58889641932194 3 2
tr 5 3 1 8 5 3 389666.15279771714 4 1
ann 5 3 1 8 5 4 4.305771400764481e-15 26 0
tr 5 3 1 8 5 4 508.76668925796565 3 2
tr 5 3 1 8 5 4 33674.85271091371 4 1
tr 5 3 1 8 5 4 73145.86188843336 5 2
tr 5 3 1 8 5 4 7.681732133535146e6 6 1
ann 5 3 1 8 5 5 3.2530299237070088e-15 26 0
tr 5 3 1 8 5 5 673497.0542182752 4 1
tr 5 3 1 8 5 5 205722.73656121883 5 2
tr 5 3 1 8 5 5 5.761299100151352e6 6 1
ann 5 3 1 8 6 1 4.224871297474913e-17 28 0
tr 5 3 1 8 6 1 72386.94527931968 3 1
tr 5 3 1 8 6 1 6756.114892736498 4 2
tr 5 3 1 8 6 1 384960.21574721544 5 1
ann 5 3 1 8 6 2 4.418473154491864e-17 28 0
tr 5 3 1 8 6 2 86864.33433518342 3 1
tr 5 3 1 8 6 2 540.4891914189184 4 2
tr 5 3 1 8 6 2 1.154880647241644e6 5 1
ann 5 3 1 8 6 3 4.3733554375331006e-17 28 0
tr 5 3 1 8 6 3 78177.90090166505 3 1
tr 5 3 1 8 6 3 2432.2013613851364 4 2
tr 5 3 1 8 6 3 1.4848465464535472e6 5 1
ann 5 3 1 8 6 4 4.057426056087112e-17 28 0
tr 5 3 1 8 6 4 43432.16716759164 3 1
tr 5 3 1 8 6 4 14477.389055863889 4 2
tr 5 3 1 8 6 4 824914.748029747 5 1
ann 5 3 1 8 6 5 3.415019302414629e-17 28 0
tr 5 3 1 8 6 5 25480.204738320455 4 2
tr 5 3 1 8 6 5 298367.9088635055 6 2
tr 5 3 1 8 6 5 1.4951606419913965e10 7 1
ann 5 3 1 8 6 6 2.3342099947039036e-17 28 0
tr 5 3 1 8 6 6 2.722218668498151e6 5 1
tr 5 3 1 8 6 6 547007.832916427 6 2
tr 5 3 1 8 6 6 9.554872741720135e9 7 1
ann 5 3 1 8 7 1 1.2300031161105242e-19 30 0
tr 5 3 1 8 7 1 1.7493919605433706e7 4 1
tr 5 3 1 8 7 1 1.33589931532403e6 5 2
tr 5 3 1 8 7 1 8.317395598502107e8 6 1
ann 5 3 1 8 7 2 1.2907061673140944e-19 30 0
tr 5 3 1 8 7 2 2.099270352652044e7 4 1
tr 5 3 1 8 7 2 267179.863064806 5 2
tr 5 3 1 8 7 2 2.447409474081635e9 6 1
ann 5 3 1 8 7 3 1.2989554957084243e-19 30 0
tr 5 3 1 8 7 3 2.099270352652049e7 4 1
tr 5 3 1 8 7 3 76337.10373280206 5 2
tr 5 3 1 8 7 3 3.5997519411945047e9 6 1
ann 5 3 1 8 7 4 1.2488594430514448e-19 30 0
tr 5 3 1 8 7 4 1.649426705655179e7 4 1
tr 5 3 1 8 7 4 1.2595622115912263e6 5 2
tr 5 3 1 8 7 4 3.1322060347698207e9 6 1
ann 5 3 1 8 7 5 1.129623561995588e-19 30 0
tr 5 3 1 8 7 5 8.247133528275874e6 4 1
tr 5 3 1 8 7 5 3.428808242665004e6 5 2
tr 5 3 1 8 7 5 1.0840268622392669e9 6 1
ann 5 3 1 8 7 6 9.196480992749578e-20 30 0
tr 5 3 1 8 7 6 4.548419097412762e6 5 2
tr 5 3 1 8 7 6 1.8432323579098192e8 6 1
tr 5 3 1 8 7 6 7.500248464210687e8 7 2
tr 5 3 1 8 7 6 1.0248229520195906e12 8 1
ann 5 3 1 8 7 7 5.791352716622442e-20 30 0
tr 5 3 1 8 7 7 7.741575903221179e9 6 1
tr 5 3 1 8 7 7 1.066441578504957e9 7 2
tr 5 3 1 8 7 7 5.884725544799976e11 8 1
ann 5 3 1 9 8 2 4.545409908267294e-22 32 0
tr 5 3 1 9 8 2 2.1979257199638075e8 5 1
tr 5 3 1 9 8 2 3.4701496004810943e6 6 2
tr 5 3 1 9 8 2 2.3188427012070305e10 7 1
ann 5 3 1 9 8 4 4.525310889275258e-22 32 0
tr 5 3 1 9 8 4 2.072329964537311e8 5 1
tr 5 3 1 9 8 4 4.241293956143556e6 6 2
tr 5 3 1 9 8 4 3.876086444620515e10 7 1
ann 5 3 1 9 8 6 3.710024426523508e-22 32 0
tr 5 3 1 9 8 6 6.984519510107207e7 5 1
tr 5 3 1 9 8 6 3.157836136437798e7 6 2
tr 5 3 1 9 8 6 4.932410479119715e9 7 1
ann 5 3 1 9 8 8 1.713156961611482e-22 32 0
tr 5 3 1 9 8 8 9.35102819999773e10 7 1
tr 5 3 1 9 8 8 9.167674705880125e9 8 2
tr 5 3 1 9 8 8 5.94039330707008e12 9 1
ann 5 3 1 11 10 2 2.483252915389761e-27 36 0
tr 5 3 1 11 10 2 9.841821025757746e9 7 1
tr 5 3 1 11 10 2 1.5953776691302496e8 8 2
tr 5 3 1 11 10 2 8.729389577595995e11 9 1
ann 5 3 1 11 10 4 2.570596560324946e-27 36 0
tr 5 3 1 11 10 4 1.0661972777904196e10 7 1
tr 5 3 1 11 10 4 7.918874612228337e6 8 2
tr 5 3 1 11 10 4 1.8317307643651482e12 9 1
ann 5 3 1 11 10 6 2.3277091479663125e-27 36 0
tr 5 3 1 11 10 6 7.754162020293963e9 7 1
tr 5 3 1 11 10 6 3.9797421128121847e8 8 2
tr 5 3 1 11 10 6 1.3043588806581143e12 9 1
ann 5 3 1 11 10 8 1.707154254854574e-27 36 0
tr 5 3 1 11 10 8 2.17286957711534e9 7 1
tr 5 3 1 11 10 8 1.0000407367442601e9 8 2
tr 5 3 1 11 10 8 7.070071518076035e8 9 1
ann 5 3 1 11 10 10 6.696274734959873e-28 36 0
tr 5 3 1 11 10 10 5.138174475760671e12 9 1
tr 5 3 1 11 10 10 2.7953610371080493e11 10 2
tr 5 3 1 11 10 10 2.4054486098194694e14 11 1
ann 5 3 1 13 12 2 5.447685408521449e-33 40 0
tr 5 3 1 13 12 2 1.677310148577673e11 9 1
tr 5 3 1 13 12 2 2.383715499573124e9 10 2
tr 5 3 1 13 12 2 1.2976917445440818e13 11 1
ann 5 3 1 13 12 4 5.782548837280548e-33 40 0
tr 5 3 1 13 12 4 1.8975629963707083e11 9 1
tr 5 3 1 13 12 4 5.9873544730251625e7 10 2
tr 5 3 1 13 12 4 2.947881487005209e13 11 1
ann 5 3 1 13 12 6 5.541024524459189e-33 40 0
tr 5 3 1 13 12 6 1.709147204344887e11 9 1
tr 5 3 1 13 12 6 1.635830775665781e9 10 2
tr 5 3 1 13 12 6 3.1856282403411383e13 11 1
ann 5 3 1 13 12 8 4.64757173275975e-33 40 0
tr 5 3 1 13 12 8 1.0824598960850966e11 9 1
tr 5 3 1 13 12 8 7.374068535795365e9 10 2
tr 5 3 1 13 12 8 1.2806461713199096e13 11 1
ann 5 3 1 13 12 10 3.11837022507972e-33 40 0
tr 5 3 1 13 12 10 2.7238369934167442e10 9 1
tr 5 3 1 13 12 10 1.1896124918591738e10 10 2
tr 5 3 1 13 12 10 2.05883786394012e12 11 1
tr 5 3 1 13 12 10 1.1763503378750596e16 13 1
ann 5 3 1 13 12 12 1.0899898388242812e-33 40 0
tr 5 3 1 13 12 12 1.0128338491772148e14 11 1
tr 5 3 1 13 12 12 3.356135831593142e12 12 2
tr 5 3 1 13 12 12 3.666213985533262e15 13 1
ann 5 3 1 15 14 2 5.647699606027705e-39 44 0
tr 5 3 1 15 14 2 1.3108326830880874e12 11 1
tr 5 3 1 15 14 2 1.5718927113788483e10 12 2
tr 5 3 1 15 14 2 9.09519429512272e13 13 1
ann 5 3 1 15 14 4 6.085218697810598e-39 44 0
tr 5 3 1 15 14 4 1.5026778260175728e12 11 1
tr 5 3 1 15 14 4 2.1208076264635623e9 12 2
tr 5 3 1 15 14 4 2.1176721560046512e14 13 1
ann 5 3 1 15 14 6 6.049153493293062e-39 44 0
tr 5 3 1 15 14 6 1.4804159322987842e12 11 1
tr 5 3 1 15 14 6 2.3703144060474596e9 12 2
tr 5 3 1 15 14 6 2.7360324255580053e14 13 1
ann 5 3 1 15 14 8 5.460083581410941e-39 44 0
tr 5 3 1 15 14 8 1.1973952393593105e12 11 1
tr 5 3 1 15 14 8 2.161352478145929e10 12 2
tr 5 3 1 15 14 8 2.0462526244688038e14 13 1
ann 5 3 1 15 14 10 4.311759497591955e-39 44 0
tr 5 3 1 15 14 10 6.957496548698317e11 11 1
tr 5 3 1 15 14 10 5.260434602894829e10 12 2
tr 5 3 1 15 14 10 4.416052335988374e13 13 1
ann 5 3 1 15 14 12 2.7022113757954354e-39 44 0
tr 5 3 1 15 14 12 1.6314476034104956e11 11 1
tr 5 3 1 15 14 12 6.622325774790546e10 12 2
tr 5 3 1 15 14 12 5.82982687653045e13 13 1
tr 5 3 1 15 14 12 2.2075581391326367e13 14 2
tr 5 3 1 15 14 12 9.064701613664216e16 15 1
ann 5 3 1 15 14 14 8.68287722063851e-40 44 0
tr 5 3 1 15 14 14 8.841904096071175e14 13 1
tr 5 3 1 15 14 14 1.911493974886048e13 14 2
tr 5 3 1 15 14 14 2.5579590560260148e16 15 1
ann 5 3 2 5 3 2 8.309580781817956e-12 22 0
ann 5 3 2 5 3 3 2.1357912842126278e-11 22 0
tr 5 3 2 5 3 3 37499.99999999994 2 1
tr 5 3 2 5 3 3 10714.285714285728 3 2
ann 5 3 2 5 4 1 3.042343999557819e-13 24 0
tr 5 3 2 5 4 1 420.0000000000002 2 2
tr 5 3 2 5 4 1 153061.224489796 3 1
ann 5 3 2 5 4 2 4.248871265222477e-13 24 0
tr 5 3 2 5 4 2 411.42857142857184 2 2
tr 5 3 2 5 4 2 14349.489795918314 3 1
ann 5 3 2 5 4 3 5.194824073031618e-13 24 0
tr 5 3 2 5 4 3 60.00000000000006 2 2
tr 5 3 2 5 4 3 66964.28571428575 3 1
ann 5 3 2 5 4 4 3.9725800070375013e-13 24 0
tr 5 3 2 5 4 4 479.9999999999998 2 2
tr 5 3 2 5 4 4 334821.42857142794 3 1
ann 5 3 2 6 1 1 5.618647764949352e-9 18 0
tr 5 3 2 6 1 1 3959.518694419159 2 1
tr 5 3 2 6 1 1 196.40469714380748 3 2
tr 5 3 2 6 1 1 2.052860600395901e6 4 1
ann 5 3 2 6 2 1 4.0274254781555164e-10 20 0
tr 5 3 2 6 2 1 167659.1134694632 3 1
tr 5 3 2 6 2 1 26080.306539694306 4 2
tr 5 3 2 6 2 1 8.235915864082308e7 5 1
ann 5 3 2 6 2 2 3.918118548375173e-10 20 0
tr 5 3 2 6 2 2 8.12541666502098 2 2
tr 5 3 2 6 2 2 223545.48462595034 3 1
tr 5 3 2 6 2 2 10645.023077426236 4 2
tr 5 3 2 6 2 2 1.715815805017146e7 5 1
ann 5 3 2 6 3 1 1.414479730949816e-11 22 0
tr 5 3 2 6 3 1 7247.923708916685 2 1
tr 5 3 2 6 3 1 6.686626907546976e6 4 1
ann 5 3 2 6 3 2 2.4156786517198526e-11 22 0
tr 5 3 2 6 3 2 1725.6961211706403 3 2
tr 5 3 2 6 3 2 1.0238897452181293e7 4 1
tr 5 3 2 6 3 2 709187.7023155877 5 2
tr 5 3 2 6 3 2 6.156008058859781e8 6 1
ann 5 3 2 6 3 3 1.5522400010097417e-11 22 0
tr 5 3 2 6 3 3 12079.872848194453 2 1
tr 5 3 2 6 3 3 3451.392242341281 3 2
tr 5 3 2 6 3 3 6.268712725825276e6 4 1
ann 5 3 2 6 4 1 3.4121913266156967e-13 24 0
tr 5 3 2 6 4 1 422.4324672356288 2 2
tr 5 3 2 6 4 1 384103.06041873 3 1
tr 5 3 2 6 4 1 1.4470328150897405e8 5 1
ann 5 3 2 6 4 2 4.765391958102123e-13 24 0
tr 5 3 2 6 4 2 413.81139647571825 2 2
tr 5 3 2 6 4 2 36009.66191425579 3 1
tr 5 3 2 6 4 2 61730.8489958673 4 2
tr 5 3 2 6 4 2 2.2226424039778364e8 5 1
ann 5 3 2 6 4 3 5.826340981959861e-13 24 0
tr 5 3 2 6 4 3 60.347495319375575 2 2
tr 5 3 2 6 4 3 168045.0889331944 3 1
tr 5 3 2 6 4 3 172846.3771884282 4 2
tr 5 3 2 6 4 3 1.9610188710096157e8 5 1
ann 5 3 2 6 4 4 4.455512945862826e-13 24 0
tr 5 3 2 6 4 4 482.7799625550041 2 2
tr 5 3 2 6 4 4 840225.4446659699 3 1
tr 5 3 2 6 4 4 172846.37718842822 4 2
tr 5 3 2 6 4 4 9.075789816242845e7 5 1
ann 5 3 2 6 5 1 3.1088061684464844e-15 26 0
tr 5 3 2 6 5 1 14702.86786740443 2 1
tr 5 3 2 6 5 1 14768.50567038393 3 2
tr 5 3 2 6 5 1 7.180408918059123e6 4 1
ann 5 3 2 6 5 2 3.907324891122106e-15 26 0
tr 5 3 2 6 5 2 38595.02815193667 2 1
tr 5 3 2 6 5 2 15315.487361879632 3 2
tr 5 3 2 6 5 2 1.6084115976452394e6 4 1
ann 5 3 2 6 5 3 4.621103620076996e-15 26 0
tr 5 3 2 6 5 3 68613.38338122069 2 1
tr 5 3 2 6 5 3 7657.743680939812 3 2
tr 5 3 2 6 5 3 482523.4792935706 4 1
ann 5 3 2 6 5 4 4.970928455427264e-15 26 0
tr 5 3 2 6 5 4 77190.05630387322 2 1
tr 5 3 2 6 5 4 7.720375668697155e6 4 1
ann 5 3 2 6 5 5 4.493409144940842e-15 26 0
tr 5 3 2 6 5 5 22973.23104281943 3 2
tr 5 3 2 6 5 5 1.6888321775275055e7 4 1
tr 5 3 2 6 5 5 2.292717622825216e6 5 2
tr 5 3 2 6 5 5 5.415023654221181e8 6 1
ann 5 3 2 7 1 1 3.565094507112071e-9 18 0
tr 5 3 2 7 1 1 282.7941506036132 2 1
tr 5 3 2 7 1 1 14.027487629147474 3 2
tr 5 3 2 7 1 1 5899.451294381877 4 1
ann 5 3 2 7 2 1 2.6401932319870914e-10 20 0
tr 5 3 2 7 2 1 3732.752448311666 3 1
tr 5 3 2 7 2 1 580.650380848482 4 2
tr 5 3 2 7 2 1 1.4785229426125656e6 5 1
ann 5 3 2 7 2 2 2.568536678169824e-10 20 0
tr 5 3 2 7 2 2 0.9651874725514719 2 2
tr 5 3 2 7 2 2 4977.003264415542 3 1
tr 5 3 2 7 2 2 237.00015544835983 4 2
tr 5 3 2 7 2 2 308025.6130442842 5 1
ann 5 3 2 7 3 1 1.0092705038720533e-11 22 0
tr 5 3 2 7 3 1 422.8339202262301 2 1
tr 5 3 2 7 3 1 23792.03698372349 4 1
ann 5 3 2 7 3 2 1.7236536833377233e-11 22 0
tr 5 3 2 7 3 2 100.67474291100721 3 2
tr 5 3 2 7 3 2 36431.55663132654 4 1
tr 5 3 2 7 3 2 2523.3978619100644 5 2
tr 5 3 2 7 3 2 1.1181857829751702e8 6 1
ann 5 3 2 7 3 3 1.1075662786741808e-11 22 0
tr 5 3 2 7 3 3 704.7232003770488 2 1
tr 5 3 2 7 3 3 201.34948582201446 3 2
tr 5 3 2 7 3 3 22305.03467224073 4 1
ann 5 3 2 7 4 1 2.95144431636108e-13 24 0
tr 5 3 2 7 4 1 50.84561359476097 2 2
tr 5 3 2 7 4 1 229.80326392260253 3 1
tr 5 3 2 7 4 1 2.6598649940288145e7 5 1
ann 5 3 2 7 4 2 4.121922727814171e-13 24 0
tr 5 3 2 7 4 2 49.80794801119444 2 2
tr 5 3 2 7 4 2 21.544055992743893 3 1
tr 5 3 2 7 4 2 36.932667416132546 4 2
tr 5 3 2 7 4 2 4.0855526308282495e7 5 1
ann 5 3 2 7 4 3 5.039612161364445e-13 24 0
tr 5 3 2 7 4 3 7.263659084965855 2 2
tr 5 3 2 7 4 3 100.53892796613862 3 1
tr 5 3 2 7 4 3 103.41146876517095 4 2
tr 5 3 2 7 4 3 3.604649039907847e7 5 1
ann 5 3 2 7 4 4 3.853886584961051e-13 24 0
tr 5 3 2 7 4 4 58.10927267972678 2 2
tr 5 3 2 7 4 4 502.694639830692 3 1
tr 5 3 2 7 4 4 103.411468765171 4 2
tr 5 3 2 7 4 4 1.6682673242548715e7 5 1
ann 5 3 2 7 5 1 4.310422501193037e-15 26 0
tr 5 3 2 7 5 1 388.4039927377567 2 1
tr 5 3 2 7 5 1 390.1379391339078 3 2
tr 5 3 2 7 5 1 2.7687448280283967e6 4 1
ann 5 3 2 7 5 2 5.417584828745814e-15 26 0
tr 5 3 2 7 5 2 1019.5604809366126 2 1
tr 5 3 2 7 5 2 404.5874924351637 3 2
tr 5 3 2 7 5 2 620198.8414783592 4 1
ann 5 3 2 7 5 3 6.4072534403691975e-15 26 0
tr 5 3 2 7 5 3 1812.5519661095316 2 1
tr 5 3 2 7 5 3 202.2937462175818 3 2
tr 5 3 2 7 5 3 186059.65244350734 4 1
ann 5 3 2 7 5 4 6.8922926314787846e-15 26 0
tr 5 3 2 7 5 4 2039.120961873222 2 1
tr 5 3 2 7 5 4 2.9769544390961267e6 4 1
ann 5 3 2 7 5 5 6.230202474222109e-15 26 0
tr 5 3 2 7 5 5 606.8812386527452 3 2
tr 5 3 2 7 5 5 6.512087835522791e6 4 1
tr 5 3 2 7 5 5 884065.2576709712 5 2
tr 5 3 2 7 5 5 8.172440509296387e8 6 1
ann 5 3 2 7 6 1 2.110127213484139e-17 28 0
tr 5 3 2 7 6 1 350063.2040487653 3 1
tr 5 3 2 7 6 1 263558.6967371593 4 2
tr 5 3 2 7 6 1 1.7929327256291604e8 5 1
ann 5 3 2 7 6 2 2.5765638120237792e-17 28 0
tr 5 3 2 7 6 2 746801.5019707006 3 1
tr 5 3 2 7 6 2 278805.8940690614 4 2
tr 5 3 2 7 6 2 5.9764424187639e7 5 1
ann 5 3 2 7 6 3 2.985635612467878e-17 28 0
tr 5 3 2 7 6 3 1.2602275345755555e6 3 1
tr 5 3 2 7 6 3 196035.39426730847 4 2
ann 5 3 2 7 6 4 3.271674059704731e-17 28 0
tr 5 3 2 7 6 4 1.680303379434075e6 3 1
tr 5 3 2 7 6 4 52276.10513794915 4 2
tr 5 3 2 7 6 4 7.68399739555357e7 5 1
ann 5 3 2 7 6 5 3.363559288050819e-17 28 0
tr 5 3 2 7 6 5 1.5402780978145706e6 3 1
tr 5 3 2 7 6 5 20537.04130419426 4 2
tr 5 3 2 7 6 5 2.8174657117029715e8 5 1
ann 5 3 2 7 6 6 3.192584453568484e-17 28 0
tr 5 3 2 7 6 6 492888.99130066164 4 2
tr 5 3 2 7 6 6 4.226198567554454e8 5 1
tr 5 3 2 7 6 6 3.860092883166619e7 6 2
tr 5 3 2 7 6 6 1.097641314503961e10 7 1
ann 5 3 2 8 1 1 2.3999965709434952e-9 18 0
tr 5 3 2 8 1 1 67.52223017802865 2 1
tr 5 3 2 8 1 1 3.3493169731165007 3 2
tr 5 3 2 8 1 1 133.67497810402608 4 1
ann 5 3 2 8 2 1 1.814387865766134e-10 20 0
tr 5 3 2 8 2 1 522.8983121255336 3 1
tr 5 3 2 8 2 1 81.33973744174978 4 2
tr 5 3 2 8 2 1 340037.9701335469 5 1
ann 5 3 2 8 2 2 1.7651442027053088e-10 20 0
tr 5 3 2 8 2 2 0.2852970790163952 2 2
tr 5 3 2 8 2 2 697.1977495007097 3 1
tr 5 3 2 8 2 2 33.19989283336722 4 2
tr 5 3 2 8 2 2 70841.2437778222 5 1
ann 5 3 2 8 3 1 7.301646570226072e-12 22 0
tr 5 3 2 8 3 1 91.50394558894922 2 1
tr 5 3 2 8 3 1 15043.009356026743 4 1
ann 5 3 2 8 3 2 1.2469907638763814e-11 22 0
tr 5 3 2 8 3 2 21.786653711654587 3 2
tr 5 3 2 8 3 2 23034.608076415916 4 1
tr 5 3 2 8 3 2 1595.470689275562 5 2
tr 5 3 2 8 3 2 8.230944336643194e6 6 1
ann 5 3 2 8 3 3 8.01277507078884e-12 22 0
tr 5 3 2 8 3 3 152.50657598158173 2 1
tr 5 3 2 8 3 3 43.573307423309174 3 2
tr 5 3 2 8 3 3 14102.82127127504 4 1
ann 5 3 2 8 4 1 2.3778870682550617e-13 24 0
tr 5 3 2 8 4 1 15.098729615365603 2 2
tr 5 3 2 8 4 1 779.5835155747037 3 1
tr 5 3 2 8 4 1 2.965055249108872e6 5 1
ann 5 3 2 8 4 2 3.3209051864199805e-13 24 0
tr 5 3 2 8 4 2 14.790592276276513 2 2
tr 5 3 2 8 4 2 73.08595458512816 3 1
tr 5 3 2 8 4 2 125.29020786022022 4 2
tr 5 3 2 8 4 2 4.554324862631217e6 5 1
ann 5 3 2 8 4 3 4.060259070278183e-13 24 0
tr 5 3 2 8 4 3 2.1569613736236586 2 2
tr 5 3 2 8 4 3 341.06778806393294 3 1
tr 5 3 2 8 4 3 350.8125820086161 4 2
tr 5 3 2 8 4 3 4.0182428735923413e6 5 1
ann 5 3 2 8 4 4 3.1049567936733836e-13 24 0
tr 5 3 2 8 4 4 17.255690988989247 2 2
tr 5 3 2 8 4 4 1705.3389403196604 3 1
tr 5 3 2 8 4 4 350.8125820086162 4 2
tr 5 3 2 8 4 4 1.859682652241083e6 5 1
ann 5 3 2 8 5 1 4.320618723292195e-15 26 0
tr 5 3 2 8 5 1 325.61068112509787 2 1
tr 5 3 2 8 5 1 327.0643002372638 3 2
tr 5 3 2 8 5 1 357938.4854476388 4 1
ann 5 3 2 8 5 2 5.430400022921623e-15 26 0
tr 5 3 2 8 5 2 854.7280379533828 2 1
tr 5 3 2 8 5 2 339.177792838644 3 2
tr 5 3 2 8 5 2 80178.22074027087 4 1
ann 5 3 2 8 5 3 6.422409674728802e-15 26 0
tr 5 3 2 8 5 3 1519.5165119171234 2 1
tr 5 3 2 8 5 3 169.58889641932194 3 2
tr 5 3 2 8 5 3 24053.4662220812 4 1
ann 5 3 2 8 5 4 6.908596214162907e-15 26 0
tr 5 3 2 8 5 4 1709.4560759067629 2 1
tr 5 3 2 8 5 4 384855.45955330034 4 1
ann 5 3 2 8 5 5 6.244939898576201e-15 26 0
tr 5 3 2 8 5 5 508.76668925796565 3 2
tr 5 3 2 8 5 5 841871.3177728463 4 1
tr 5 3 2 8 5 5 114290.40920067714 5 2
tr 5 3 2 8 5 5 1.920433033383788e6 6 1
ann 5 3 2 8 6 1 3.487912049302455e-17 28 0
tr 5 3 2 8 6 1 21716.08358379584 3 1
tr 5 3 2 8 6 1 16349.798040422294 4 2
tr 5 3 2 8 6 1 1.1548806472416413e6 5 1
ann 5 3 2 8 6 2 4.2589034030551793e-17 28 0
tr 5 3 2 8 6 2 46327.64497876455 3 1
tr 5 3 2 8 6 2 17295.654125405417 4 2
tr 5 3 2 8 6 2 384960.2157472157 5 1
ann 5 3 2 8 6 3 4.935074231220398e-17 28 0
tr 5 3 2 8 6 3 78177.90090166505 3 1
tr 5 3 2 8 6 3 12161.006806925665 4 2
ann 5 3 2 8 6 4 5.4078784021493185e-17 28 0
tr 5 3 2 8 6 4 104237.20120222015 3 1
tr 5 3 2 8 6 4 3242.9351485135253 4 2
tr 5 3 2 8 6 4 494948.8488178476 5 1
ann 5 3 2 8 6 5 5.559759098816607e-17 28 0
tr 5 3 2 8 6 5 95550.76776870192 3 1
tr 5 3 2 8 6 5 1274.0102369160245 4 2
tr 5 3 2 8 6 5 1.8148124456654391e6 5 1
ann 5 3 2 8 6 6 5.277148082134345e-17 28 0
tr 5 3 2 8 6 6 30576.245685984555 4 2
tr 5 3 2 8 6 6 2.7222186684981566e6 5 1
tr 5 3 2 8 6 6 248639.9240529213 6 2
tr 5 3 2 8 6 6 2.654131317144496e9 7 1
ann 5 3 2 8 7 1 9.795578796561779e-20 30 0
tr 5 3 2 8 7 1 5.598054273738796e6 4 1
tr 5 3 2 8 7 1 3.010226457196814e6 5 2
tr 5 3 2 8 7 1 2.813477998309882e9 6 1
ann 5 3 2 8 7 2 1.1883697355958342e-19 30 0
tr 5 3 2 8 7 2 1.0496351763260212e7 4 1
tr 5 3 2 8 7 2 3.206158356777667e6 5 2
tr 5 3 2 8 7 2 1.1811686057044399e9 6 1
ann 5 3 2 8 7 3 1.3771515465285457e-19 30 0
tr 5 3 2 8 7 3 1.67941628212164e7 4 1
tr 5 3 2 8 7 3 2.6183626580350976e6 5 2
tr 5 3 2 8 7 3 8.788456887681937e7 6 1
ann 5 3 2 8 7 4 1.5241145082314827e-19 30 0
tr 5 3 2 8 7 4 2.3091973879172504e7 4 1
tr 5 3 2 8 7 4 1.3435330256973067e6 5 2
tr 5 3 2 8 7 4 3.8669210305800396e8 6 1
ann 5 3 2 8 7 5 1.6071089719081832e-19 30 0
tr 5 3 2 8 7 5 2.6390827290482838e7 4 1
tr 5 3 2 8 7 5 125956.22115912309 5 2
tr 5 3 2 8 7 5 2.41682564411251e9 6 1
ann 5 3 2 8 7 6 1.606260167516393e-19 30 0
tr 5 3 2 8 7 6 2.1442547173517313e7 4 1
tr 5 3 2 8 7 6 727747.0555860421 5 2
tr 5 3 2 8 7 6 5.362130495737611e9 6 1
ann 5 3 2 8 7 7 1.5072000099880612e-19 30 0
tr 5 3 2 8 7 7 6.3677867363778725e6 5 2
tr 5 3 2 8 7 7 6.451313252684321e9 6 1
tr 5 3 2 8 7 7 4.1016983788652194e8 7 2
tr 5 3 2 8 7 7 1.4011251297142838e11 8 1
ann 5 3 2 9 8 2 3.9657396826375405e-22 32 0
tr 5 3 2 9 8 2 1.0550043455826288e8 5 1
tr 5 3 2 9 8 2 2.5910450350258846e7 6 2
tr 5 3 2 9 8 2 1.4820944949277987e10 7 1
ann 5 3 2 9 8 4 5.168335873997692e-22 32 0
tr 5 3 2 9 8 4 2.2104852955064663e8 5 1
tr 5 3 2 9 8 4 1.5268658242116824e7 6 2
tr 5 3 2 9 8 4 7.763352116288532e8 7 1
ann 5 3 2 9 8 6 5.7052831400974915e-22 32 0
tr 5 3 2 9 8 6 2.793807804042887e8 5 1
tr 5 3 2 9 8 6 3.776376773076015e10 7 1
ann 5 3 2 9 8 8 5.041368734263583e-22 32 0
tr 5 3 2 9 8 8 5.613930909222749e7 6 2
tr 5 3 2 9 8 8 6.679305857141249e10 7 1
tr 5 3 2 9 8 8 3.055891568626717e9 8 2
tr 5 3 2 9 8 8 1.2375819389729307e12 9 1
ann 5 3 2 11 10 2 1.9491298181183663e-27 36 0
tr 5 3 2 11 10 2 4.499118183203536e9 7 1
tr 5 3 2 11 10 2 7.351500299352169e8 8 2
tr 5 3 2 11 10 2 8.406107091710742e11 9 1
ann 5 3 2 11 10 4 2.5943485756992513e-27 36 0
tr 5 3 2 11 10 4 8.529578222323371e9 7 1
tr 5 3 2 11 10 4 5.807174715634078e8 8 2
tr 5 3 2 11 10 4 2.2076644887320957e10 9 1
ann 5 3 2 11 10 6 3.064225775741174e-27 36 0
tr 5 3 2 11 10 6 1.2406659232470354e10 7 1
tr 5 3 2 11 10 6 1.6893599172753632e8 8 2
tr 5 3 2 11 10 6 6.065012331681597e11 9 1
ann 5 3 2 11 10 8 3.112739420084866e-27 36 0
tr 5 3 2 11 10 8 1.2168069631845928e10 7 1
tr 5 3 2 11 10 8 7.100880970965104e7 8 2
tr 5 3 2 11 10 8 2.5664359610610713e12 9 1
ann 5 3 2 11 10 10 2.4238059460659417e-27 36 0
tr 5 3 2 11 10 10 1.7988898459778414e9 8 2
tr 5 3 2 11 10 10 2.8545413754225957e12 9 1
tr 5 3 2 11 10 10 7.356213255547499e10 10 2
tr 5 3 2 11 10 10 4.009081016365757e13 11 1
ann 5 3 2 13 12 2 3.910848529461553e-33 40 0
tr 5 3 2 13 12 2 7.454711771456331e10 9 1
tr 5 3 2 13 12 2 8.561916896425908e9 10 2
tr 5 3 2 13 12 2 1.672805764451355e13 11 1
ann 5 3 2 13 12 4 5.2272106077571515e-33 40 0
tr 5 3 2 13 12 4 1.3011860546541994e11 9 1
tr 5 3 2 13 12 4 7.627889598633963e9 10 2
tr 5 3 2 13 12 4 2.339588481750128e12 11 1
ann 5 3 2 13 12 6 6.393500759493569e-33 40 0
tr 5 3 2 13 12 6 1.9142448688662723e11 9 1
tr 5 3 2 13 12 6 4.187726785704418e9 10 2
tr 5 3 2 13 12 6 2.651533612650174e12 11 1
ann 5 3 2 13 12 8 7.052845486803114e-33 40 0
tr 5 3 2 13 12 8 2.3092477783148737e11 9 1
tr 5 3 2 13 12 8 4.144104631686628e8 10 2
tr 5 3 2 13 12 8 2.3813668474956957e13 11 1
ann 5 3 2 13 12 10 6.704197128298343e-33 40 0
tr 5 3 2 13 12 10 1.9611626352600586e11 9 1
tr 5 3 2 13 12 10 2.502714169724484e9 10 2
tr 5 3 2 13 12 10 5.361556937344113e13 11 1
ann 5 3 2 13 12 12 4.680479239275268e-33 40 0
tr 5 3 2 13 12 12 2.2722010225130245e10 10 2
tr 5 3 2 13 12 12 4.603790223532804e13 11 1
tr 5 3 2 13 12 12 7.295947459985105e11 12 2
tr 5 3 2 13 12 12 5.091963868796202e14 13 1
ann 5 3 2 15 14 2 3.772911648388091e-39 44 0
tr 5 3 2 15 14 2 5.719997162566217e11 11 1
tr 5 3 2 15 14 2 4.84375828098966e10 12 2
tr 5 3 2 15 14 2 1.4630706264952012e14 13 1
ann 5 3 2 15 14 4 5.0154613800574584e-39 44 0
tr 5 3 2 15 14 4 9.349995361887079e11 11 1
tr 5 3 2 15 14 4 4.580944473161237e10 12 2
tr 5 3 2 15 14 4 3.727102994568188e13 13 1
ann 5 3 2 15 14 6 6.224789847282343e-39 44 0
tr 5 3 2 15 14 6 1.3535231381017458e12 11 1
tr 5 3 2 15 14 6 3.2236275922245667e10 12 2
tr 5 3 2 15 14 6 1.7041032408319912e12 13 1
ann 5 3 2 15 14 8 7.164650995626552e-39 44 0
tr 5 3 2 15 14 8 1.7242491446774082e12 11 1
tr 5 3 2 15 14 8 1.2167613951043713e10 12 2
tr 5 3 2 15 14 8 8.773308127409967e13 13 1
ann 5 3 2 15 14 10 7.494145762764354e-39 44 0
tr 5 3 2 15 14 10 1.855332412986219e12 11 1
tr 5 3 2 15 14 10 2.840637125467954e14 13 1
ann 5 3 2 15 14 12 6.74763732696481e-39 44 0
tr 5 3 2 15 14 12 1.4356738910012412e12 11 1
tr 5 3 2 15 14 12 2.4867509031866577e10 12 2
tr 5 3 2 15 14 12 4.676816672061105e14 13 1
ann 5 3 2 15 14 14 4.313294306971323e-39 44 0
tr 5 3 2 15 14 14 1.3623070165283417e11 12 2
tr 5 3 2 15 14 14 3.40073234464277e14 13 1
tr 5 3 2 15 14 14 3.53980365719636e12 14 2
tr 5 3 2 15 14 14 3.045189352411907e15 15 1
ann 5 3 3 5 3 3 1.0678956421063128e-11 22 0
ann 5 3 3 5 4 1 2.331580381350074e-13 24 0
tr 5 3 3 5 4 1 51.42857142857128 2 2
tr 5 3 3 5 4 1 143494.8979591834 3 1
ann 5 3 3 5 4 2 3.32476407331163e-13 24 0
tr 5 3 3 5 4 2 231.4285714285711 2 2
tr 5 3 3 5 4 2 258290.81632653033 3 1
ann 5 3 3 5 4 3 4.997760473795428e-13 24 0
tr 5 3 3 5 4 3 540.0000000000001 2 2
tr 5 3 3 5 4 3 301339.2857142853 3 1
ann 5 3 3 5 4 4 8.073301874069205e-13 24 0
tr 5 3 3 5 4 4 719.9999999999993 2 2
tr 5 3 3 5 4 4 200892.85714285684 3 1
ann 5 3 3 6 1 1 5.61864203695989e-9 18 0
tr 5 3 3 6 1 1 5939.278041628735 2 1
tr 5 3 3 6 1 1 117.84281828628443 3 2
tr 5 3 3 6 1 1 684286.8667986342 4 1
ann 5 3 3 6 2 1 3.2286676107981143e-10 20 0
tr 5 3 3 6 2 1 8.125416665020976 2 2
tr 5 3 3 6 2 1 279431.855782438 3 1
tr 5 3 3 6 2 1 14370.7811545254 4 2
tr 5 3 3 6 2 1 2.402142127024002e7 5 1
ann 5 3 3 6 2 2 5.297020423529324e-10 20 0
tr 5 3 3 6 2 2 8.12541666502098 2 2
tr 5 3 3 6 2 2 111772.74231297524 3 1
tr 5 3 3 6 2 2 3193.506923227838 4 2
tr 5 3 3 6 2 2 3.43163161003428e6 5 1
ann 5 3 3 6 3 1 1.1389591908299621e-11 22 0
tr 5 3 3 6 3 1 4831.949139277783 2 1
tr 5 3 3 6 3 1 3451.3922423412764 3 2
tr 5 3 3 6 3 1 1.1283682906485507e7 4 1
ann 5 3 3 6 3 2 1.5522400010097437e-11 22 0
tr 5 3 3 6 3 2 12079.872848194453 2 1
tr 5 3 3 6 3 2 3451.392242341281 3 2
tr 5 3 3 6 3 2 6.268712725825276e6 4 1
ann 5 3 3 6 3 3 3.1044800020194886e-11 22 0
tr 5 3 3 6 3 3 12079.872848194453 2 1
tr 5 3 3 6 3 3 1725.6961211706341 3 2
tr 5 3 3 6 3 3 1.8806138177475852e6 4 1
ann 5 3 3 6 4 1 2.6150225822789314e-13 24 0
tr 5 3 3 6 4 1 51.72642455946459 2 2
tr 5 3 3 6 4 1 360096.6191425586 3 1
tr 5 3 3 6 4 1 205769.49665289093 4 2
tr 5 3 3 6 4 1 2.4310151293507615e8 5 1
ann 5 3 3 6 4 2 3.7289442287795187e-13 24 0
tr 5 3 3 6 4 2 232.76891051759097 2 2
tr 5 3 3 6 4 2 648173.9144566058 3 1
tr 5 3 3 6 4 2 205769.49665289064 4 2
tr 5 3 3 6 4 2 1.5627954402969143e8 5 1
ann 5 3 3 6 4 3 5.605321086847097e-13 24 0
tr 5 3 3 6 4 3 543.1274578743798 2 2
tr 5 3 3 6 4 3 756202.9001993734 3 1
tr 5 3 3 6 4 3 144038.64765702368 4 2
tr 5 3 3 6 4 3 7.293045388052304e7 5 1
ann 5 3 3 6 4 4 9.054745509799938e-13 24 0
tr 5 3 3 6 4 4 724.1699438325056 2 2
tr 5 3 3 6 4 4 504135.2667995821 3 1
tr 5 3 3 6 4 4 57615.45906280936 4 2
ann 5 3 3 6 5 1 2.0457972199365207e-15 26 0
tr 5 3 3 6 5 1 612.6194944751818 2 1
tr 5 3 3 6 5 1 2734.9084574785006 3 2
tr 5 3 3 6 5 1 7.754841631503827e6 4 1
ann 5 3 3 6 5 2 3.0105708832878387e-15 26 0
tr 5 3 3 6 5 2 4288.336461326287 2 1
tr 5 3 3 6 5 2 7657.743680939807 3 2
tr 5 3 3 6 5 2 1.2063086982339315e7 4 1
ann 5 3 3 6 5 3 4.360328659156274e-15 26 0
tr 5 3 3 6 5 3 17153.345845305157 2 1
tr 5 3 3 6 5 3 15315.487361879615 3 2
tr 5 3 3 6 5 3 1.4475704378807154e7 4 1
ann 5 3 3 6 5 4 6.2469306806210905e-15 26 0
tr 5 3 3 6 5 4 51460.03753591548 2 1
tr 5 3 3 6 5 4 22973.231042819418 3 2
tr 5 3 3 6 5 4 1.302813394092647e7 4 1
ann 5 3 3 6 5 5 8.877212984141478e-15 26 0
tr 5 3 3 6 5 5 128650.09383978866 2 1
tr 5 3 3 6 5 5 22973.231042819436 3 2
tr 5 3 3 6 5 5 7.237852189403564e6 4 1
ann 5 3 3 7 1 1 3.565090883166307e-9 18 0
tr 5 3 3 7 1 1 424.1912259054194 2 1
tr 5 3 3 7 1 1 8.41649257748848 3 2
tr 5 3 3 7 1 1 1966.4837647939603 4 1
ann 5 3 3 7 2 1 2.1165646302685954e-10 20 0
tr 5 3 3 7 2 1 0.9651874725514715 2 2
tr 5 3 3 7 2 1 6221.254080519431 3 1
tr 5 3 3 7 2 1 319.9502098552853 4 2
tr 5 3 3 7 2 1 431235.8582619974 5 1
ann 5 3 3 7 2 2 3.472480773972302e-10 20 0
tr 5 3 3 7 2 2 0.9651874725514719 2 2
tr 5 3 3 7 2 2 2488.501632207772 3 1
tr 5 3 3 7 2 2 71.10004663450721 4 2
tr 5 3 3 7 2 2 61605.12260885661 5 1
ann 5 3 3 7 3 1 8.12678954267796e-12 22 0
tr 5 3 3 7 3 1 281.8892801508196 2 1
tr 5 3 3 7 3 1 201.3494858220142 3 2
tr 5 3 3 7 3 1 40149.06241003333 4 1
ann 5 3 3 7 3 2 1.1075662786741813e-11 22 0
tr 5 3 3 7 3 2 704.7232003770488 2 1
tr 5 3 3 7 3 2 201.34948582201446 3 2
tr 5 3 3 7 3 2 22305.03467224073 4 1
ann 5 3 3 7 3 3 2.2151325573483612e-11 22 0
tr 5 3 3 7 3 3 704.7232003770488 2 1
tr 5 3 3 7 3 3 100.67474291100685 3 2
tr 5 3 3 7 3 3 6691.510401672223 4 1
ann 5 3 3 7 4 1 2.261916974944296e-13 24 0
tr 5 3 3 7 4 1 6.225993501399282 2 2
tr 5 3 3 7 4 1 215.4405599274394 3 1
tr 5 3 3 7 4 1 123.10889138710843 4 2
tr 5 3 3 7 4 1 4.468573189968405e7 5 1
ann 5 3 3 7 4 2 3.2254261781296093e-13 24 0
tr 5 3 3 7 4 2 28.016970756296804 2 2
tr 5 3 3 7 4 2 387.79300786939115 3 1
tr 5 3 3 7 4 2 123.10889138710829 4 2
tr 5 3 3 7 4 2 2.8726541935511105e7 5 1
ann 5 3 3 7 4 3 4.848436532089827e-13 24 0
tr 5 3 3 7 4 3 65.37293176469267 2 2
tr 5 3 3 7 4 3 452.4251758476228 3 1
tr 5 3 3 7 4 3 86.17622397097591 4 2
tr 5 3 3 7 4 3 1.3405719569905248e7 5 1
ann 5 3 3 7 4 4 7.832086373476158e-13 24 0
tr 5 3 3 7 4 4 87.1639090195901 2 2
tr 5 3 3 7 4 4 301.6167838984151 3 1
tr 5 3 3 7 4 4 3.5748585519746915e6 5 1
ann 5 3 3 7 5 1 2.83653912190851e-15 26 0
tr 5 3 3 7 5 1 16.183499697406457 2 1
tr 5 3 3 7 5 1 72.24776650627913 3 2
tr 5 3 3 7 5 1 2.9902444142706585e6 4 1
tr 5 3 3 7 5 1 1.2892618341035005e6 5 2
tr 5 3 3 7 5 1 3.1781713091708126e9 6 1
ann 5 3 3 7 5 2 4.174217283399969e-15 26 0
tr 5 3 3 7 5 2 113.28449788184557 2 1
tr 5 3 3 7 5 2 202.29374621758166 3 2
tr 5 3 3 7 5 2 4.651491311087702e6 4 1
tr 5 3 3 7 5 2 1.2892618341034981e6 5 2
tr 5 3 3 7 5 2 2.224719916419569e9 6 1
ann 5 3 3 7 5 3 6.0456836914764536e-15 26 0
tr 5 3 3 7 5 3 453.13799152738267 2 1
tr 5 3 3 7 5 3 404.5874924351634 3 2
tr 5 3 3 7 5 3 5.581789573305234e6 4 1
tr 5 3 3 7 5 3 1.0314094672828009e6 5 2
ann 5 3 3 7 5 4 8.661495485209358e-15 26 0
tr 5 3 3 7 5 4 1359.413974582148 2 1
tr 5 3 3 7 5 4 606.8812386527447 3 2
tr 5 3 3 7 5 4 5.0236106159747215e6 4 1
ann 5 3 3 7 5 5 1.2308435001690241e-14 26 0
tr 5 3 3 7 5 5 3398.534936455369 2 1
tr 5 3 3 7 5 5 606.8812386527454 3 2
tr 5 3 3 7 5 5 2.790894786652612e6 4 1
ann 5 3 3 7 6 1 1.1923959059819129e-17 28 0
tr 5 3 3 7 6 1 23337.546936584444 3 1
tr 5 3 3 7 6 1 58810.61828019256 4 2
tr 5 3 3 7 6 1 2.0917548465673548e8 5 1
tr 5 3 3 7 6 1 6.877983682733244e7 6 2
ann 5 3 3 7 6 2 1.760522336338755e-17 28 0
tr 5 3 3 7 6 2 93350.18774633705 3 1
tr 5 3 3 7 6 2 130690.26284487252 4 2
tr 5 3 3 7 6 2 2.9882212093819356e8 5 1
ann 5 3 3 7 6 3 2.5277808382383035e-17 28 0
tr 5 3 3 7 6 3 280050.56323901284 3 1
tr 5 3 3 7 6 3 235242.47312077062 4 2
tr 5 3 3 7 6 3 3.585865451258326e8 5 1
ann 5 3 3 7 6 4 3.540061995363682e-17 28 0
tr 5 3 3 7 6 4 700126.4080975297 3 1
tr 5 3 3 7 6 4 352863.7096811559 4 2
tr 5 3 3 7 6 4 3.5858654512583226e8 5 1
ann 5 3 3 7 6 5 4.8472486817185695e-17 28 0
tr 5 3 3 7 6 5 1.5402780978145706e6 3 1
tr 5 3 3 7 6 5 431277.8673880793 4 2
tr 5 3 3 7 6 5 2.8174657117029667e8 5 1
ann 5 3 3 7 6 6 6.501912909868666e-17 28 0
tr 5 3 3 7 6 6 3.080556195629136e6 3 1
tr 5 3 3 7 6 6 369666.74347549625 4 2
tr 5 3 3 7 6 6 1.4087328558514804e8 5 1
ann 5 3 3 8 1 1 2.3999941359283308e-9 18 0
tr 5 3 3 8 1 1 101.2833452670429 2 1
tr 5 3 3 8 1 1 2.009590183869899 3 2
tr 5 3 3 8 1 1 44.558326034675375 4 1
ann 5 3 3 8 2 1 1.4545409477203217e-10 20 0
tr 5 3 3 8 2 1 0.28529707901639517 2 2
tr 5 3 3 8 2 1 871.4971868758877 3 1
tr 5 3 3 8 2 1 44.8198553250457 4 2
tr 5 3 3 8 2 1 99177.74128895097 5 1
ann 5 3 3 8 2 2 2.3863507126752946e-10 20 0
tr 5 3 3 8 2 2 0.2852970790163952 2 2
tr 5 3 3 8 2 2 348.59887475035515 3 1
tr 5 3 3 8 2 2 9.959967850010065 4 2
tr 5 3 3 8 2 2 14168.248755564387 5 1
ann 5 3 3 8 3 1 5.879389569100511e-12 22 0
tr 5 3 3 8 3 1 61.00263039263273 2 1
tr 5 3 3 8 3 1 43.57330742330913 3 2
tr 5 3 3 8 3 1 25385.07828829509 4 1
ann 5 3 3 8 3 2 8.012775070788845e-12 22 0
tr 5 3 3 8 3 2 152.50657598158173 2 1
tr 5 3 3 8 3 2 43.573307423309174 3 2
tr 5 3 3 8 3 2 14102.82127127504 4 1
ann 5 3 3 8 3 3 1.6025550141577712e-11 22 0
tr 5 3 3 8 3 3 152.50657598158173 2 1
tr 5 3 3 8 3 3 21.786653711654502 3 2
tr 5 3 3 8 3 3 4230.846381382517 4 1
ann 5 3 3 8 4 1 1.8223562849751894e-13 24 0
tr 5 3 3 8 4 1 1.8488240345345575 2 2
tr 5 3 3 8 4 1 730.859545851283 3 1
tr 5 3 3 8 4 1 417.6340262007338 4 2
tr 5 3 3 8 4 1 4.981292818502899e6 5 1
ann 5 3 3 8 4 2 2.5986257463303255e-13 24 0
tr 5 3 3 8 4 2 8.319708155405518 2 2
tr 5 3 3 8 4 2 1315.5471825323102 3 1
tr 5 3 3 8 4 2 417.63402620073344 4 2
tr 5 3 3 8 4 2 3.2022596690375702e6 5 1
ann 5 3 3 8 4 3 3.9062348138253565e-13 24 0
tr 5 3 3 8 4 3 19.41265236261292 2 2
tr 5 3 3 8 4 3 1534.805046287695 3 1
tr 5 3 3 8 4 3 292.34381834051374 4 2
tr 5 3 3 8 4 3 1.4943878455508735e6 5 1
ann 5 3 3 8 4 4 6.310068874281269e-13 24 0
tr 5 3 3 8 4 4 25.883536483483855 2 2
tr 5 3 3 8 4 4 1023.2033641917964 3 1
tr 5 3 3 8 4 4 116.9375273362053 4 2
tr 5 3 3 8 4 4 398503.42548022844 5 1
ann 5 3 3 8 5 1 2.8432488904641606e-15 26 0
tr 5 3 3 8 5 1 13.567111713545678 2 1
tr 5 3 3 8 5 1 60.56746300690061 3 2
tr 5 3 3 8 5 1 386573.5642834485 4 1
tr 5 3 3 8 5 1 166673.5134176542 5 2
ann 5 3 3 8 5 2 4.18409130677044e-15 26 0
tr 5 3 3 8 5 2 94.96978199482008 2 1
tr 5 3 3 8 5 2 169.5888964193218 3 2
tr 5 3 3 8 5 2 601336.6555520325 4 1
tr 5 3 3 8 5 2 166673.51341765394 5 2
ann 5 3 3 8 5 3 6.0599846381655484e-15 26 0
tr 5 3 3 8 5 3 379.8791279792806 2 1
tr 5 3 3 8 5 3 339.1777928386437 3 2
tr 5 3 3 8 5 3 721603.9866624377 4 1
ann 5 3 3 8 5 4 8.681984092213454e-15 26 0
tr 5 3 3 8 5 4 1139.637383937842 2 1
tr 5 3 3 8 5 4 508.76668925796537 3 2
tr 5 3 3 8 5 4 649443.5879961954 4 1
ann 5 3 3 8 5 5 1.2337550382669329e-14 26 0
tr 5 3 3 8 5 5 2849.0934598446047 2 1
tr 5 3 3 8 5 5 508.7666892579658 3 2
tr 5 3 3 8 5 5 360801.99333121825 4 1
ann 5 3 3 8 6 1 1.9709579636836095e-17 28 0
tr 5 3 3 8 6 1 1447.738905586395 3 1
tr 5 3 3 8 6 1 3648.3020420777016 4 2
tr 5 3 3 8 6 1 1.3473607551152485e6 5 1
tr 5 3 3 8 6 1 1.4509982366041965e10 7 1
ann 5 3 3 8 6 2 2.910036427967195e-17 28 0
tr 5 3 3 8 6 2 5790.955622345535 3 1
tr 5 3 3 8 6 2 8107.337871283792 4 2
tr 5 3 3 8 6 2 1.9248010787360698e6 5 1
ann 5 3 3 8 6 3 4.178268106352511e-17 28 0
tr 5 3 3 8 6 3 17372.86686703671 3 1
tr 5 3 3 8 6 3 14593.208168310828 4 2
tr 5 3 3 8 6 3 2.3097612944832854e6 5 1
ann 5 3 3 8 6 4 5.851507345388463e-17 28 0
tr 5 3 3 8 6 4 43432.16716759164 3 1
tr 5 3 3 8 6 4 21889.812252466243 4 2
tr 5 3 3 8 6 4 2.3097612944832826e6 5 1
ann 5 3 3 8 6 5 8.012207505008642e-17 28 0
tr 5 3 3 8 6 5 95550.76776870192 3 1
tr 5 3 3 8 6 5 26754.214975236508 4 2
tr 5 3 3 8 6 5 1.814812445665436e6 5 1
ann 5 3 3 8 6 6 1.074726692788296e-16 28 0
tr 5 3 3 8 6 6 191101.53553740346 3 1
tr 5 3 3 8 6 6 22932.184264488416 4 2
tr 5 3 3 8 6 6 907406.2228327161 5 1
ann 5 3 3 8 7 1 4.8655575951300576e-20 30 0
tr 5 3 3 8 7 1 466504.52281156415 4 1
tr 5 3 3 8 7 1 748103.6165814555 5 2
tr 5 3 3 8 7 1 3.4450750999712768e9 6 1
tr 5 3 3 8 7 1 8.834427277555856e8 7 2
ann 5 3 3 8 7 2 7.116840703810813e-20 30 0
tr 5 3 3 8 7 2 1.399513568434692e6 4 1
tr 5 3 3 8 7 2 1.4427712605499502e6 5 2
tr 5 3 3 8 7 2 4.650851384961228e9 6 1
ann 5 3 3 8 7 3 1.0120249259443723e-19 30 0
tr 5 3 3 8 7 3 3.498783921086737e6 4 1
tr 5 3 3 8 7 3 2.404618767583251e6 5 2
tr 5 3 3 8 7 3 5.536727839239555e9 6 1
ann 5 3 3 8 7 4 1.4031113464368626e-19 30 0
tr 5 3 3 8 7 4 7.697324626390833e6 4 1
tr 5 3 3 8 7 4 3.526774192455436e6 5 2
tr 5 3 3 8 7 4 5.80038154587002e9 6 1
ann 5 3 3 8 7 5 1.901273054004566e-19 30 0
tr 5 3 3 8 7 5 1.539464925278164e7 4 1
tr 5 3 3 8 7 5 4.534423961728412e6 5 2
tr 5 3 3 8 7 5 5.220343391283e9 6 1
ann 5 3 3 8 7 6 2.5231513993837598e-19 30 0
tr 5 3 3 8 7 6 2.8590062898023102e7 4 1
tr 5 3 3 8 7 6 4.912292625205791e6 5 2
tr 5 3 3 8 7 6 3.7702480048155193e9 6 1
ann 5 3 3 8 7 7 3.285114941430528e-19 30 0
tr 5 3 3 8 7 7 5.003261007154037e7 4 1
tr 5 3 3 8 7 7 3.820672041826716e6 5 2
tr 5 3 3 8 7 7 1.759449068913902e9 6 1
ann 5 3 3 9 8 2 2.10835656152996e-22 32 0
tr 5 3 3 9 8 2 1.4652838133092014e7 5 1
tr 5 3 3 9 8 2 1.1335822028238246e7 6 2
tr 5 3 3 9 8 2 4.9798375029573715e10 7 1
tr 5 3 3 9 8 2 7.85800689075441e9 8 2
ann 5 3 3 9 8 4 4.0680375118500473e-22 32 0
tr 5 3 3 9 8 4 6.4472487785605e7 5 1
tr 5 3 3 9 8 4 2.54477637368614e7 6 2
tr 5 3 3 9 8 4 6.288315214193621e10 7 1
ann 5 3 3 9 8 6 7.21840745927811e-22 32 0
tr 5 3 3 9 8 6 2.0953558530321625e8 5 1
tr 5 3 3 9 8 6 3.85957750009064e7 6 2
tr 5 3 3 9 8 6 5.086548306592169e10 7 1
ann 5 3 3 9 8 8 1.1956209258519705e-21 32 0
tr 5 3 3 9 8 8 5.587615608085779e8 5 1
tr 5 3 3 9 8 8 2.806965454611377e7 6 2
tr 5 3 3 9 8 8 1.5413782747248974e10 7 1
ann 5 3 3 11 10 2 8.559737251868647e-28 36 0
tr 5 3 3 11 10 2 6.561214017171816e8 7 1
tr 5 3 3 11 10 2 3.101414188789189e8 8 2
tr 5 3 3 11 10 2 2.3159682803692686e12 9 1
tr 5 3 3 11 10 2 2.602636853570896e11 10 2
tr 5 3 3 11 10 2 5.442244188559688e14 11 1
ann 5 3 3 11 10 4 1.575423721591928e-27 36 0
tr 5 3 3 11 10 4 2.132394555580842e9 7 1
tr 5 3 3 11 10 4 6.097533451415789e8 8 2
tr 5 3 3 11 10 4 2.9141171251263706e12 9 1
ann 5 3 3 11 10 6 2.7117557596752305e-27 36 0
tr 5 3 3 11 10 6 5.686385481548906e9 7 1
tr 5 3 3 11 10 6 9.502649534673979e8 8 2
tr 5 3 3 11 10 6 2.838425771226986e12 9 1
ann 5 3 3 11 10 8 4.418426534448722e-27 36 0
tr 5 3 3 11 10 8 1.3182075434499748e10 7 1
tr 5 3 3 11 10 8 1.1183887529270148e9 8 2
tr 5 3 3 11 10 8 1.9089193098801218e12 9 1
ann 5 3 3 11 10 10 6.877548681025028e-27 36 0
tr 5 3 3 11 10 10 2.7523014643461018e10 7 1
tr 5 3 3 11 10 10 6.745836922416899e8 8 2
tr 5 3 3 11 10 10 5.037425956628101e11 9 1
ann 5 3 3 13 12 2 1.4904275885630735e-33 40 0
tr 5 3 3 13 12 2 1.118206765718445e10 9 1
tr 5 3 3 13 12 2 3.5317907197756753e9 10 2
tr 5 3 3 13 12 2 4.089080757547762e13 11 1
tr 5 3 3 13 12 2 3.4115042866254404e12 12 2
tr 5 3 3 13 12 2 1.0960115330163398e16 13 1
ann 5 3 3 13 12 4 2.619075074536667e-33 40 0
tr 5 3 3 13 12 4 2.9818847085825333e10 9 1
tr 5 3 3 13 12 4 6.304684260095429e9 10 2
tr 5 3 3 13 12 4 5.069108377125333e13 11 1
ann 5 3 3 13 12 6 4.358680809464424e-33 40 0
tr 5 3 3 13 12 6 6.912550915350433e10 9 1
tr 5 3 3 13 12 6 9.61868496091483e9 10 2
tr 5 3 3 13 12 6 5.303067225300352e13 11 1
ann 5 3 3 13 12 8 6.933643255517181e-33 40 0
tr 5 3 3 13 12 8 1.4432798614467947e11 9 1
tr 5 3 3 13 12 8 1.2432313895059992e10 10 2
tr 5 3 3 13 12 8 4.498137378602981e13 11 1
ann 5 3 3 13 12 10 1.0618784850828987e-32 40 0
tr 5 3 3 13 12 10 2.7783137332850793e11 9 1
tr 5 3 3 13 12 10 1.2669990484230274e10 10 2
tr 5 3 3 13 12 10 2.7165221815876793e13 11 1
ann 5 3 3 13 12 12 1.5744725577808548e-32 40 0
tr 5 3 3 13 12 12 5.0118600678868054e11 9 1
tr 5 3 3 13 12 12 6.816603067539058e9 10 2
tr 5 3 3 13 12 12 6.5768431764753955e12 11 1
ann 5 3 3 15 14 2 1.2905764348268142e-39 44 0
tr 5 3 3 15 14 2 8.738884553920561e10 11 1
tr 5 3 3 15 14 2 1.9677768016520462e10 12 2
tr 5 3 3 15 14 2 3.3009775291999156e14 13 1
tr 5 3 3 15 14 2 2.1178312478952656e13 14 2
tr 5 3 3 15 14 2 9.77468187193951e16 15 1
ann 5 3 3 15 14 4 2.174207683547891e-39 44 0
tr 5 3 3 15 14 4 2.0258323284088596e11 11 1
tr 5 3 3 15 14 4 3.2660437447538403e10 12 2
tr 5 3 3 15 14 4 4.02527123413365e14 13 1
tr 5 3 3 15 14 4 6.854495662697586e16 15 1
ann 5 3 3 15 14 6 3.5010105026426e-39 44 0
tr 5 3 3 15 14 6 4.2297598065679614e11 11 1
tr 5 3 3 15 14 6 4.835441388336869e10 12 2
tr 5 3 3 15 14 6 4.345463264121556e14 13 1
ann 5 3 3 15 14 8 5.427096147299968e-39 44 0
tr 5 3 3 15 14 8 8.142287627643323e11 11 1
tr 5 3 3 15 14 8 6.387997324297983e10 12 2
tr 5 3 3 15 14 8 4.0822739858152856e14 13 1
ann 5 3 3 15 14 10 8.144411118594246e-39 44 0
tr 5 3 3 15 14 10 1.468804826947423e12 11 1
tr 5 3 3 15 14 10 7.364608444052812e10 12 2
tr 5 3 3 15 14 10 3.1768071994878294e14 13 1
ann 5 3 3 15 14 12 1.1885358170520815e-38 44 0
tr 5 3 3 15 14 12 2.5124293092521714e12 11 1
tr 5 3 3 15 14 12 6.838564983763315e10 12 2
tr 5 3 3 15 14 12 1.787813575469342e14 13 1
ann 5 3 3 15 14 14 1.692764599179954e-38 44 0
tr 5 3 3 15 14 14 4.111247960594456e12 11 1
tr 5 3 3 15 14 14 3.4057675413208492e10 12 2
tr 5 3 3 15 14 14 4.080878813571285e13 13 1
ann 5 4 1 5 4 1 1.6044548917760953e-15 26 0
ann 5 4 1 5 4 2 5.479677051472824e-15 26 0
tr 5 4 1 5 4 2 7438.775510204087 2 1
ann 5 4 1 5 4 3 3.648019205342993e-15 26 0
tr 5 4 1 5 4 3 11571.428571428552 2 1
tr 5 4 1 5 4 3 8265.306122448977 3 2
ann 5 4 1 5 4 4 2.7427979294300353e-15 26 0
tr 5 4 1 5 4 4 2755.102040816324 3 2
tr 5 4 1 5 4 4 1.7578125000000014e6 4 1
ann 5 4 1 6 1 1 6.077450981066512e-11 20 0
tr 5 4 1 6 1 1 27693.983596457114 3 1
tr 5 4 1 6 1 1 2584.7718023359994 4 2
tr 5 4 1 6 1 1 2.812960151129377e7 5 1
ann 5 4 1 6 2 1 5.706888486113585e-12 22 0
tr 5 4 1 6 2 1 685.728965913378 2 1
tr 5 4 1 6 2 1 68.02866725331118 3 2
tr 5 4 1 6 2 1 103642.84899135424 4 1
ann 5 4 1 6 2 2 5.09536273232146e-12 22 0
tr 5 4 1 6 2 2 114.28816098556229 2 1
tr 5 4 1 6 2 2 90.70488967108165 3 2
tr 5 4 1 6 2 2 2.0728569798270646e6 4 1
ann 5 4 1 6 3 1 2.8711750399515893e-13 24 0
tr 5 4 1 6 3 1 1.0345284911892951 2 2
tr 5 4 1 6 3 1 23204.304489975442 3 1
tr 5 4 1 6 3 1 14320.370770956182 4 2
ann 5 4 1 6 3 2 2.2110999328276003e-13 24 0
tr 5 4 1 6 3 2 3.3794597378850306 2 2
tr 5 4 1 6 3 2 49502.5162452806 3 1
tr 5 4 1 6 3 2 3.497173549794741e7 5 1
ann 5 4 1 6 3 3 1.6945345921812558e-13 24 0
tr 5 4 1 6 3 3 0.41381139647571674 2 2
tr 5 4 1 6 3 3 46408.60897995046 3 1
tr 5 4 1 6 3 3 26519.20513140031 4 2
tr 5 4 1 6 3 3 5.8752515636551574e7 5 1
ann 5 4 1 6 4 1 7.198011812514007e-15 26 0
tr 5 4 1 6 4 1 3150.614543015253 2 1
tr 5 4 1 6 4 1 1135.3425614721261 3 2
tr 5 4 1 6 4 1 586243.409926188 4 1
ann 5 4 1 6 4 2 6.145822556761706e-15 26 0
tr 5 4 1 6 4 2 2649.13264343496 2 1
tr 5 4 1 6 4 2 336.397795991741 3 2
tr 5 4 1 6 4 2 2.6055262663385984e6 4 1
ann 5 4 1 6 4 3 4.091496364973861e-15 26 0
tr 5 4 1 6 4 3 4120.873000898817 2 1
tr 5 4 1 6 4 3 2943.4807149277303 3 2
tr 5 4 1 6 4 3 506630.1073436151 4 1
ann 5 4 1 6 4 4 3.0762303946898126e-15 26 0
tr 5 4 1 6 4 4 981.1602383092427 3 2
tr 5 4 1 6 4 4 3.5464107514053145e6 4 1
tr 5 4 1 6 4 4 1.3373670173649658e6 5 2
tr 5 4 1 6 4 4 7.947308369708004e8 6 1
ann 5 4 1 6 5 1 6.417541826435831e-17 28 0
tr 5 4 1 6 5 1 191.51601820363825 2 2
tr 5 4 1 6 5 1 136605.61554862093 3 1
tr 5 4 1 6 5 1 71519.28348667387 4 2
ann 5 4 1 6 5 2 6.250145456097731e-17 28 0
tr 5 4 1 6 5 2 223.43535457091107 2 2
tr 5 4 1 6 5 2 226036.2539825741 3 1
tr 5 4 1 6 5 2 3.481575293140201e7 5 1
ann 5 4 1 6 5 3 4.938333260981622e-17 28 0
tr 5 4 1 6 5 3 1340.612127425465 2 2
tr 5 4 1 6 5 3 13244.31175679141 3 1
tr 5 4 1 6 5 3 92710.18229754023 4 2
ann 5 4 1 6 5 4 3.40770142785181e-17 28 0
tr 5 4 1 6 5 4 357596.41743336944 3 1
tr 5 4 1 6 5 4 119198.80581112303 4 2
ann 5 4 1 6 5 5 2.3499518577183893e-17 28 0
tr 5 4 1 6 5 5 95359.04464889839 4 2
tr 5 4 1 6 5 5 7.162097745888412e7 5 1
tr 5 4 1 6 5 5 1.8171283309423048e7 6 2
ann 5 4 1 7 1 1 3.856210228554743e-11 20 0
tr 5 4 1 7 1 1 954.4755721576792 3 1
tr 5 4 1 7 1 1 89.08438673471682 4 2
tr 5 4 1 7 1 1 27869.399210883214 5 1
ann 5 4 1 7 2 1 3.7411712142311495e-12 22 0
tr 5 4 1 7 2 1 44.30835710343863 2 1
tr 5 4 1 7 2 1 4.39567034756335 3 2
tr 5 4 1 7 2 1 401.2143246560957 4 1
ann 5 4 1 7 2 2 3.340283290551346e-12 22 0
tr 5 4 1 7 2 2 7.384726183906391 2 1
tr 5 4 1 7 2 2 5.860893796751134 3 2
tr 5 4 1 7 2 2 8024.286493121839 4 1
ann 5 4 1 7 3 1 2.0486629784910556e-13 24 0
tr 5 4 1 7 3 1 0.10271841130254737 2 2
tr 5 4 1 7 3 1 468.31280890894254 3 1
tr 5 4 1 7 3 1 289.0159049266598 4 2
tr 5 4 1 7 3 1 3760.347016135353 5 1
ann 5 4 1 7 3 2 1.5776810901045906e-13 24 0
tr 5 4 1 7 3 2 0.33554681025498806 2 2
tr 5 4 1 7 3 2 999.0673256724041 3 1
tr 5 4 1 7 3 2 783405.628361503 5 1
ann 5 4 1 7 3 3 1.2090973904664467e-13 24 0
tr 5 4 1 7 3 3 0.04108736452101882 2 2
tr 5 4 1 7 3 3 936.6256178178767 3 1
tr 5 4 1 7 3 3 535.2146387530732 4 2
tr 5 4 1 7 3 3 1.3161214556473237e6 5 1
ann 5 4 1 7 4 1 6.226066739288398e-15 26 0
tr 5 4 1 7 4 1 147.58476283029424 2 1
tr 5 4 1 7 4 1 53.18304107923092 3 2
tr 5 4 1 7 4 1 6597.867147777883 4 1
ann 5 4 1 7 4 2 5.315954248261307e-15 26 0
tr 5 4 1 7 4 2 124.09376251820542 2 1
tr 5 4 1 7 4 2 15.757938097549893 3 2
tr 5 4 1 7 4 2 29323.853990123756 4 1
ann 5 4 1 7 4 3 3.539023018084737e-15 26 0
tr 5 4 1 7 4 3 193.0347416949857 2 1
tr 5 4 1 7 4 3 137.88195835356143 3 2
tr 5 4 1 7 4 3 5701.860498079606 4 1
ann 5 4 1 7 4 4 2.6608480342257364e-15 26 0
tr 5 4 1 7 4 4 45.960652784520434 3 2
tr 5 4 1 7 4 4 39913.023486557344 4 1
tr 5 4 1 7 4 4 15051.375860250566 5 2
tr 5 4 1 7 4 4 2.1969631253554112e8 6 1
ann 5 4 1 7 5 1 8.898051263494745e-17 28 0
tr 5 4 1 7 5 1 14.380577582356649 2 2
tr 5 4 1 7 5 1 2464.4449565033206 3 1
tr 5 4 1 7 5 1 1290.249575565446 4 2
tr 5 4 1 7 5 1 2.644762497079644e6 5 1
ann 5 4 1 7 5 2 8.665952820717367e-17 28 0
tr 5 4 1 7 5 2 16.777340512749408 2 2
tr 5 4 1 7 5 2 4077.825819071037 3 1
tr 5 4 1 7 5 2 1.5427781232964559e7 5 1
ann 5 4 1 7 5 3 6.847098749682867e-17 28 0
tr 5 4 1 7 5 3 100.66404307649634 2 2
tr 5 4 1 7 5 3 238.93510658619277 3 1
tr 5 4 1 7 5 3 1672.5457461033561 4 2
tr 5 4 1 7 5 3 1.3223812485398242e7 5 1
ann 5 4 1 7 5 4 4.724846813382534e-17 28 0
tr 5 4 1 7 5 4 6451.247877827231 3 1
tr 5 4 1 7 5 4 2150.4159592757424 4 2
ann 5 4 1 7 5 5 3.258255652118643e-17 28 0
tr 5 4 1 7 5 5 1720.3327674205925 4 2
tr 5 4 1 7 5 5 3.1737149964955658e7 5 1
tr 5 4 1 7 5 5 8.052176386142278e6 6 2
tr 5 4 1 7 5 5 7.813467488673903e9 7 1
ann 5 4 1 7 6 1 4.731127217473615e-19 30 0
tr 5 4 1 7 6 1 21895.14431262576 2 1
tr 5 4 1 7 6 1 2172.1373326017588 3 2
tr 5 4 1 7 6 1 1.9162631303559807e6 4 1
ann 5 4 1 7 6 2 4.814709669831172e-19 30 0
tr 5 4 1 7 6 2 23354.82060013413 2 1
tr 5 4 1 7 6 2 289.61831101356745 3 2
tr 5 4 1 7 6 2 3.8325262607119526e6 4 1
ann 5 4 1 7 6 3 4.349920117310419e-19 30 0
tr 5 4 1 7 6 3 13137.08658757544 2 1
tr 5 4 1 7 6 3 6516.41199780528 3 2
tr 5 4 1 7 6 3 1.9162631303559847e6 4 1
ann 5 4 1 7 6 4 3.4570836967474864e-19 30 0
tr 5 4 1 7 6 4 11729.541596049496 3 2
tr 5 4 1 7 6 4 164251.1254590835 4 1
tr 5 4 1 7 6 4 1.8061651032300696e6 5 2
tr 5 4 1 7 6 4 2.687298645382052e8 6 1
ann 5 4 1 7 6 5 2.4323174367002654e-19 30 0
tr 5 4 1 7 6 5 7.227049520199669e6 4 1
tr 5 4 1 7 6 5 981126.722742259 5 2
tr 5 4 1 7 6 5 1.0054518741225252e8 6 1
ann 5 4 1 7 6 6 1.4811288558507382e-19 30 0
tr 5 4 1 7 6 6 1.839612605141734e6 5 2
tr 5 4 1 7 6 6 1.658995592302177e9 6 1
tr 5 4 1 7 6 6 2.929937270549363e8 7 2
tr 5 4 1 7 6 6 8.6476613586353e10 8 1
ann 5 4 1 8 1 1 2.595973619049915e-11 20 0
tr 5 4 1 8 1 1 168.1115614211935 3 1
tr 5 4 1 8 1 1 15.69041239931141 4 2
tr 5 4 1 8 1 1 15606.417622907764 5 1
ann 5 4 1 8 2 1 2.5709995564648014e-12 22 0
tr 5 4 1 8 2 1 9.890434127810167 2 1
tr 5 4 1 8 2 1 0.9811938618859275 3 2
tr 5 4 1 8 2 1 17.03277109968304 4 1
ann 5 4 1 8 2 2 2.2955022181505476e-12 22 0
tr 5 4 1 8 2 2 1.6484056879683506 2 1
tr 5 4 1 8 2 2 1.3082584825145704 3 2
tr 5 4 1 8 2 2 340.6554219936575 4 1
ann 5 4 1 8 3 1 1.4821212830317962e-13 24 0
tr 5 4 1 8 3 1 0.027389985696808356 2 2
tr 5 4 1 8 3 1 61.78466023940545 3 1
tr 5 4 1 8 3 1 38.129961747747124 4 2
tr 5 4 1 8 3 1 779.8659539851793 5 1
ann 5 4 1 8 3 2 1.1413857445627533e-13 24 0
tr 5 4 1 8 3 2 0.08947395327624065 2 2
tr 5 4 1 8 3 2 131.8072751773974 3 1
tr 5 4 1 8 3 2 162472.07374690642 5 1
ann 5 4 1 8 3 3 8.74730974439867e-14 24 0
tr 5 4 1 8 3 3 0.010955994278723305 2 2
tr 5 4 1 8 3 3 123.56932047880983 3 1
tr 5 4 1 8 3 3 70.6110402736057 4 2
tr 5 4 1 8 3 3 272953.08389480243 5 1
ann 5 4 1 8 4 1 5.016148685645181e-15 26 0
tr 5 4 1 8 4 1 28.313235041778892 2 1
tr 5 4 1 8 4 1 10.202841495529777 3 2
tr 5 4 1 8 4 1 2474.764331299024 4 1
ann 5 4 1 8 4 2 4.2828993106753994e-15 26 0
tr 5 4 1 8 4 2 23.806630156236135 2 1
tr 5 4 1 8 4 2 3.0230641468236366 3 2
tr 5 4 1 8 4 2 10998.952583551156 4 1
ann 5 4 1 8 4 3 2.851280982006706e-15 26 0
tr 5 4 1 8 4 3 37.03253579858946 2 1
tr 5 4 1 8 4 3 26.451811284706796 3 2
tr 5 4 1 8 4 3 2138.685224579387 4 1
ann 5 4 1 8 4 4 2.1437626443176395e-15 26 0
tr 5 4 1 8 4 4 8.817270428235592 3 2
tr 5 4 1 8 4 4 14970.796572055746 4 1
tr 5 4 1 8 4 4 5645.552916061419 5 2
tr 5 4 1 8 4 4 1.1844398617637571e7 6 1
ann 5 4 1 8 5 1 8.919099426294142e-17 28 0
tr 5 4 1 8 5 1 3.4323674383692726 2 2
tr 5 4 1 8 5 1 1150.0557015464826 3 1
tr 5 4 1 8 5 1 602.1067246323671 4 2
tr 5 4 1 8 5 1 177397.05126860677 5 1
ann 5 4 1 8 5 2 8.686451961328862e-17 28 0
tr 5 4 1 8 5 2 4.004428678097481 2 2
tr 5 4 1 8 5 2 1902.9545864924182 3 1
tr 5 4 1 8 5 2 1.0348161324002042e6 5 1
ann 5 4 1 8 5 3 6.863295435696564e-17 28 0
tr 5 4 1 8 5 3 24.02657206858487 2 2
tr 5 4 1 8 5 3 111.50124530228976 3 1
tr 5 4 1 8 5 3 780.5087171160314 4 2
tr 5 4 1 8 5 3 886985.2563430351 5 1
ann 5 4 1 8 5 4 4.7360233496262325e-17 28 0
tr 5 4 1 8 5 4 3010.5336231618357 3 1
tr 5 4 1 8 5 4 1003.5112077206112 4 2
ann 5 4 1 8 5 5 3.265962973846495e-17 28 0
tr 5 4 1 8 5 5 802.8089661764884 4 2
tr 5 4 1 8 5 5 2.1287646152232764e6 5 1
tr 5 4 1 8 5 5 540098.5339037537 6 2
tr 5 4 1 8 5 5 1.7478958642129656e7 7 1
ann 5 4 1 8 6 1 7.820265784177735e-19 30 0
tr 5 4 1 8 6 1 5567.4599074802645 2 1
tr 5 4 1 8 6 1 552.3273717738351 3 2
tr 5 4 1 8 6 1 84868.46129283313 4 1
ann 5 4 1 8 6 2 7.958422498395195e-19 30 0
tr 5 4 1 8 6 2 5938.623901312279 2 1
tr 5 4 1 8 6 2 73.6436495698446 3 2
tr 5 4 1 8 6 2 169736.9225856659 4 1
ann 5 4 1 8 6 3 7.190153615357363e-19 30 0
tr 5 4 1 8 6 3 3340.4759444881547 2 1
tr 5 4 1 8 6 3 1656.9821153215062 3 2
tr 5 4 1 8 6 3 84868.46129283332 4 1
ann 5 4 1 8 6 4 5.714349270410626e-19 30 0
tr 5 4 1 8 6 4 2982.5678075787096 3 2
tr 5 4 1 8 6 4 7274.439539385676 4 1
tr 5 4 1 8 6 4 79992.38242582654 5 2
tr 5 4 1 8 6 4 6.551548532973995e6 6 1
ann 5 4 1 8 6 5 4.020472910732882e-19 30 0
tr 5 4 1 8 6 5 320075.33973296947 4 1
tr 5 4 1 8 6 5 43452.65218193043 5 2
tr 5 4 1 8 6 5 2.451259655194324e6 6 1
ann 5 4 1 8 6 6 2.448215978459814e-19 30 0
tr 5 4 1 8 6 6 81473.72284111948 5 2
tr 5 4 1 8 6 6 4.044578431070661e7 6 1
tr 5 4 1 8 6 6 7.143093775438748e6 7 2
tr 5 4 1 8 6 6 3.1987636730694714e10 8 1
ann 5 4 1 8 7 1 2.5639794270232725e-21 32 0
tr 5 4 1 8 7 1 214528.6104902167 3 1
tr 5 4 1 8 7 1 20022.670312420254 4 2
tr 5 4 1 8 7 1 2.0806416165340118e7 5 1
ann 5 4 1 8 7 2 2.6451034323651556e-21 32 0
tr 5 4 1 8 7 2 241344.6868014935 3 1
tr 5 4 1 8 7 2 4.4248049500959836e7 5 1
ann 5 4 1 8 7 3 2.532590463054167e-21 32 0
tr 5 4 1 8 7 3 193075.74944119534 3 1
tr 5 4 1 8 7 3 24027.204374904246 4 2
tr 5 4 1 8 7 3 3.740097989818295e7 5 1
ann 5 4 1 8 7 4 2.226441224434851e-21 32 0
tr 5 4 1 8 7 4 88493.05182721434 3 1
tr 5 4 1 8 7 4 75514.07089255622 4 2
tr 5 4 1 8 7 4 6.267209449316953e6 5 1
ann 5 4 1 8 7 5 1.7639940918548184e-21 32 0
tr 5 4 1 8 7 5 84953.32975412573 4 2
tr 5 4 1 8 7 5 1.3517147007550297e7 5 1
tr 5 4 1 8 7 5 1.8142037688011352e7 6 2
tr 5 4 1 8 7 5 8.427355059598243e8 7 1
ann 5 4 1 8 7 6 1.2153229270877245e-21 32 0
tr 5 4 1 8 7 6 9.76238394989748e7 5 1
tr 5 4 1 8 7 6 4.904180320199669e6 6 2
tr 5 4 1 8 7 6 4.328123092336853e9 7 1
ann 5 4 1 8 7 7 6.629663523294441e-22 32 0
tr 5 4 1 8 7 7 2.288617482759844e7 6 2
tr 5 4 1 8 7 7 2.4616200087665882e10 7 1
tr 5 4 1 8 7 7 3.128420490444099e9 8 2
tr 5 4 1 8 7 7 1.123395693181151e12 9 1
ann 5 4 1 9 8 2 1.0706907760377503e-23 34 0
tr 5 4 1 9 8 2 2.1233535149722486e6 4 1
tr 5 4 1 9 8 2 6756.124820366236 5 2
tr 5 4 1 9 8 2 3.7264178052932966e8 6 1
ann 5 4 1 9 8 4 9.740430173373425e-24 34 0
tr 5 4 1 9 8 4 1.334679352268273e6 4 1
tr 5 4 1 9 8 4 312132.9667009204 5 2
tr 5 4 1 9 8 4 1.9138812591060942e8 6 1
ann 5 4 1 9 8 6 6.498183954840717e-24 34 0
tr 5 4 1 9 8 6 483062.9246561864 5 2
tr 5 4 1 9 8 6 2.5903125207750013e8 6 1
tr 5 4 1 9 8 6 1.1711303076659356e8 7 2
ann 5 4 1 9 8 8 2.1585771869391132e-24 34 0
tr 5 4 1 9 8 8 1.9982410874549985e8 7 2
tr 5 4 1 9 8 8 2.530294057594118e11 8 1
tr 5 4 1 9 8 8 2.3830006336857e10 9 2
tr 5 4 1 9 8 8 1.0191884334396826e13 10 1
ann 5 4 1 11 10 2 7.790310918623256e-29 38 0
tr 5 4 1 11 10 2 7.94019745912635e7 6 1
tr 5 4 1 11 10 2 740595.585712515 7 2
tr 5 4 1 11 10 2 1.204102140571842e10 8 1
ann 5 4 1 11 10 4 7.597572626833011e-29 38 0
tr 5 4 1 11 10 4 7.168233817266816e7 6 1
tr 5 4 1 11 10 4 2.228644123671932e6 7 2
tr 5 4 1 11 10 4 1.361853426232876e10 8 1
ann 5 4 1 11 10 6 6.175150440650905e-29 38 0
tr 5 4 1 11 10 6 3.1279565748073366e7 6 1
tr 5 4 1 11 10 6 1.0956824928016134e7 7 2
tr 5 4 1 11 10 6 5.2147252491025215e8 8 1
ann 5 4 1 11 10 8 3.699919619969083e-29 38 0
tr 5 4 1 11 10 8 8.011897699980833e6 7 2
tr 5 4 1 11 10 8 1.9180675706013046e10 8 1
tr 5 4 1 11 10 8 1.8064130619430642e9 9 2
tr 5 4 1 11 10 8 9.080727157432251e11 10 1
ann 5 4 1 11 10 10 1.010825444034342e-29 38 0
tr 5 4 1 11 10 10 6.483015766751195e9 9 2
tr 5 4 1 11 10 10 1.092714167944345e13 10 1
tr 5 4 1 11 10 10 6.076555012266846e11 11 2
tr 5 4 1 11 10 10 3.499109592488478e14 12 1
ann 5 4 1 13 12 2 2.2424137083238228e-34 42 0
tr 5 4 1 13 12 2 1.2257607505128276e9 8 1
tr 5 4 1 13 12 2 1.3032170422525194e7 9 2
tr 5 4 1 13 12 2 1.6305788171802267e11 10 1
ann 5 4 1 13 12 4 2.264410866376037e-34 42 0
tr 5 4 1 13 12 4 1.248047309613065e9 8 1
tr 5 4 1 13 12 4 5.307647590264753e6 9 2
tr 5 4 1 13 12 4 2.413107506573261e11 10 1
ann 5 4 1 13 12 6 2.0073328107764e-34 42 0
tr 5 4 1 13 12 6 8.743188570091522e8 8 1
tr 5 4 1 13 12 6 6.427294599592622e7 9 2
tr 5 4 1 13 12 6 1.008665901809977e11 10 1
ann 5 4 1 13 12 8 1.489277656937668e-34 42 0
tr 5 4 1 13 12 8 3.164201577747407e8 8 1
tr 5 4 1 13 12 8 1.2144576765456127e8 9 2
tr 5 4 1 13 12 8 1.3300644898514292e10 10 1
ann 5 4 1 13 12 10 8.085193211839523e-35 42 0
tr 5 4 1 13 12 10 6.1712339323895805e7 9 2
tr 5 4 1 13 12 10 4.003584793307727e11 10 1
tr 5 4 1 13 12 10 9.29547866546475e9 11 2
tr 5 4 1 13 12 10 4.465674203109441e13 12 1
ann 5 4 1 13 12 12 1.9242563498690228e-35 42 0
tr 5 4 1 13 12 12 8.399128937009207e10 11 2
tr 5 4 1 13 12 12 1.799567741543896e14 12 1
tr 5 4 1 13 12 12 6.374510375391964e12 13 2
tr 5 4 1 13 12 12 4.686224109957838e15 14 1
ann 5 4 1 15 14 2 2.976523223916755e-40 46 0
tr 5 4 1 15 14 2 8.975153018225065e9 10 1
tr 5 4 1 15 14 2 8.987649862617986e7 11 2
tr 5 4 1 15 14 2 1.0742238762570048e12 12 1
ann 5 4 1 15 14 4 3.072228598499053e-40 46 0
tr 5 4 1 15 14 4 9.602786096422718e9 10 1
tr 5 4 1 15 14 4 2.102658202482068e6 11 2
tr 5 4 1 15 14 4 1.7851372239240122e12 12 1
ann 5 4 1 15 14 6 2.8651949290628386e-40 46 0
tr 5 4 1 15 14 6 8.109019370312452e9 10 1
tr 5 4 1 15 14 6 1.677921245580679e8 11 2
tr 5 4 1 15 14 6 1.319816121246565e12 12 1
ann 5 4 1 15 14 8 2.3592916076540756e-40 46 0
tr 5 4 1 15 14 8 4.9190742503733635e9 10 1
tr 5 4 1 15 14 8 4.8421492735121447e8 11 2
tr 5 4 1 15 14 8 1.7569201577520438e11 12 1
ann 5 4 1 15 14 10 1.625402812518615e-40 46 0
tr 5 4 1 15 14 10 1.587911687839826e9 10 1
tr 5 4 1 15 14 10 6.084653066332868e8 11 2
tr 5 4 1 15 14 10 5.4664695915368567e11 12 1
ann 5 4 1 15 14 12 8.150692807294552e-41 46 0
tr 5 4 1 15 14 12 2.4860153956731382e8 11 2
tr 5 4 1 15 14 12 3.435368028176668e12 12 1
tr 5 4 1 15 14 12 1.6185921826125145e10 13 2
tr 5 4 1 15 14 12 5.852930726198878e14 14 1
ann 5 4 1 15 14 14 1.7551104935013117e-41 46 0
tr 5 4 1 15 14 14 5.1728420820485815e11 13 2
tr 5 4 1 15 14 14 1.3592297537117805e15 14 1
tr 5 4 1 15 14 14 3.2485607912991613e13 15 2
tr 5 4 1 15 14 14 2.9327566283345892e16 16 1
ann 5 4 2 5 4 2 1.7797032271195224e-15 26 0
ann 5 4 2 5 4 3 6.028325793539622e-15 26 0
tr 5 4 2 5 4 3 16071.428571428556 2 1
ann 5 4 2 5 4 4 4.203032535700961e-15 26 0
tr 5 4 2 5 4 4 5142.857142857132 2 1
tr 5 4 2 5 4 4 8265.30612244897 3 2
ann 5 4 2 6 1 1 6.929368172426249e-11 20 0
tr 5 4 2 6 1 1 41540.975394685665 3 1
tr 5 4 2 6 1 1 2326.2946221023963 4 2
tr 5 4 2 6 1 1 1.6877760906776246e7 5 1
ann 5 4 2 6 2 1 5.944432062343349e-12 22 0
tr 5 4 2 6 2 1 914.3052878845021 2 1
tr 5 4 2 6 2 1 11.338111208885234 3 2
tr 5 4 2 6 2 1 839507.0768299623 4 1
ann 5 4 2 6 2 2 6.685746657936401e-12 22 0
tr 5 4 2 6 2 2 342.8644829566882 2 1
tr 5 4 2 6 2 2 136.0573345066223 3 2
tr 5 4 2 6 2 2 1.8655712818443556e6 4 1
ann 5 4 2 6 3 1 2.875064563873725e-13 24 0
tr 5 4 2 6 3 1 0.3448428303964322 2 2
tr 5 4 2 6 3 1 61878.14530660087 3 1
tr 5 4 2 6 3 1 2545.8436926144286 4 2
tr 5 4 2 6 3 1 2.0692076459425464e7 5 1
ann 5 4 2 6 3 2 3.0879739426947257e-13 24 0
tr 5 4 2 6 3 2 3.310491171805746 2 2
tr 5 4 2 6 3 2 4640.860897995038 3 1
tr 5 4 2 6 3 2 7955.761539420098 4 2
tr 5 4 2 6 3 2 5.371658572484711e7 5 1
ann 5 4 2 6 3 3 2.4163557996845024e-13 24 0
tr 5 4 2 6 3 3 1.8621512841407275 2 2
tr 5 4 2 6 3 3 83535.4961639109 3 1
tr 5 4 2 6 3 3 26519.20513140028 4 2
tr 5 4 2 6 3 3 3.776947433778308e7 5 1
ann 5 4 2 6 4 1 6.145822556761701e-15 26 0
tr 5 4 2 6 4 1 2649.13264343496 2 1
tr 5 4 2 6 4 1 336.3977959917409 3 2
tr 5 4 2 6 4 1 2.6055262663385984e6 4 1
ann 5 4 2 6 4 2 7.984222501110456e-15 26 0
tr 5 4 2 6 4 2 697.7139472421313 2 1
tr 5 4 2 6 4 2 2368.8011467751744 3 2
tr 5 4 2 6 4 2 875746.328408252 4 1
ann 5 4 2 6 4 3 6.761168644249275e-15 26 0
tr 5 4 2 6 4 3 5723.434723470584 2 1
tr 5 4 2 6 4 3 588.6961429855455 3 2
tr 5 4 2 6 4 3 506630.1073436155 4 1
ann 5 4 2 6 4 4 4.713980727827354e-15 26 0
tr 5 4 2 6 4 4 1831.4991115105843 2 1
tr 5 4 2 6 4 4 2943.4807149277276 3 2
tr 5 4 2 6 4 4 4.559670966092533e6 4 1
ann 5 4 2 6 5 1 5.319694487554718e-17 28 0
tr 5 4 2 6 5 1 1021.4187637527364 2 2
tr 5 4 2 6 5 1 116613.0116109874 3 1
tr 5 4 2 6 5 1 19866.467635187186 4 2
ann 5 4 2 6 5 2 6.783710882176632e-17 28 0
tr 5 4 2 6 5 2 670.3060637127327 2 2
tr 5 4 2 6 5 2 5297.724702716609 3 1
tr 5 4 2 6 5 2 111252.21875704816 4 2
ann 5 4 2 6 5 3 7.211758339831062e-17 28 0
tr 5 4 2 6 5 3 214557.85046002155 3 1
tr 5 4 2 6 5 3 92710.18229754016 4 2
ann 5 4 2 6 5 4 5.787577605204402e-17 28 0
tr 5 4 2 6 5 4 1340.6121274254645 2 2
tr 5 4 2 6 5 4 211908.98810866312 3 1
ann 5 4 2 6 5 5 4.0931839779873506e-17 28 0
tr 5 4 2 6 5 5 198664.67635187117 3 1
tr 5 4 2 6 5 5 214557.85046002138 4 2
tr 5 4 2 6 5 5 7.162097745888402e7 5 1
ann 5 4 2 7 1 1 4.396761164916082e-11 20 0
tr 5 4 2 7 1 1 1431.7133582365186 3 1
tr 5 4 2 7 1 1 80.17594806124501 4 2
tr 5 4 2 7 1 1 16721.639526529907 5 1
ann 5 4 2 7 2 1 3.896893765668416e-12 22 0
tr 5 4 2 7 2 1 59.07780947125141 2 1
tr 5 4 2 7 2 1 0.7326117245938939 3 2
tr 5 4 2 7 2 1 3249.836029714349 4 1
ann 5 4 2 7 2 2 4.382865181337749e-12 22 0
tr 5 4 2 7 2 2 22.154178551719262 2 1
tr 5 4 2 7 2 2 8.791340695126694 3 2
tr 5 4 2 7 2 2 7221.857843809643 4 1
ann 5 4 2 7 3 1 2.051438261232358e-13 24 0
tr 5 4 2 7 3 1 0.03423947043418251 2 2
tr 5 4 2 7 3 1 1248.834157090507 3 1
tr 5 4 2 7 3 1 51.380605320295025 4 2
tr 5 4 2 7 3 1 463525.44218893285 5 1
ann 5 4 2 7 3 2 2.2033550053497921e-13 24 0
tr 5 4 2 7 3 2 0.3286989161681517 2 2
tr 5 4 2 7 3 2 93.6625617817875 3 1
tr 5 4 2 7 3 2 160.56439162592207 4 2
tr 5 4 2 7 3 2 1.2033110451632661e6 5 1
ann 5 4 2 7 3 3 1.724136833219558e-13 24 0
tr 5 4 2 7 3 3 0.18489314034458496 2 2
tr 5 4 2 7 3 3 1685.9261120721792 3 1
tr 5 4 2 7 3 3 535.2146387530726 4 2
tr 5 4 2 7 3 3 846078.0786304206 5 1
ann 5 4 2 7 4 1 5.315954248261314e-15 26 0
tr 5 4 2 7 4 1 124.09376251820542 2 1
tr 5 4 2 7 4 1 15.757938097549886 3 2
tr 5 4 2 7 4 1 29323.853990123756 4 1
ann 5 4 2 7 4 2 6.9061156666402125e-15 26 0
tr 5 4 2 7 4 2 32.68313086899246 2 1
tr 5 4 2 7 4 2 110.96214743691375 3 2
tr 5 4 2 7 4 2 9856.073146680495 4 1
ann 5 4 2 7 4 3 5.848210366815951e-15 26 0
tr 5 4 2 7 4 3 268.1038079097026 2 1
tr 5 4 2 7 4 3 27.576391670712265 3 2
tr 5 4 2 7 4 3 5701.860498079609 4 1
ann 5 4 2 7 4 4 4.077453515376937e-15 26 0
tr 5 4 2 7 4 4 85.79321853110471 2 1
tr 5 4 2 7 4 4 137.88195835356132 3 2
tr 5 4 2 7 4 4 51316.74448271642 4 1
ann 5 4 2 7 5 1 7.37586378465569e-17 28 0
tr 5 4 2 7 5 1 76.69641377256872 2 2
tr 5 4 2 7 5 1 2103.766724180339 3 1
tr 5 4 2 7 5 1 358.40265987929047 4 2
tr 5 4 2 7 5 1 1.763174998053095e7 5 1
ann 5 4 2 7 5 2 9.405752051608267e-17 28 0
tr 5 4 2 7 5 2 50.332021538248185 2 2
tr 5 4 2 7 5 2 95.57404263447793 3 1
tr 5 4 2 7 5 2 2007.0548953240257 4 2
tr 5 4 2 7 5 2 9.256668739778772e6 5 1
ann 5 4 2 7 5 3 9.999248487289937e-17 28 0
tr 5 4 2 7 5 3 3870.7487266963367 3 1
tr 5 4 2 7 5 3 1672.5457461033552 4 2
ann 5 4 2 7 5 4 8.024593175387498e-17 28 0
tr 5 4 2 7 5 4 100.66404307649634 2 2
tr 5 4 2 7 5 4 3822.9617053790953 3 1
tr 5 4 2 7 5 4 1.3223812485398194e7 5 1
ann 5 4 2 7 5 5 5.675282187413941e-17 28 0
tr 5 4 2 7 5 5 3584.0265987928933 3 1
tr 5 4 2 7 5 5 3870.7487266963326 4 2
tr 5 4 2 7 5 5 3.1737149964955617e7 5 1
ann 5 4 2 7 6 1 3.952695300644876e-19 30 0
tr 5 4 2 7 6 1 7298.3814375419015 2 1
tr 5 4 2 7 6 1 9050.57221917398 3 2
tr 5 4 2 7 6 1 1.7246368173203748e6 4 1
ann 5 4 2 7 6 2 4.823659709602298e-19 30 0
tr 5 4 2 7 6 2 17516.11545010056 2 1
tr 5 4 2 7 6 2 6950.839464325619 3 2
ann 5 4 2 7 6 3 5.35451358791766e-19 30 0
tr 5 4 2 7 6 3 26274.173175150852 2 1
tr 5 4 2 7 6 3 1303.2823995610527 3 2
tr 5 4 2 7 6 3 1.9162631303559847e6 4 1
ann 5 4 2 7 6 4 5.215427896924362e-19 30 0
tr 5 4 2 7 6 4 21895.1443126257 2 1
tr 5 4 2 7 6 4 1737.709866081404 3 2
tr 5 4 2 7 6 4 4.599031512854352e6 4 1
ann 5 4 2 7 6 5 4.2591274764812337e-19 30 0
tr 5 4 2 7 6 5 14336.106395171606 3 2
tr 5 4 2 7 6 5 1.806762380049921e6 4 1
tr 5 4 2 7 6 5 245281.68068556453 5 2
tr 5 4 2 7 6 5 9.652337991576298e8 6 1
ann 5 4 2 7 6 6 2.9880085283571e-19 30 0
tr 5 4 2 7 6 6 4.818033013466437e6 4 1
tr 5 4 2 7 6 6 3.3113026892551235e6 5 2
tr 5 4 2 7 6 6 1.3573600300654144e9 6 1
ann 5 4 2 8 1 1 2.9598687119144147e-11 20 0
tr 5 4 2 8 1 1 252.16734213179024 3 1
tr 5 4 2 8 1 1 14.121371159380248 4 2
tr 5 4 2 8 1 1 9363.850573744648 5 1
ann 5 4 2 8 2 1 2.6780148736720175e-12 22 0
tr 5 4 2 8 2 1 13.187245503746867 2 1
tr 5 4 2 8 2 1 0.16353231031432178 3 2
tr 5 4 2 8 2 1 137.96544590743147 4 1
ann 5 4 2 8 2 2 3.011983082826257e-12 22 0
tr 5 4 2 8 2 2 4.945217063905072 2 1
tr 5 4 2 8 2 2 1.9623877237718539 3 2
tr 5 4 2 8 2 2 306.5898797942914 4 1
ann 5 4 2 8 3 1 1.4841290828908791e-13 24 0
tr 5 4 2 8 3 1 0.009129995232269466 2 2
tr 5 4 2 8 3 1 164.75909397174703 3 1
tr 5 4 2 8 3 1 6.778659866266145 4 2
tr 5 4 2 8 3 1 96131.47659456934 5 1
ann 5 4 2 8 3 2 1.594034441965413e-13 24 0
tr 5 4 2 8 3 2 0.08764795422978676 2 2
tr 5 4 2 8 3 2 12.356932047880957 3 1
tr 5 4 2 8 3 2 21.183312082081727 4 2
tr 5 4 2 8 3 2 249557.10527524765 5 1
ann 5 4 2 8 3 3 1.2473402958884015e-13 24 0
tr 5 4 2 8 3 3 0.04930197425425495 2 2
tr 5 4 2 8 3 3 222.42477686185782 3 1
tr 5 4 2 8 3 3 70.61104027360562 4 2
tr 5 4 2 8 3 3 175469.8396466584 5 1
ann 5 4 2 8 4 1 4.282899310675407e-15 26 0
tr 5 4 2 8 4 1 23.806630156236135 2 1
tr 5 4 2 8 4 1 3.0230641468236357 3 2
tr 5 4 2 8 4 1 10998.952583551156 4 1
ann 5 4 2 8 4 2 5.5640429940679015e-15 26 0
tr 5 4 2 8 4 2 6.270058971189782 2 1
tr 5 4 2 8 4 2 21.2874100338831 3 2
tr 5 4 2 8 4 2 3696.870173915809 4 1
ann 5 4 2 8 4 3 4.7117215431444e-15 26 0
tr 5 4 2 8 4 3 51.434077498040956 2 1
tr 5 4 2 8 4 3 5.290362256941356 3 2
tr 5 4 2 8 4 3 2138.6852245793875 4 1
ann 5 4 2 8 4 4 3.285077710462864e-15 26 0
tr 5 4 2 8 4 4 16.458904799373084 2 1
tr 5 4 2 8 4 4 26.451811284706768 3 2
tr 5 4 2 8 4 4 19248.16702121447 4 1
ann 5 4 2 8 5 1 7.39331125222614e-17 28 0
tr 5 4 2 8 5 1 18.305959671302773 2 2
tr 5 4 2 8 5 1 981.7419169711147 3 1
tr 5 4 2 8 5 1 167.25186795343524 4 2
tr 5 4 2 8 5 1 1.182647008457378e6 5 1
ann 5 4 2 8 5 2 9.428001171910025e-17 28 0
tr 5 4 2 8 5 2 12.013286034292431 2 2
tr 5 4 2 8 5 2 44.60049812091628 3 1
tr 5 4 2 8 5 2 936.610460539237 4 2
tr 5 4 2 8 5 2 620889.6794401248 5 1
ann 5 4 2 8 5 3 1.0022901509384824e-16 28 0
tr 5 4 2 8 5 3 1806.3201738971006 3 1
tr 5 4 2 8 5 3 780.5087171160311 4 2
ann 5 4 2 8 5 4 8.043575202727436e-17 28 0
tr 5 4 2 8 5 4 24.02657206858486 2 2
tr 5 4 2 8 5 4 1784.019924836641 3 1
tr 5 4 2 8 5 4 886985.2563430321 5 1
ann 5 4 2 8 5 5 5.688706948918081e-17 28 0
tr 5 4 2 8 5 5 1672.518679534347 3 1
tr 5 4 2 8 5 5 1806.3201738970988 4 2
tr 5 4 2 8 5 5 2.128764615223274e6 5 1
ann 5 4 2 8 6 1 6.533565133916867e-19 30 0
tr 5 4 2 8 6 1 1855.8199691600832 2 1
tr 5 4 2 8 6 1 2301.3640490576427 3 2
tr 5 4 2 8 6 1 76381.61516354946 4 1
ann 5 4 2 8 6 2 7.973216372054798e-19 30 0
tr 5 4 2 8 6 2 4453.9679259842005 2 1
tr 5 4 2 8 6 2 1767.4475896762697 3 2
ann 5 4 2 8 6 3 8.850685570826103e-19 30 0
tr 5 4 2 8 6 3 6680.951888976302 2 1
tr 5 4 2 8 6 3 331.3964230643004 3 2
tr 5 4 2 8 6 3 84868.46129283332 4 1
ann 5 4 2 8 6 4 8.620785376917374e-19 30 0
tr 5 4 2 8 6 4 5567.459907480248 2 1
tr 5 4 2 8 6 4 441.8618974190673 3 2
tr 5 4 2 8 6 4 203684.3071027995 4 1
ann 5 4 2 8 6 5 7.040078899501661e-19 30 0
tr 5 4 2 8 6 5 3645.3606537073115 3 2
tr 5 4 2 8 6 5 80018.83493324253 4 1
tr 5 4 2 8 6 5 10863.163045482597 5 2
tr 5 4 2 8 6 5 2.353209268986566e7 6 1
ann 5 4 2 8 6 6 4.938996509135404e-19 30 0
tr 5 4 2 8 6 6 213383.55982197923 4 1
tr 5 4 2 8 6 6 146652.70111401516 5 2
tr 5 4 2 8 6 6 3.309200534512351e7 6 1
ann 5 4 2 8 7 1 2.1463744507223858e-21 32 0
tr 5 4 2 8 7 1 80448.22893383121 3 1
tr 5 4 2 8 7 1 72081.61312471282 4 2
tr 5 4 2 8 7 1 1.984672513616371e7 5 1
ann 5 4 2 8 7 2 2.5503043281368067e-21 32 0
tr 5 4 2 8 7 2 160896.45786766234 3 1
tr 5 4 2 8 7 2 60068.01093726066 4 2
tr 5 4 2 8 7 2 471979.1946769152 5 1
ann 5 4 2 8 7 3 2.8429974896150936e-21 32 0
tr 5 4 2 8 7 3 241344.68680149404 3 1
tr 5 4 2 8 7 3 24027.204374904213 4 2
tr 5 4 2 8 7 3 1.1964672585059622e7 5 1
ann 5 4 2 8 7 4 2.938678844760562e-21 32 0
tr 5 4 2 8 7 4 265479.1554816431 3 1
tr 5 4 2 8 7 4 4.450089549810828e7 5 1
ann 5 4 2 8 7 5 2.7597870595233817e-21 32 0
tr 5 4 2 8 7 5 176986.1036544284 3 1
tr 5 4 2 8 7 5 37757.03544627812 4 2
tr 5 4 2 8 7 5 5.208458977257747e7 5 1
ann 5 4 2 8 7 6 2.271115050268839e-21 32 0
tr 5 4 2 8 7 6 122710.36520040386 4 2
tr 5 4 2 8 7 6 8.677674622131066e6 5 1
tr 5 4 2 8 7 6 7.133353193017698e6 6 2
tr 5 4 2 8 7 6 1.6365715442898748e10 7 1
ann 5 4 2 8 7 7 1.5326058929899946e-21 32 0
tr 5 4 2 8 7 7 7.592965294364697e7 5 1
tr 5 4 2 8 7 7 3.432926224139767e7 6 2
tr 5 4 2 8 7 7 1.7041984676076336e10 7 1
ann 5 4 2 9 8 2 1.0030053207200693e-23 34 0
tr 5 4 2 9 8 2 1.327095946857653e6 4 1
tr 5 4 2 9 8 2 405367.4892219742 5 2
tr 5 4 2 9 8 2 1.264691682107578e7 6 1
ann 5 4 2 9 8 4 1.1832414952269492e-23 34 0
tr 5 4 2 9 8 4 2.335688866469477e6 4 1
tr 5 4 2 9 8 4 33973.656239555996 5 2
tr 5 4 2 9 8 4 2.8340761965562385e8 6 1
ann 5 4 2 9 8 6 1.0771827964818294e-23 34 0
tr 5 4 2 9 8 6 1.2651648026709626e6 4 1
tr 5 4 2 9 8 6 386450.33972494904 5 2
tr 5 4 2 9 8 6 3.767727302945466e8 6 1
ann 5 4 2 9 8 8 5.6305081290067445e-24 34 0
tr 5 4 2 9 8 8 8.289000066479977e8 6 1
tr 5 4 2 9 8 8 2.569167112442138e8 7 2
tr 5 4 2 9 8 8 1.5181764345564697e11 8 1
ann 5 4 2 11 10 2 6.885931838558687e-29 38 0
tr 5 4 2 11 10 2 4.631781851157018e7 6 1
tr 5 4 2 11 10 2 9.216300622200191e6 7 2
tr 5 4 2 11 10 2 1.1622213139273968e9 8 1
ann 5 4 2 11 10 4 8.351295398025022e-29 38 0
tr 5 4 2 11 10 4 8.06426304442516e7 6 1
tr 5 4 2 11 10 4 3.209247538087565e6 7 2
tr 5 4 2 11 10 4 4.647750273957669e9 8 1
ann 5 4 2 11 10 6 8.630020739592618e-29 38 0
tr 5 4 2 11 10 6 8.601880580720179e7 6 1
tr 5 4 2 11 10 6 518666.2687818334 7 2
tr 5 4 2 11 10 6 1.8177867738145603e10 8 1
ann 5 4 2 11 10 8 7.114359635128755e-29 38 0
tr 5 4 2 11 10 8 3.323453860732796e7 6 1
tr 5 4 2 11 10 8 1.2717297936477516e7 7 2
tr 5 4 2 11 10 8 6.74261704745449e9 8 1
ann 5 4 2 11 10 10 3.2311530659034925e-29 38 0
tr 5 4 2 11 10 10 3.999262972995862e10 8 1
tr 5 4 2 11 10 10 6.483015766751187e9 9 2
tr 5 4 2 11 10 10 5.176014479736378e12 10 1
ann 5 4 2 13 12 2 1.8706935451422654e-34 42 0
tr 5 4 2 13 12 2 6.894904221634657e8 8 1
tr 5 4 2 13 12 2 9.383162704218113e7 9 2
tr 5 4 2 13 12 2 2.7299107902375156e10 10 1
ann 5 4 2 13 12 4 2.307963243183096e-34 42 0
tr 5 4 2 13 12 4 1.1440433671453094e9 8 1
tr 5 4 2 13 12 4 5.05490246691883e7 9 2
tr 5 4 2 13 12 4 2.7919542172884182e10 10 1
ann 5 4 2 13 12 6 2.5275570448166963e-34 42 0
tr 5 4 2 13 12 6 1.420768142639873e9 8 1
tr 5 4 2 13 12 6 2.9746156824561036e6 9 2
tr 5 4 2 13 12 6 2.0482785195962018e11 10 1
ann 5 4 2 13 12 8 2.3960912333185853e-34 42 0
tr 5 4 2 13 12 8 1.1865755916552806e9 8 1
tr 5 4 2 13 12 8 3.2295827409523256e7 9 2
tr 5 4 2 13 12 8 2.7780762617101465e11 10 1
ann 5 4 2 13 12 10 1.8115169501820758e-34 42 0
tr 5 4 2 13 12 10 3.806930023227356e8 8 1
tr 5 4 2 13 12 10 1.493286235491804e8 9 2
tr 5 4 2 13 12 10 3.1918956932008232e10 10 1
ann 5 4 2 13 12 12 7.268918838230289e-35 42 0
tr 5 4 2 13 12 12 7.2648875933789e11 10 1
tr 5 4 2 13 12 12 6.872014584825719e10 11 2
tr 5 4 2 13 12 12 7.041786814736978e13 12 1
ann 5 4 2 15 14 2 2.3568207909485218e-40 46 0
tr 5 4 2 15 14 2 4.93633416002381e9 10 1
tr 5 4 2 15 14 2 4.8423256402676845e8 11 2
tr 5 4 2 15 14 2 2.5771383521531543e11 12 1
ann 5 4 2 15 14 4 2.9307825915328373e-40 46 0
tr 5 4 2 15 14 4 7.802263703343422e9 10 1
tr 5 4 2 15 14 4 3.2053856153393155e8 11 2
tr 5 4 2 15 14 4 6.4364848975854324e10 12 1
ann 5 4 2 15 14 6 3.319274820322756e-40 46 0
tr 5 4 2 15 14 6 1.013627421289056e10 10 1
tr 5 4 2 15 14 6 8.522774580727278e7 11 2
tr 5 4 2 15 14 6 9.674474049497129e11 12 1
ann 5 4 2 15 14 8 3.380859991311144e-40 46 0
tr 5 4 2 15 14 8 1.045303278204339e10 10 1
tr 5 4 2 15 14 8 1.2063486079338294e7 11 2
tr 5 4 2 15 14 8 2.048357457726133e12 12 1
ann 5 4 2 15 14 10 2.99503106684333e-40 46 0
tr 5 4 2 15 14 10 7.542580517239169e9 10 1
tr 5 4 2 15 14 10 3.245148302044187e8 11 2
tr 5 4 2 15 14 10 1.6326522513390085e12 12 1
ann 5 4 2 15 14 12 2.1038374330520747e-40 46 0
tr 5 4 2 15 14 12 2.1502970772830915e9 10 1
tr 5 4 2 15 14 12 8.136050385839378e8 11 2
tr 5 4 2 15 14 12 1.860587468246746e10 12 1
tr 5 4 2 15 14 12 1.003938049591371e15 14 1
ann 5 4 2 15 14 14 7.641884375107248e-41 46 0
tr 5 4 2 15 14 14 5.99109164775444e12 12 1
tr 5 4 2 15 14 14 3.5811983644951764e11 13 2
tr 5 4 2 15 14 14 4.530765845705939e14 14 1
ann 5 4 3 5 4 3 2.284045593634345e-15 26 0
ann 5 4 3 5 4 4 7.123501748242795e-15 26 0
tr 5 4 3 5 4 4 17999.999999999967 2 1
tr 5 4 3 5 4 4 11571.428571428562 3 2
ann 5 4 3 6 1 1 7.763954529703329e-11 20 0
tr 5 4 3 6 1 1 58157.365552559895 3 1
tr 5 4 3 6 1 1 1809.3402616352046 4 2
tr 5 4 3 6 1 1 8.438880453388114e6 5 1
ann 5 4 3 6 2 1 6.101875672204327e-12 22 0
tr 5 4 3 6 2 1 800.0171268989387 2 1
tr 5 4 3 6 2 1 15.873355692439278 3 2
tr 5 4 3 6 2 1 1.813749857348682e6 4 1
ann 5 4 3 6 2 2 8.518721820700468e-12 22 0
tr 5 4 3 6 2 2 800.0171268989387 2 1
tr 5 4 3 6 2 2 158.73355692439287 3 2
tr 5 4 3 6 2 2 1.3058998972910496e6 4 1
ann 5 4 3 6 3 1 2.1882712332565282e-13 24 0
tr 5 4 3 6 3 1 4.827799625550042 2 2
tr 5 4 3 6 3 1 21657.350857310284 3 1
tr 5 4 3 6 3 1 4455.226462075251 4 2
tr 5 4 3 6 3 1 5.373896763556585e7 5 1
ann 5 4 3 6 3 2 3.775468909218791e-13 24 0
tr 5 4 3 6 3 2 0.4827799625550048 2 2
tr 5 4 3 6 3 2 21657.35085731027 3 1
tr 5 4 3 6 3 2 22276.132310376237 4 2
tr 5 4 3 6 3 2 4.7393695946818314e7 5 1
ann 5 4 3 6 3 3 3.6322479849073424e-13 24 0
tr 5 4 3 6 3 3 4.345019662995039 2 2
tr 5 4 3 6 3 3 97458.078857896 3 1
tr 5 4 3 6 3 3 18563.443591980224 4 2
tr 5 4 3 6 3 3 1.7625754690965522e7 5 1
ann 5 4 3 6 4 1 4.091496364973857e-15 26 0
tr 5 4 3 6 4 1 4120.873000898817 2 1
tr 5 4 3 6 4 1 2943.4807149277303 3 2
tr 5 4 3 6 4 1 506630.1073436151 4 1
ann 5 4 3 6 4 2 6.76116864424928e-15 26 0
tr 5 4 3 6 4 2 5723.434723470584 2 1
tr 5 4 3 6 4 2 588.6961429855454 3 2
tr 5 4 3 6 4 2 506630.1073436155 4 1
ann 5 4 3 6 4 3 1.024683662222346e-14 26 0
tr 5 4 3 6 4 3 534.1872408572538 2 1
tr 5 4 3 6 4 3 686.8121668164696 3 2
tr 5 4 3 6 4 3 3.19176967626478e6 4 1
ann 5 4 3 6 4 4 7.98948139410241e-15 26 0
tr 5 4 3 6 4 4 6410.246890287048 2 1
tr 5 4 3 6 4 4 4120.87300089882 3 2
tr 5 4 3 6 4 4 3.546410751405316e6 4 1
ann 5 4 3 6 5 1 3.5585155000049045e-17 28 0
tr 5 4 3 6 5 1 223.43535457091073 2 2
tr 5 4 3 6 5 1 267093.6204286278 3 1
tr 5 4 3 6 5 1 139065.27344631022 4 2
ann 5 4 3 6 5 2 5.2754864252989675e-17 28 0
tr 5 4 3 6 5 2 797.9834091818248 2 2
tr 5 4 3 6 5 2 302853.2621719645 3 1
tr 5 4 3 6 5 2 39732.93527037426 4 2
ann 5 4 3 6 5 3 7.569848283567059e-17 28 0
tr 5 4 3 6 5 3 1149.0961092218279 2 2
tr 5 4 3 6 5 3 111252.21875704823 3 1
tr 5 4 3 6 5 3 5297.724702716562 4 2
ann 5 4 3 6 5 4 9.468226758308386e-17 28 0
tr 5 4 3 6 5 4 383.0320364072758 2 2
tr 5 4 3 6 5 4 18542.036459507963 3 1
tr 5 4 3 6 5 4 119198.80581112315 4 2
tr 5 4 3 6 5 4 5.968414788240343e7 5 1
ann 5 4 3 6 5 5 7.544763580631054e-17 28 0
tr 5 4 3 6 5 5 957.5800910181898 2 2
tr 5 4 3 6 5 5 463550.91148770123 3 1
tr 5 4 3 6 5 5 214557.85046002147 4 2
ann 5 4 3 7 1 1 4.926315495465599e-11 20 0
tr 5 4 3 7 1 1 2004.3987015311252 3 1
tr 5 4 3 7 1 1 62.35907071430194 4 2
tr 5 4 3 7 1 1 8360.819763264946 5 1
ann 5 4 3 7 2 1 4.0001064832584864e-12 22 0
tr 5 4 3 7 2 1 51.693083287344926 2 1
tr 5 4 3 7 2 1 1.0256564144314482 3 2
tr 5 4 3 7 2 1 7021.25068148161 4 1
ann 5 4 3 7 2 2 5.584478636443327e-12 22 0
tr 5 4 3 7 2 2 51.693083287344926 2 1
tr 5 4 3 7 2 2 10.256564144314487 3 2
tr 5 4 3 7 2 2 5055.300490666752 4 1
ann 5 4 3 7 3 1 1.5613921793175468e-13 24 0
tr 5 4 3 7 3 1 0.4793525860785543 2 2
tr 5 4 3 7 3 1 437.0919549816771 3 1
tr 5 4 3 7 3 1 89.91605931051627 4 2
tr 5 4 3 7 3 1 1.2038124247654185e6 5 1
ann 5 4 3 7 3 2 2.693901719668213e-13 24 0
tr 5 4 3 7 3 2 0.047935258607855497 2 2
tr 5 4 3 7 3 2 437.09195498167696 3 1
tr 5 4 3 7 3 2 449.5802965525811 4 2
tr 5 4 3 7 3 2 1.0616713075555083e6 5 1
ann 5 4 3 7 3 3 2.591709619100798e-13 24 0
tr 5 4 3 7 3 3 0.431417327470699 2 2
tr 5 4 3 7 3 3 1966.913797417542 3 1
tr 5 4 3 7 3 3 374.6502471271514 4 2
tr 5 4 3 7 3 3 394836.43669419806 5 1
ann 5 4 3 7 4 1 3.5390230180847324e-15 26 0
tr 5 4 3 7 4 1 193.0347416949857 2 1
tr 5 4 3 7 4 1 137.88195835356143 3 2
tr 5 4 3 7 4 1 5701.860498079606 4 1
ann 5 4 3 7 4 2 5.848210366815948e-15 26 0
tr 5 4 3 7 4 2 268.1038079097026 2 1
tr 5 4 3 7 4 2 27.576391670712255 3 2
tr 5 4 3 7 4 2 5701.860498079609 4 1
ann 5 4 3 7 4 3 8.86320977132948e-15 26 0
tr 5 4 3 7 4 3 25.023022071572207 2 1
tr 5 4 3 7 4 3 32.1724569491643 3 2
tr 5 4 3 7 4 3 35921.721137901564 4 1
ann 5 4 3 7 4 4 6.910664477679325e-15 26 0
tr 5 4 3 7 4 4 300.2762648588667 2 1
tr 5 4 3 7 4 4 193.03474169498585 3 2
tr 5 4 3 7 4 4 39913.02348655735 4 1
ann 5 4 3 7 5 1 4.9339535697147463e-17 28 0
tr 5 4 3 7 5 1 16.777340512749383 2 2
tr 5 4 3 7 5 1 4818.524649488242 3 1
tr 5 4 3 7 5 1 2508.818619155032 4 2
tr 5 4 3 7 5 1 2.2039687475663717e6 5 1
ann 5 4 3 7 5 2 7.314568418588544e-17 28 0
tr 5 4 3 7 5 2 59.919073259819285 2 2
tr 5 4 3 7 5 2 5463.649437270959 3 1
tr 5 4 3 7 5 2 716.805319758579 4 2
tr 5 4 3 7 5 2 2.2039687475663717e6 5 1
ann 5 4 3 7 5 3 1.0495747430598768e-16 28 0
tr 5 4 3 7 5 3 86.28346549413975 2 2
tr 5 4 3 7 5 3 2007.0548953240266 3 1
tr 5 4 3 7 5 3 95.57404263447711 4 2
tr 5 4 3 7 5 3 1.5868574982477821e7 5 1
ann 5 4 3 7 5 4 1.3127887479001606e-16 28 0
tr 5 4 3 7 5 4 28.761155164713248 2 2
tr 5 4 3 7 5 4 334.50914922066977 3 1
tr 5 4 3 7 5 4 2150.415959275744 4 2
tr 5 4 3 7 5 4 2.6447624970796384e7 5 1
ann 5 4 3 7 5 5 1.046096700991757e-16 28 0
tr 5 4 3 7 5 5 71.90288791178315 2 2
tr 5 4 3 7 5 5 8362.728730516783 3 1
tr 5 4 3 7 5 5 3870.748726696334 4 2
tr 5 4 3 7 5 5 1.8513337479557455e7 5 1
ann 5 4 3 7 6 1 2.653903702353378e-19 30 0
tr 5 4 3 7 6 1 521.3129598244235 2 1
tr 5 4 3 7 6 1 2989.274710104326 3 2
tr 5 4 3 7 6 1 4.626406700430849e6 4 1
ann 5 4 3 7 6 2 3.711749993669182e-19 30 0
tr 5 4 3 7 6 2 3336.4029428763056 2 1
tr 5 4 3 7 6 2 6992.213508756142 3 2
tr 5 4 3 7 6 2 4.927533763772513e6 4 1
ann 5 4 3 7 6 3 4.983040168044721e-19 30 0
tr 5 4 3 7 6 3 11260.359932207519 2 1
tr 5 4 3 7 6 3 10053.892796613849 3 2
tr 5 4 3 7 6 3 2.737518757651392e6 4 1
ann 5 4 3 7 6 4 6.271439117155334e-19 30 0
tr 5 4 3 7 6 4 25023.022071572235 2 1
tr 5 4 3 7 6 4 7757.63333072057 3 2
tr 5 4 3 7 6 4 164251.12545908347 4 1
ann 5 4 3 7 6 5 7.021110518503857e-19 30 0
tr 5 4 3 7 6 5 34406.65534841191 2 1
tr 5 4 3 7 6 5 682.671733103409 3 2
tr 5 4 3 7 6 5 1.806762380049921e6 4 1
ann 5 4 3 7 6 6 6.014955777114539e-19 30 0
tr 5 4 3 7 6 6 12288.091195861378 3 2
tr 5 4 3 7 6 6 8.431557773566287e6 4 1
tr 5 4 3 7 6 6 2.575457647198431e6 5 2
tr 5 4 3 7 6 6 6.334346806971954e8 6 1
ann 5 4 3 8 1 1 3.3163609675404325e-11 20 0
tr 5 4 3 8 1 1 353.03427898450605 3 1
tr 5 4 3 8 1 1 10.983288679518015 4 2
tr 5 4 3 8 1 1 4681.925286872318 5 1
ann 5 4 3 8 2 1 2.7489444908311746e-12 22 0
tr 5 4 3 8 2 1 11.538839815778495 2 1
tr 5 4 3 8 2 1 0.22894523444004977 3 2
tr 5 4 3 8 2 1 298.07349424445033 4 1
ann 5 4 3 8 2 2 3.837753277650958e-12 22 0
tr 5 4 3 8 2 2 11.538839815778495 2 1
tr 5 4 3 8 2 2 2.289452344400499 3 2
tr 5 4 3 8 2 2 214.612915856004 4 1
ann 5 4 3 8 3 1 1.1296014040345094e-13 24 0
tr 5 4 3 8 3 1 0.1278199332517723 2 2
tr 5 4 3 8 3 1 57.66568289011142 3 1
tr 5 4 3 8 3 1 11.862654765965756 4 2
tr 5 4 3 8 3 1 249661.08740244596 5 1
ann 5 4 3 8 3 2 1.9489243052540178e-13 24 0
tr 5 4 3 8 3 2 0.012781993325177245 2 2
tr 5 4 3 8 3 2 57.6656828901114 3 1
tr 5 4 3 8 3 2 59.313273829828724 4 2
tr 5 4 3 8 3 2 220182.15434180747 5 1
ann 5 4 3 8 3 3 1.8749926289266642e-13 24 0
tr 5 4 3 8 3 3 0.11503793992659508 2 2
tr 5 4 3 8 3 3 259.49557300550066 3 1
tr 5 4 3 8 3 3 49.42772819152401 4 2
tr 5 4 3 8 3 3 81885.92516844094 5 1
ann 5 4 3 8 4 1 2.8512809820067106e-15 26 0
tr 5 4 3 8 4 1 37.03253579858946 2 1
tr 5 4 3 8 4 1 26.451811284706796 3 2
tr 5 4 3 8 4 1 2138.685224579387 4 1
ann 5 4 3 8 4 2 4.711721543144399e-15 26 0
tr 5 4 3 8 4 2 51.434077498040956 2 1
tr 5 4 3 8 4 2 5.290362256941354 3 2
tr 5 4 3 8 4 2 2138.6852245793875 4 1
ann 5 4 3 8 4 3 7.14081295399834e-15 26 0
tr 5 4 3 8 4 3 4.80051389981715 2 1
tr 5 4 3 8 4 3 6.172089299764911 3 2
tr 5 4 3 8 4 3 13473.716914850156 4 1
ann 5 4 3 8 4 4 5.5677078427533016e-15 26 0
tr 5 4 3 8 4 4 57.60616679780582 2 1
tr 5 4 3 8 4 4 37.03253579858948 3 2
tr 5 4 3 8 4 4 14970.796572055748 4 1
ann 5 4 3 8 5 1 4.945624744801158e-17 28 0
tr 5 4 3 8 5 1 4.004428678097475 2 2
tr 5 4 3 8 5 1 2248.6084469295192 3 1
tr 5 4 3 8 5 1 1170.7630756740464 4 2
tr 5 4 3 8 5 1 147830.87605717246 5 1
ann 5 4 3 8 5 2 7.3318708961034e-17 28 0
tr 5 4 3 8 5 2 14.301530993205285 2 2
tr 5 4 3 8 5 2 2549.661809245701 3 1
tr 5 4 3 8 5 2 334.5037359068696 4 2
tr 5 4 3 8 5 2 147830.87605717246 5 1
ann 5 4 3 8 5 3 1.0520574917039155e-16 28 0
tr 5 4 3 8 5 3 20.59420463021561 2 2
tr 5 4 3 8 5 3 936.6104605392374 3 1
tr 5 4 3 8 5 3 44.6004981209159 4 2
tr 5 4 3 8 5 3 1.0643823076116377e6 5 1
ann 5 4 3 8 5 4 1.315894122683894e-16 28 0
tr 5 4 3 8 5 4 6.864734876738534 2 2
tr 5 4 3 8 5 4 156.10174342320556 3 1
tr 5 4 3 8 5 4 1003.5112077206119 4 2
tr 5 4 3 8 5 4 1.7739705126860642e6 5 1
ann 5 4 3 8 5 5 1.0485712241016801e-16 28 0
tr 5 4 3 8 5 5 17.16183719184634 2 2
tr 5 4 3 8 5 5 3902.543585580158 3 1
tr 5 4 3 8 5 5 1806.320173897099 4 2
tr 5 4 3 8 5 5 1.2417793588802442e6 5 1
ann 5 4 3 8 6 1 4.386741544080164e-19 30 0
tr 5 4 3 8 6 1 132.55856922572073 2 1
tr 5 4 3 8 6 1 760.1076687744685 3 2
tr 5 4 3 8 6 1 204896.7136926963 4 1
ann 5 4 3 8 6 2 6.135297183206408e-19 30 0
tr 5 4 3 8 6 2 848.3748430446112 2 1
tr 5 4 3 8 6 2 1777.9681110433937 3 2
tr 5 4 3 8 6 2 218233.18618157055 4 1
ann 5 4 3 8 6 3 8.236662586926762e-19 30 0
tr 5 4 3 8 6 3 2863.2650952755616 2 1
tr 5 4 3 8 6 3 2556.486692210321 3 2
tr 5 4 3 8 6 3 121240.65898976121 4 1
ann 5 4 3 8 6 4 1.0366307750577175e-18 30 0
tr 5 4 3 8 6 4 6362.811322834572 2 1
tr 5 4 3 8 6 4 1972.5977563351257 3 2
tr 5 4 3 8 6 4 7274.439539385672 4 1
ann 5 4 3 8 6 5 1.160546901497228e-18 30 0
tr 5 4 3 8 6 5 8748.865568897556 2 1
tr 5 4 3 8 6 5 173.5886025574908 3 2
tr 5 4 3 8 6 5 80018.83493324253 4 1
ann 5 4 3 8 6 6 9.9423563831751e-19 30 0
tr 5 4 3 8 6 6 3124.594846034838 3 2
tr 5 4 3 8 6 6 373421.2296884646 4 1
tr 5 4 3 8 6 6 114063.21197756742 5 2
tr 5 4 3 8 6 6 1.5442935827724358e7 6 1
ann 5 4 3 8 7 1 1.4045841580927746e-21 32 0
tr 5 4 3 8 7 1 9194.083306723584 3 1
tr 5 4 3 8 7 1 28603.814732028906 4 2
tr 5 4 3 8 7 1 5.781745134792089e7 5 1
tr 5 4 3 8 7 1 1.5399063850941004e7 6 2
ann 5 4 3 8 7 2 1.915737243667203e-21 32 0
tr 5 4 3 8 7 2 34477.81240021326 3 1
tr 5 4 3 8 7 2 54919.324285495386 4 2
tr 5 4 3 8 7 2 5.996495668370063e7 5 1
ann 5 4 3 8 7 3 2.4974723489424456e-21 32 0
tr 5 4 3 8 7 3 91940.83306723586 3 1
tr 5 4 3 8 7 3 77230.29977647804 4 2
tr 5 4 3 8 7 3 4.0472215943544686e7 5 1
ann 5 4 3 8 7 4 3.093692649826545e-21 32 0
tr 5 4 3 8 7 4 189627.96820117364 3 1
tr 5 4 3 8 7 4 75514.07089255612 4 2
tr 5 4 3 8 7 4 1.0902719397036454e7 5 1
ann 5 4 3 8 7 5 3.5925660199486996e-21 32 0
tr 5 4 3 8 7 5 303404.7491218775 3 1
tr 5 4 3 8 7 5 37757.03544627815 4 2
tr 5 4 3 8 7 5 1.557531342433794e6 5 1
ann 5 4 3 8 7 6 3.797586639981298e-21 32 0
tr 5 4 3 8 7 6 328688.4782153674 3 1
tr 5 4 3 8 7 6 4.218314052424827e7 5 1
ann 5 4 3 8 7 7 3.3892230311181146e-21 32 0
tr 5 4 3 8 7 7 122710.36520040386 4 2
tr 5 4 3 8 7 7 1.0630151412110588e8 5 1
tr 5 4 3 8 7 7 2.1845894153616685e7 6 2
tr 5 4 3 8 7 7 6.627438485140817e9 7 1
ann 5 4 3 9 8 2 7.221410079943425e-24 34 0
tr 5 4 3 9 8 2 303336.21642460726 4 1
tr 5 4 3 9 8 2 348423.0085931737 5 2
tr 5 4 3 9 8 2 5.454641572673308e8 6 1
ann 5 4 3 9 8 4 1.1476868284630032e-23 34 0
tr 5 4 3 9 8 4 1.3346793522682744e6 4 1
tr 5 4 3 9 8 4 513851.5506232842 5 2
tr 5 4 3 9 8 4 1.811407357185312e8 6 1
ann 5 4 3 9 8 6 1.4893060007413635e-23 34 0
tr 5 4 3 9 8 6 2.8918052632479183e6 4 1
tr 5 4 3 9 8 6 124216.18062587644 5 2
tr 5 4 3 9 8 6 9.89028417023184e7 6 1
ann 5 4 3 9 8 8 1.3671926520441227e-23 34 0
tr 5 4 3 9 8 8 920119.8564879737 5 2
tr 5 4 3 9 8 8 9.670500077559996e8 6 1
tr 5 4 3 9 8 8 1.3833976759303862e8 7 2
tr 5 4 3 9 8 8 5.0605881151882355e10 8 1
ann 5 4 3 11 10 2 4.474224547562798e-29 38 0
tr 5 4 3 11 10 2 1.1343139227323325e7 6 1
tr 5 4 3 11 10 2 7.347178429687639e6 7 2
tr 5 4 3 11 10 2 2.0664612756519485e10 8 1
ann 5 4 3 11 10 4 7.049065937793663e-29 38 0
tr 5 4 3 11 10 4 3.686520248880084e7 6 1
tr 5 4 3 11 10 4 1.104133974413457e7 7 2
tr 5 4 3 11 10 4 1.1386988171196278e10 8 1
ann 5 4 3 11 10 6 9.643798563379492e-29 38 0
tr 5 4 3 11 10 6 8.192267219733505e7 6 1
tr 5 4 3 11 10 6 8.252350812225164e6 7 2
tr 5 4 3 11 10 6 2.1908587149968916e8 8 1
ann 5 4 3 11 10 8 1.106996999649305e-28 38 0
tr 5 4 3 11 10 8 1.139469895108388e8 6 1
tr 5 4 3 11 10 8 236178.39024887246 7 2
tr 5 4 3 11 10 8 1.2634513681793581e10 8 1
ann 5 4 3 11 10 10 9.340332226570972e-29 38 0
tr 5 4 3 11 10 10 2.4162866079307303e7 7 2
tr 5 4 3 11 10 10 3.499355101371383e10 8 1
tr 5 4 3 11 10 10 2.669477080426962e9 9 2
tr 5 4 3 11 10 10 1.341929679931651e12 10 1
ann 5 4 3 13 12 2 1.103843916747207e-34 42 0
tr 5 4 3 13 12 2 1.7510867864468956e8 8 1
tr 5 4 3 13 12 2 7.156523300598091e7 9 2
tr 5 4 3 13 12 2 3.218735441114428e11 10 1
ann 5 4 3 13 12 4 1.7206424935877899e-34 42 0
tr 5 4 3 13 12 4 4.669564763858398e8 8 1
tr 5 4 3 13 12 4 1.0505170519643101e8 9 2
tr 5 4 3 13 12 4 2.201921226034766e11 10 1
ann 5 4 3 13 12 6 2.4143925873636986e-34 42 0
tr 5 4 3 13 12 6 9.74241012095913e8 8 1
tr 5 4 3 13 12 6 1.0358036751409595e8 9 2
tr 5 4 3 13 12 6 4.969439878207732e10 10 1
ann 5 4 3 13 12 8 3.010755546871913e-34 42 0
tr 5 4 3 13 12 8 1.5821007888737063e9 8 1
tr 5 4 3 13 12 8 4.709808163888794e7 9 2
tr 5 4 3 13 12 8 2.312310800472168e10 10 1
ann 5 4 3 13 12 10 3.1917186343375443e-34 42 0
tr 5 4 3 13 12 10 1.7403108677610774e9 8 1
tr 5 4 3 13 12 10 1.8502817786705722e6 9 2
tr 5 4 3 13 12 10 3.168205842352826e11 10 1
ann 5 4 3 13 12 12 2.4516024594166607e-34 42 0
tr 5 4 3 13 12 12 2.7035881989516324e8 9 2
tr 5 4 3 13 12 12 5.0854213153652313e11 10 1
tr 5 4 3 13 12 12 2.2906715282752403e10 11 2
tr 5 4 3 13 12 12 1.4937123546411783e13 12 1
ann 5 4 3 15 14 2 1.2816873284088927e-40 46 0
tr 5 4 3 15 14 2 1.2821647168892992e9 10 1
tr 5 4 3 15 14 2 3.5871990268000275e8 11 2
tr 5 4 3 15 14 2 2.385656637023277e12 12 1
ann 5 4 3 15 14 4 1.966248203127862e-40 46 0
tr 5 4 3 15 14 4 2.9722909346070075e9 10 1
tr 5 4 3 15 14 4 5.108524917274717e8 11 2
tr 5 4 3 15 14 4 1.830930768776079e12 12 1
ann 5 4 3 15 14 6 2.7797262976398416e-40 46 0
tr 5 4 3 15 14 6 5.792156693080327e9 10 1
tr 5 4 3 15 14 6 5.593070818602257e8 11 2
tr 5 4 3 15 14 6 7.597544025020583e11 12 1
ann 5 4 3 15 14 8 3.6034952333447655e-40 46 0
tr 5 4 3 15 14 8 9.557058543582537e9 10 1
tr 5 4 3 15 14 8 4.1259994649926984e8 11 2
tr 5 4 3 15 14 8 1.2391298201060019e10 12 1
ann 5 4 3 15 14 10 4.204422537741791e-40 46 0
tr 5 4 3 15 14 10 1.2930138029552845e10 10 1
tr 5 4 3 15 14 10 1.1010324596221416e8 11 2
tr 5 4 3 15 14 10 6.999996527616005e11 12 1
ann 5 4 3 15 14 12 4.189646628700652e-40 46 0
tr 5 4 3 15 14 12 1.228741187018912e10 10 1
tr 5 4 3 15 14 12 6.780041988199481e7 11 2
tr 5 4 3 15 14 12 2.984692396979122e12 12 1
ann 5 4 3 15 14 14 2.9534630179253735e-40 46 0
tr 5 4 3 15 14 14 1.4916092374038846e9 11 2
tr 5 4 3 15 14 14 3.4948034611901e12 12 1
tr 5 4 3 15 14 14 1.0027355420586452e11 13 2
tr 5 4 3 15 14 14 8.132143825626028e13 14 1
ann 5 4 4 5 4 4 3.561750874121409e-15 26 0
ann 5 4 4 6 1 1 8.581210052897754e-11 20 0
tr 5 4 4 6 1 1 77543.15407007988 3 1
tr 5 4 4 6 1 1 1033.9087209343954 4 2
ann 5 4 4 6 2 1 6.519438360111425e-12 22 0
tr 5 4 4 6 2 1 190.48026830927122 3 2
tr 5 4 4 6 2 1 2.0313998402305213e6 4 1
tr 5 4 4 6 2 1 68944.47942600555 5 2
ann 5 4 4 6 2 2 1.051800528128951e-11 22 0
tr 5 4 4 6 2 2 1600.034253797878 2 1
tr 5 4 4 6 2 2 126.98684553951395 3 2
tr 5 4 4 6 2 2 580399.9543515774 4 1
ann 5 4 4 6 3 1 1.8096279759660862e-13 24 0
tr 5 4 4 6 3 1 64972.05257193066 3 1
tr 5 4 4 6 3 1 31186.585234526738 4 2
tr 5 4 4 6 3 1 5.26422540103501e7 5 1
ann 5 4 4 6 3 2 2.8871723124494924e-13 24 0
tr 5 4 4 6 3 2 3.8622397004400333 2 2
tr 5 4 4 6 3 2 108286.7542865511 3 1
tr 5 4 4 6 3 2 22276.132310376244 4 2
tr 5 4 4 6 3 2 2.1934272504312597e7 5 1
ann 5 4 4 6 3 3 5.867475002280894e-13 24 0
tr 5 4 4 6 3 3 5.793359550660043 2 2
tr 5 4 4 6 3 3 64972.05257193066 3 1
tr 5 4 4 6 3 3 7425.377436792076 4 2
tr 5 4 4 6 3 3 4.700201250924082e6 5 1
ann 5 4 4 6 4 1 3.0762303946898095e-15 26 0
tr 5 4 4 6 4 1 981.1602383092427 3 2
tr 5 4 4 6 4 1 3.546410751405316e6 4 1
tr 5 4 4 6 4 1 1.3373670173649658e6 5 2
tr 5 4 4 6 4 1 7.947308369708e8 6 1
ann 5 4 4 6 4 2 4.713980727827345e-15 26 0
tr 5 4 4 6 4 2 1831.4991115105843 2 1
tr 5 4 4 6 4 2 2943.4807149277262 3 2
tr 5 4 4 6 4 2 4.559670966092533e6 4 1
ann 5 4 4 6 4 3 7.98948139410242e-15 26 0
tr 5 4 4 6 4 3 6410.246890287048 2 1
tr 5 4 4 6 4 3 4120.8730008988205 3 2
tr 5 4 4 6 4 3 3.546410751405316e6 4 1
ann 5 4 4 6 4 4 1.597896278820483e-14 26 0
tr 5 4 4 6 4 4 8546.995853716062 2 1
tr 5 4 4 6 4 4 2747.2486672658797 3 2
tr 5 4 4 6 4 4 1.418564300562121e6 4 1
ann 5 4 4 6 5 1 2.2357047660291334e-17 28 0
tr 5 4 4 6 5 1 26488.623513582654 3 1
tr 5 4 4 6 5 1 79465.8705407486 4 2
tr 5 4 4 6 5 1 5.968414788240334e7 5 1
ann 5 4 4 6 5 2 3.5097809620380805e-17 28 0
tr 5 4 4 6 5 2 63.83867273454589 2 2
tr 5 4 4 6 5 2 123613.57639672032 3 1
tr 5 4 4 6 5 2 158931.74108149717 4 2
tr 5 4 4 6 5 2 6.963150586280395e7 5 1
ann 5 4 4 6 5 3 5.584771678468806e-17 28 0
tr 5 4 4 6 5 3 383.0320364072757 2 2
tr 5 4 4 6 5 3 296672.58335212787 3 1
tr 5 4 4 6 5 3 211908.98810866306 4 2
tr 5 4 4 6 5 3 5.968414788240334e7 5 1
ann 5 4 4 6 5 4 9.233682235975672e-17 28 0
tr 5 4 4 6 5 4 1149.0961092218279 2 2
tr 5 4 4 6 5 4 445008.87502819294 3 1
tr 5 4 4 6 5 4 190718.08929779677 4 2
ann 5 4 4 6 5 5 1.5989356857354258e-16 28 0
tr 5 4 4 6 5 5 1915.160182036378 2 2
tr 5 4 4 6 5 5 370840.7291901601 3 1
tr 5 4 4 6 5 5 95359.04464889821 4 2
ann 5 4 4 7 1 1 5.444873220203291e-11 20 0
tr 5 4 4 7 1 1 2672.531602041501 3 1
tr 5 4 4 7 1 1 35.63375469388657 4 2
ann 5 4 4 7 2 1 4.273841166600992e-12 22 0
tr 5 4 4 7 2 1 12.307876973177374 3 2
tr 5 4 4 7 2 1 7863.800763259393 4 1
tr 5 4 4 7 2 1 266.89263196516725 5 2
tr 5 4 4 7 2 1 3.354406238400578e6 6 1
ann 5 4 4 7 2 2 6.895116106285653e-12 22 0
tr 5 4 4 7 2 2 103.38616657468991 2 1
tr 5 4 4 7 2 2 8.20525131545157 3 2
tr 5 4 4 7 2 2 2246.800218074112 4 1
ann 5 4 4 7 3 1 1.2912197089326966e-13 24 0
tr 5 4 4 7 3 1 1311.2758649450275 3 1
tr 5 4 4 7 3 1 629.4124151736137 4 2
tr 5 4 4 7 3 1 1.1792448242599997e6 5 1
ann 5 4 4 7 3 2 2.0600774688615584e-13 24 0
tr 5 4 4 7 3 2 0.38348206886284336 2 2
tr 5 4 4 7 3 2 2185.459774908379 3 1
tr 5 4 4 7 3 2 449.5802965525812 4 2
tr 5 4 4 7 3 2 491352.0101083343 5 1
ann 5 4 4 7 3 3 4.1866060698185274e-13 24 0
tr 5 4 4 7 3 3 0.5752231032942644 2 2
tr 5 4 4 7 3 3 1311.2758649450275 3 1
tr 5 4 4 7 3 3 149.86009885086028 4 2
tr 5 4 4 7 3 3 105289.71645178489 5 1
ann 5 4 4 7 4 1 2.6608480342257356e-15 26 0
tr 5 4 4 7 4 1 45.960652784520434 3 2
tr 5 4 4 7 4 1 39913.02348655735 4 1
tr 5 4 4 7 4 1 15051.375860250566 5 2
tr 5 4 4 7 4 1 2.1969631253554112e8 6 1
ann 5 4 4 7 4 2 4.0774535153769345e-15 26 0
tr 5 4 4 7 4 2 85.79321853110471 2 1
tr 5 4 4 7 4 2 137.88195835356126 3 2
tr 5 4 4 7 4 2 51316.74448271642 4 1
ann 5 4 4 7 4 3 6.910664477679338e-15 26 0
tr 5 4 4 7 4 3 300.2762648588667 2 1
tr 5 4 4 7 4 3 193.0347416949859 3 2
tr 5 4 4 7 4 3 39913.02348655735 4 1
ann 5 4 4 7 4 4 1.3821328955358676e-14 26 0
tr 5 4 4 7 4 4 400.3683531451555 2 1
tr 5 4 4 7 4 4 128.68982779665726 3 2
tr 5 4 4 7 4 4 15965.20939462288 4 1
ann 5 4 4 7 5 1 3.099849756446745e-17 28 0
tr 5 4 4 7 5 1 477.87021317238265 3 1
tr 5 4 4 7 5 1 1433.6106395171596 4 2
tr 5 4 4 7 5 1 2.6447624970796347e7 5 1
tr 5 4 4 7 5 1 7.891132858419435e6 6 2
ann 5 4 4 7 5 2 4.866382125776379e-17 28 0
tr 5 4 4 7 5 2 4.793525860785534 2 2
tr 5 4 4 7 5 2 2230.0609948044757 3 1
tr 5 4 4 7 5 2 2867.2212790343187 4 2
tr 5 4 4 7 5 2 3.0855562465929095e7 5 1
ann 5 4 4 7 5 3 7.743398654264994e-17 28 0
tr 5 4 4 7 5 3 28.76115516471324 2 2
tr 5 4 4 7 5 3 5352.1463875307245 3 1
tr 5 4 4 7 5 3 3822.9617053790957 4 2
tr 5 4 4 7 5 3 2.6447624970796347e7 5 1
ann 5 4 4 7 5 4 1.280268681506487e-16 28 0
tr 5 4 4 7 5 4 86.28346549413975 2 2
tr 5 4 4 7 5 4 8028.219581296106 3 1
tr 5 4 4 7 5 4 3440.665534841185 4 2
tr 5 4 4 7 5 4 1.5868574982477818e7 5 1
ann 5 4 4 7 5 5 2.2169566035654033e-16 28 0
tr 5 4 4 7 5 5 143.8057758235662 2 2
tr 5 4 4 7 5 5 6690.182984413409 3 1
tr 5 4 4 7 5 5 1720.3327674205896 4 2
tr 5 4 4 7 5 5 5.289524994159248e6 5 1
ann 5 4 4 7 6 1 1.3787831788911938e-19 30 0
tr 5 4 4 7 6 1 124.12213329152834 3 2
tr 5 4 4 7 6 1 766505.2521423898 4 1
tr 5 4 4 7 6 1 1.2747214617446775e6 5 2
tr 5 4 4 7 6 1 1.2540727011782846e9 6 1
ann 5 4 4 7 6 2 2.1974823188971297e-19 30 0
tr 5 4 4 7 6 2 104.26259196488121 2 1
tr 5 4 4 7 6 2 827.4808886101918 3 2
tr 5 4 4 7 6 2 2.1900150061211074e6 4 1
tr 5 4 4 7 6 2 2.1245357695744624e6 5 2
ann 5 4 4 7 6 3 3.443651957741958e-19 30 0
tr 5 4 4 7 6 3 938.3633276839627 2 1
tr 5 4 4 7 6 3 2978.9311989966945 3 2
tr 5 4 4 7 6 3 4.380030012242231e6 4 1
ann 5 4 4 7 6 4 5.349559047103158e-19 30 0
tr 5 4 4 7 6 4 4691.816638419783 2 1
tr 5 4 4 7 6 4 7447.327997491741 3 2
tr 5 4 4 7 6 4 6.570045018363332e6 4 1
ann 5 4 4 7 6 5 8.283752376251038e-19 30 0
tr 5 4 4 7 6 5 17203.32767420594 2 1
tr 5 4 4 7 6 5 13653.434662068206 3 2
tr 5 4 4 7 6 5 7.227049520199669e6 4 1
ann 5 4 4 7 6 6 1.2821345574524023e-18 30 0
tr 5 4 4 7 6 6 51609.983022617744 2 1
tr 5 4 4 7 6 6 16384.12159448182 3 2
tr 5 4 4 7 6 6 4.818033013466437e6 4 1
ann 5 4 4 8 1 1 3.6654503859279704e-11 20 0
tr 5 4 4 8 1 1 470.71237197934164 3 1
tr 5 4 4 8 1 1 6.276164959724538 4 2
tr 5 4 4 8 1 1 1560.6417622907747 5 1
ann 5 4 4 8 2 1 2.9370598301176266e-12 22 0
tr 5 4 4 8 2 1 2.747342813280595 3 2
tr 5 4 4 8 2 1 333.842313553784 4 1
tr 5 4 4 8 2 1 11.330405793340546 5 2
tr 5 4 4 8 2 1 390740.31953551766 6 1
ann 5 4 4 8 2 2 4.738446725184289e-12 22 0
tr 5 4 4 8 2 2 23.077679631556997 2 1
tr 5 4 4 8 2 2 1.8315618755203946 3 2
tr 5 4 4 8 2 2 95.38351815822399 4 1
ann 5 4 4 8 3 1 9.341430086010691e-14 24 0
tr 5 4 4 8 3 1 172.99704867033373 3 1
tr 5 4 4 8 3 1 83.03858336176026 4 2
tr 5 4 4 8 3 1 244565.9631697425 5 1
ann 5 4 4 8 3 2 1.4903791822391747e-13 24 0
tr 5 4 4 8 3 2 0.1022559466014178 2 2
tr 5 4 4 8 3 2 288.3284144505563 3 1
tr 5 4 4 8 3 2 59.31327382982875 4 2
tr 5 4 4 8 3 2 101902.48465405965 5 1
ann 5 4 4 8 3 3 3.0288329689891357e-13 24 0
tr 5 4 4 8 3 3 0.15338391990212655 2 2
tr 5 4 4 8 3 3 172.99704867033373 3 1
tr 5 4 4 8 3 3 19.771091276609567 4 2
tr 5 4 4 8 3 3 21836.24671158399 5 1
ann 5 4 4 8 4 1 2.1437626443176395e-15 26 0
tr 5 4 4 8 4 1 8.817270428235592 3 2
tr 5 4 4 8 4 1 14970.796572055748 4 1
tr 5 4 4 8 4 1 5645.552916061419 5 2
tr 5 4 4 8 4 1 1.1844398617637565e7 6 1
ann 5 4 4 8 4 2 3.285077710462863e-15 26 0
tr 5 4 4 8 4 2 16.458904799373084 2 1
tr 5 4 4 8 4 2 26.45181128470676 3 2
tr 5 4 4 8 4 2 19248.16702121447 4 1
ann 5 4 4 8 4 3 5.5677078427533055e-15 26 0
tr 5 4 4 8 4 3 57.60616679780582 2 1
tr 5 4 4 8 4 3 37.03253579858949 3 2
tr 5 4 4 8 4 3 14970.796572055748 4 1
ann 5 4 4 8 4 4 1.1135415685506641e-14 26 0
tr 5 4 4 8 4 4 76.8082223970744 2 1
tr 5 4 4 8 4 4 24.68835719905966 3 2
tr 5 4 4 8 4 4 5988.318628822275 4 1
ann 5 4 4 8 5 1 3.107182373964517e-17 28 0
tr 5 4 4 8 5 1 223.00249060457813 3 1
tr 5 4 4 8 5 1 669.00747181374 4 2
tr 5 4 4 8 5 1 1.7739705126860614e6 5 1
tr 5 4 4 8 5 1 529296.5632256789 6 2
ann 5 4 4 8 5 2 4.877893446691255e-17 28 0
tr 5 4 4 8 5 2 1.1441224794564206 2 2
tr 5 4 4 8 5 2 1040.678289488042 3 1
tr 5 4 4 8 5 2 1338.0149436274794 4 2
tr 5 4 4 8 5 2 2.0696322648004065e6 5 1
ann 5 4 4 8 5 3 7.761715514676496e-17 28 0
tr 5 4 4 8 5 3 6.864734876738531 2 2
tr 5 4 4 8 5 3 2497.627894771293 3 1
tr 5 4 4 8 5 3 1784.0199248366412 4 2
tr 5 4 4 8 5 3 1.7739705126860614e6 5 1
ann 5 4 4 8 5 4 1.2832971339706896e-16 28 0
tr 5 4 4 8 5 4 20.59420463021561 2 2
tr 5 4 4 8 5 4 3746.4418421569494 3 1
tr 5 4 4 8 5 4 1605.617932352977 4 2
tr 5 4 4 8 5 4 1.0643823076116373e6 5 1
ann 5 4 4 8 5 5 2.222200773446728e-16 28 0
tr 5 4 4 8 5 5 34.323674383692655 2 2
tr 5 4 4 8 5 5 3122.0348684641185 3 1
tr 5 4 4 8 5 5 802.808966176487 4 2
tr 5 4 4 8 5 5 354794.10253721086 5 1
ann 5 4 4 8 6 1 2.279044796310502e-19 30 0
tr 5 4 4 8 6 1 31.56156410136182 3 2
tr 5 4 4 8 6 1 33947.38451713315 4 1
tr 5 4 4 8 6 1 56455.52916061417 5 2
tr 5 4 4 8 6 1 3.0573893153878488e7 6 1
ann 5 4 4 8 6 2 3.6323047238320937e-19 30 0
tr 5 4 4 8 6 2 26.511713845143255 2 1
tr 5 4 4 8 6 2 210.41042734241285 3 2
tr 5 4 4 8 6 2 96992.52719180872 4 1
tr 5 4 4 8 6 2 94092.54860102359 5 2
ann 5 4 4 8 6 3 5.692147412050376e-19 30 0
tr 5 4 4 8 6 3 238.60542460629742 2 1
tr 5 4 4 8 6 3 757.4775384326872 3 2
tr 5 4 4 8 6 3 193985.05438361815 4 1
ann 5 4 4 8 6 4 8.842496017879357e-19 30 0
tr 5 4 4 8 6 4 1193.0271230314795 2 1
tr 5 4 4 8 6 4 1893.6938460817196 3 2
tr 5 4 4 8 6 4 290977.58157542656 4 1
ann 5 4 4 8 6 5 1.3692539292263544e-18 30 0
tr 5 4 4 8 6 5 4374.432784448775 2 1
tr 5 4 4 8 6 5 3471.772051149822 3 2
tr 5 4 4 8 6 5 320075.33973296947 4 1
ann 5 4 4 8 6 6 2.1192905110440353e-18 30 0
tr 5 4 4 8 6 6 13123.298353346307 2 1
tr 5 4 4 8 6 6 4166.12646137978 3 2
tr 5 4 4 8 6 6 213383.55982197923 4 1
ann 5 4 4 8 7 1 6.228654977876213e-22 32 0
tr 5 4 4 8 7 1 191.54340222339977 3 1
tr 5 4 4 8 7 1 2002.2670312420184 4 2
tr 5 4 4 8 7 1 1.2334389620889707e7 5 1
tr 5 4 4 8 7 1 1.3688056756392008e7 6 2
tr 5 4 4 8 7 1 1.769563994761054e10 7 1
ann 5 4 4 8 7 2 9.908059261882847e-22 32 0
tr 5 4 4 8 7 2 1723.8906200106615 3 1
tr 5 4 4 8 7 2 7723.029977647773 4 2
tr 5 4 4 8 7 2 2.7752376647001956e7 5 1
tr 5 4 4 8 7 2 2.0532085134587992e7 6 2
tr 5 4 4 8 7 2 1.9111291143419384e10 7 1
ann 5 4 4 8 7 3 1.536170599657627e-21 32 0
tr 5 4 4 8 7 3 8619.453100053286 3 1
tr 5 4 4 8 7 3 21452.861049021638 4 2
tr 5 4 4 8 7 3 4.955781544107488e7 5 1
tr 5 4 4 8 7 3 2.5665106418235008e7 6 2
ann 5 4 4 8 7 4 2.3306853193791206e-21 32 0
tr 5 4 4 8 7 4 31604.661366862256 3 1
tr 5 4 4 8 7 4 47196.294307847624 4 2
tr 5 4 4 8 7 4 7.268479598024337e7 5 1
ann 5 4 4 8 7 5 3.4713160502492636e-21 32 0
tr 5 4 4 8 7 5 94813.98410058656 3 1
tr 5 4 4 8 7 5 84953.32975412568 4 2
tr 5 4 4 8 7 5 8.722175517629175e7 5 1
ann 5 4 4 8 7 6 5.08795859136159e-21 32 0
tr 5 4 4 8 7 6 246516.35866152548 3 1
tr 5 4 4 8 7 6 122710.36520040396 4 2
tr 5 4 4 8 7 6 8.099162980655685e7 5 1
ann 5 4 4 8 7 7 7.352939338352889e-21 32 0
tr 5 4 4 8 7 7 575204.8368768923 3 1
tr 5 4 4 8 7 7 122710.36520040373 4 2
tr 5 4 4 8 7 7 4.724511738715811e7 5 1
ann 5 4 4 9 8 2 3.2960424944498496e-24 34 0
tr 5 4 4 9 8 2 18958.513526537772 4 1
tr 5 4 4 9 8 2 54048.99856292988 5 2
tr 5 4 4 9 8 2 2.582078850969602e8 6 1
tr 5 4 4 9 8 2 1.489812881771182e8 7 2
tr 5 4 4 9 8 2 1.8864914275553766e11 8 1
ann 5 4 4 9 8 4 7.536557789590309e-24 34 0
tr 5 4 4 9 8 4 208543.64879191635 4 1
tr 5 4 4 9 8 4 254802.4217966698 5 2
tr 5 4 4 9 8 4 6.086328720142651e8 6 1
tr 5 4 4 9 8 4 1.9509454404146445e8 7 2
ann 5 4 4 9 8 6 1.5795208682154654e-23 34 0
tr 5 4 4 9 8 6 1.2651648026709626e6 4 1
tr 5 4 4 9 8 6 662486.296671341 5 2
tr 5 4 4 9 8 6 7.912227336185431e8 6 1
ann 5 4 4 9 8 8 3.081312560493327e-23 34 0
tr 5 4 4 9 8 8 5.42213486858985e6 4 1
tr 5 4 4 9 8 8 736095.8851903791 5 2
tr 5 4 4 9 8 8 3.516545482749077e8 6 1
ann 5 4 4 11 10 2 1.668017725969804e-29 38 0
tr 5 4 4 11 10 2 886182.7521346285 6 1
tr 5 4 4 11 10 2 1.2695924326500199e6 7 2
tr 5 4 4 11 10 2 1.0010539051601082e10 8 1
tr 5 4 4 11 10 2 3.7500780967298245e9 9 2
tr 5 4 4 11 10 2 7.984127234268258e12 10 1
ann 5 4 4 11 10 4 3.600926378317296e-29 38 0
tr 5 4 4 11 10 4 5.3761753629501145e6 6 1
tr 5 4 4 11 10 4 4.278996717450082e6 7 2
tr 5 4 4 11 10 4 2.024353452657111e10 8 1
tr 5 4 4 11 10 4 4.825858075993741e9 9 2
tr 5 4 4 11 10 4 6.849682219836885e12 10 1
ann 5 4 4 11 10 6 7.178378306138794e-29 38 0
tr 5 4 4 11 10 6 2.3040751555500418e7 6 1
tr 5 4 4 11 10 6 1.018808742250021e7 7 2
tr 5 4 4 11 10 6 2.8919335037958736e10 8 1
ann 5 4 4 11 10 8 1.3384825785752799e-28 38 0
tr 5 4 4 11 10 8 7.833855528870161e7 6 1
tr 5 4 4 11 10 8 1.7004844097918533e7 7 2
tr 5 4 4 11 10 8 2.6816110671561707e10 8 1
ann 5 4 4 11 10 10 2.3575344237832087e-28 38 0
tr 5 4 4 11 10 10 2.2552008340686852e8 6 1
tr 5 4 4 11 10 10 1.3807352045318443e7 7 2
tr 5 4 4 11 10 10 9.331613603657003e9 8 1
ann 5 4 4 13 12 2 3.539005107522125e-35 42 0
tr 5 4 4 13 12 2 1.5322009381410211e7 8 1
tr 5 4 4 13 12 2 1.3106639967796672e7 9 2
tr 5 4 4 13 12 2 1.5765234813621695e11 10 1
tr 5 4 4 13 12 2 4.1143559140711815e10 11 2
tr 5 4 4 13 12 2 1.3414547184917619e14 12 1
ann 5 4 4 13 12 4 7.223062703904691e-35 42 0
tr 5 4 4 13 12 4 6.566575449175863e7 8 1
tr 5 4 4 13 12 4 3.574538173035469e7 9 2
tr 5 4 4 13 12 4 2.8664063297494073e11 10 1
tr 5 4 4 13 12 4 5.1789095421875e10 11 2
tr 5 4 4 13 12 4 1.2061031434990866e14 12 1
ann 5 4 4 13 12 6 1.3786513052110216e-34 42 0
tr 5 4 4 13 12 6 2.2326356527197972e8 8 1
tr 5 4 4 13 12 6 7.73400077438583e7 9 2
tr 5 4 4 13 12 6 4.134573978668836e11 10 1
tr 5 4 4 13 12 6 5.17166631205857e10 11 2
ann 5 4 4 13 12 8 2.4867810725834663e-34 42 0
tr 5 4 4 13 12 8 6.427284454799428e8 8 1
tr 5 4 4 13 12 8 1.345659475396803e8 9 2
tr 5 4 4 13 12 8 4.6246216009443463e11 10 1
ann 5 4 4 13 12 10 4.274117163705447e-34 42 0
tr 5 4 4 13 12 10 1.6315414385260105e9 8 1
tr 5 4 4 13 12 10 1.776270507523782e8 9 2
tr 5 4 4 13 12 10 3.560958632727138e11 10 1
ann 5 4 4 13 12 12 7.0458187469193735e-34 42 0
tr 5 4 4 13 12 12 3.752545308609817e9 8 1
tr 5 4 4 13 12 12 1.2015947550896116e8 9 2
tr 5 4 4 13 12 12 1.0706150137610968e11 10 1
ann 5 4 4 15 14 2 3.6602293141509193e-41 46 0
tr 5 4 4 15 14 2 1.2020294220837118e8 10 1
tr 5 4 4 15 14 2 6.812795814229405e7 11 2
tr 5 4 4 15 14 2 1.175651590725071e12 12 1
tr 5 4 4 15 14 2 2.2530601068478235e11 13 2
tr 5 4 4 15 14 2 1.0524801253432468e15 14 1
ann 5 4 4 15 14 4 7.095955014899197e-41 46 0
tr 5 4 4 15 14 4 4.0869000350846285e8 10 1
tr 5 4 4 15 14 4 1.603627322426312e8 11 2
tr 5 4 4 15 14 4 1.9766449822080862e12 12 1
tr 5 4 4 15 14 4 2.777948835036548e11 13 2
tr 5 4 4 15 14 4 9.732549730509252e14 14 1
ann 5 4 4 15 14 6 1.3003248694642082e-40 46 0
tr 5 4 4 15 14 6 1.1765318282819405e9 10 1
tr 5 4 4 15 14 6 3.196040467772725e8 11 2
tr 5 4 4 15 14 6 2.8139051944520723e12 12 1
tr 5 4 4 15 14 6 2.9000564761370514e11 13 2
tr 5 4 4 15 14 6 7.620265585700924e14 14 1
ann 5 4 4 15 14 8 2.2713370861414294e-40 46 0
tr 5 4 4 15 14 8 2.986580794869543e9 10 1
tr 5 4 4 15 14 8 5.468780355966674e8 11 2
tr 5 4 4 15 14 8 3.3704331106881484e12 12 1
ann 5 4 4 15 14 10 3.807208603523826e-40 46 0
tr 5 4 4 15 14 10 6.869135828199953e9 10 1
tr 5 4 4 15 14 10 7.927433709279413e8 11 2
tr 5 4 4 15 14 10 3.2571412414213184e12 12 1
ann 5 4 4 15 14 12 6.157091113892798e-40 46 0
tr 5 4 4 15 14 12 1.4591301595849585e10 10 1
tr 5 4 4 15 14 12 9.040055984266007e8 11 2
tr 5 4 4 15 14 12 2.2285703230777427e12 12 1
ann 5 4 4 15 14 14 9.649626747016413e-40 46 0
tr 5 4 4 15 14 14 2.9029010543321762e10 10 1
tr 5 4 4 15 14 14 5.424033590559586e8 11 2
tr 5 4 4 15 14 14 6.077919062939266e11 12 1
ann 6 1 1 6 1 1 1.5621147645309926e-7 16 0
ann 6 1 1 6 2 1 6.098013155951201e-8 16 0
tr 6 1 1 6 2 1 552.9599999999998 2 2
tr 6 1 1 6 2 1 5.443199999999987e6 3 1
ann 6 1 1 6 2 2 3.811239152176417e-8 16 0
tr 6 1 1 6 2 2 368.6399999999997 2 2
tr 6 1 1 6 2 2 1.814399999999995e6 3 1
ann 6 1 1 6 3 1 3.906545103333989e-9 18 0
tr 6 1 1 6 3 1 191956.11428571417 2 1
tr 6 1 1 6 3 1 19043.265306122426 3 2
tr 6 1 1 6 3 1 1.7635967999999964e8 4 1
ann 6 1 1 6 3 2 4.083493464724263e-9 18 0
tr 6 1 1 6 3 2 319926.8571428569 2 1
tr 6 1 1 6 3 2 15869.387755102034 3 2
tr 6 1 1 6 3 2 8.817983999999961e7 4 1
ann 6 1 1 6 3 3 4.083489323903033e-9 18 0
tr 6 1 1 6 3 3 479890.285714285 2 1
tr 6 1 1 6 3 3 9521.632653061211 3 2
tr 6 1 1 6 3 3 2.9393279999999907e7 4 1
ann 6 1 1 6 4 1 6.816265761711438e-11 20 0
tr 6 1 1 6 4 1 4.443428571428569e6 3 1
tr 6 1 1 6 4 1 414720.0 4 2
tr 6 1 1 6 4 1 3.1424088436363587e9 5 1
ann 6 1 1 6 4 2 7.771747607468255e-11 20 0
tr 6 1 1 6 4 2 6.665142857142851e6 3 1
tr 6 1 1 6 4 2 373247.99999999953 4 2
tr 6 1 1 6 4 2 1.8854453061818132e9 5 1
ann 6 1 1 6 4 3 8.70779177352803e-11 20 0
tr 6 1 1 6 4 3 9.331199999999987e6 3 1
tr 6 1 1 6 4 3 290304.0000000008 4 2
tr 6 1 1 6 4 3 9.427226530909057e8 5 1
ann 6 1 1 6 4 4 9.624398259890735e-11 20 0
tr 6 1 1 6 4 4 1.2441599999999976e7 3 1
tr 6 1 1 6 4 4 165887.9999999993 4 2
tr 6 1 1 6 4 4 3.142408843636352e8 5 1
ann 6 1 1 6 5 1 3.543922785502084e-13 22 0
tr 6 1 1 6 5 1 5.038847999999999e7 4 1
tr 6 1 1 6 5 1 3.8478475636363635e6 5 2
tr 6 1 1 6 5 1 2.344227131076921e10 6 1
ann 6 1 1 6 5 2 4.133125062060804e-13 22 0
tr 6 1 1 6 5 2 7.054387199999997e7 4 1
tr 6 1 1 6 5 2 3.5913243927272717e6 5 2
tr 6 1 1 6 5 2 1.562818087384615e10 6 1
ann 6 1 1 6 5 3 4.754425963395603e-13 22 0
tr 6 1 1 6 5 3 9.405849599999985e7 4 1
tr 6 1 1 6 5 3 3.0782780509090875e6 5 2
tr 6 1 1 6 5 3 9.376908524307673e9 6 1
ann 6 1 1 6 5 4 5.407825489506486e-13 22 0
tr 6 1 1 6 5 4 1.209323519999998e8 4 1
tr 6 1 1 6 5 4 2.3087085381818176e6 5 2
tr 6 1 1 6 5 4 4.688454262153864e9 6 1
ann 6 1 1 6 5 5 6.093323640393454e-13 22 0
tr 6 1 1 6 5 5 1.5116543999999967e8 4 1
tr 6 1 1 6 5 5 1.2826158545454524e6 5 2
tr 6 1 1 6 5 5 1.5628180873846014e9 6 1
ann 6 1 1 7 1 1 3.964716848658409e-7 16 0
tr 6 1 1 7 1 1 24378.11099614243 2 1
ann 6 1 1 7 2 1 3.997574444397835e-8 16 0
tr 6 1 1 7 2 1 84.85428355881082 2 2
tr 6 1 1 7 2 1 3.8919799701808253e6 3 1
ann 6 1 1 7 2 2 2.4984715536671605e-8 16 0
tr 6 1 1 7 2 2 56.569522372540526 2 2
tr 6 1 1 7 2 2 1.2973266567269415e6 3 1
ann 6 1 1 7 3 1 2.787428226744818e-9 18 0
tr 6 1 1 7 3 1 155960.25371400692 2 1
tr 6 1 1 7 3 1 15472.247392262587 3 2
tr 6 1 1 7 3 1 3.375158098713843e8 4 1
ann 6 1 1 7 3 2 2.913685795124321e-9 18 0
tr 6 1 1 7 3 2 259933.75619001163 2 1
tr 6 1 1 7 3 2 12893.539493552164 3 2
tr 6 1 1 7 3 2 1.687579049356918e8 4 1
ann 6 1 1 7 3 3 2.913682850058563e-9 18 0
tr 6 1 1 7 3 3 389900.6342850171 2 1
tr 6 1 1 7 3 3 7736.123696131291 3 2
tr 6 1 1 7 3 3 5.6252634978564e7 4 1
ann 6 1 1 7 4 1 5.895867713218408e-11 20 0
tr 6 1 1 7 4 1 1.2946934846571174e7 3 1
tr 6 1 1 7 4 1 1.208380585679977e6 4 2
tr 6 1 1 7 4 1 1.630369964698204e10 5 1
ann 6 1 1 7 4 2 6.722331178552146e-11 20 0
tr 6 1 1 7 4 2 1.9420402269856755e7 3 1
tr 6 1 1 7 4 2 1.087542527111978e6 4 2
tr 6 1 1 7 4 2 9.782219788189213e9 5 1
ann 6 1 1 7 4 3 7.531981629652878e-11 20 0
tr 6 1 1 7 4 3 2.7188563177799437e7 3 1
tr 6 1 1 7 4 3 845866.4099759862 4 2
tr 6 1 1 7 4 3 4.891109894094603e9 5 1
ann 6 1 1 7 4 4 8.32481906652062e-11 20 0
tr 6 1 1 7 4 4 3.625141757039925e7 3 1
tr 6 1 1 7 4 4 483352.2342719887 4 2
tr 6 1 1 7 4 4 1.630369964698201e9 5 1
ann 6 1 1 7 5 1 4.91372043702036e-13 22 0
tr 6 1 1 7 5 1 5.797975937992793e8 4 1
tr 6 1 1 7 5 1 4.42754526173995e7 5 2
tr 6 1 1 7 5 1 4.1336956917656946e11 6 1
ann 6 1 1 7 5 2 5.730661284376779e-13 22 0
tr 6 1 1 7 5 2 8.117166313189907e8 4 1
tr 6 1 1 7 5 2 4.132375577623953e7 5 2
tr 6 1 1 7 5 2 2.755797127843799e11 6 1
ann 6 1 1 7 5 3 6.592107523513755e-13 22 0
tr 6 1 1 7 5 3 1.0822888417586532e9 4 1
tr 6 1 1 7 5 3 3.5420362093919575e7 5 2
tr 6 1 1 7 5 3 1.653478276706276e11 6 1
ann 6 1 1 7 5 4 7.498059154431284e-13 22 0
tr 6 1 1 7 5 4 1.3915142251182683e9 4 1
tr 6 1 1 7 5 4 2.6565271570439696e7 5 2
tr 6 1 1 7 5 4 8.267391383531427e10 6 1
ann 6 1 1 7 5 5 8.448516177129382e-13 22 0
tr 6 1 1 7 5 5 1.739392781397834e9 4 1
tr 6 1 1 7 5 5 1.4758484205799809e7 5 2
tr 6 1 1 7 5 5 2.755797127843774e10 6 1
ann 6 1 1 7 6 1 1.403585532044891e-15 24 0
tr 6 1 1 7 6 1 1.014151738867545e10 5 1
tr 6 1 1 7 6 1 6.226782000372851e8 6 2
tr 6 1 1 7 6 1 4.294817452338263e12 7 1
ann 6 1 1 7 6 2 1.6426672250283481e-15 24 0
tr 6 1 1 7 6 2 1.3522023184900583e10 5 1
tr 6 1 1 7 6 2 5.930268571783671e8 6 2
tr 6 1 1 7 6 2 3.0677267516701943e12 7 1
ann 6 1 1 7 6 3 1.8989511178418994e-15 24 0
tr 6 1 1 7 6 3 1.7385458380586475e10 5 1
tr 6 1 1 7 6 3 5.3372417146052885e8 6 2
tr 6 1 1 7 6 3 2.0451511677801223e12 7 1
ann 6 1 1 7 6 4 2.1724372104855466e-15 24 0
tr 6 1 1 7 6 4 2.173182297573307e10 5 1
tr 6 1 1 7 6 4 4.4477014288377583e8 6 2
tr 6 1 1 7 6 4 1.2270907006680735e12 7 1
ann 6 1 1 7 6 5 2.4631255029592893e-15 24 0
tr 6 1 1 7 6 5 2.6561116970340473e10 5 1
tr 6 1 1 7 6 5 3.261647714481021e8 6 2
tr 6 1 1 7 6 5 6.135453503340382e11 7 1
ann 6 1 1 7 6 6 2.771015995263126e-15 24 0
tr 6 1 1 7 6 6 3.1873340364408543e10 5 1
tr 6 1 1 7 6 6 1.7790805715350989e8 6 2
tr 6 1 1 7 6 6 2.0451511677801172e11 7 1
ann 6 1 1 8 1 1 2.66901955469758e-7 16 0
tr 6 1 1 8 1 1 1582.6925880181307 2 1
ann 6 1 1 8 2 1 2.747204449780749e-8 16 0
tr 6 1 1 8 2 1 13.09657965584941 2 2
tr 6 1 1 8 2 1 33767.31657746366 3 1
ann 6 1 1 8 2 2 1.716994220975454e-8 16 0
tr 6 1 1 8 2 2 8.731053103899606 2 2
tr 6 1 1 8 2 2 11255.772192487886 3 1
ann 6 1 1 8 3 1 2.0165867939024333e-9 18 0
tr 6 1 1 8 3 1 5569.677993559436 2 1
tr 6 1 1 8 3 1 552.5474199959755 3 2
tr 6 1 1 8 3 1 5.585225804959367e6 4 1
ann 6 1 1 8 3 2 2.1079288245462234e-9 18 0
tr 6 1 1 8 3 2 9282.796655932392 2 1
tr 6 1 1 8 3 2 460.4561833299798 3 2
tr 6 1 1 8 3 2 2.7926129024796756e6 4 1
ann 6 1 1 8 3 3 2.1079266983877972e-9 18 0
tr 6 1 1 8 3 3 13924.194983898577 2 1
tr 6 1 1 8 3 3 276.2737099979877 3 2
tr 6 1 1 8 3 3 930870.9674932265 4 1
ann 6 1 1 8 4 1 4.750117573969078e-11 20 0
tr 6 1 1 8 4 1 124906.00819756952 3 1
tr 6 1 1 8 4 1 11657.89409843983 4 2
tr 6 1 1 8 4 1 3.3973830323319497e9 5 1
ann 6 1 1 8 4 2 5.41597353405924e-11 20 0
tr 6 1 1 8 4 2 187359.01229635422 3 1
tr 6 1 1 8 4 2 10492.104688595835 4 2
tr 6 1 1 8 4 2 2.0384298193991675e9 5 1
ann 6 1 1 8 4 3 6.068283771698567e-11 20 0
tr 6 1 1 8 4 3 262302.6172148957 3 1
tr 6 1 1 8 4 3 8160.525868907905 4 2
tr 6 1 1 8 4 3 1.0192149096995826e9 5 1
ann 6 1 1 8 4 4 6.707048286887071e-11 20 0
tr 6 1 1 8 4 4 349736.8229531942 3 1
tr 6 1 1 8 4 4 4663.157639375914 4 2
tr 6 1 1 8 4 4 3.397383032331941e8 5 1
ann 6 1 1 8 5 1 4.925343725323743e-13 22 0
tr 6 1 1 8 5 1 1.815167105473435e8 4 1
tr 6 1 1 8 5 1 1.3861276078160781e7 5 2
tr 6 1 1 8 5 1 4.11372102646546e11 6 1
ann 6 1 1 8 5 2 5.744217029580853e-13 22 0
tr 6 1 1 8 5 2 2.541233947662809e8 4 1
tr 6 1 1 8 5 2 1.2937191006283393e7 5 2
tr 6 1 1 8 5 2 2.74248068431031e11 6 1
ann 6 1 1 8 5 3 6.607701002692181e-13 22 0
tr 6 1 1 8 5 3 3.3883119302170736e8 4 1
tr 6 1 1 8 5 3 1.1089020862528613e7 5 2
tr 6 1 1 8 5 3 1.6454884105861823e11 6 1
ann 6 1 1 8 5 4 7.515795644657741e-13 22 0
tr 6 1 1 8 5 4 4.356401053136238e8 4 1
tr 6 1 1 8 5 4 8.316765646896465e6 5 2
tr 6 1 1 8 5 4 8.22744205293096e10 6 1
ann 6 1 1 8 5 5 8.468500955477538e-13 22 0
tr 6 1 1 8 5 5 5.445501316420293e8 4 1
tr 6 1 1 8 5 5 4.620425359386919e6 5 2
tr 6 1 1 8 5 5 2.742480684310286e10 6 1
ann 6 1 1 8 6 1 2.3200415782857096e-15 24 0
tr 6 1 1 8 6 1 2.3095109144516193e10 5 1
tr 6 1 1 8 6 1 1.4180147250775673e9 6 2
tr 6 1 1 8 6 1 1.962976729105155e13 7 1
ann 6 1 1 8 6 2 2.715229086942626e-15 24 0
tr 6 1 1 8 6 2 3.0793478859354893e10 5 1
tr 6 1 1 8 6 2 1.3504902143595889e9 6 2
tr 6 1 1 8 6 2 1.4021262350751137e13 7 1
ann 6 1 1 8 6 3 3.138850786590277e-15 24 0
tr 6 1 1 8 6 3 3.959161567631345e10 5 1
tr 6 1 1 8 6 3 1.2154411929236264e9 6 2
tr 6 1 1 8 6 3 9.347508233834057e12 7 1
ann 6 1 1 8 6 4 3.5909066772286705e-15 24 0
tr 6 1 1 8 6 4 4.948951959539176e10 5 1
tr 6 1 1 8 6 4 1.0128676607696927e9 6 2
tr 6 1 1 8 6 4 5.608504940300434e12 7 1
ann 6 1 1 8 6 5 4.0713967588578024e-15 24 0
tr 6 1 1 8 6 5 6.048719061659006e10 5 1
tr 6 1 1 8 6 5 7.427696178977742e8 6 2
tr 6 1 1 8 6 5 2.8042524701502236e12 7 1
ann 6 1 1 8 6 6 4.58032103147767e-15 24 0
tr 6 1 1 8 6 6 7.258462873990799e10 5 1
tr 6 1 1 8 6 6 4.0514706430787593e8 6 2
tr 6 1 1 8 6 6 9.347508233834034e11 7 1
ann 6 1 1 8 7 1 4.044700754555369e-18 26 0
tr 6 1 1 8 7 1 7.833928760914227e11 6 1
tr 6 1 1 8 7 1 3.896979868311926e10 7 2
tr 6 1 1 8 7 1 3.375635562029622e14 8 1
ann 6 1 1 8 7 2 4.717198023353738e-18 26 0
tr 6 1 1 8 7 2 1.0072194121175415e12 6 1
tr 6 1 1 8 7 2 3.75780201587221e10 7 2
tr 6 1 1 8 7 2 2.53172667152222e14 8 1
ann 6 1 1 8 7 3 5.4404294076725e-18 26 0
tr 6 1 1 8 7 3 1.2590242651469302e12 6 1
tr 6 1 1 8 7 3 3.47944631099279e10 7 2
tr 6 1 1 8 7 3 1.8083761939444394e14 8 1
ann 6 1 1 8 7 4 6.2143949075116494e-18 26 0
tr 6 1 1 8 7 4 1.5388074351795806e12 6 1
tr 6 1 1 8 7 4 3.061912753673651e10 7 2
tr 6 1 1 8 7 4 1.2055841292962917e14 8 1
ann 6 1 1 8 7 5 7.039094522871189e-18 26 0
tr 6 1 1 8 7 5 1.8465689222154941e12 6 1
tr 6 1 1 8 7 5 2.5052013439148087e10 7 2
tr 6 1 1 8 7 5 7.233504775777731e13 8 1
ann 6 1 1 8 7 6 7.914528253751125e-18 26 0
tr 6 1 1 8 7 6 2.1823087262546758e12 6 1
tr 6 1 1 8 7 6 1.8093120817162506e10 7 2
tr 6 1 1 8 7 6 3.61675238788891e13 8 1
ann 6 1 1 8 7 7 8.840696100151443e-18 26 0
tr 6 1 1 8 7 7 2.54602684729712e12 6 1
tr 6 1 1 8 7 7 9.742449670779787e9 7 2
tr 6 1 1 8 7 7 1.205584129296287e13 8 1
ann 6 1 1 9 8 2 1.0290889348069985e-20 28 0
tr 6 1 1 9 8 2 4.080737738919027e13 7 1
tr 6 1 1 9 8 2 1.2965306904699163e12 8 2
tr 6 1 1 9 8 2 1.1462621112590556e16 9 1
ann 6 1 1 9 8 4 1.3431587371976382e-20 28 0
tr 6 1 1 9 8 4 5.985082017081252e13 7 1
tr 6 1 1 9 8 4 1.1113120204027854e12 8 2
tr 6 1 1 9 8 4 6.140689881744916e15 9 1
ann 6 1 1 9 8 6 1.6992253672921737e-20 28 0
tr 6 1 1 9 8 6 8.252158538702919e13 7 1
tr 6 1 1 9 8 6 7.779184142819487e11 8 2
tr 6 1 1 9 8 6 2.4562759526979655e15 9 1
ann 6 1 1 9 8 8 2.097288825090602e-20 28 0
tr 6 1 1 9 8 8 1.0881967303784086e14 7 1
tr 6 1 1 9 8 8 2.9634987210741e11 8 2
tr 6 1 1 9 8 8 4.093793254496582e14 9 1
ann 6 1 1 11 10 2 2.450454694675757e-26 32 0
tr 6 1 1 11 10 2 1.8893602061925908e16 9 1
tr 6 1 1 11 10 2 4.4385871195817694e14 10 2
tr 6 1 1 11 10 2 6.47189198141892e18 11 1
ann 6 1 1 11 10 4 3.1260197386610824e-26 32 0
tr 6 1 1 11 10 4 2.605026950962513e16 9 1
tr 6 1 1 11 10 4 4.027606830731595e14 10 2
tr 6 1 1 11 10 4 4.0269550106606556e18 11 1
ann 6 1 1 11 10 6 3.8851640239462587e-26 32 0
tr 6 1 1 11 10 6 3.435200374895615e16 9 1
tr 6 1 1 11 10 6 3.2878423108013056e14 10 2
tr 6 1 1 11 10 6 2.1572973271396344e18 11 1
ann 6 1 1 11 10 8 4.7278875505312905e-26 32 0
tr 6 1 1 11 10 8 4.379880477991916e16 9 1
tr 6 1 1 11 10 8 2.219293559790897e14 10 2
tr 6 1 1 11 10 8 8.62918930855843e17 11 1
ann 6 1 1 11 10 10 5.654190318416177e-26 32 0
tr 6 1 1 11 10 10 5.4390672602514e16 9 1
tr 6 1 1 11 10 10 8.219605777003247e13 10 2
tr 6 1 1 11 10 10 1.4381982180930856e17 11 1
ann 6 1 1 13 12 2 2.6941390391294254e-32 36 0
tr 6 1 1 13 12 2 2.568424915927704e18 11 1
tr 6 1 1 13 12 2 4.600900749616124e16 12 2
tr 6 1 1 13 12 2 1.0313539622604114e21 13 1
ann 6 1 1 13 12 4 3.3613052312975657e-32 36 0
tr 6 1 1 13 12 4 3.3869339550695086e18 11 1
tr 6 1 1 13 12 4 4.3021409606800056e16 12 2
tr 6 1 1 13 12 4 7.031958833593707e20 13 1
ann 6 1 1 13 12 6 4.1035648562970383e-32 36 0
tr 6 1 1 13 12 6 4.3183407927136256e18 11 1
tr 6 1 1 13 12 6 3.764373340595014e16 12 2
tr 6 1 1 13 12 6 4.3754410520138704e20 13 1
ann 6 1 1 13 12 8 4.920917914127832e-32 36 0
tr 6 1 1 13 12 8 5.362645428860065e18 11 1
tr 6 1 1 13 12 8 2.987597889361114e16 12 2
tr 6 1 1 13 12 8 2.343986277864575e20 13 1
ann 6 1 1 13 12 10 5.813364404789968e-32 36 0
tr 6 1 1 13 12 10 6.519847863508817e18 11 1
tr 6 1 1 13 12 10 1.971814606978352e16 12 2
tr 6 1 1 13 12 10 9.375945111458292e19 13 1
ann 6 1 1 13 12 12 6.78090432828342e-32 36 0
tr 6 1 1 13 12 12 7.789948096659869e18 11 1
tr 6 1 1 13 12 12 7.170234934466624e15 12 2
tr 6 1 1 13 12 12 1.5626575185763635e19 13 1
ann 6 1 1 15 14 2 1.5521383153300846e-38 40 0
tr 6 1 1 15 14 2 1.3885995262383037e20 13 1
tr 6 1 1 15 14 2 1.951270608017339e18 14 2
tr 6 1 1 15 14 2 6.329932378669794e22 15 1
ann 6 1 1 15 14 4 1.8987637123323993e-38 40 0
tr 6 1 1 15 14 4 1.7704643959538408e20 13 1
tr 6 1 1 15 14 4 1.8574595210934356e18 14 2
tr 6 1 1 15 14 4 4.590939966947323e22 15 1
ann 6 1 1 15 14 6 2.2808886631138285e-38 40 0
tr 6 1 1 15 14 6 2.1986159165439816e20 13 1
tr 6 1 1 15 14 6 1.6885995646303903e18 14 2
tr 6 1 1 15 14 6 3.1301863411004524e22 15 1
ann 6 1 1 15 14 8 2.6985131676743795e-38 40 0
tr 6 1 1 15 14 8 2.673054088008734e20 13 1
tr 6 1 1 15 14 8 1.4446907386282335e18 14 2
tr 6 1 1 15 14 8 1.947671501129178e22 15 1
ann 6 1 1 15 14 10 3.151637226014054e-38 40 0
tr 6 1 1 15 14 10 3.1937789103480996e20 13 1
tr 6 1 1 15 14 10 1.1257330430869373e18 14 2
tr 6 1 1 15 14 10 1.043395447033483e22 15 1
ann 6 1 1 15 14 12 3.640260838132839e-38 40 0
tr 6 1 1 15 14 12 3.760790383562073e20 13 1
tr 6 1 1 15 14 12 7.317264780065084e17 14 2
tr 6 1 1 15 14 12 4.1735817881339355e21 15 1
ann 6 1 1 15 14 14 4.164384004030744e-38 40 0
tr 6 1 1 15 14 14 4.3740885076506555e20 13 1
tr 6 1 1 15 14 14 2.6267104338694944e17 14 2
tr 6 1 1 15 14 14 6.95596964688968e20 15 1
ann 6 2 1 6 2 1 1.806818336843666e-9 18 0
ann 6 2 1 6 2 2 2.258507316159913e-9 18 0
tr 6 2 1 6 2 2 281089.1755102039 2 1
tr 6 2 1 6 2 2 20077.798250728843 3 2
ann 6 2 1 6 3 1 2.736867293923901e-10 20 0
tr 6 2 1 6 3 1 533.2114285714289 2 2
tr 6 2 1 6 3 1 699575.5102040862 3 1
ann 6 2 1 6 3 2 2.927032678244112e-10 20 0
tr 6 2 1 6 3 2 5.246816326530615e6 3 1
tr 6 2 1 6 3 2 816171.4285714303 4 2
ann 6 2 1 6 3 3 2.3465153447687296e-10 20 0
tr 6 2 1 6 3 3 1333.0285714285708 2 2
tr 6 2 1 6 3 3 8.744693877551008e6 3 1
ann 6 2 1 6 4 1 6.400655314803547e-12 22 0
tr 6 2 1 6 4 1 142824.4897959186 2 1
tr 6 2 1 6 4 1 14169.096209912537 3 2
ann 6 2 1 6 4 2 6.667076255058168e-12 22 0
tr 6 2 1 6 4 2 190432.65306122444 2 1
tr 6 2 1 6 4 2 2361.51603498543 3 2
tr 6 2 1 6 4 2 7.028036081632659e7 4 1
ann 6 2 1 6 4 3 6.843659739889963e-12 22 0
tr 6 2 1 6 4 3 166628.5714285712 2 1
tr 6 2 1 6 4 3 3306.122448979591 3 2
tr 6 2 1 6 4 3 1.518402857142856e8 4 1
ann 6 2 1 6 4 4 7.311984061871719e-12 22 0
tr 6 2 1 6 4 4 39673.469387755074 3 2
tr 6 2 1 6 4 4 1.7006111999999976e8 4 1
ann 6 2 1 6 5 1 4.9345279608523494e-14 24 0
tr 6 2 1 6 5 1 1.8514285714285756e6 3 1
tr 6 2 1 6 5 1 172800.00000000015 4 2
ann 6 2 1 6 5 2 5.1748856197541636e-14 24 0
tr 6 2 1 6 5 2 2.4300000000000014e6 3 1
tr 6 2 1 6 5 2 60480.000000000015 4 2
tr 6 2 1 6 5 2 4.399372381090917e8 5 1
ann 6 2 1 6 5 3 5.285709597941516e-14 24 0
tr 6 2 1 6 5 3 2.5919999999999986e6 3 1
tr 6 2 1 6 5 3 1.0474696145454538e9 5 1
ann 6 2 1 6 5 4 5.3824310127405004e-14 24 0
tr 6 2 1 6 5 4 1.9439999999999974e6 3 1
tr 6 2 1 6 5 4 103679.9999999999 4 2
tr 6 2 1 6 5 4 1.5397803333818183e9 5 1
ann 6 2 1 6 5 5 5.6329400032305033e-14 24 0
tr 6 2 1 6 5 5 518399.9999999997 4 2
tr 6 2 1 6 5 5 1.414083979636365e9 5 1
ann 6 2 1 7 1 1 3.8692571875627985e-8 16 0
tr 6 2 1 7 1 1 15.249844795482815 2 2
tr 6 2 1 7 1 1 1.984060924929109e6 3 1
ann 6 2 1 7 2 1 4.7378649859971466e-9 18 0
tr 6 2 1 7 2 1 11474.05796523354 2 1
tr 6 2 1 7 2 1 6556.604551562008 3 2
tr 6 2 1 7 2 1 2.2535246879745397e8 4 1
ann 6 2 1 7 2 2 1.4805726027626844e-9 18 0
tr 6 2 1 7 2 2 68844.34779140109 2 1
tr 6 2 1 7 2 2 4917.453413671506 3 2
tr 6 2 1 7 2 2 7.042264649920428e7 4 1
ann 6 2 1 7 3 1 1.952830689349419e-10 20 0
tr 6 2 1 7 3 1 137.7811829766903 2 2
tr 6 2 1 7 3 1 656737.3541732752 3 1
tr 6 2 1 7 3 1 781830.1835396079 4 2
tr 6 2 1 7 3 1 1.3860859438743301e10 5 1
ann 6 2 1 7 3 2 2.0885189627061306e-10 20 0
tr 6 2 1 7 3 2 4.925530156299532e6 3 1
tr 6 2 1 7 3 2 766193.5798688174 4 2
tr 6 2 1 7 3 2 6.653212530596791e9 5 1
ann 6 2 1 7 3 3 1.674303760049995e-10 20 0
tr 6 2 1 7 3 3 344.4529574417253 2 2
tr 6 2 1 7 3 3 8.209216927165869e6 3 1
tr 6 2 1 7 3 3 422188.2991113882 4 2
tr 6 2 1 7 3 3 1.9405203214240596e9 5 1
ann 6 2 1 7 4 1 5.5363770318636016e-12 22 0
tr 6 2 1 7 4 1 225528.22961669622 2 1
tr 6 2 1 7 4 1 22373.83230324363 3 2
tr 6 2 1 7 4 1 2.6481583932215717e7 4 1
ann 6 2 1 7 4 2 5.766823248206916e-12 22 0
tr 6 2 1 7 4 2 300704.3061555944 2 1
tr 6 2 1 7 4 2 3728.972050540616 3 2
tr 6 2 1 7 4 2 2.1450082985094556e8 4 1
ann 6 2 1 7 4 3 5.919562723899004e-12 22 0
tr 6 2 1 7 4 3 263116.26788614475 2 1
tr 6 2 1 7 4 3 5220.560870756846 3 2
tr 6 2 1 7 4 3 4.634277188137705e8 4 1
ann 6 2 1 7 4 4 6.324649359638585e-12 22 0
tr 6 2 1 7 4 4 62646.73044908211 3 2
tr 6 2 1 7 4 4 5.190390450714225e8 4 1
tr 6 2 1 7 4 4 1.7615870620605856e7 5 2
tr 6 2 1 7 4 4 3.705683661159428e10 6 1
ann 6 2 1 7 5 1 6.841822599172485e-14 24 0
tr 6 2 1 7 5 1 1.4191757693734983e7 3 1
tr 6 2 1 7 5 1 1.3245640514152637e6 4 2
tr 6 2 1 7 5 1 6.060181941063541e8 5 1
ann 6 2 1 7 5 2 7.175083350310328e-14 24 0
tr 6 2 1 7 5 2 1.862668197302714e7 3 1
tr 6 2 1 7 5 2 463597.417995342 4 2
tr 6 2 1 7 5 2 5.090552830493371e9 5 1
ann 6 2 1 7 5 3 7.328743034064473e-14 24 0
tr 6 2 1 7 5 3 1.9868460771228924e7 3 1
tr 6 2 1 7 5 3 1.2120363882127045e10 5 1
ann 6 2 1 7 5 4 7.46284921853909e-14 24 0
tr 6 2 1 7 5 4 1.490134557842168e7 3 1
tr 6 2 1 7 5 4 794738.4308491569 4 2
tr 6 2 1 7 5 4 1.781693490672677e10 5 1
ann 6 2 1 7 5 5 7.810184962699507e-14 24 0
tr 6 2 1 7 5 5 3.9736921542457854e6 4 2
tr 6 2 1 7 5 5 1.6362491240871534e10 5 1
tr 6 2 1 7 5 5 3.736261736177312e8 6 2
tr 6 2 1 7 5 5 4.305511537100272e11 7 1
ann 6 2 1 7 6 1 2.788161962638185e-16 26 0
tr 6 2 1 7 6 1 3.5340128159009796e8 4 1
tr 6 2 1 7 6 1 2.698700695778929e7 5 2
tr 6 2 1 7 6 1 5.891752672626639e9 6 1
ann 6 2 1 7 6 2 2.9737000119684605e-16 26 0
tr 6 2 1 7 6 2 4.5235364043532574e8 4 1
tr 6 2 1 7 6 2 1.2953763339738864e7 5 2
tr 6 2 1 7 6 2 5.050073719394244e10 6 1
ann 6 2 1 7 6 3 3.070748622959174e-16 26 0
tr 6 2 1 7 6 3 5.088978454897405e8 4 1
tr 6 2 1 7 6 3 1.8505376199626853e6 5 2
tr 6 2 1 7 6 3 1.2625184298485675e11 6 1
ann 6 2 1 7 6 4 3.087987109247013e-16 26 0
tr 6 2 1 7 6 4 4.8466461475213385e8 4 1
tr 6 2 1 7 6 4 2.313172024953353e6 5 2
tr 6 2 1 7 6 4 2.0621134354193216e11 6 1
ann 6 2 1 7 6 5 3.04375537180017e-16 26 0
tr 6 2 1 7 6 5 3.3320692264209247e8 4 1
tr 6 2 1 7 6 5 2.5444892274487045e7 5 2
tr 6 2 1 7 6 5 2.499786491100155e11 6 1
ann 6 2 1 7 6 6 2.966053898918342e-16 26 0
tr 6 2 1 7 6 6 8.481630758162352e7 5 2
tr 6 2 1 7 6 6 2.0368630668223477e11 6 1
tr 6 2 1 7 6 6 3.237557072460955e9 7 2
ann 6 2 1 8 1 1 2.6047567534214995e-8 16 0
tr 6 2 1 8 1 1 2.0255980429387273 2 2
tr 6 2 1 8 1 1 39496.38222731712 3 1
ann 6 2 1 8 2 1 3.255945295974289e-9 18 0
tr 6 2 1 8 2 1 714.5387051253382 2 1
tr 6 2 1 8 2 1 408.30783150019244 3 2
tr 6 2 1 8 2 1 117107.24183399502 4 1
ann 6 2 1 8 2 2 1.0174759026059389e-9 18 0
tr 6 2 1 8 2 2 4287.232230752019 2 1
tr 6 2 1 8 2 2 306.2308736251442 3 2
tr 6 2 1 8 2 2 36596.013073123395 4 1
ann 6 2 1 8 3 1 1.4127906675804808e-10 20 0
tr 6 2 1 8 3 1 20.439772640151116 2 2
tr 6 2 1 8 3 1 2521.801186804165 3 1
tr 6 2 1 8 3 1 3002.1442700049374 4 2
tr 6 2 1 8 3 1 8.855689869636557e8 5 1
ann 6 2 1 8 3 2 1.5109554122241111e-10 20 0
tr 6 2 1 8 3 2 18913.508901031124 3 1
tr 6 2 1 8 3 2 2942.101384604846 4 2
tr 6 2 1 8 3 2 4.250731137425551e8 5 1
ann 6 2 1 8 3 3 1.2112881815066976e-10 20 0
tr 6 2 1 8 3 3 51.09943160037772 2 2
tr 6 2 1 8 3 3 31522.514835051807 3 1
tr 6 2 1 8 3 3 1621.1579058026664 4 2
tr 6 2 1 8 3 3 1.2397965817491163e8 5 1
ann 6 2 1 8 4 1 4.46048710746313e-12 22 0
tr 6 2 1 8 4 1 3437.0052576763824 2 1
tr 6 2 1 8 4 1 340.9727438171007 3 2
tr 6 2 1 8 4 1 1.2930921020516097e6 4 1
ann 6 2 1 8 4 2 4.646150472213414e-12 22 0
tr 6 2 1 8 4 2 4582.673676901834 2 1
tr 6 2 1 8 4 2 56.82879063618363 3 2
tr 6 2 1 8 4 2 1.047404602661795e7 4 1
ann 6 2 1 8 4 3 4.7692079252070755e-12 22 0
tr 6 2 1 8 4 3 4009.8394672891004 2 1
tr 6 2 1 8 4 3 79.56030689065683 3 2
tr 6 2 1 8 4 3 2.262911178590294e7 4 1
ann 6 2 1 8 4 4 5.095573644928752e-12 22 0
tr 6 2 1 8 4 4 954.7236826878815 3 2
tr 6 2 1 8 4 4 2.5344605200211275e7 4 1
tr 6 2 1 8 4 4 860180.5401283826 5 2
tr 6 2 1 8 4 4 1.3203377876816797e10 6 1
ann 6 2 1 8 5 1 6.858006788240237e-14 24 0
tr 6 2 1 8 5 1 1.1768418282451883e6 3 1
tr 6 2 1 8 5 1 109838.57063621744 4 2
tr 6 2 1 8 5 1 2.876566915504845e8 5 1
ann 6 2 1 8 5 2 7.192055864997407e-14 24 0
tr 6 2 1 8 5 2 1.5446048995718078e6 3 1
tr 6 2 1 8 5 2 38443.49972267608 4 2
tr 6 2 1 8 5 2 2.416316209024068e9 5 1
ann 6 2 1 8 5 3 7.346079028519767e-14 24 0
tr 6 2 1 8 5 3 1.6475785595432597e6 3 1
tr 6 2 1 8 5 3 5.753133831009673e9 5 1
ann 6 2 1 8 5 4 7.480502432506917e-14 24 0
tr 6 2 1 8 5 4 1.2356839196574434e6 3 1
tr 6 2 1 8 5 4 65903.14238173037 4 2
tr 6 2 1 8 5 4 8.457106731584224e9 5 1
ann 6 2 1 8 5 5 7.828659774866472e-14 24 0
tr 6 2 1 8 5 5 329515.71190865187 4 2
tr 6 2 1 8 5 5 7.76673067186307e9 5 1
tr 6 2 1 8 5 5 1.7734792457515204e8 6 2
tr 6 2 1 8 5 5 5.885172169060972e11 7 1
ann 6 2 1 8 6 1 4.608662279321289e-16 26 0
tr 6 2 1 8 6 1 4.419864735857001e8 4 1
tr 6 2 1 8 6 1 3.375169434654436e7 5 2
tr 6 2 1 8 6 1 1.6414406123470522e10 6 1
ann 6 2 1 8 6 2 4.915345401579458e-16 26 0
tr 6 2 1 8 6 2 5.657426861896963e8 4 1
tr 6 2 1 8 6 2 1.6200813286341295e7 5 2
tr 6 2 1 8 6 2 1.4069490962974683e11 6 1
ann 6 2 1 8 6 3 5.075760858976117e-16 26 0
tr 6 2 1 8 6 3 6.364605219634072e8 4 1
tr 6 2 1 8 6 3 2.314401898048745e6 5 2
tr 6 2 1 8 6 3 3.5173727407436896e11 6 1
ann 6 2 1 8 6 4 5.104255028266215e-16 26 0
tr 6 2 1 8 6 4 6.061528780603878e8 4 1
tr 6 2 1 8 6 4 2.893002372560926e6 5 2
tr 6 2 1 8 6 4 5.745042143214679e11 6 1
ann 6 2 1 8 6 5 5.031142649674592e-16 26 0
tr 6 2 1 8 6 5 4.1673010366651726e8 4 1
tr 6 2 1 8 6 5 3.1823026098170392e7 5 2
tr 6 2 1 8 6 5 6.964398026672482e11 6 1
ann 6 2 1 8 6 6 4.902706826896053e-16 26 0
tr 6 2 1 8 6 6 1.06076753660568e8 5 2
tr 6 2 1 8 6 6 5.674694688399797e11 6 1
tr 6 2 1 8 6 6 9.019824759819149e9 7 2
tr 6 2 1 8 6 6 1.2956826002680715e13 8 1
ann 6 2 1 8 7 1 1.0916055152352663e-18 28 0
tr 6 2 1 8 7 1 2.563573741582133e10 5 1
tr 6 2 1 8 7 1 1.5740065533523648e9 6 2
tr 6 2 1 8 7 1 3.052691002503485e11 7 1
ann 6 2 1 8 7 2 1.1791422890877625e-18 28 0
tr 6 2 1 8 7 2 3.204467176977662e10 5 1
tr 6 2 1 8 7 2 8.9943231620135e8 6 2
tr 6 2 1 8 7 2 2.64929969145839e12 7 1
ann 6 2 1 8 7 3 1.234735712043021e-18 28 0
tr 6 2 1 8 7 3 3.662248202260196e10 5 1
tr 6 2 1 8 7 3 2.810725988129225e8 6 2
tr 6 2 1 8 7 3 6.814042416302487e12 7 1
ann 6 2 1 8 7 4 1.2540124771481212e-18 28 0
tr 6 2 1 8 7 4 3.7766934585808205e10 5 1
tr 6 2 1 8 7 4 1.1752860359638557e13 7 1
ann 6 2 1 8 7 5 1.2335464747869979e-18 28 0
tr 6 2 1 8 7 5 3.3570608520718365e10 5 1
tr 6 2 1 8 7 5 4.1223981159228426e8 6 2
tr 6 2 1 8 7 5 1.5895798148750406e13 7 1
ann 6 2 1 8 7 6 1.170858792680458e-18 28 0
tr 6 2 1 8 7 6 2.182089553846694e10 5 1
tr 6 2 1 8 7 6 1.9487700184362593e9 6 2
tr 6 2 1 8 7 6 1.7149581953350023e13 7 1
ann 6 2 1 8 7 7 1.0644177158861628e-18 28 0
tr 6 2 1 8 7 7 5.115521298395179e9 6 2
tr 6 2 1 8 7 7 1.289761948557732e13 7 1
tr 6 2 1 8 7 7 1.475217915017008e11 8 2
tr 6 2 1 8 7 7 1.164415438101203e14 9 1
ann 6 2 1 9 8 2 3.401953862335835e-21 30 0
tr 6 2 1 9 8 2 1.2386300607104375e12 6 1
tr 6 2 1 9 8 2 3.2091419780842815e10 7 2
tr 6 2 1 9 8 2 8.160477192962061e13 8 1
ann 6 2 1 9 8 4 3.7046736974115684e-21 30 0
tr 6 2 1 9 8 4 1.5138811853127634e12 6 1
tr 6 2 1 9 8 4 1.8826966271427865e9 7 2
tr 6 2 1 9 8 4 3.80822269004899e14 8 1
ann 6 2 1 9 8 6 3.550119051924191e-21 30 0
tr 6 2 1 9 8 6 1.2523926169405542e12 6 1
tr 6 2 1 9 8 6 2.336255360045361e10 7 2
tr 6 2 1 9 8 6 6.582784935656085e14 8 1
ann 6 2 1 9 8 8 2.788232059662653e-21 30 0
tr 6 2 1 9 8 8 1.6773115405453836e11 7 2
tr 6 2 1 9 8 8 4.663129824549761e14 8 1
tr 6 2 1 9 8 8 3.9525118292709414e12 9 2
tr 6 2 1 9 8 8 3.555293517108644e15 10 1
ann 6 2 1 11 10 2 1.2847168464345348e-26 34 0
tr 6 2 1 11 10 2 5.3088714929027525e14 8 1
tr 6 2 1 11 10 2 1.1062908590847143e13 9 2
tr 6 2 1 11 10 2 2.4677831880532976e16 10 1
ann 6 2 1 11 10 4 1.441501392817873e-26 34 0
tr 6 2 1 11 10 4 6.587826898011136e14 8 1
tr 6 2 1 11 10 4 2.80164568209763e12 9 2
tr 6 2 1 11 10 4 1.219166138789302e17 10 1
ann 6 2 1 11 10 6 1.4680187112371168e-26 34 0
tr 6 2 1 11 10 6 6.75674553642168e14 8 1
tr 6 2 1 11 10 6 4.104975358384927e11 9 2
tr 6 2 1 11 10 6 2.4576277016827315e17 10 1
ann 6 2 1 11 10 8 1.304746217778541e-26 34 0
tr 6 2 1 11 10 8 4.9227717479643694e14 8 1
tr 6 2 1 11 10 8 1.3084608954851617e13 9 2
tr 6 2 1 11 10 8 3.084728985066657e17 10 1
ann 6 2 1 11 10 10 8.849304155968344e-27 34 0
tr 6 2 1 11 10 10 5.264630897128549e13 9 2
tr 6 2 1 11 10 10 1.833065289891456e17 10 1
tr 6 2 1 11 10 10 9.174265477358265e14 11 2
tr 6 2 1 11 10 10 1.0657838653575482e18 12 1
ann 6 2 1 13 12 2 2.0458830669194756e-32 38 0
tr 6 2 1 13 12 2 6.8045922379229176e16 10 1
tr 6 2 1 13 12 2 1.1264069660826908e15 11 2
tr 6 2 1 13 12 2 2.405214816122264e18 12 1
ann 6 2 1 13 12 4 2.323796774767693e-32 38 0
tr 6 2 1 13 12 4 8.374882754366699e16 10 1
tr 6 2 1 13 12 4 4.584480936437468e14 11 2
tr 6 2 1 13 12 4 1.2244729972986157e19 12 1
ann 6 2 1 13 12 6 2.456058442552464e-32 38 0
tr 6 2 1 13 12 6 9.152550438700738e16 10 1
tr 6 2 1 13 12 6 2.338085277583124e13 11 2
tr 6 2 1 13 12 6 2.6457362977344975e19 12 1
ann 6 2 1 13 12 8 2.3708728286152454e-32 38 0
tr 6 2 1 13 12 8 8.52443423212325e16 10 1
tr 6 2 1 13 12 8 2.613154133769378e14 11 2
tr 6 2 1 13 12 8 3.904569506691996e19 12 1
ann 6 2 1 13 12 10 1.9868057896253885e-32 38 0
tr 6 2 1 13 12 10 5.757731893627103e16 10 1
tr 6 2 1 13 12 10 1.729724657317857e15 11 2
tr 6 2 1 13 12 10 4.134678802953044e19 12 1
ann 6 2 1 13 12 12 1.212784280580112e-32 38 0
tr 6 2 1 13 12 12 5.103444178442199e15 11 2
tr 6 2 1 13 12 12 2.2032184203094032e19 12 1
tr 6 2 1 13 12 12 7.023906085758762e16 13 2
tr 6 2 1 13 12 12 1.0247002956499817e20 14 1
ann 6 2 1 15 14 2 1.6063045976367432e-38 42 0
tr 6 2 1 15 14 2 3.513433827896664e18 12 1
tr 6 2 1 15 14 2 4.66858500842677e16 13 2
tr 6 2 1 15 14 2 9.862036337982669e19 14 1
ann 6 2 1 15 14 4 1.8299594693774128e-38 42 0
tr 6 2 1 15 14 4 4.266312505303104e18 12 1
tr 6 2 1 15 14 4 2.4104946148881332e16 13 2
tr 6 2 1 15 14 4 5.111189986704498e20 14 1
ann 6 2 1 15 14 6 1.972687210895543e-38 42 0
tr 6 2 1 15 14 6 4.768231623574035e18 12 1
tr 6 2 1 15 14 6 5.498126972733969e15 13 2
tr 6 2 1 15 14 6 1.1474099970152923e21 14 1
ann 6 2 1 15 14 8 1.9935976023221904e-38 42 0
tr 6 2 1 15 14 8 4.830971513357903e18 12 1
tr 6 2 1 15 14 8 7.427294331588322e14 13 2
tr 6 2 1 15 14 8 1.8254249952516002e21 14 1
ann 6 2 1 15 14 10 1.8463581797935828e-38 42 0
tr 6 2 1 15 14 10 4.23285123075169e18 12 1
tr 6 2 1 15 14 10 2.218542462682145e16 13 2
tr 6 2 1 15 14 10 2.282176357699843e21 14 1
ann 6 2 1 15 14 12 1.4791942354511352e-38 42 0
tr 6 2 1 15 14 12 2.718728557300989e18 12 1
tr 6 2 1 15 14 12 8.464221786972117e16 13 2
tr 6 2 1 15 14 12 2.173757176163687e21 14 1
ann 6 2 1 15 14 14 8.348888174414378e-39 42 0
tr 6 2 1 15 14 14 2.0539844869718992e17 13 2
tr 6 2 1 15 14 14 1.0753412699300379e21 14 1
tr 6 2 1 15 14 14 2.313060267772183e18 15 2
tr 6 2 1 15 14 14 4.116223773498841e21 16 1
ann 6 2 2 6 2 2 1.129253658079955e-9 18 0
ann 6 2 2 6 3 1 2.2780767950158728e-10 20 0
tr 6 2 2 6 3 1 799.8171428571424 2 2
tr 6 2 2 6 3 1 8.394906122448975e6 3 1
ann 6 2 2 6 3 2 2.847591150007065e-10 20 0
tr 6 2 2 6 3 2 1333.0285714285708 2 2
tr 6 2 2 6 3 2 6.995755102040803e6 3 1
ann 6 2 2 6 3 3 3.8497427604837453e-10 20 0
tr 6 2 2 6 3 3 1333.0285714285708 2 2
tr 6 2 2 6 3 3 3.4978775510204057e6 3 1
ann 6 2 2 6 4 1 5.714788446679585e-12 22 0
tr 6 2 2 6 4 1 23804.08163265296 2 1
tr 6 2 2 6 4 1 18892.128279883393 3 2
tr 6 2 2 6 4 1 1.7353175510204074e8 4 1
ann 6 2 2 6 4 2 7.498509902310496e-12 22 0
tr 6 2 2 6 4 2 71412.24489795914 2 1
tr 6 2 2 6 4 2 28338.19241982506 3 2
tr 6 2 2 6 4 2 1.5617857959183645e8 4 1
ann 6 2 2 6 4 3 9.554313588906728e-12 22 0
tr 6 2 2 6 4 3 166628.5714285712 2 1
tr 6 2 2 6 4 3 33061.22448979594 3 2
tr 6 2 2 6 4 3 1.0932500571428554e8 4 1
ann 6 2 2 6 4 4 1.1796643115941717e-11 22 0
tr 6 2 2 6 4 4 333257.14285714255 2 1
tr 6 2 2 6 4 4 26448.979591836673 3 2
ann 6 2 2 6 5 1 3.9033773182109475e-14 24 0
tr 6 2 2 6 5 1 347142.85714285634 3 1
tr 6 2 2 6 5 1 215999.99999999994 4 2
tr 6 2 2 6 5 1 1.5712044218181808e9 5 1
ann 6 2 2 6 5 2 5.197055506219363e-14 24 0
tr 6 2 2 6 5 2 809999.9999999994 3 1
tr 6 2 2 6 5 2 302400.00000000006 4 2
tr 6 2 2 6 5 2 1.4664574603636367e9 5 1
ann 6 2 2 6 5 3 6.70265174448497e-14 24 0
tr 6 2 2 6 5 3 1.6199999999999986e6 3 1
tr 6 2 2 6 5 3 362879.9999999994 4 2
tr 6 2 2 6 5 3 1.1731659682909074e9 5 1
ann 6 2 2 6 5 4 8.395237362940579e-14 24 0
tr 6 2 2 6 5 4 2.915999999999996e6 3 1
tr 6 2 2 6 5 4 362879.9999999999 4 2
tr 6 2 2 6 5 4 7.541781224727281e8 5 1
ann 6 2 2 6 5 5 1.0236768936080622e-13 24 0
tr 6 2 2 6 5 5 4.859999999999993e6 3 1
tr 6 2 2 6 5 5 259199.99999999985 4 2
ann 6 2 2 7 1 1 2.4182736668547873e-8 16 0
tr 6 2 2 7 1 1 10.166563196988534 2 2
tr 6 2 2 7 1 1 661353.6416430363 3 1
ann 6 2 2 7 2 1 1.4805726027626873e-9 18 0
tr 6 2 2 7 2 1 68844.34779140103 2 1
tr 6 2 2 7 2 1 4917.453413671506 3 2
tr 6 2 2 7 2 1 7.042264649920428e7 4 1
ann 6 2 2 7 2 2 2.961145205525378e-9 18 0
tr 6 2 2 7 2 2 45896.23186093399 2 1
tr 6 2 2 7 2 2 1639.1511378905002 3 2
tr 6 2 2 7 2 2 1.4084529299840933e7 4 1
ann 6 2 2 7 3 1 1.6254709514534818e-10 20 0
tr 6 2 2 7 3 1 206.6717744650352 2 2
tr 6 2 2 7 3 1 7.880848250079245e6 3 1
tr 6 2 2 7 3 1 625464.146831686 4 2
tr 6 2 2 7 3 1 4.1582578316229887e9 5 1
ann 6 2 2 7 3 2 2.03183524281493e-10 20 0
tr 6 2 2 7 3 2 344.4529574417254 2 2
tr 6 2 2 7 3 2 6.567373541732693e6 3 1
tr 6 2 2 7 3 2 312732.0734158435 4 2
tr 6 2 2 7 3 2 1.38608594387433e9 5 1
ann 6 2 2 7 3 3 2.746898208344811e-10 20 0
tr 6 2 2 7 3 3 344.4529574417254 2 2
tr 6 2 2 7 3 3 3.283686770866351e6 3 1
tr 6 2 2 7 3 3 93819.62202475205 4 2
tr 6 2 2 7 3 3 2.7721718877486455e8 5 1
ann 6 2 2 7 4 1 4.943122515526494e-12 22 0
tr 6 2 2 7 4 1 37588.03826944914 2 1
tr 6 2 2 7 4 1 29831.77640432485 3 2
tr 6 2 2 7 4 1 5.296316786443093e8 4 1
ann 6 2 2 7 4 2 6.485988687461191e-12 22 0
tr 6 2 2 7 4 2 112764.11480834785 2 1
tr 6 2 2 7 4 2 44747.66460648723 3 2
tr 6 2 2 7 4 2 4.7666851077987766e8 4 1
ann 6 2 2 7 4 3 8.26419792587601e-12 22 0
tr 6 2 2 7 4 3 263116.26788614475 2 1
tr 6 2 2 7 4 3 52205.6087075685 3 2
tr 6 2 2 7 4 3 3.336679575459145e8 4 1
ann 6 2 2 7 4 4 1.0203746492113434e-11 22 0
tr 6 2 2 7 4 4 526232.5357722898 2 1
tr 6 2 2 7 4 4 41764.48696605468 3 2
tr 6 2 2 7 4 4 1.4829687002040634e8 4 1
ann 6 2 2 7 5 1 5.412111404585412e-14 24 0
tr 6 2 2 7 5 1 2.6609545675752973e6 3 1
tr 6 2 2 7 5 1 1.6557050642690773e6 4 2
tr 6 2 2 7 5 1 1.8180545823190567e10 5 1
ann 6 2 2 7 5 2 7.205822322951405e-14 24 0
tr 6 2 2 7 5 2 6.208893991009039e6 3 1
tr 6 2 2 7 5 2 2.31798708997671e6 4 2
tr 6 2 2 7 5 2 1.6968509434977879e10 5 1
ann 6 2 2 7 5 3 9.293361898938215e-14 24 0
tr 6 2 2 7 5 3 1.2417787982018072e7 3 1
tr 6 2 2 7 5 3 2.7815845079720477e6 4 2
tr 6 2 2 7 5 3 1.357480754798228e10 5 1
ann 6 2 2 7 5 4 1.1640166030282034e-13 24 0
tr 6 2 2 7 5 4 2.2352018367632523e7 3 1
tr 6 2 2 7 5 4 2.781584507972051e6 4 2
tr 6 2 2 7 5 4 8.726661995131489e9 5 1
ann 6 2 2 7 5 5 1.4193486742003677e-13 24 0
tr 6 2 2 7 5 5 3.725336394605419e7 3 1
tr 6 2 2 7 5 5 1.9868460771228925e6 4 2
tr 6 2 2 7 5 5 3.636109164638098e9 5 1
ann 6 2 2 7 6 1 1.9290562275162919e-16 26 0
tr 6 2 2 7 6 1 7.068025631801954e7 4 1
tr 6 2 2 7 6 1 3.238440834934711e7 5 2
tr 6 2 2 7 6 1 2.4745361225031818e11 6 1
ann 6 2 2 7 6 2 2.5619664219633905e-16 26 0
tr 6 2 2 7 6 2 1.4136051263603887e8 4 1
tr 6 2 2 7 6 2 4.317921113246288e7 5 2
tr 6 2 2 7 6 2 2.3567010690506516e11 6 1
ann 6 2 2 7 6 3 3.3109481480162864e-16 26 0
tr 6 2 2 7 6 3 2.5444892274487057e8 4 1
tr 6 2 2 7 6 3 5.181505335895539e7 5 2
tr 6 2 2 7 6 3 2.0200294877577e11 6 1
ann 6 2 2 7 6 4 4.17769961593881e-16 26 0
tr 6 2 2 7 6 4 4.2408153790811694e8 4 1
tr 6 2 2 7 6 4 5.551612859888083e7 5 2
tr 6 2 2 7 6 4 1.515022115818273e11 6 1
ann 6 2 2 7 6 5 5.161503889161924e-16 26 0
tr 6 2 2 7 6 5 6.664138452841855e8 4 1
tr 6 2 2 7 6 5 5.088978454897411e7 5 2
tr 6 2 2 7 6 5 9.258468485556137e10 6 1
ann 6 2 2 7 6 6 6.259228884283721e-16 26 0
tr 6 2 2 7 6 6 9.99620767926276e8 4 1
tr 6 2 2 7 6 6 3.392652303264937e7 5 2
tr 6 2 2 7 6 6 3.703387394222437e10 6 1
ann 6 2 2 8 1 1 1.627964852730357e-8 16 0
tr 6 2 2 8 1 1 1.3503986952924836 2 2
tr 6 2 2 8 1 1 13165.460742439036 3 1
ann 6 2 2 8 2 1 1.0174759026059374e-9 18 0
tr 6 2 2 8 2 1 4287.232230752017 2 1
tr 6 2 2 8 2 1 306.2308736251442 3 2
tr 6 2 2 8 2 1 36596.013073123395 4 1
ann 6 2 2 8 2 2 2.0349518052118773e-9 18 0
tr 6 2 2 8 2 2 2858.154820501343 2 1
tr 6 2 2 8 2 2 102.076957875048 3 2
tr 6 2 2 8 2 2 7319.202614624717 4 1
ann 6 2 2 8 3 1 1.1759597005807242e-10 20 0
tr 6 2 2 8 3 1 30.659658960226633 2 2
tr 6 2 2 8 3 1 30261.61424164977 3 1
tr 6 2 2 8 3 1 2401.7154160039495 4 2
tr 6 2 2 8 3 1 2.6567069608909655e8 5 1
ann 6 2 2 8 3 2 1.4699471368615922e-10 20 0
tr 6 2 2 8 3 2 51.09943160037773 2 2
tr 6 2 2 8 3 2 25218.01186804143 3 1
tr 6 2 2 8 3 2 1200.8577080019766 4 2
tr 6 2 2 8 3 2 8.855689869636555e7 5 1
ann 6 2 2 8 3 3 1.987265047571381e-10 20 0
tr 6 2 2 8 3 3 51.09943160037773 2 2
tr 6 2 2 8 3 3 12609.005934020737 3 1
tr 6 2 2 8 3 3 360.25731240058917 4 2
tr 6 2 2 8 3 3 1.7711379739273015e7 5 1
ann 6 2 2 8 4 1 3.982520352236305e-12 22 0
tr 6 2 2 8 4 1 572.8342096127269 2 1
tr 6 2 2 8 4 1 454.63032508946793 3 2
tr 6 2 2 8 4 1 2.586184204103194e7 4 1
ann 6 2 2 8 4 2 5.225559736720121e-12 22 0
tr 6 2 2 8 4 2 1718.5026288381873 2 1
tr 6 2 2 8 4 2 681.9454876342012 3 2
tr 6 2 2 8 4 2 2.3275657836928714e7 4 1
ann 6 2 2 8 4 3 6.65820772691168e-12 22 0
tr 6 2 2 8 4 3 4009.8394672891004 2 1
tr 6 2 2 8 4 3 795.6030689065689 3 2
tr 6 2 2 8 4 3 1.6292960485850103e7 4 1
ann 6 2 2 8 4 4 8.220841808894613e-12 22 0
tr 6 2 2 8 4 4 8019.6789345782045 2 1
tr 6 2 2 8 4 4 636.4824551252533 3 2
tr 6 2 2 8 4 4 7.241315771488932e6 4 1
ann 6 2 2 8 5 1 5.4249136289446035e-14 24 0
tr 6 2 2 8 5 1 220657.84279597178 3 1
tr 6 2 2 8 5 1 137298.21329527165 4 2
tr 6 2 2 8 5 1 8.629700746514507e9 5 1
ann 6 2 2 8 5 2 7.222867535503034e-14 24 0
tr 6 2 2 8 5 2 514868.2998572685 3 1
tr 6 2 2 8 5 2 192217.4986133804 4 2
tr 6 2 2 8 5 2 8.054387363413548e9 5 1
ann 6 2 2 8 5 3 9.315345148070273e-14 24 0
tr 6 2 2 8 5 3 1.0297365997145368e6 3 1
tr 6 2 2 8 5 3 230660.99833605613 4 2
tr 6 2 2 8 5 3 6.443509890730828e9 5 1
ann 6 2 2 8 5 4 1.1667700604926471e-13 24 0
tr 6 2 2 8 5 4 1.853525879486165e6 3 1
tr 6 2 2 8 5 4 230660.99833605636 4 2
tr 6 2 2 8 5 4 4.1422563583269725e9 5 1
ann 6 2 2 8 5 5 1.4227061158299808e-13 24 0
tr 6 2 2 8 5 5 3.089209799143608e6 3 1
tr 6 2 2 8 5 5 164757.8559543259 4 2
tr 6 2 2 8 5 5 1.7259401493028944e9 5 1
ann 6 2 2 8 6 1 3.1886127027523415e-16 26 0
tr 6 2 2 8 6 1 8.839729471713994e7 4 1
tr 6 2 2 8 6 1 4.0502033215853184e7 5 2
tr 6 2 2 8 6 1 6.894050571857603e11 6 1
ann 6 2 2 8 6 2 4.2347747907115025e-16 26 0
tr 6 2 2 8 6 2 1.767945894342796e8 4 1
tr 6 2 2 8 6 2 5.400271095447098e7 5 2
tr 6 2 2 8 6 2 6.565762449388198e11 6 1
ann 6 2 2 8 6 3 5.47279606742923e-16 26 0
tr 6 2 2 8 6 3 3.1823026098170394e8 4 1
tr 6 2 2 8 6 3 6.480325314536508e7 5 2
tr 6 2 2 8 6 3 5.62779638518988e11 6 1
ann 6 2 2 8 6 4 6.905483571696749e-16 26 0
tr 6 2 2 8 6 4 5.303837683028391e8 4 1
tr 6 2 2 8 6 4 6.943205694146267e7 5 2
tr 6 2 2 8 6 4 4.2208472888924036e11 6 1
ann 6 2 2 8 6 5 8.531652251437819e-16 26 0
tr 6 2 2 8 6 5 8.334602073330351e8 4 1
tr 6 2 2 8 6 5 6.364605219634081e7 5 2
tr 6 2 2 8 6 5 2.5794066765453656e11 6 1
ann 6 2 2 8 6 6 1.0346124963708716e-15 26 0
tr 6 2 2 8 6 6 1.2501903109995499e9 4 1
tr 6 2 2 8 6 6 4.243070146422715e7 5 2
tr 6 2 2 8 6 6 1.0317626706181412e11 6 1
ann 6 2 2 8 7 1 6.718371695320939e-19 28 0
tr 6 2 2 8 7 1 5.340778628296104e9 5 1
tr 6 2 2 8 7 1 1.8363409789110913e9 6 2
tr 6 2 2 8 7 1 1.7095069614019611e13 7 1
ann 6 2 2 8 7 2 8.842313138364464e-19 28 0
tr 6 2 2 8 7 2 9.613401530932959e9 5 1
tr 6 2 2 8 7 2 2.3610098300285444e9 6 2
tr 6 2 2 8 7 2 1.648453141351893e13 7 1
ann 6 2 2 8 7 3 1.1372098677052538e-18 28 0
tr 6 2 2 8 7 3 1.6022335884888313e10 5 1
tr 6 2 2 8 7 3 2.8107259881292233e9 6 2
tr 6 2 2 8 7 3 1.4718331619213318e13 7 1
ann 6 2 2 8 7 4 1.4335514829505116e-18 28 0
tr 6 2 2 8 7 4 2.5177956390538795e10 5 1
tr 6 2 2 8 7 4 3.0917985869421406e9 6 2
tr 6 2 2 8 7 4 1.199271465269233e13 7 1
ann 6 2 2 8 7 5 1.775798012050006e-18 28 0
tr 6 2 2 8 7 5 3.776693458580812e10 5 1
tr 6 2 2 8 7 5 3.0917985869421415e9 6 2
tr 6 2 2 8 7 5 8.634754549938465e12 7 1
ann 6 2 2 8 7 6 2.1662545081473046e-18 28 0
tr 6 2 2 8 7 6 5.4552238846167366e10 5 1
tr 6 2 2 8 7 6 2.679558775349861e9 6 2
tr 6 2 2 8 7 6 5.102354961327302e12 7 1
ann 6 2 2 8 7 7 2.6069892250517634e-18 28 0
tr 6 2 2 8 7 7 7.637313438463423e10 5 1
tr 6 2 2 8 7 7 1.7051737661317239e9 6 2
tr 6 2 2 8 7 7 1.984249151627276e12 7 1
ann 6 2 2 9 8 2 2.2693040455712233e-21 30 0
tr 6 2 2 9 8 2 3.6126710104054376e11 6 1
tr 6 2 2 9 8 2 7.188478030908789e10 7 2
tr 6 2 2 9 8 2 6.528381754369666e14 8 1
ann 6 2 2 9 8 4 3.630746546725732e-21 30 0
tr 6 2 2 9 8 4 8.515581667384259e11 6 1
tr 6 2 2 9 8 4 9.413483135713885e10 7 2
tr 6 2 2 9 8 4 5.129442807004728e14 8 1
ann 6 2 2 9 8 6 5.46760930425169e-21 30 0
tr 6 2 2 9 8 6 1.7220398482932612e12 6 1
tr 6 2 2 9 8 6 9.345021440181427e10 7 2
tr 6 2 2 9 8 6 2.8289654268935156e14 8 1
ann 6 2 2 9 8 8 7.853785529519055e-21 30 0
tr 6 2 2 9 8 8 3.130981542351386e12 6 1
tr 6 2 2 9 8 8 4.792318687272529e10 7 2
tr 6 2 2 9 8 8 6.217506432732967e13 8 1
ann 6 2 2 11 10 2 7.161649476097738e-27 34 0
tr 6 2 2 11 10 2 1.493120107378897e14 8 1
tr 6 2 2 11 10 2 2.0319628024004895e13 9 2
tr 6 2 2 11 10 2 3.01617945206517e17 10 1
ann 6 2 2 11 10 4 1.107586911086366e-26 34 0
tr 6 2 2 11 10 4 3.0194206615884375e14 8 1
tr 6 2 2 11 10 4 2.614869303291135e13 9 2
tr 6 2 2 11 10 4 2.5876179272262765e17 10 1
ann 6 2 2 11 10 6 1.6335126805185583e-26 34 0
tr 6 2 2 11 10 6 5.489855748342603e14 8 1
tr 6 2 2 11 10 6 2.8734827508693855e13 9 2
tr 6 2 2 11 10 6 1.8279875467061603e17 10 1
ann 6 2 2 11 10 8 2.3191842272809654e-26 34 0
tr 6 2 2 11 10 8 9.230197027433184e14 8 1
tr 6 2 2 11 10 8 2.5122449193315227e13 9 2
tr 6 2 2 11 10 8 9.322736488201366e16 10 1
ann 6 2 2 11 10 10 3.1916512509811095e-26 34 0
tr 6 2 2 11 10 10 1.4614478626769212e15 8 1
tr 6 2 2 11 10 10 1.1699179771396758e13 9 2
tr 6 2 2 11 10 10 1.929542410412055e16 10 1
ann 6 2 2 13 12 2 1.0031239373353636e-32 38 0
tr 6 2 2 13 12 2 1.8712628654288e16 10 1
tr 6 2 2 13 12 2 1.8356261669495628e15 11 2
tr 6 2 2 13 12 2 4.169039014611926e19 12 1
ann 6 2 2 13 12 4 1.4987215874339854e-32 38 0
tr 6 2 2 13 12 4 3.4022961189614604e16 10 1
tr 6 2 2 13 12 4 2.3105783919644855e15 11 2
tr 6 2 2 13 12 4 3.748386726424312e19 12 1
ann 6 2 2 13 12 6 2.1541261587990855e-32 38 0
tr 6 2 2 13 12 6 5.720344024187956e16 10 1
tr 6 2 2 13 12 6 2.6186555108930875e15 11 2
tr 6 2 2 13 12 6 2.973720136296625e19 12 1
ann 6 2 2 13 12 8 2.9992109587148487e-32 38 0
tr 6 2 2 13 12 8 9.057211371630947e16 10 1
tr 6 2 2 13 12 8 2.613154133769364e15 11 2
tr 6 2 2 13 12 8 1.9783152167239463e19 12 1
ann 6 2 2 13 12 10 4.0662590198835045e-32 38 0
tr 6 2 2 13 12 10 1.3674613247364387e17 10 1
tr 6 2 2 13 12 10 2.1180301926341215e15 11 2
tr 6 2 2 13 12 10 9.620859264489056e18 12 1
ann 6 2 2 13 12 12 5.389963100425304e-32 38 0
tr 6 2 2 13 12 12 1.98641750330135e17 10 1
tr 6 2 2 13 12 12 9.27898941534942e14 11 2
tr 6 2 2 13 12 12 1.9158421046168586e18 12 1
ann 6 2 2 15 14 2 7.160615519841024e-39 42 0
tr 6 2 2 15 14 2 9.515549950553457e17 12 1
tr 6 2 2 15 14 2 7.022169186228707e16 13 2
tr 6 2 2 15 14 2 2.3011418121959653e21 14 1
ann 6 2 2 15 14 4 1.0365414023965042e-38 42 0
tr 6 2 2 15 14 4 1.5998671894886572e18 12 1
tr 6 2 2 15 14 4 8.65810310653694e16 13 2
tr 6 2 2 15 14 4 2.1279239944647297e21 14 1
ann 6 2 2 15 14 6 1.4527531701558174e-38 42 0
tr 6 2 2 15 14 6 2.5331230500237066e18 12 1
tr 6 2 2 15 14 6 9.896628550921242e16 13 2
tr 6 2 2 15 14 6 1.8017181771314577e21 14 1
ann 6 2 2 15 14 8 1.9817405626997532e-38 42 0
tr 6 2 2 15 14 8 3.8245191147416755e18 12 1
tr 6 2 2 15 14 8 1.0398212064223339e17 13 2
tr 6 2 2 15 14 8 1.3629839964545373e21 14 1
ann 6 2 2 15 14 10 2.6419078484647266e-38 42 0
tr 6 2 2 15 14 10 5.555617240361598e18 12 1
tr 6 2 2 15 14 10 9.761586835801498e16 13 2
tr 6 2 2 15 14 10 8.724109068215488e20 14 1
ann 6 2 2 15 14 12 3.4530198568858633e-38 42 0
tr 6 2 2 15 14 12 7.816344602240339e18 12 1
tr 6 2 2 15 14 12 7.523752699530797e16 13 2
tr 6 2 2 15 14 12 4.1091818074927976e20 14 1
ann 6 2 2 15 14 14 4.436201978396992e-38 42 0
tr 6 2 2 15 14 14 1.0704993694372628e19 12 1
tr 6 2 2 15 14 14 3.1599761338029176e16 13 2
tr 6 2 2 15 14 14 7.96549088837054e19 14 1
ann 6 3 1 6 3 1 3.6365330289509197e-12 22 0
ann 6 3 1 6 3 2 1.0280086945382383e-11 22 0
tr 6 3 1 6 3 2 121104.00000000003 2 1
ann 6 3 1 6 3 3 8.277672079980326e-12 22 0
tr 6 3 1 6 3 3 80735.9999999999 2 1
tr 6 3 1 6 3 3 57668.57142857141 3 2
ann 6 3 1 6 4 1 3.220213926489852e-13 24 0
tr 6 3 1 6 4 1 411.4285714285717 2 2
tr 6 3 1 6 4 1 1.1935102040816408e6 3 1
ann 6 3 1 6 4 2 3.2245762876745586e-13 24 0
tr 6 3 1 6 4 2 137.14285714285748 2 2
tr 6 3 1 6 4 2 3.1826938775510257e6 3 1
ann 6 3 1 6 4 3 2.454291864697095e-13 24 0
tr 6 3 1 6 4 3 1920.0000000000005 2 2
tr 6 3 1 6 4 3 1.1139428571428587e6 3 1
ann 6 3 1 6 4 4 2.0296182211604688e-13 24 0
tr 6 3 1 6 4 4 3.341828571428564e6 3 1
tr 6 3 1 6 4 4 1.6040777142857136e6 4 2
ann 6 3 1 6 5 1 2.7344753788104304e-15 26 0
tr 6 3 1 6 5 1 61714.28571428584 2 1
tr 6 3 1 6 5 1 6122.448979591841 3 2
ann 6 3 1 6 5 2 2.850843592635856e-15 26 0
tr 6 3 1 6 5 2 72000.00000000004 2 1
ann 6 3 1 6 5 3 2.6848412637187536e-15 26 0
tr 6 3 1 6 5 3 47999.99999999996 2 1
tr 6 3 1 6 5 3 8571.42857142857 3 2
ann 6 3 1 6 5 4 2.251638764714657e-15 26 0
tr 6 3 1 6 5 4 25714.285714285703 3 2
tr 6 3 1 6 5 4 2.6671679999999916e6 4 1
ann 6 3 1 6 5 5 1.7011233502812736e-15 26 0
tr 6 3 1 6 5 5 5.334335999999993e7 4 1
tr 6 3 1 6 5 5 1.629397178181818e7 5 2
ann 6 3 1 7 1 1 2.478746317696142e-9 18 0
tr 6 3 1 7 1 1 14006.061388991746 2 1
tr 6 3 1 7 1 1 1389.4902171618794 3 2
tr 6 3 1 7 1 1 8.617305233847083e7 4 1
ann 6 3 1 7 2 1 1.794163179136705e-10 20 0
tr 6 3 1 7 2 1 9.574895560591624 2 2
tr 6 3 1 7 2 1 228608.81983670825 3 1
tr 6 3 1 7 2 1 272153.35694846034 4 2
tr 6 3 1 7 2 1 6.881516686134285e9 5 1
ann 6 3 1 7 2 2 1.493401411383902e-10 20 0
tr 6 3 1 7 2 2 14.362343340887415 2 2
tr 6 3 1 7 2 2 2.743305838040481e6 3 1
tr 6 3 1 7 2 2 217722.68555876828 4 2
tr 6 3 1 7 2 2 2.0644550058402855e9 5 1
ann 6 3 1 7 3 1 1.0379068495220655e-11 22 0
tr 6 3 1 7 3 1 19444.747386830903 2 1
tr 6 3 1 7 3 1 7716.169597948735 3 2
tr 6 3 1 7 3 1 4.1032736059121247e6 4 1
ann 6 3 1 7 3 2 7.335127046498905e-12 22 0
tr 6 3 1 7 3 2 32407.912311384673 2 1
tr 6 3 1 7 3 2 1.3130475538918595e8 4 1
ann 6 3 1 7 3 3 5.906348483678354e-12 22 0
tr 6 3 1 7 3 3 21605.274874256425 2 1
tr 6 3 1 7 3 3 15432.339195897463 3 2
tr 6 3 1 7 3 3 2.215767747192509e8 4 1
ann 6 3 1 7 4 1 2.785389549018128e-13 24 0
tr 6 3 1 7 4 1 200.78942113786553 2 2
tr 6 3 1 7 4 1 1.6142142878974578e6 3 1
tr 6 3 1 7 4 1 996200.8176738537 4 2
ann 6 3 1 7 4 2 2.789162862700643e-13 24 0
tr 6 3 1 7 4 2 66.9298070459553 2 2
tr 6 3 1 7 4 2 4.304571434393198e6 3 1
tr 6 3 1 7 4 2 177102.3675864626 4 2
tr 6 3 1 7 4 2 3.662996305074422e9 5 1
ann 6 3 1 7 4 3 2.1228896871531613e-13 24 0
tr 6 3 1 7 4 3 937.0172986433722 2 2
tr 6 3 1 7 4 3 1.5066000020376188e6 3 1
tr 6 3 1 7 4 3 309929.1432763096 4 2
tr 6 3 1 7 4 3 9.513092621399345e9 5 1
ann 6 3 1 7 4 4 1.755559565797317e-13 24 0
tr 6 3 1 7 4 4 4.519800006112841e6 3 1
tr 6 3 1 7 4 4 2.1695040029341667e6 4 2
tr 6 3 1 7 4 4 9.31894787402383e9 5 1
ann 6 3 1 7 5 1 3.791405305192378e-15 26 0
tr 6 3 1 7 5 1 251681.04608802317 2 1
tr 6 3 1 7 5 1 24968.357746827667 3 2
tr 6 3 1 7 5 1 6.992590736990502e7 4 1
ann 6 3 1 7 5 2 3.9527521819704986e-15 26 0
tr 6 3 1 7 5 2 293627.8871026933 2 1
tr 6 3 1 7 5 2 2.071193818295357e8 4 1
ann 6 3 1 7 5 3 3.72258660301768e-15 26 0
tr 6 3 1 7 5 3 195751.9247351286 2 1
tr 6 3 1 7 5 3 34955.700845558706 3 2
tr 6 3 1 7 5 3 1.9660160072100466e8 4 1
ann 6 3 1 7 5 4 3.121942593431928e-15 26 0
tr 6 3 1 7 5 4 104867.10253667609 3 2
tr 6 3 1 7 5 4 1.699026179070404e7 4 1
tr 6 3 1 7 5 4 3.690490803508089e7 5 2
tr 6 3 1 7 5 4 2.6957667213710037e11 6 1
ann 6 3 1 7 5 5 2.3586418473947246e-15 26 0
tr 6 3 1 7 5 5 3.3980523581408143e8 4 1
tr 6 3 1 7 5 5 1.0379505384866497e8 5 2
tr 6 3 1 7 5 5 2.0218250410282495e11 6 1
ann 6 3 1 7 6 1 1.8576189965371354e-17 28 0
tr 6 3 1 7 6 1 8.854830061021287e6 3 1
tr 6 3 1 7 6 1 826450.8056953195 4 2
tr 6 3 1 7 6 1 1.1750553456640463e9 5 1
ann 6 3 1 7 6 2 1.9427431274141735e-17 28 0
tr 6 3 1 7 6 2 1.062579607322552e7 3 1
tr 6 3 1 7 6 2 66116.06445562538 4 2
tr 6 3 1 7 6 2 3.5251660369921317e9 5 1
ann 6 3 1 7 6 3 1.922905472888189e-17 28 0
tr 6 3 1 7 6 3 9.56321646590297e6 3 1
tr 6 3 1 7 6 3 297522.2900503147 4 2
tr 6 3 1 7 6 3 4.532356333275613e9 5 1
ann 6 3 1 7 6 4 1.783995572655959e-17 28 0
tr 6 3 1 7 6 4 5.312898036612752e6 3 1
tr 6 3 1 7 6 4 1.7709660122042517e6 4 2
tr 6 3 1 7 6 4 2.5179757407086697e9 5 1
ann 6 3 1 7 6 5 1.501537968434564e-17 28 0
tr 6 3 1 7 6 5 3.1169001814794843e6 4 2
tr 6 3 1 7 6 5 9.10740362102473e8 6 2
tr 6 3 1 7 6 5 2.8098395054946724e12 7 1
ann 6 3 1 7 6 6 1.0263206756702241e-17 28 0
tr 6 3 1 7 6 6 8.309319944338566e9 5 1
tr 6 3 1 7 6 6 1.669690663854535e9 6 2
tr 6 3 1 7 6 6 1.7956370804344595e12 7 1
ann 6 3 1 8 1 1 1.6686746009125696e-9 18 0
tr 6 3 1 8 1 1 944.161671886029 2 1
tr 6 3 1 8 1 1 93.66683252837588 3 2
tr 6 3 1 8 1 1 164920.03437995652 4 1
ann 6 3 1 8 2 1 1.2329809273233183e-10 20 0
tr 6 3 1 8 2 1 1.1522163064906445 2 2
tr 6 3 1 8 2 1 4564.825019186287 3 1
tr 6 3 1 8 2 1 5434.315499031257 4 2
tr 6 3 1 8 2 1 1.0670469664113353e8 5 1
ann 6 3 1 8 2 2 1.026292073694616e-10 20 0
tr 6 3 1 8 2 2 1.7283244597359644 2 2
tr 6 3 1 8 2 2 54777.90023023506 3 1
tr 6 3 1 8 2 2 4347.452399225005 4 2
tr 6 3 1 8 2 2 3.2011408992340054e7 5 1
ann 6 3 1 8 3 1 7.508818431789756e-12 22 0
tr 6 3 1 8 3 1 1122.7550508409556 2 1
tr 6 3 1 8 3 1 445.53771858767857 3 2
tr 6 3 1 8 3 1 7595.150242018919 4 1
ann 6 3 1 8 3 2 5.306655156944067e-12 22 0
tr 6 3 1 8 3 2 1871.25841806825 2 1
tr 6 3 1 8 3 2 243044.80774460165 4 1
ann 6 3 1 8 3 3 4.272994087523575e-12 22 0
tr 6 3 1 8 3 3 1247.5056120454988 2 1
tr 6 3 1 8 3 3 891.0754371753569 3 2
tr 6 3 1 8 3 3 410138.11306901457 4 1
ann 6 3 1 8 4 1 2.2441018921472712e-13 24 0
tr 6 3 1 8 4 1 26.913843194379382 2 2
tr 6 3 1 8 4 1 439.0814747917644 3 1
tr 6 3 1 8 4 1 270.9759958714872 4 2
tr 6 3 1 8 4 1 3.1741589402127457e6 5 1
ann 6 3 1 8 4 2 2.247141934172865e-13 24 0
tr 6 3 1 8 4 2 8.971281064793143 2 2
tr 6 3 1 8 4 2 1170.8839327780324 3 1
tr 6 3 1 8 4 2 48.17351037715322 4 2
tr 6 3 1 8 4 2 3.912679920302093e8 5 1
ann 6 3 1 8 4 3 1.7103463236081016e-13 24 0
tr 6 3 1 8 4 3 125.59793490710375 2 2
tr 6 3 1 8 4 3 409.80937647231116 3 1
tr 6 3 1 8 4 3 1.0161540820600686e9 5 1
ann 6 3 1 8 4 4 1.4143998408080147e-13 24 0
tr 6 3 1 8 4 4 1229.4281294169293 3 1
tr 6 3 1 8 4 4 590.125502120127 4 2
tr 6 3 1 8 4 4 9.954162436506774e8 5 1
ann 6 3 1 8 5 1 3.8003738016256096e-15 26 0
tr 6 3 1 8 5 1 15.021743855287857 2 1
tr 6 3 1 8 5 1 1.4902523665960155 3 2
tr 6 3 1 8 5 1 9.558392030913321e6 4 1
tr 6 3 1 8 5 1 6.437180861049208e6 5 2
ann 6 3 1 8 5 2 3.962102341043224e-15 26 0
tr 6 3 1 8 5 2 17.525367831169145 2 1
tr 6 3 1 8 5 2 2.8311799205614176e7 4 1
tr 6 3 1 8 5 2 2.482912617833266e6 5 2
tr 6 3 1 8 5 2 3.6234156970768715e10 6 1
ann 6 3 1 8 5 3 3.7313923102703115e-15 26 0
tr 6 3 1 8 5 3 11.683578554112744 2 1
tr 6 3 1 8 5 3 2.0863533132344205 3 2
tr 6 3 1 8 5 3 2.687409065220408e7 4 1
tr 6 3 1 8 5 3 1.1836491277117838e11 6 1
ann 6 3 1 8 5 4 3.1293274881743084e-15 26 0
tr 6 3 1 8 5 4 6.25905993970326 3 2
tr 6 3 1 8 5 4 2.3224522785855294e6 4 1
tr 6 3 1 8 5 4 5.044647858454886e6 5 2
tr 6 3 1 8 5 4 1.7392395345969034e11 6 1
ann 6 3 1 8 5 5 2.364221160842016e-15 26 0
tr 6 3 1 8 5 5 4.6449045571710676e7 4 1
tr 6 3 1 8 5 5 1.4188072101904362e7 5 2
tr 6 3 1 8 5 5 1.3044296509476753e11 6 1
ann 6 3 1 8 6 1 3.0705313144448315e-17 28 0
tr 6 3 1 8 6 1 4.281964792429597e6 3 1
tr 6 3 1 8 6 1 399650.0472934288 4 2
tr 6 3 1 8 6 1 1.6331926393161066e9 5 1
ann 6 3 1 8 6 2 3.211236330153797e-17 28 0
tr 6 3 1 8 6 2 5.138357750915503e6 3 1
tr 6 3 1 8 6 2 31972.00378347421 4 2
tr 6 3 1 8 6 2 4.899577917948311e9 5 1
ann 6 3 1 8 6 3 3.178445892349669e-17 28 0
tr 6 3 1 8 6 3 4.624521975823953e6 3 1
tr 6 3 1 8 6 3 143874.01702563418 4 2
tr 6 3 1 8 6 3 6.299457323076419e9 5 1
ann 6 3 1 8 6 4 2.9488362674131867e-17 28 0
tr 6 3 1 8 6 4 2.569178875457748e6 3 1
tr 6 3 1 8 6 4 856392.9584859164 4 2
tr 6 3 1 8 6 4 3.4996985128202276e9 5 1
ann 6 3 1 8 6 5 2.4819510101124478e-17 28 0
tr 6 3 1 8 6 5 1.5072516069352138e6 4 2
tr 6 3 1 8 6 5 1.2658250193936853e9 6 2
tr 6 3 1 8 6 5 9.229359113080477e12 7 1
ann 6 3 1 8 6 6 1.6964457008536754e-17 28 0
tr 6 3 1 8 6 6 1.1549005092306688e10 5 1
tr 6 3 1 8 6 6 2.3206792022217574e9 6 2
tr 6 3 1 8 6 6 5.898051977589868e12 7 1
ann 6 3 1 8 7 1 8.939356474219873e-20 30 0
tr 6 3 1 8 7 1 5.538376176730587e8 4 1
tr 6 3 1 8 7 1 4.229305444048817e7 5 2
tr 6 3 1 8 7 1 6.065203678977657e10 6 1
ann 6 3 1 8 7 2 9.380531152369129e-20 30 0
tr 6 3 1 8 7 2 6.646051412076702e8 4 1
tr 6 3 1 8 7 2 8.45861088809763e6 5 2
tr 6 3 1 8 7 2 1.784697718218188e11 6 1
ann 6 3 1 8 7 3 9.440485216056267e-20 30 0
tr 6 3 1 8 7 3 6.64605141207672e8 4 1
tr 6 3 1 8 7 3 2.4167459680279065e6 5 2
tr 6 3 1 8 7 3 2.625007847537258e11 6 1
ann 6 3 1 8 7 4 9.076399555791725e-20 30 0
tr 6 3 1 8 7 4 5.221897538060271e8 4 1
tr 6 3 1 8 7 4 3.987630847246021e7 5 2
tr 6 3 1 8 7 4 2.2840644454645428e11 6 1
ann 6 3 1 8 7 5 8.209822818792553e-20 30 0
tr 6 3 1 8 7 5 2.6109487690301296e8 4 1
tr 6 3 1 8 7 5 1.0855217306391941e8 5 2
tr 6 3 1 8 7 5 7.904930858583041e10 6 1
ann 6 3 1 8 7 6 6.683773391205779e-20 30 0
tr 6 3 1 8 7 6 1.4399778059499526e8 5 2
tr 6 3 1 8 7 6 1.344120229223995e10 6 1
tr 6 3 1 8 7 6 5.469324386418466e10 7 2
tr 6 3 1 8 7 6 1.610917672050793e14 8 1
ann 6 3 1 8 7 7 4.20901092612761e-20 30 0
tr 6 3 1 8 7 7 5.645304962740735e11 6 1
tr 6 3 1 8 7 7 7.776695611938759e10 7 2
tr 6 3 1 8 7 7 9.250191319979138e13 8 1
ann 6 3 1 9 8 2 3.303490760258724e-22 32 0
tr 6 3 1 9 8 2 2.363057530473308e10 5 1
tr 6 3 1 9 8 2 3.730864546878692e8 6 2
tr 6 3 1 9 8 2 5.413691582564903e12 7 1
ann 6 3 1 9 8 4 3.28888329146773e-22 32 0
tr 6 3 1 9 8 4 2.2280256715891266e10 5 1
tr 6 3 1 9 8 4 4.559945557296175e8 6 2
tr 6 3 1 9 8 4 9.049314361691375e12 7 1
ann 6 3 1 9 8 6 2.6963533720166297e-22 32 0
tr 6 3 1 9 8 6 7.50927170794851e9 5 1
tr 6 3 1 9 8 6 3.3950867376596127e9 6 2
tr 6 3 1 9 8 6 1.1515463760722458e12 7 1
ann 6 3 1 9 8 8 1.2450798099206888e-22 32 0
tr 6 3 1 9 8 8 2.1831400046369504e13 7 1
tr 6 3 1 9 8 8 2.1403333378793628e12 8 2
tr 6 3 1 9 8 8 2.881327960426221e15 9 1
ann 6 3 1 11 10 2 1.8047663774070406e-27 36 0
tr 6 3 1 11 10 2 9.063050915493396e12 7 1
tr 6 3 1 11 10 2 1.469137571891112e11 8 2
tr 6 3 1 11 10 2 1.653210432613288e15 9 1
ann 6 3 1 11 10 4 1.8682455639840203e-27 36 0
tr 6 3 1 11 10 4 9.818305158451154e12 7 1
tr 6 3 1 11 10 4 7.292264675023162e9 8 2
tr 6 3 1 11 10 4 3.4690127900342e15 9 1
ann 6 3 1 11 10 6 1.6917210384569247e-27 36 0
tr 6 3 1 11 10 6 7.14058556978266e12 7 1
tr 6 3 1 11 10 6 3.6648304520629175e11 8 2
tr 6 3 1 11 10 6 2.470252576320045e15 9 1
ann 6 3 1 11 10 8 1.2407171911599566e-27 36 0
tr 6 3 1 11 10 8 2.0009333190050305e12 7 1
tr 6 3 1 11 10 8 9.209088532457782e11 8 2
tr 6 3 1 11 10 8 1.338961434715145e12 9 1
ann 6 3 1 11 10 10 4.866685655049617e-28 36 0
tr 6 3 1 11 10 10 9.730902226790258e15 9 1
tr 6 3 1 11 10 10 5.2939784487661794e14 10 2
tr 6 3 1 11 10 10 9.14314334430924e17 11 1
ann 6 3 1 13 12 2 3.9592420524636533e-33 40 0
tr 6 3 1 13 12 2 1.0789624659468314e15 9 1
tr 6 3 1 13 12 2 1.5333714851222102e13 10 2
tr 6 3 1 13 12 2 1.6790411545215498e17 11 1
ann 6 3 1 13 12 4 4.202612452700857e-33 40 0
tr 6 3 1 13 12 4 1.2206444059196525e15 9 1
tr 6 3 1 13 12 4 3.851482537198673e11 10 2
tr 6 3 1 13 12 4 3.814168007266529e17 11 1
ann 6 3 1 13 12 6 4.027078596649842e-33 40 0
tr 6 3 1 13 12 6 1.0994422729927786e15 9 1
tr 6 3 1 13 12 6 1.0522800503417662e13 10 2
tr 6 3 1 13 12 6 4.121780801201006e17 11 1
ann 6 3 1 13 12 8 3.3777393580539166e-33 40 0
tr 6 3 1 13 12 8 6.96313439562094e14 9 1
tr 6 3 1 13 12 8 4.7435134034033805e13 10 2
tr 6 3 1 13 12 8 1.6569864415543715e17 11 1
ann 6 3 1 13 12 10 2.2663537889373746e-33 40 0
tr 6 3 1 13 12 10 1.7521612694863138e14 9 1
tr 6 3 1 13 12 10 7.65241436609653e13 10 2
tr 6 3 1 13 12 10 2.6638633701543676e16 11 1
ann 6 3 1 13 12 12 7.921774543421565e-34 40 0
tr 6 3 1 13 12 12 1.3104727857065034e18 11 1
tr 6 3 1 13 12 12 4.342395029560017e16 12 2
tr 6 3 1 13 12 12 9.392488450217725e19 13 1
ann 6 3 1 15 14 2 4.104607354201489e-39 44 0
tr 6 3 1 15 14 2 5.278272459214861e16 11 1
tr 6 3 1 15 14 2 6.329471422520212e14 12 2
tr 6 3 1 15 14 2 7.292997170360151e18 13 1
ann 6 3 1 15 14 4 4.4225853302714334e-39 44 0
tr 6 3 1 15 14 4 6.050766880069023e16 11 1
tr 6 3 1 15 14 4 8.539763030384562e13 12 2
tr 6 3 1 15 14 4 1.6980590562836365e19 13 1
ann 6 3 1 15 14 6 4.3963740379063685e-39 44 0
tr 6 3 1 15 14 6 5.9611258892531464e16 11 1
tr 6 3 1 15 14 6 9.544441033959012e13 12 2
tr 6 3 1 15 14 6 2.1938923007184556e19 13 1
ann 6 3 1 15 14 8 3.9682527007546496e-39 44 0
tr 6 3 1 15 14 8 4.8214988810135736e16 11 1
tr 6 3 1 15 14 8 8.703023205965348e14 12 2
tr 6 3 1 15 14 8 1.6407911822285777e19 13 1
ann 6 3 1 15 14 10 3.133679364332621e-39 44 0
tr 6 3 1 15 14 10 2.8015446129678896e16 11 1
tr 6 3 1 15 14 10 2.118196124203196e15 12 2
tr 6 3 1 15 14 10 3.541019152036817e18 13 1
ann 6 3 1 15 14 12 1.9638998899445756e-39 44 0
tr 6 3 1 15 14 12 6.569278493611556e15 11 1
tr 6 3 1 15 14 12 2.6665828678210265e15 12 2
tr 6 3 1 15 14 12 4.674656696122011e18 13 1
ann 6 3 1 15 14 14 6.31049875589204e-40 44 0
tr 6 3 1 15 14 14 7.089895989118378e19 13 1
tr 6 3 1 15 14 14 1.5327347275560678e18 14 2
tr 6 3 1 15 14 14 4.039552041112555e21 15 1
ann 6 3 2 6 3 2 4.3891378981654204e-12 22 0
ann 6 3 2 6 3 3 1.1281294378083411e-11 22 0
tr 6 3 2 6 3 3 201839.99999999968 2 1
tr 6 3 2 6 3 3 57668.571428571486 3 2
ann 6 3 2 6 4 1 2.4798957692395884e-13 24 0
tr 6 3 2 6 4 1 1344.0000000000007 2 2
tr 6 3 2 6 4 1 2.546155102040818e6 3 1
ann 6 3 2 6 4 2 3.463368333560426e-13 24 0
tr 6 3 2 6 4 2 1316.5714285714298 2 2
tr 6 3 2 6 4 2 238702.04081632572 3 1
ann 6 3 2 6 4 3 4.234439688938212e-13 24 0
tr 6 3 2 6 4 3 192.0000000000002 2 2
tr 6 3 2 6 4 3 1.113942857142858e6 3 1
ann 6 3 2 6 4 4 3.238155957153013e-13 24 0
tr 6 3 2 6 4 4 1535.9999999999995 2 2
tr 6 3 2 6 4 4 5.569714285714276e6 3 1
ann 6 3 2 6 5 1 2.2594029556862304e-15 26 0
tr 6 3 2 6 5 1 16457.142857142844 2 1
tr 6 3 2 6 5 1 16530.61224489796 3 2
ann 6 3 2 6 5 2 2.8397465044125573e-15 26 0
tr 6 3 2 6 5 2 43200.0 2 1
tr 6 3 2 6 5 2 17142.857142857145 3 2
ann 6 3 2 6 5 3 3.358503133314062e-15 26 0
tr 6 3 2 6 5 3 76799.99999999991 2 1
tr 6 3 2 6 5 3 8571.42857142857 3 2
ann 6 3 2 6 5 4 3.612747116011361e-15 26 0
tr 6 3 2 6 5 4 86399.99999999988 2 1
ann 6 3 2 6 5 5 3.2656979256375434e-15 26 0
tr 6 3 2 6 5 5 25714.285714285703 3 2
tr 6 3 2 6 5 5 6.66792000000001e7 4 1
ann 6 3 2 7 1 1 2.5910220269961587e-9 18 0
tr 6 3 2 7 1 1 23343.435648319584 2 1
tr 6 3 2 7 1 1 1157.9085143015668 3 2
tr 6 3 2 7 1 1 4.308652616923534e7 4 1
ann 6 3 2 7 2 1 1.9188267812330564e-10 20 0
tr 6 3 2 7 2 1 1.7145661487753019e6 3 1
tr 6 3 2 7 2 1 266710.28980949166 4 2
tr 6 3 2 7 2 1 3.303128009344461e9 5 1
ann 6 3 2 7 2 2 1.8667485995945874e-10 20 0
tr 6 3 2 7 2 2 23.937238901479027 2 2
tr 6 3 2 7 2 2 2.286088198367063e6 3 1
tr 6 3 2 7 2 2 108861.34277938426 4 2
tr 6 3 2 7 2 2 6.881516686134285e8 5 1
ann 6 3 2 7 3 1 7.335127046498899e-12 22 0
tr 6 3 2 7 3 1 32407.912311384684 2 1
tr 6 3 2 7 3 1 1.3130475538918595e8 4 1
ann 6 3 2 7 3 2 1.2527086248766991e-11 22 0
tr 6 3 2 7 3 2 7716.16959794874 3 2
tr 6 3 2 7 3 2 2.0106040668969062e8 4 1
tr 6 3 2 7 3 2 1.3926261935216669e7 5 2
tr 6 3 2 7 3 2 4.979669164013857e10 6 1
ann 6 3 2 7 3 3 8.049516327909173e-12 22 0
tr 6 3 2 7 3 3 54013.18718564102 2 1
tr 6 3 2 7 3 3 15432.339195897484 3 2
tr 6 3 2 7 3 3 1.2309820817736152e8 4 1
ann 6 3 2 7 4 1 2.1450363044412125e-13 24 0
tr 6 3 2 7 4 1 655.9121090503609 2 2
tr 6 3 2 7 4 1 3.443657147514554e6 3 1
tr 6 3 2 7 4 1 6.190840158657433e9 5 1
ann 6 3 2 7 4 2 2.9957109036168573e-13 24 0
tr 6 3 2 7 4 2 642.5261476411699 2 2
tr 6 3 2 7 4 2 322842.85757948813 3 1
tr 6 3 2 7 4 2 553444.8987076962 4 2
tr 6 3 2 7 4 2 9.509130483697796e9 5 1
ann 6 3 2 7 4 3 3.662664752889046e-13 24 0
tr 6 3 2 7 4 3 93.7017298643373 2 2
tr 6 3 2 7 4 3 1.5066000020376176e6 3 1
tr 6 3 2 7 4 3 1.5496457163815473e6 4 2
tr 6 3 2 7 4 3 8.3898265830125475e9 5 1
ann 6 3 2 7 4 4 2.8009088863430663e-13 24 0
tr 6 3 2 7 4 4 749.6138389146976 2 2
tr 6 3 2 7 4 4 7.533000010188073e6 3 1
tr 6 3 2 7 4 4 1.5496457163815473e6 4 2
tr 6 3 2 7 4 4 3.8828949475099387e9 5 1
ann 6 3 2 7 5 1 3.132707802210356e-15 26 0
tr 6 3 2 7 5 1 67114.94562347265 2 1
tr 6 3 2 7 5 1 67414.56591643466 3 2
tr 6 3 2 7 5 1 1.8059376903384483e8 4 1
ann 6 3 2 7 5 2 3.937365847090158e-15 26 0
tr 6 3 2 7 5 2 176176.73226161586 2 1
tr 6 3 2 7 5 2 69911.40169111744 3 2
tr 6 3 2 7 5 2 4.045300426358112e7 4 1
ann 6 3 2 7 5 3 4.656632381478341e-15 26 0
tr 6 3 2 7 5 3 313203.0795762057 2 1
tr 6 3 2 7 5 3 34955.700845558706 3 2
tr 6 3 2 7 5 3 1.213590127907431e7 4 1
ann 6 3 2 7 5 4 5.0091467922648145e-15 26 0
tr 6 3 2 7 5 4 352353.46452323126 2 1
tr 6 3 2 7 5 4 1.9417442046518955e8 4 1
ann 6 3 2 7 5 5 4.527956088591823e-15 26 0
tr 6 3 2 7 5 5 104867.10253667609 3 2
tr 6 3 2 7 5 5 4.2475654476760304e8 4 1
tr 6 3 2 7 5 5 5.7663918804813884e7 5 2
tr 6 3 2 7 5 5 6.739416803427514e10 6 1
ann 6 3 2 7 6 1 1.5335879323308388e-17 28 0
tr 6 3 2 7 6 1 2.656449018306379e6 3 1
tr 6 3 2 7 6 1 2.0000109497826693e6 4 2
tr 6 3 2 7 6 1 3.5251660369921236e9 5 1
ann 6 3 2 7 6 2 1.8725824484493272e-17 28 0
tr 6 3 2 7 6 2 5.667091239053617e6 3 1
tr 6 3 2 7 6 2 2.1157140625800155e6 4 2
tr 6 3 2 7 6 2 1.175055345664047e9 5 1
ann 6 3 2 7 6 3 2.169885658318735e-17 28 0
tr 6 3 2 7 6 3 9.56321646590297e6 3 1
tr 6 3 2 7 6 3 1.4876114502515714e6 4 2
ann 6 3 2 7 6 4 2.3777712869209953e-17 28 0
tr 6 3 2 7 6 4 1.2750955287870632e7 3 1
tr 6 3 2 7 6 4 396696.3867337541 4 2
tr 6 3 2 7 6 4 1.5107854444252e9 5 1
ann 6 3 2 7 6 5 2.444551178917345e-17 28 0
tr 6 3 2 7 6 5 1.1688375680548092e7 3 1
tr 6 3 2 7 6 5 155845.00907397445 4 2
tr 6 3 2 7 6 5 5.53954662955906e9 5 1
ann 6 3 2 7 6 6 2.320290898249842e-17 28 0
tr 6 3 2 7 6 6 3.7402802177753816e6 4 2
tr 6 3 2 7 6 6 8.309319944338584e9 5 1
tr 6 3 2 7 6 6 7.58950301752061e8 6 2
ann 6 3 2 8 1 1 1.7442578219524322e-9 18 0
tr 6 3 2 8 1 1 1573.6027864767152 2 1
tr 6 3 2 8 1 1 78.0556937736466 3 2
tr 6 3 2 8 1 1 82460.01718997813 4 1
ann 6 3 2 8 2 1 1.3186519782705635e-10 20 0
tr 6 3 2 8 2 1 34236.18764389694 3 1
tr 6 3 2 8 2 1 5325.629189050643 4 2
tr 6 3 2 8 2 1 5.121825438774414e7 5 1
ann 6 3 2 8 2 2 1.2828629221018123e-10 20 0
tr 6 3 2 8 2 2 2.8805407662266074 2 2
tr 6 3 2 8 2 2 45648.250191862484 3 1
tr 6 3 2 8 2 2 2173.726199612505 4 2
tr 6 3 2 8 2 2 1.0670469664113356e7 5 1
ann 6 3 2 8 3 1 5.3066551569440645e-12 22 0
tr 6 3 2 8 3 1 1871.2584180682504 2 1
tr 6 3 2 8 3 1 243044.80774460165 4 1
ann 6 3 2 8 3 2 9.062818709757396e-12 22 0
tr 6 3 2 8 3 2 445.5377185876789 3 2
tr 6 3 2 8 3 2 372162.3618589207 4 1
tr 6 3 2 8 3 2 25777.4796092759 5 2
tr 6 3 2 8 3 2 6.584622237039003e9 6 1
ann 6 3 2 8 3 3 5.82348569165429e-12 22 0
tr 6 3 2 8 3 3 3118.764030113745 2 1
tr 6 3 2 8 3 3 891.075437175358 3 2
tr 6 3 2 8 3 3 227854.5072605635 4 1
ann 6 3 2 8 4 1 1.7281891652142487e-13 24 0
tr 6 3 2 8 4 1 87.91855443497263 2 2
tr 6 3 2 8 4 1 936.7071462224246 3 1
tr 6 3 2 8 4 1 6.612831125442977e8 5 1
ann 6 3 2 8 4 2 2.413551280256959e-13 24 0
tr 6 3 2 8 4 2 86.12429822201406 2 2
tr 6 3 2 8 4 2 87.81629495835197 3 1
tr 6 3 2 8 4 2 1.0157308608680391e9 5 1
ann 6 3 2 8 4 3 2.9508952887913536e-13 24 0
tr 6 3 2 8 4 3 12.559793490710382 2 2
tr 6 3 2 8 4 3 409.80937647231093 3 1
tr 6 3 2 8 4 3 421.5182158000904 4 2
tr 6 3 2 8 4 3 8.961708741200318e8 5 1
ann 6 3 2 8 4 4 2.2566053471962665e-13 24 0
tr 6 3 2 8 4 4 100.47834792568297 2 2
tr 6 3 2 8 4 4 2049.0468823615506 3 1
tr 6 3 2 8 4 4 421.51821580009056 4 2
tr 6 3 2 8 4 4 4.1475676818778336e8 5 1
ann 6 3 2 8 5 1 3.1401181626829607e-15 26 0
tr 6 3 2 8 5 1 4.005798361410084 2 1
tr 6 3 2 8 5 1 4.02368138980924 3 2
tr 6 3 2 8 5 1 2.468592983190413e7 4 1
tr 6 3 2 8 5 1 1.0145563951815259e11 6 1
ann 6 3 2 8 5 2 3.946679611335041e-15 26 0
tr 6 3 2 8 5 2 10.515220698701482 2 1
tr 6 3 2 8 5 2 4.172706626468842 3 2
tr 6 3 2 8 5 2 5.529648282346509e6 4 1
tr 6 3 2 8 5 2 2.298993164660431e6 5 2
tr 6 3 2 8 5 2 1.5218345927722934e11 6 1
ann 6 3 2 8 5 3 4.66764755550836e-15 26 0
tr 6 3 2 8 5 3 18.69372568658039 2 1
tr 6 3 2 8 5 3 2.0863533132344205 3 2
tr 6 3 2 8 5 3 1.6588944847039487e6 4 1
tr 6 3 2 8 5 3 7.356778126913372e6 5 2
tr 6 3 2 8 5 3 1.5459906974194684e11 6 1
ann 6 3 2 8 5 4 5.020995830497966e-15 26 0
tr 6 3 2 8 5 4 21.03044139740293 2 1
tr 6 3 2 8 5 4 2.6542311755263258e7 4 1
tr 6 3 2 8 5 4 1.0641054076428283e7 5 2
tr 6 3 2 8 5 4 1.087024709123065e11 6 1
ann 6 3 2 8 5 5 4.538666881798035e-15 26 0
tr 6 3 2 8 5 5 6.25905993970326 3 2
tr 6 3 2 8 5 5 5.8061306964638494e7 4 1
tr 6 3 2 8 5 5 7.8822622788357595e6 5 2
tr 6 3 2 8 5 5 4.348098836492261e10 6 1
ann 6 3 2 8 6 1 2.5349276544372694e-17 28 0
tr 6 3 2 8 6 1 1.2845894377288755e6 3 1
tr 6 3 2 8 6 1 967153.1144500956 4 2
tr 6 3 2 8 6 1 4.899577917948299e9 5 1
ann 6 3 2 8 6 2 3.095264990133562e-17 28 0
tr 6 3 2 8 6 2 2.7404574671549397e6 3 1
tr 6 3 2 8 6 2 1.0231041210711763e6 4 2
tr 6 3 2 8 6 2 1.6331926393161077e9 5 1
ann 6 3 2 8 6 3 3.586689129894202e-17 28 0
tr 6 3 2 8 6 3 4.624521975823953e6 3 1
tr 6 3 2 8 6 3 719370.08512817 4 2
ann 6 3 2 8 6 4 3.930311440911501e-17 28 0
tr 6 3 2 8 6 4 6.166029301098609e6 3 1
tr 6 3 2 8 6 4 191832.02270084608 4 2
tr 6 3 2 8 6 4 2.0998191076921337e9 5 1
ann 6 3 2 8 6 5 4.04069454276951e-17 28 0
tr 6 3 2 8 6 5 5.652193526007065e6 3 1
tr 6 3 2 8 6 5 75362.5803467608 4 2
tr 6 3 2 8 6 5 7.699336728204481e9 5 1
ann 6 3 2 8 6 6 3.835299846181606e-17 28 0
tr 6 3 2 8 6 6 1.808701928322257e6 4 2
tr 6 3 2 8 6 6 1.1549005092306715e10 5 1
tr 6 3 2 8 6 6 1.0548541828280714e9 6 2
tr 6 3 2 8 6 6 1.6383477715527502e12 7 1
ann 6 3 2 8 7 1 7.119182789475965e-20 30 0
tr 6 3 2 8 7 1 1.7722803765537915e8 4 1
tr 6 3 2 8 7 1 9.530034933923334e7 5 2
tr 6 3 2 8 7 1 2.0516418756305084e11 6 1
ann 6 3 2 8 7 2 8.636775394663761e-20 30 0
tr 6 3 2 8 7 2 3.32302570603835e8 4 1
tr 6 3 2 8 7 2 1.0150333065717144e8 5 2
tr 6 3 2 8 7 2 8.613306999731573e10 6 1
ann 6 3 2 8 7 3 1.0008794625305835e-19 30 0
tr 6 3 2 8 7 3 5.3168411296613795e8 4 1
tr 6 3 2 8 7 3 8.289438670335679e7 5 2
tr 6 3 2 8 7 3 6.408710565276539e9 6 1
ann 6 3 2 8 7 4 1.1076884869269817e-19 30 0
tr 6 3 2 8 7 4 7.310656553284382e8 4 1
tr 6 3 2 8 7 4 4.253472903729085e7 5 2
tr 6 3 2 8 7 4 2.8198326487216675e10 6 1
ann 6 3 2 8 7 5 1.1680067978719176e-19 30 0
tr 6 3 2 8 7 5 8.355036060896429e8 4 1
tr 6 3 2 8 7 5 3.987630847246037e6 5 2
tr 6 3 2 8 7 5 1.7623954054510315e11 6 1
ann 6 3 2 8 7 6 1.1673899048448652e-19 30 0
tr 6 3 2 8 7 6 6.788466799478348e8 4 1
tr 6 3 2 8 7 6 2.3039644895199243e7 5 2
tr 6 3 2 8 7 6 3.9101679395606805e11 6 1
ann 6 3 2 8 7 7 1.0953954375901488e-19 30 0
tr 6 3 2 8 7 7 2.0159689283299345e8 5 2
tr 6 3 2 8 7 7 4.704420802283949e11 6 1
tr 6 3 2 8 7 7 2.9910367738225998e10 7 2
tr 6 3 2 8 7 7 2.2024265047569434e13 8 1
ann 6 3 2 9 8 2 2.882200858067179e-22 32 0
tr 6 3 2 9 8 2 1.1342676146271893e10 5 1
tr 6 3 2 9 8 2 2.785712195002759e9 6 2
tr 6 3 2 9 8 2 3.460175408870928e12 7 1
ann 6 3 2 9 8 4 3.7562178400425452e-22 32 0
tr 6 3 2 9 8 4 2.3765607163617367e10 5 1
tr 6 3 2 9 8 4 1.6415804006266255e9 6 2
tr 6 3 2 9 8 4 1.8124728332181204e11 7 1
ann 6 3 2 9 8 6 4.14645774873249e-22 32 0
tr 6 3 2 9 8 6 3.0037086831794086e10 5 1
tr 6 3 2 9 8 6 8.816526941803088e12 7 1
ann 6 3 2 9 8 8 3.6639412471170404e-22 32 0
tr 6 3 2 9 8 8 6.035709755839308e9 6 2
tr 6 3 2 9 8 8 1.5593857175978246e13 7 1
tr 6 3 2 9 8 8 7.134444459597898e11 8 2
tr 6 3 2 9 8 8 6.00276658422128e14 9 1
ann 6 3 2 11 10 2 1.4165790067980824e-27 36 0
tr 6 3 2 11 10 2 4.143108989939834e12 7 1
tr 6 3 2 11 10 2 6.769785931274225e11 8 2
tr 6 3 2 11 10 2 1.5919857646573138e15 9 1
ann 6 3 2 11 10 4 1.885507934141212e-27 36 0
tr 6 3 2 11 10 4 7.8546441267609375e12 7 1
tr 6 3 2 11 10 4 5.3476607616836194e11 8 2
tr 6 3 2 11 10 4 4.180972715261598e13 9 1
ann 6 3 2 11 10 6 2.2270029844588807e-27 36 0
tr 6 3 2 11 10 6 1.1424936911652268e13 7 1
tr 6 3 2 11 10 6 1.555683130671594e11 8 2
tr 6 3 2 11 10 6 1.1486188778191228e15 9 1
ann 6 3 2 11 10 8 2.2622614918113435e-27 36 0
tr 6 3 2 11 10 8 1.120522658642819e13 7 1
tr 6 3 2 11 10 8 6.538997774526185e10 8 2
tr 6 3 2 11 10 8 4.860430008014974e15 9 1
ann 6 3 2 11 10 10 1.7615617851649986e-27 36 0
tr 6 3 2 11 10 10 1.6565461028799807e12 8 2
tr 6 3 2 11 10 10 5.406056792661256e15 9 1
tr 6 3 2 11 10 10 1.3931522233595206e14 10 2
tr 6 3 2 11 10 10 1.5238572240515306e17 11 1
ann 6 3 2 13 12 2 2.842307283939364e-33 40 0
tr 6 3 2 13 12 2 4.7953887375414756e14 9 1
tr 6 3 2 13 12 2 5.507620028194055e13 10 2
tr 6 3 2 13 12 2 2.1643889882504346e17 11 1
ann 6 3 2 13 12 4 3.799006454514324e-33 40 0
tr 6 3 2 13 12 4 8.370133069163326e14 9 1
tr 6 3 2 13 12 4 4.906788752391049e13 10 2
tr 6 3 2 13 12 4 3.0271174660844976e16 11 1
ann 6 3 2 13 12 6 4.646637088435381e-33 40 0
tr 6 3 2 13 12 6 1.2313753457519112e15 9 1
tr 6 3 2 13 12 6 2.6938369288749336e13 10 2
tr 6 3 2 13 12 6 3.430733128229137e16 11 1
ann 6 3 2 13 12 8 5.1258324144819333e-33 40 0
tr 6 3 2 13 12 8 1.4854686710658015e15 9 1
tr 6 3 2 13 12 8 2.6657761275324624e12 10 2
tr 6 3 2 13 12 8 3.08117313512176e17 11 1
ann 6 3 2 13 12 10 4.87244346783663e-33 40 0
tr 6 3 2 13 12 10 1.2615561140301478e15 9 1
tr 6 3 2 13 12 10 1.6099197005490234e13 10 2
tr 6 3 2 13 12 10 6.9371441931104e17 11 1
ann 6 3 2 13 12 12 3.401655695627678e-33 40 0
tr 6 3 2 13 12 12 1.461637622866881e14 10 2
tr 6 3 2 13 12 12 5.956694480484119e17 11 1
tr 6 3 2 13 12 12 9.439989194695708e15 12 2
tr 6 3 2 13 12 12 1.3045122847524633e19 13 1
ann 6 3 2 15 14 2 2.7420581735579357e-39 44 0
tr 6 3 2 15 14 2 2.303246164021037e16 11 1
tr 6 3 2 15 14 2 1.9504148976062385e15 12 2
tr 6 3 2 15 14 2 1.173165695293438e19 13 1
ann 6 3 2 15 14 4 3.645112360494952e-39 44 0
tr 6 3 2 15 14 4 3.764921614265153e16 11 1
tr 6 3 2 15 14 4 1.8445888145630422e15 12 2
tr 6 3 2 15 14 4 2.9885839390592026e18 13 1
ann 6 3 2 15 14 6 4.524022161116828e-39 44 0
tr 6 3 2 15 14 6 5.4501722416028776e16 11 1
tr 6 3 2 15 14 6 1.2980439806184342e15 12 2
tr 6 3 2 15 14 6 1.3664381111741373e17 13 1
ann 6 3 2 15 14 8 5.2070898284758995e-39 44 0
tr 6 3 2 15 14 8 6.942958388659548e16 11 1
tr 6 3 2 15 14 8 4.8994797307656606e14 12 2
tr 6 3 2 15 14 8 7.034892193805004e18 13 1
ann 6 3 2 15 14 10 5.4465584160108047e-39 44 0
tr 6 3 2 15 14 10 7.470785634581042e16 11 1
tr 6 3 2 15 14 10 2.2777697590437515e19 13 1
ann 6 3 2 15 14 12 4.904014680191473e-39 44 0
tr 6 3 2 15 14 12 5.7809650743781896e16 11 1
tr 6 3 2 15 14 12 1.0013290768960606e15 12 2
tr 6 3 2 15 14 12 3.750113482888999e19 13 1
ann 6 3 2 15 14 14 3.134794812369622e-39 44 0
tr 6 3 2 15 14 14 5.485541899517544e15 12 2
tr 6 3 2 15 14 14 2.726883072737845e19 13 1
tr 6 3 2 15 14 14 2.8383976436223274e17 14 2
tr 6 3 2 15 14 14 4.808990525133972e20 15 1
ann 6 3 3 6 3 3 5.6406471890417025e-12 22 0
ann 6 3 3 6 4 1 1.9005333294325135e-13 24 0
tr 6 3 3 6 4 1 164.57142857142813 2 2
tr 6 3 3 6 4 1 2.387020408163262e6 3 1
ann 6 3 3 6 4 2 2.71010387962252e-13 24 0
tr 6 3 3 6 4 2 740.5714285714274 2 2
tr 6 3 3 6 4 2 4.296636734693874e6 3 1
ann 6 3 3 6 4 3 4.0738079244116276e-13 24 0
tr 6 3 3 6 4 3 1728.0000000000011 2 2
tr 6 3 3 6 4 3 5.012742857142851e6 3 1
ann 6 3 3 6 4 4 6.580763826187507e-13 24 0
tr 6 3 3 6 4 4 2303.999999999998 2 2
tr 6 3 3 6 4 4 3.3418285714285662e6 3 1
ann 6 3 3 6 5 1 1.4868344890695036e-15 26 0
tr 6 3 3 6 5 1 685.7142857142818 2 1
tr 6 3 3 6 5 1 3061.2244897959135 3 2
tr 6 3 3 6 5 1 3.0617999999999937e7 4 1
ann 6 3 3 6 5 2 2.1880079789235245e-15 26 0
tr 6 3 3 6 5 2 4799.999999999988 2 1
tr 6 3 3 6 5 2 8571.428571428563 3 2
tr 6 3 3 6 5 2 4.7628000000000015e7 4 1
ann 6 3 3 6 5 3 3.1689783484588056e-15 26 0
tr 6 3 3 6 5 3 19199.999999999975 2 1
tr 6 3 3 6 5 3 17142.85714285713 3 2
tr 6 3 3 6 5 3 5.7153599999999925e7 4 1
ann 6 3 3 6 5 4 4.5401137694576026e-15 26 0
tr 6 3 3 6 5 4 57599.99999999993 2 1
tr 6 3 3 6 5 4 25714.285714285696 3 2
ann 6 3 3 6 5 5 6.451737535187677e-15 26 0
tr 6 3 3 6 5 5 143999.9999999998 2 1
tr 6 3 3 6 5 5 25714.28571428571 3 2
ann 6 3 3 7 1 1 2.5910194072499823e-9 18 0
tr 6 3 3 7 1 1 35015.153472479346 2 1
tr 6 3 3 7 1 1 694.7451085809395 3 2
tr 6 3 3 7 1 1 1.4362175389745122e7 4 1
ann 6 3 3 7 2 1 1.5382665488728624e-10 20 0
tr 6 3 3 7 2 1 23.937238901479027 2 2
tr 6 3 3 7 2 1 2.8576102479588296e6 3 1
tr 6 3 3 7 2 1 146962.81275216857 4 2
tr 6 3 3 7 2 1 9.634123360587989e8 5 1
ann 6 3 3 7 2 2 2.523712701038046e-10 20 0
tr 6 3 3 7 2 2 23.937238901479027 2 2
tr 6 3 3 7 2 2 1.143044099183532e6 3 1
tr 6 3 3 7 2 2 32658.40283381494 4 2
tr 6 3 3 7 2 2 1.376303337226852e8 5 1
ann 6 3 3 7 3 1 5.906348483678359e-12 22 0
tr 6 3 3 7 3 1 21605.274874256425 2 1
tr 6 3 3 7 3 1 15432.339195897463 3 2
tr 6 3 3 7 3 1 2.215767747192509e8 4 1
ann 6 3 3 7 3 2 8.049516327909167e-12 22 0
tr 6 3 3 7 3 2 54013.18718564102 2 1
tr 6 3 3 7 3 2 15432.339195897484 3 2
tr 6 3 3 7 3 2 1.2309820817736152e8 4 1
ann 6 3 3 7 3 3 1.609903265581836e-11 22 0
tr 6 3 3 7 3 3 54013.18718564102 2 1
tr 6 3 3 7 3 3 7716.169597948711 3 2
tr 6 3 3 7 3 3 3.69294624532085e7 4 1
ann 6 3 3 7 4 1 1.6439049622066568e-13 24 0
tr 6 3 3 7 4 1 80.31576845514596 2 2
tr 6 3 3 7 4 1 3.228428575794888e6 3 1
tr 6 3 3 7 4 1 1.844816329025653e6 4 2
tr 6 3 3 7 4 1 1.0400611466544474e10 5 1
ann 6 3 3 7 4 2 2.344159489252036e-13 24 0
tr 6 3 3 7 4 2 361.4209580481573 2 2
tr 6 3 3 7 4 2 5.811171436430802e6 3 1
tr 6 3 3 7 4 2 1.844816329025651e6 4 2
tr 6 3 3 7 4 2 6.686107371350002e9 5 1
ann 6 3 3 7 4 3 3.523723058752448e-13 24 0
tr 6 3 3 7 4 3 843.3155687790351 2 2
tr 6 3 3 7 4 3 6.779700009169267e6 3 1
tr 6 3 3 7 4 3 1.2913714303179572e6 4 2
tr 6 3 3 7 4 3 3.1201834399633503e9 5 1
ann 6 3 3 7 4 4 5.692165575980606e-13 24 0
tr 6 3 3 7 4 4 1124.4207583720454 2 2
tr 6 3 3 7 4 4 4.519800006112844e6 3 1
tr 6 3 3 7 4 4 516548.57212718204 4 2
tr 6 3 3 7 4 4 8.320489173235508e8 5 1
ann 6 3 3 7 5 1 2.0615260178031523e-15 26 0
tr 6 3 3 7 5 1 2796.456067644681 2 1
tr 6 3 3 7 5 1 12484.178873413808 3 2
tr 6 3 3 7 5 1 1.950412705565517e8 4 1
ann 6 3 3 7 5 2 3.0337172170698866e-15 26 0
tr 6 3 3 7 5 2 19575.19247351283 2 1
tr 6 3 3 7 5 2 34955.700845558684 3 2
tr 6 3 3 7 5 2 3.033975319768589e8 4 1
ann 6 3 3 7 5 3 4.3938524403861424e-15 26 0
tr 6 3 3 7 5 3 78300.7698940514 2 1
tr 6 3 3 7 5 3 69911.40169111737 3 2
tr 6 3 3 7 5 3 3.640770383722301e8 4 1
ann 6 3 3 7 5 4 6.294959385171885e-15 26 0
tr 6 3 3 7 5 4 234902.30968215418 2 1
tr 6 3 3 7 5 4 104867.10253667604 3 2
tr 6 3 3 7 5 4 3.2766933453500783e8 4 1
ann 6 3 3 7 5 5 8.94546433004197e-15 26 0
tr 6 3 3 7 5 5 587255.7742053854 2 1
tr 6 3 3 7 5 5 104867.10253667612 3 2
tr 6 3 3 7 5 5 1.8203851918611476e8 4 1
ann 6 3 3 7 6 1 8.666036546046607e-18 28 0
tr 6 3 3 7 6 1 177096.60122042595 3 1
tr 6 3 3 7 6 1 446283.43507547147 4 2
tr 6 3 3 7 6 1 4.112693709824145e9 5 1
ann 6 3 3 7 6 2 1.2795038019344587e-17 28 0
tr 6 3 3 7 6 2 708386.4048816981 3 1
tr 6 3 3 7 6 2 991740.9668343826 4 2
tr 6 3 3 7 6 2 5.875276728320209e9 5 1
ann 6 3 3 7 6 3 1.8371281844978235e-17 28 0
tr 6 3 3 7 6 3 2.1251592146451077e6 3 1
tr 6 3 3 7 6 3 1.7851337403018898e6 4 2
tr 6 3 3 7 6 3 7.050332073984256e9 5 1
ann 6 3 3 7 6 4 2.5728289383380437e-17 28 0
tr 6 3 3 7 6 4 5.312898036612752e6 3 1
tr 6 3 3 7 6 4 2.6777006104528336e6 4 2
tr 6 3 3 7 6 4 7.050332073984247e9 5 1
ann 6 3 3 7 6 5 3.5228596977336967e-17 28 0
tr 6 3 3 7 6 5 1.1688375680548092e7 3 1
tr 6 3 3 7 6 5 3.2727451905534617e6 4 2
tr 6 3 3 7 6 5 5.539546629559051e9 5 1
ann 6 3 3 7 6 6 4.7254284972175516e-17 28 0
tr 6 3 3 7 6 6 2.3376751361096147e7 3 1
tr 6 3 3 7 6 6 2.805210163331537e6 4 2
tr 6 3 3 7 6 6 2.7697733147795196e9 5 1
ann 6 3 3 8 1 1 1.7442560617006295e-9 18 0
tr 6 3 3 8 1 1 2360.404179715071 2 1
tr 6 3 3 8 1 1 46.833416264187925 3 2
tr 6 3 3 8 1 1 27486.67239665939 4 1
ann 6 3 3 8 2 1 1.0571241963728998e-10 20 0
tr 6 3 3 8 2 1 2.880540766226607 2 2
tr 6 3 3 8 2 1 57060.31273982812 3 1
tr 6 3 3 8 2 1 2934.530369476878 4 2
tr 6 3 3 8 2 1 1.493865752975868e7 5 1
ann 6 3 3 8 2 2 1.734340373559644e-10 20 0
tr 6 3 3 8 2 2 2.8805407662266074 2 2
tr 6 3 3 8 2 2 22824.125095931253 3 1
tr 6 3 3 8 2 2 652.1178598837448 4 2
tr 6 3 3 8 2 2 2.134093932822663e6 5 1
ann 6 3 3 8 3 1 4.272994087523579e-12 22 0
tr 6 3 3 8 3 1 1247.5056120454988 2 1
tr 6 3 3 8 3 1 891.0754371753569 3 2
tr 6 3 3 8 3 1 410138.11306901457 4 1
ann 6 3 3 8 3 2 5.823485691654292e-12 22 0
tr 6 3 3 8 3 2 3118.764030113745 2 1
tr 6 3 3 8 3 2 891.075437175358 3 2
tr 6 3 3 8 3 2 227854.5072605635 4 1
ann 6 3 3 8 3 3 1.1646971383308598e-11 22 0
tr 6 3 3 8 3 3 3118.764030113745 2 1
tr 6 3 3 8 3 3 445.5377185876773 3 2
tr 6 3 3 8 3 3 68356.35217816912 4 1
ann 6 3 3 8 4 1 1.3244431926388425e-13 24 0
tr 6 3 3 8 4 1 10.765537277751715 2 2
tr 6 3 3 8 4 1 878.1629495835213 3 1
tr 6 3 3 8 4 1 501.80739976201306 4 2
tr 6 3 3 8 4 1 1.110955629074419e9 5 1
ann 6 3 3 8 4 2 1.888616531849243e-13 24 0
tr 6 3 3 8 4 2 48.44491774988279 2 2
tr 6 3 3 8 4 2 1580.6933092503393 3 1
tr 6 3 3 8 4 2 501.80739976201244 4 2
tr 6 3 3 8 4 2 7.14185761547839e8 5 1
ann 6 3 3 8 4 3 2.8389542887230615e-13 24 0
tr 6 3 3 8 4 3 113.03814141639337 2 2
tr 6 3 3 8 4 3 1844.1421941253952 3 1
tr 6 3 3 8 4 3 351.26517983340915 4 2
tr 6 3 3 8 4 3 3.3328668872232664e8 5 1
ann 6 3 3 8 4 4 4.586001113303467e-13 24 0
tr 6 3 3 8 4 4 150.71752188852432 2 2
tr 6 3 3 8 4 4 1229.42812941693 3 1
tr 6 3 3 8 4 4 8.887645032595277e7 5 1
ann 6 3 3 8 5 1 2.06640251054886e-15 26 0
tr 6 3 3 8 5 1 0.16690826505875273 2 1
tr 6 3 3 8 5 1 0.7451261832980062 3 2
tr 6 3 3 8 5 1 2.6660804218456365e7 4 1
tr 6 3 3 8 5 1 1.1494965823302155e7 5 2
tr 6 3 3 8 5 1 1.6909273253025443e11 6 1
ann 6 3 3 8 5 2 3.0408934114716127e-15 26 0
tr 6 3 3 8 5 2 1.1683578554112732 2 1
tr 6 3 3 8 5 2 2.0863533132344187 3 2
tr 6 3 3 8 5 2 4.1472362117598884e7 4 1
tr 6 3 3 8 5 2 1.1494965823302137e7 5 2
tr 6 3 3 8 5 2 1.1836491277117807e11 6 1
ann 6 3 3 8 5 3 4.4042460125140094e-15 26 0
tr 6 3 3 8 5 3 4.673431421645096 2 1
tr 6 3 3 8 5 3 4.172706626468838 3 2
tr 6 3 3 8 5 3 4.9766834541118585e7 4 1
tr 6 3 3 8 5 3 9.195972658641728e6 5 2
tr 6 3 3 8 5 3 6.763709301210171e10 6 1
ann 6 3 3 8 5 4 6.309849994901994e-15 26 0
tr 6 3 3 8 5 4 14.020294264935286 2 1
tr 6 3 3 8 5 4 6.2590599397032545 3 2
tr 6 3 3 8 5 4 4.479015108700682e7 4 1
tr 6 3 3 8 5 4 5.51758359518503e6 5 2
tr 6 3 3 8 5 4 2.898732557661505e10 6 1
ann 6 3 3 8 5 5 8.966624664557927e-15 26 0
tr 6 3 3 8 5 5 35.05073566233821 2 1
tr 6 3 3 8 5 5 6.25905993970326 3 2
tr 6 3 3 8 5 5 2.488341727055925e7 4 1
tr 6 3 3 8 5 5 1.9705655697089334e6 5 2
ann 6 3 3 8 6 1 1.4324431724661512e-17 28 0
tr 6 3 3 8 6 1 85639.29584859202 3 1
tr 6 3 3 8 6 1 215811.02553845095 4 2
tr 6 3 3 8 6 1 5.716174237606351e9 5 1
ann 6 3 3 8 6 2 2.1149420240217672e-17 28 0
tr 6 3 3 8 6 2 342557.1833943654 3 1
tr 6 3 3 8 6 2 479580.05675211403 4 2
tr 6 3 3 8 6 2 8.165963196580502e9 5 1
ann 6 3 3 8 6 3 3.0366612423244137e-17 28 0
tr 6 3 3 8 6 3 1.0276715501831023e6 3 1
tr 6 3 3 8 6 3 863244.1021538058 4 2
tr 6 3 3 8 6 3 9.799155835896612e9 5 1
ann 6 3 3 8 6 4 4.252729881801553e-17 28 0
tr 6 3 3 8 6 4 2.569178875457748e6 3 1
tr 6 3 3 8 6 4 1.2948661532307083e6 4 2
tr 6 3 3 8 6 4 9.799155835896599e9 5 1
ann 6 3 3 8 6 5 5.823072997209449e-17 28 0
tr 6 3 3 8 6 5 5.652193526007065e6 3 1
tr 6 3 3 8 6 5 1.582614187281976e6 4 2
tr 6 3 3 8 6 5 7.699336728204469e9 5 1
ann 6 3 3 8 6 6 7.810846148237315e-17 28 0
tr 6 3 3 8 6 6 1.1304387052014107e7 3 1
tr 6 3 3 8 6 6 1.3565264462416926e6 4 2
tr 6 3 3 8 6 6 3.8496683641022267e9 5 1
ann 6 3 3 8 7 1 3.536166095305512e-20 30 0
tr 6 3 3 8 7 1 1.4769003137948195e7 4 1
tr 6 3 3 8 7 1 2.3684110486673333e7 5 2
tr 6 3 3 8 7 1 2.512214541588372e11 6 1
ann 6 3 3 8 7 2 5.172342607148391e-20 30 0
tr 6 3 3 8 7 2 4.430700941384456e7 4 1
tr 6 3 3 8 7 2 4.5676498795727156e7 5 2
tr 6 3 3 8 7 2 3.3914896311443054e11 6 1
ann 6 3 3 8 7 3 7.355145174440538e-20 30 0
tr 6 3 3 8 7 3 1.1076752353461163e8 4 1
tr 6 3 3 8 7 3 7.612749799287859e7 5 2
tr 6 3 3 8 7 3 4.037487656124171e11 6 1
ann 6 3 3 8 7 4 1.0197463926026884e-19 30 0
tr 6 3 3 8 7 4 2.4368855177614596e8 4 1
tr 6 3 3 8 7 4 1.1165366372288865e8 5 2
tr 6 3 3 8 7 4 4.2297489730824725e11 6 1
ann 6 3 3 8 7 5 1.3817979224061795e-19 30 0
tr 6 3 3 8 7 5 4.873771035522912e8 4 1
tr 6 3 3 8 7 5 1.4355471050085667e8 5 2
tr 6 3 3 8 7 5 3.8067740757742126e11 6 1
ann 6 3 3 8 7 6 1.8337636272415657e-19 30 0
tr 6 3 3 8 7 6 9.051289065971136e8 4 1
tr 6 3 3 8 7 6 1.555176030425951e8 5 2
tr 6 3 3 8 7 6 2.749336832503611e11 6 1
ann 6 3 3 8 7 7 2.387539769480132e-19 30 0
tr 6 3 3 8 7 7 1.5839755865449474e9 4 1
tr 6 3 3 8 7 7 1.2095813569979589e8 5 2
tr 6 3 3 8 7 7 1.2830238551683469e11 6 1
ann 6 3 3 9 8 2 1.5323010420802406e-22 32 0
tr 6 3 3 9 8 2 1.575371686982202e9 5 1
tr 6 3 3 9 8 2 1.2187490853137066e9 6 2
tr 6 3 3 9 8 2 1.1626189373806242e13 7 1
ann 6 3 3 9 8 4 2.956548363067704e-22 32 0
tr 6 3 3 9 8 4 6.931635422721704e9 5 1
tr 6 3 3 9 8 4 2.7359673343777122e9 6 2
tr 6 3 3 9 8 4 1.4681029949066562e13 7 1
ann 6 3 3 9 8 6 5.246158812203341e-22 32 0
tr 6 3 3 9 8 6 2.2527815123845535e10 5 1
tr 6 3 3 9 8 6 4.149550457139524e9 6 2
tr 6 3 3 9 8 6 1.1875322003244945e13 7 1
ann 6 3 3 9 8 8 8.689475233079304e-22 32 0
tr 6 3 3 9 8 8 6.007417366358823e10 5 1
tr 6 3 3 9 8 8 3.017854877919657e9 6 2
tr 6 3 3 9 8 8 3.5985824252257354e12 7 1
ann 6 3 3 11 10 2 6.221003813369668e-28 36 0
tr 6 3 3 11 10 2 6.04203394366225e11 7 1
tr 6 3 3 11 10 2 2.8560034397563074e11 8 2
tr 6 3 3 11 10 2 4.386083229157873e15 9 1
ann 6 3 3 11 10 4 1.1449787199570304e-27 36 0
tr 6 3 3 11 10 4 1.9636610316902341e12 7 1
tr 6 3 3 11 10 4 5.615043799767808e11 8 2
tr 6 3 3 11 10 4 5.518883984145315e15 9 1
ann 6 3 3 11 10 6 1.9708365457125627e-27 36 0
tr 6 3 3 11 10 6 5.236429417840616e12 7 1
tr 6 3 3 11 10 6 8.75071761002777e11 8 2
tr 6 3 3 11 10 6 5.375536348193493e15 9 1
ann 6 3 3 11 10 8 3.211202364904454e-27 36 0
tr 6 3 3 11 10 8 1.2138995468630531e13 7 1
tr 6 3 3 11 10 8 1.0298921494878843e12 8 2
tr 6 3 3 11 10 8 3.6151958737301185e15 9 1
ann 6 3 3 11 10 10 4.998431108740796e-27 36 0
tr 6 3 3 11 10 10 2.5345155374063754e13 7 1
tr 6 3 3 11 10 10 6.212047885799922e11 8 2
tr 6 3 3 11 10 10 9.540100222343378e14 9 1
ann 6 3 3 13 12 2 1.0832056372156772e-33 40 0
tr 6 3 3 13 12 2 7.193083106312183e13 9 1
tr 6 3 3 13 12 2 2.27189326163004e13 10 2
tr 6 3 3 13 12 2 5.290728637945512e17 11 1
ann 6 3 3 13 12 4 1.903478512709746e-33 40 0
tr 6 3 3 13 12 4 1.918155495016591e14 9 1
tr 6 3 3 13 12 4 4.055611111670161e13 10 2
tr 6 3 3 13 12 4 6.558754509849818e17 11 1
ann 6 3 3 13 12 6 3.16778062516428e-33 40 0
tr 6 3 3 13 12 6 4.446633192993016e14 9 1
tr 6 3 3 13 12 6 6.187406696009608e13 10 2
tr 6 3 3 13 12 6 6.861466256458278e17 11 1
ann 6 3 3 13 12 8 5.039199188502035e-33 40 0
tr 6 3 3 13 12 8 9.28417919416125e14 9 1
tr 6 3 3 13 12 8 7.997328382597458e13 10 2
tr 6 3 3 13 12 8 5.819993699674435e17 11 1
ann 6 3 3 13 12 10 7.717468307136542e-33 40 0
tr 6 3 3 13 12 10 1.7872044948760405e15 9 1
tr 6 3 3 13 12 10 8.15021848402948e13 10 2
tr 6 3 3 13 12 10 3.514819724509262e17 11 1
ann 6 3 3 13 12 12 1.1442874351808904e-32 40 0
tr 6 3 3 13 12 12 3.2239767358548145e15 9 1
tr 6 3 3 13 12 12 4.384912868600633e13 10 2
tr 6 3 3 13 12 12 8.509563543548691e16 11 1
ann 6 3 3 15 14 2 9.379587912828916e-40 44 0
tr 6 3 3 15 14 2 3.518848306143231e15 11 1
tr 6 3 3 15 14 2 7.923560521525329e14 12 2
tr 6 3 3 15 14 2 2.646894502604203e19 13 1
ann 6 3 3 15 14 4 1.5801599644204287e-39 44 0
tr 6 3 3 15 14 4 8.157330164241137e15 11 1
tr 6 3 3 15 14 4 1.3151235066792042e15 12 2
tr 6 3 3 15 14 4 3.227670654183944e19 13 1
ann 6 3 3 15 14 6 2.544447192966169e-39 44 0
tr 6 3 3 15 14 6 1.7031788255009014e16 11 1
tr 6 3 3 15 14 6 1.9470659709276592e15 12 2
tr 6 3 3 15 14 6 3.4844171834940318e19 13 1
ann 6 3 3 15 14 8 3.944278248059225e-39 44 0
tr 6 3 3 15 14 8 3.2786192390892332e16 11 1
tr 6 3 3 15 14 8 2.572226858651986e15 12 2
tr 6 3 3 15 14 8 3.273378408546029e19 13 1
ann 6 3 3 15 14 10 5.919155064974966e-39 44 0
tr 6 3 3 15 14 10 5.91437196070999e16 11 1
tr 6 3 3 15 14 10 2.9654745738844945e15 12 2
tr 6 3 3 15 14 10 2.547328310409875e19 13 1
ann 6 3 3 15 14 12 8.637982175981951e-39 44 0
tr 6 3 3 15 14 12 1.0116688880161829e17 11 1
tr 6 3 3 15 14 12 2.7536549614641695e15 12 2
tr 6 3 3 15 14 12 1.4335613868107526e19 13 1
ann 6 3 3 15 14 14 1.2302591338331375e-38 44 0
tr 6 3 3 15 14 14 1.6554581803901146e17 11 1
tr 6 3 3 15 14 14 1.371385474879384e15 12 2
tr 6 3 3 15 14 14 3.272259687285383e18 13 1
ann 6 4 1 6 4 1 2.018262336271465e-15 26 0
ann 6 4 1 6 4 2 6.892949081561105e-15 26 0
tr 6 4 1 6 4 2 51845.289795918405 2 1
ann 6 4 1 6 4 3 4.588885519044396e-15 26 0
tr 6 4 1 6 4 3 80648.22857142845 2 1
tr 6 4 1 6 4 3 57605.87755102041 3 2
ann 6 4 1 6 4 4 3.4501970924193816e-15 26 0
tr 6 4 1 6 4 4 19201.959183673447 3 2
tr 6 4 1 6 4 4 8.398080000000007e7 4 1
ann 6 4 1 6 5 1 7.197700267768247e-17 28 0
tr 6 4 1 6 5 1 230.40000000000026 2 2
tr 6 4 1 6 5 1 668365.7142857171 3 1
ann 6 4 1 6 5 2 7.009954096564635e-17 28 0
tr 6 4 1 6 5 2 268.8000000000001 2 2
tr 6 4 1 6 5 2 1.1059200000000007e6 3 1
ann 6 4 1 6 5 3 5.538669408323965e-17 28 0
tr 6 4 1 6 5 3 1612.7999999999995 2 2
tr 6 4 1 6 5 3 64799.999999999825 3 1
ann 6 4 1 6 5 4 3.8219639148445347e-17 28 0
tr 6 4 1 6 5 4 1.749600000000002e6 3 1
tr 6 4 1 6 5 4 583200.0000000002 4 2
ann 6 4 1 6 5 5 2.6356273473173955e-17 28 0
tr 6 4 1 6 5 5 466560.0 4 2
tr 6 4 1 6 5 5 1.0055708299636363e9 5 1
ann 6 4 1 7 1 1 4.324996422471582e-11 20 0
tr 6 4 1 7 1 1 522160.37204670144 3 1
tr 6 4 1 7 1 1 48734.96805769217 4 2
tr 6 4 1 7 1 1 1.8868222185347168e9 5 1
ann 6 4 1 7 2 1 4.195972546901104e-12 22 0
tr 6 4 1 7 2 1 6513.636996779693 2 1
tr 6 4 1 7 2 1 646.1941465059208 3 2
tr 6 4 1 7 2 1 3.4468993393145115e6 4 1
ann 6 4 1 7 2 2 3.746350036356033e-12 22 0
tr 6 4 1 7 2 2 1085.6061661299418 2 1
tr 6 4 1 7 2 2 861.5921953412281 3 2
tr 6 4 1 7 2 2 6.893798678628956e7 4 1
ann 6 4 1 7 3 1 2.297711899213343e-13 24 0
tr 6 4 1 7 3 1 4.606836442141884 2 2
tr 6 4 1 7 3 1 351337.5641877756 3 1
tr 6 4 1 7 3 1 216825.46818445442 4 2
ann 6 4 1 7 3 2 1.7694743699604438e-13 24 0
tr 6 4 1 7 3 2 15.048999044330156 2 2
tr 6 4 1 7 3 2 749520.1369339162 3 1
tr 6 4 1 7 3 2 2.228869760630963e9 5 1
ann 6 4 1 7 3 3 1.3560831981325346e-13 24 0
tr 6 4 1 7 3 3 1.8427345768567478 2 2
tr 6 4 1 7 3 3 702675.128375545 3 1
tr 6 4 1 7 3 3 401528.6447860263 4 2
tr 6 4 1 7 3 3 3.744501197860012e9 5 1
ann 6 4 1 7 4 1 6.9829482531118345e-15 26 0
tr 6 4 1 7 4 1 18245.298741886905 2 1
tr 6 4 1 7 4 1 6574.801177872225 3 2
tr 6 4 1 7 4 1 1.7190617269650538e7 4 1
ann 6 4 1 7 4 2 5.962196535085301e-15 26 0
tr 6 4 1 7 4 2 15341.202748368518 2 1
tr 6 4 1 7 4 2 1948.0892378880656 3 2
tr 6 4 1 7 4 2 7.640274342066863e7 4 1
ann 6 4 1 7 4 3 3.96924988575851e-15 26 0
tr 6 4 1 7 4 3 23864.093164128746 2 1
tr 6 4 1 7 4 3 17045.780831520562 3 2
tr 6 4 1 7 4 3 1.4856088998463312e7 4 1
ann 6 4 1 7 4 4 2.9843181339417083e-15 26 0
tr 6 4 1 7 4 4 5681.926943840182 3 2
tr 6 4 1 7 4 4 1.0399262298924342e8 4 1
tr 6 4 1 7 4 4 3.9216073315808915e7 5 2
tr 6 4 1 7 4 4 1.0967316131113217e11 6 1
ann 6 4 1 7 5 1 9.97975668784089e-17 28 0
tr 6 4 1 7 5 1 282.7074744879499 2 2
tr 6 4 1 7 5 1 1.6412354388370314e6 3 1
tr 6 4 1 7 5 1 859261.7671473626 4 2
tr 6 4 1 7 5 1 4.6303835078250223e8 5 1
ann 6 4 1 7 5 2 9.719442835839414e-17 28 0
tr 6 4 1 7 5 2 329.825386902608 2 2
tr 6 4 1 7 5 2 2.715691510984256e6 3 1
tr 6 4 1 7 5 2 2.701057046231258e9 5 1
ann 6 4 1 7 5 3 7.679476936131938e-17 28 0
tr 6 4 1 7 5 3 1978.952321415646 2 2
tr 6 4 1 7 5 3 159122.54947173316 3 1
tr 6 4 1 7 5 3 1.1138578463021368e6 4 2
ann 6 4 1 7 5 4 5.299230113390521e-17 28 0
tr 6 4 1 7 5 4 4.296308835736813e6 3 1
tr 6 4 1 7 5 4 1.4321029452456033e6 4 2
ann 6 4 1 7 5 5 3.654350480870346e-17 28 0
tr 6 4 1 7 5 5 1.1456823561964822e6 4 2
tr 6 4 1 7 5 5 5.556460209390015e9 5 1
tr 6 4 1 7 5 5 1.4097547428799813e9 6 2
tr 6 4 1 7 5 5 1.7158787741887576e12 7 1
ann 6 4 1 7 6 1 5.306274009212015e-19 30 0
tr 6 4 1 7 6 1 200004.75572089638 2 1
tr 6 4 1 7 6 1 19841.741638977797 3 2
tr 6 4 1 7 6 1 4.802769569652254e7 4 1
ann 6 4 1 7 6 2 5.40001729141151e-19 30 0
tr 6 4 1 7 6 2 213338.40610228933 2 1
tr 6 4 1 7 6 2 2645.5655518637022 3 2
tr 6 4 1 7 6 2 9.605539139304487e7 4 1
ann 6 4 1 7 6 3 4.878724868827671e-19 30 0
tr 6 4 1 7 6 3 120002.8534325377 2 1
tr 6 4 1 7 6 3 59525.2249169334 3 2
tr 6 4 1 7 6 3 4.802769569652263e7 4 1
ann 6 4 1 7 6 4 3.87734939264318e-19 30 0
tr 6 4 1 7 6 4 107145.40485048006 3 2
tr 6 4 1 7 6 4 4.116659631130491e6 4 1
tr 6 4 1 7 6 4 4.52682862710495e7 5 2
ann 6 4 1 7 6 5 2.7280058243436155e-19 30 0
tr 6 4 1 7 6 5 1.8113302376974142e8 4 1
tr 6 4 1 7 6 5 2.4590180196619466e7 5 2
tr 6 4 1 7 6 5 6.015957499600508e9 6 1
ann 6 4 1 7 6 6 1.6611845334119675e-19 30 0
tr 6 4 1 7 6 6 4.6106587868661456e7 5 2
tr 6 4 1 7 6 6 9.926329874340904e10 6 1
tr 6 4 1 7 6 6 1.7530802368341427e10 7 2
ann 6 4 1 8 1 1 2.9115571895128344e-11 20 0
tr 6 4 1 8 1 1 15781.06526518029 3 1
tr 6 4 1 8 1 1 1472.8994247501619 4 2
tr 6 4 1 8 1 1 3.186549585488801e6 5 1
ann 6 4 1 8 2 1 2.8835471405278314e-12 22 0
tr 6 4 1 8 2 1 408.5082844240933 2 1
tr 6 4 1 8 2 1 40.526615518263156 3 2
tr 6 4 1 8 2 1 9644.455353473051 4 1
ann 6 4 1 8 2 2 2.574558524047889e-12 22 0
tr 6 4 1 8 2 2 68.08471407068178 2 1
tr 6 4 1 8 2 2 54.03548735768423 3 2
tr 6 4 1 8 2 2 192889.10706945925 4 1
ann 6 4 1 8 3 1 1.66229767602273e-13 24 0
tr 6 4 1 8 3 1 0.48457933310482804 2 2
tr 6 4 1 8 3 1 6648.601146697461 3 1
tr 6 4 1 8 3 1 4103.1367076761235 4 2
tr 6 4 1 8 3 1 186952.48507323314 5 1
ann 6 4 1 8 3 2 1.2801400954283544e-13 24 0
tr 6 4 1 8 3 2 1.582959154809105 2 2
tr 6 4 1 8 3 2 14183.682446287827 3 1
tr 6 4 1 8 3 2 3.894843439025548e7 5 1
ann 6 4 1 8 3 3 9.810690079038072e-14 24 0
tr 6 4 1 8 3 3 0.19383173324193062 2 2
tr 6 4 1 8 3 3 13297.202293394805 3 1
tr 6 4 1 8 3 3 7598.401310511331 4 2
tr 6 4 1 8 3 3 6.5433369775629126e7 5 1
ann 6 4 1 8 4 1 5.62594462419441e-15 26 0
tr 6 4 1 8 4 1 922.9537282313989 2 1
tr 6 4 1 8 4 1 332.5918279192722 3 2
tr 6 4 1 8 4 1 90143.07977187548 4 1
ann 6 4 1 8 4 2 4.803556659386212e-15 26 0
tr 6 4 1 8 4 2 776.0475984783013 2 1
tr 6 4 1 8 4 2 98.54572679089544 3 2
tr 6 4 1 8 4 2 400635.91009722213 4 1
ann 6 4 1 8 4 3 3.197901413543318e-15 26 0
tr 6 4 1 8 4 3 1207.185153188466 2 1
tr 6 4 1 8 4 3 862.2751094203343 3 2
tr 6 4 1 8 4 3 77901.42696334857 4 1
ann 6 4 1 8 4 4 2.4043724602128848e-15 26 0
tr 6 4 1 8 4 4 287.42503647344444 3 2
tr 6 4 1 8 4 4 545309.9887434414 4 1
tr 6 4 1 8 4 4 205638.7836338901 5 2
tr 6 4 1 8 4 4 1.9285025477674232e10 6 1
ann 6 4 1 8 5 1 1.000336360324787e-16 28 0
tr 6 4 1 8 5 1 30.533085288081367 2 2
tr 6 4 1 8 5 1 4105.5363424912775 3 1
tr 6 4 1 8 5 1 2149.435924462185 4 2
tr 6 4 1 8 5 1 9.03390591852006e7 5 1
ann 6 4 1 8 5 2 9.742433986319867e-17 28 0
tr 6 4 1 8 5 2 35.62193283609489 2 2
tr 6 4 1 8 5 2 6793.278971139743 3 1
tr 6 4 1 8 5 2 5.2697784524700266e8 5 1
ann 6 4 1 8 5 3 7.697642597418753e-17 28 0
tr 6 4 1 8 5 3 213.73159701656917 2 2
tr 6 4 1 8 5 3 398.04368971521797 3 1
tr 6 4 1 8 5 3 2786.3058280065366 4 2
tr 6 4 1 8 5 3 4.5169529592600375e8 5 1
ann 6 4 1 8 5 4 5.3117653425239503e-17 28 0
tr 6 4 1 8 5 4 10747.17962231093 3 1
tr 6 4 1 8 5 4 3582.3932074369723 4 2
ann 6 4 1 8 5 5 3.662994754945061e-17 28 0
tr 6 4 1 8 5 5 2865.9145659495766 4 2
tr 6 4 1 8 5 5 1.0840687102224052e9 5 1
tr 6 4 1 8 5 5 2.7504399352327806e8 6 2
tr 6 4 1 8 5 5 1.4053394954180107e12 7 1
ann 6 4 1 8 6 1 8.77094847977285e-19 30 0
tr 6 4 1 8 6 1 11294.670624619233 2 1
tr 6 4 1 8 6 1 1120.5030381566683 3 2
tr 6 4 1 8 6 1 2.149978268220495e7 4 1
ann 6 4 1 8 6 2 8.925900428218188e-19 30 0
tr 6 4 1 8 6 2 12047.648666260508 2 1
tr 6 4 1 8 6 2 149.4004050875556 3 2
tr 6 4 1 8 6 2 4.2999565364409804e7 4 1
ann 6 4 1 8 6 3 8.064235734890814e-19 30 0
tr 6 4 1 8 6 3 6776.8023747715315 2 1
tr 6 4 1 8 6 3 3361.509114470007 3 2
tr 6 4 1 8 6 3 2.1499782682204988e7 4 1
ann 6 4 1 8 6 4 6.409022926989894e-19 30 0
tr 6 4 1 8 6 4 6050.716406046008 3 2
tr 6 4 1 8 6 4 1.8428385156175608e6 4 1
tr 6 4 1 8 6 4 2.0264522440827306e7 5 2
tr 6 4 1 8 6 4 2.441307740294011e10 6 1
ann 6 4 1 8 6 5 4.509227846499458e-19 30 0
tr 6 4 1 8 6 5 8.108489468717262e7 4 1
tr 6 4 1 8 6 5 1.1007888733288897e7 5 2
tr 6 4 1 8 6 5 9.134144606542114e9 6 1
ann 6 4 1 8 6 6 2.7458370700187994e-19 30 0
tr 6 4 1 8 6 6 2.063979137491666e7 5 2
tr 6 4 1 8 6 6 1.5071338600794586e11 6 1
tr 6 4 1 8 6 6 2.6617356241591625e10 7 2
tr 6 4 1 8 6 6 4.2694012843705484e13 8 1
ann 6 4 1 8 7 1 2.8756735277570393e-21 32 0
tr 6 4 1 8 7 1 8.473936188599715e6 3 1
tr 6 4 1 8 7 1 790900.7109359743 4 2
tr 6 4 1 8 7 1 1.9557950146230547e9 5 1
ann 6 4 1 8 7 2 2.9666594988242452e-21 32 0
tr 6 4 1 8 7 2 9.533178212174667e6 3 1
tr 6 4 1 8 7 2 4.159299416731471e9 5 1
ann 6 4 1 8 7 3 2.840468713436274e-21 32 0
tr 6 4 1 8 7 3 7.626542569739756e6 3 1
tr 6 4 1 8 7 3 949080.8531231667 4 2
tr 6 4 1 8 7 3 3.5156775412738433e9 5 1
ann 6 4 1 8 7 4 2.4971019637190315e-21 32 0
tr 6 4 1 8 7 4 3.4954986777973804e6 3 1
tr 6 4 1 8 7 4 2.9828255383870965e6 4 2
tr 6 4 1 8 7 4 5.891152469107707e8 5 1
ann 6 4 1 8 7 5 1.9784367260132473e-21 32 0
tr 6 4 1 8 7 5 3.3556787306854827e6 4 2
tr 6 4 1 8 7 5 1.2706065532483618e9 5 1
tr 6 4 1 8 7 5 1.7053444756345496e9 6 2
ann 6 4 1 8 7 6 1.3630655044350275e-21 32 0
tr 6 4 1 8 7 6 9.176602884571545e9 5 1
tr 6 4 1 8 7 6 4.609910397272982e8 6 2
tr 6 4 1 8 7 6 8.958521799826201e11 7 1
ann 6 4 1 8 7 7 7.435608585194548e-22 32 0
tr 6 4 1 8 7 7 2.1512915187273903e9 6 2
tr 6 4 1 8 7 7 5.09515927365116e12 7 1
tr 6 4 1 8 7 7 6.475329505366388e11 8 2
tr 6 4 1 8 7 7 4.8507993169685006e14 9 1
ann 6 4 1 9 8 2 1.2008509391471934e-23 34 0
tr 6 4 1 9 8 2 2.894357374242171e8 4 1
tr 6 4 1 9 8 2 920931.8918043257 5 2
tr 6 4 1 9 8 2 1.1270955154068263e11 6 1
ann 6 4 1 9 8 4 1.092454044557632e-23 34 0
tr 6 4 1 9 8 4 1.819310349523654e8 4 1
tr 6 4 1 9 8 4 4.254705340135988e7 5 2
tr 6 4 1 9 8 4 5.7887416196205826e10 6 1
ann 6 4 1 9 8 6 7.288145550333791e-24 34 0
tr 6 4 1 9 8 6 6.584663026400935e7 5 2
tr 6 4 1 9 8 6 7.834681397025655e10 6 1
tr 6 4 1 9 8 6 3.542210741512386e10 7 2
ann 6 4 1 9 8 8 2.4209878720690206e-24 34 0
tr 6 4 1 9 8 8 6.043897077705498e10 7 2
tr 6 4 1 9 8 8 1.614545994166322e14 8 1
tr 6 4 1 9 8 8 1.5205600770652486e13 9 2
tr 6 4 1 9 8 8 1.3214193394202448e16 10 1
ann 6 4 1 11 10 2 8.737351893285325e-29 38 0
tr 6 4 1 11 10 2 9.389515844489864e10 6 1
tr 6 4 1 11 10 2 8.757759516942842e8 7 2
tr 6 4 1 11 10 2 2.9632827481640797e13 8 1
ann 6 4 1 11 10 4 8.521183072319397e-29 38 0
tr 6 4 1 11 10 4 8.476646248497763e10 6 1
tr 6 4 1 11 10 4 2.6354368916726284e9 7 2
tr 6 4 1 11 10 4 3.351507008838545e13 8 1
ann 6 4 1 11 10 6 6.925841947963266e-29 38 0
tr 6 4 1 11 10 6 3.698900181162658e10 6 1
tr 6 4 1 11 10 6 1.2956766100150452e10 7 2
tr 6 4 1 11 10 6 1.2833384184287275e12 8 1
ann 6 4 1 11 10 8 4.149705920185478e-29 38 0
tr 6 4 1 11 10 8 9.474303477419966e9 7 2
tr 6 4 1 11 10 8 4.720344188638799e13 8 1
tr 6 4 1 11 10 8 4.445563613043635e12 9 2
tr 6 4 1 11 10 8 4.526933765994578e15 10 1
ann 6 4 1 11 10 10 1.1337079520337592e-29 38 0
tr 6 4 1 11 10 10 1.5954633855700988e13 9 2
tr 6 4 1 11 10 10 5.4474102984134616e16 10 1
tr 6 4 1 11 10 10 3.0292906712255885e15 11 2
tr 6 4 1 11 10 10 3.4578828886651535e18 12 1
ann 6 4 1 13 12 2 2.515016111941984e-34 42 0
tr 6 4 1 13 12 2 1.0164162250579744e13 8 1
tr 6 4 1 13 12 2 1.0806439559786359e11 9 2
tr 6 4 1 13 12 2 2.740479521372712e15 10 1
ann 6 4 1 13 12 4 2.5396873877016623e-34 42 0
tr 6 4 1 13 12 4 1.0348965200590318e13 8 1
tr 6 4 1 13 12 4 4.401168111622038e10 9 2
tr 6 4 1 13 12 4 4.0556590303747655e15 10 1
ann 6 4 1 13 12 6 2.2513572470560992e-34 42 0
tr 6 4 1 13 12 6 7.249961885028927e12 8 1
tr 6 4 1 13 12 6 5.329593488386926e11 9 2
tr 6 4 1 13 12 6 1.6952435654704398e15 10 1
ann 6 4 1 13 12 8 1.6703239326520136e-34 42 0
tr 6 4 1 13 12 8 2.6237957298199917e12 8 1
tr 6 4 1 13 12 8 1.0070435740177927e12 9 2
tr 6 4 1 13 12 8 2.2354114122776584e14 10 1
ann 6 4 1 13 12 10 9.0680818269515e-35 42 0
tr 6 4 1 13 12 10 5.11726476384957e11 9 2
tr 6 4 1 13 12 10 6.728740752999938e15 10 1
tr 6 4 1 13 12 10 1.562271547726568e14 11 2
tr 6 4 1 13 12 10 1.495462811698042e18 12 1
ann 6 4 1 13 12 12 2.1581814383381627e-35 42 0
tr 6 4 1 13 12 12 1.4116239341957895e15 11 2
tr 6 4 1 13 12 12 6.026383726641908e18 12 1
tr 6 4 1 13 12 12 2.1346929434628947e17 13 2
tr 6 4 1 13 12 12 3.0825046303056514e20 14 1
ann 6 4 1 15 14 2 3.3383687303695884e-40 46 0
tr 6 4 1 15 14 2 4.662233547816062e14 10 1
tr 6 4 1 15 14 2 4.668725159385491e12 11 2
tr 6 4 1 15 14 2 1.1172206771202262e17 12 1
ann 6 4 1 15 14 4 3.4457086729332752e-40 46 0
tr 6 4 1 15 14 4 4.988263865845206e14 10 1
tr 6 4 1 15 14 4 1.092246961282581e11 11 2
tr 6 4 1 15 14 4 1.8565889868451904e17 12 1
ann 6 4 1 15 14 6 3.2135066431003e-40 46 0
tr 6 4 1 15 14 6 4.2123117089359175e14 10 1
tr 6 4 1 15 14 6 8.716130751034938e12 11 2
tr 6 4 1 15 14 6 1.3726429781016168e17 12 1
ann 6 4 1 15 14 8 2.646102422197309e-40 46 0
tr 6 4 1 15 14 8 2.5552626175530384e14 10 1
tr 6 4 1 15 14 8 2.515303164264713e13 11 2
tr 6 4 1 15 14 8 1.8272425065892904e16 12 1
ann 6 4 1 15 14 10 1.8229973325726977e-40 46 0
tr 6 4 1 15 14 10 8.248567046136144e13 10 1
tr 6 4 1 15 14 10 3.1607342621428703e13 11 2
tr 6 4 1 15 14 10 5.685270075911805e16 12 1
ann 6 4 1 15 14 12 9.141543914251519e-41 46 0
tr 6 4 1 15 14 12 1.2913857128183701e13 11 2
tr 6 4 1 15 14 12 3.5728718002153837e17 12 1
tr 6 4 1 15 14 12 1.6833778267345298e15 13 2
tr 6 4 1 15 14 12 1.2043555060300405e20 14 1
ann 6 4 1 15 14 14 1.968473101150746e-41 46 0
tr 6 4 1 15 14 14 5.379889854691389e16 13 2
tr 6 4 1 15 14 14 2.7968823046463223e20 14 1
tr 6 4 1 15 14 14 6.684552164886687e18 15 2
tr 6 4 1 15 14 14 1.1818206610125142e22 16 1
ann 6 4 2 6 4 2 2.238709240107951e-15 26 0
ann 6 4 2 6 4 3 7.583100681945454e-15 26 0
tr 6 4 2 6 4 3 112011.42857142849 2 1
ann 6 4 2 6 4 4 5.287043132208744e-15 26 0
tr 6 4 2 6 4 4 35843.65714285707 2 1
tr 6 4 2 6 4 4 57605.87755102034 3 2
ann 6 4 2 6 5 1 5.966391408855886e-17 28 0
tr 6 4 2 6 5 1 1228.8000000000006 2 2
tr 6 4 2 6 5 1 570548.5714285708 3 1
ann 6 4 2 6 5 2 7.608383233619754e-17 28 0
tr 6 4 2 6 5 2 806.3999999999997 2 2
tr 6 4 2 6 5 2 25920.000000000153 3 1
ann 6 4 2 6 5 3 8.088466941957253e-17 28 0
tr 6 4 2 6 5 3 1.049760000000001e6 3 1
tr 6 4 2 6 5 3 453600.00000000035 4 2
ann 6 4 2 6 5 4 6.491153457372629e-17 28 0
tr 6 4 2 6 5 4 1612.7999999999986 2 2
tr 6 4 2 6 5 4 1.0367999999999999e6 3 1
ann 6 4 2 6 5 5 4.5907781850296576e-17 28 0
tr 6 4 2 6 5 5 971999.9999999974 3 1
tr 6 4 2 6 5 5 1.0497599999999995e6 4 2
ann 6 4 2 7 1 1 4.93126028430979e-11 20 0
tr 6 4 2 7 1 1 783240.558070052 3 1
tr 6 4 2 7 1 1 43861.47125192291 4 2
tr 6 4 2 7 1 1 1.1320933311208289e9 5 1
ann 6 4 2 7 2 1 4.370625758876973e-12 22 0
tr 6 4 2 7 2 1 8684.849329039575 2 1
tr 6 4 2 7 2 1 107.69902441765377 3 2
tr 6 4 2 7 2 1 2.7919884648447305e7 4 1
ann 6 4 2 7 2 2 4.915675038888916e-12 22 0
tr 6 4 2 7 2 2 3256.8184983898386 2 1
tr 6 4 2 7 2 2 1292.3882930118407 3 2
tr 6 4 2 7 2 2 6.204418810766052e7 4 1
ann 6 4 2 7 3 1 2.3008245644005486e-13 24 0
tr 6 4 2 7 3 1 1.5356121473806308 2 2
tr 6 4 2 7 3 1 936900.1711673969 3 1
tr 6 4 2 7 3 1 38546.74989945851 4 2
tr 6 4 2 7 3 1 1.318777659970124e9 5 1
ann 6 4 2 7 3 2 2.471209308994731e-13 24 0
tr 6 4 2 7 3 2 14.74187661485404 2 2
tr 6 4 2 7 3 2 70267.51283755437 3 1
tr 6 4 2 7 3 2 120458.59343580798 4 2
tr 6 4 2 7 3 2 3.4235439523291497e9 5 1
ann 6 4 2 7 3 3 1.9337342295859392e-13 24 0
tr 6 4 2 7 3 3 8.292305595855376 2 2
tr 6 4 2 7 3 3 1.2648152310759819e6 3 1
tr 6 4 2 7 3 3 401528.64478602586 4 2
tr 6 4 2 7 3 3 2.407179341481432e9 5 1
ann 6 4 2 7 4 1 5.962196535085293e-15 26 0
tr 6 4 2 7 4 1 15341.202748368518 2 1
tr 6 4 2 7 4 1 1948.0892378880649 3 2
tr 6 4 2 7 4 1 7.640274342066863e7 4 1
ann 6 4 2 7 4 2 7.745668387378423e-15 26 0
tr 6 4 2 7 4 2 4040.481382286369 2 1
tr 6 4 2 7 4 2 13717.795050128456 3 2
tr 6 4 2 7 4 2 2.5679810983058088e7 4 1
ann 6 4 2 7 4 3 6.559157204055606e-15 26 0
tr 6 4 2 7 4 3 33144.57383906773 2 1
tr 6 4 2 7 4 3 3409.156166304109 3 2
tr 6 4 2 7 4 3 1.485608899846332e7 4 1
ann 6 4 2 7 4 4 4.573135498436768e-15 26 0
tr 6 4 2 7 4 4 10606.26362850166 2 1
tr 6 4 2 7 4 4 17045.78083152054 3 2
tr 6 4 2 7 4 4 1.3370480098616973e8 4 1
ann 6 4 2 7 5 1 8.272522119571864e-17 28 0
tr 6 4 2 7 5 1 1507.7731972690651 2 2
tr 6 4 2 7 5 1 1.4010361617773105e6 3 1
tr 6 4 2 7 5 1 238683.82420760064 4 2
tr 6 4 2 7 5 1 3.086922338550014e9 5 1
ann 6 4 2 7 5 2 1.0549176910982853e-16 28 0
tr 6 4 2 7 5 2 989.4761607078232 2 2
tr 6 4 2 7 5 2 63649.019788693826 3 1
tr 6 4 2 7 5 2 1.3366294155625633e6 4 2
tr 6 4 2 7 5 2 1.620634227738761e9 5 1
ann 6 4 2 7 5 3 1.1214822658041967e-16 28 0
tr 6 4 2 7 5 3 2.577785301442087e6 3 1
tr 6 4 2 7 5 3 1.113857846302136e6 4 2
ann 6 4 2 7 5 4 9.000115296524924e-17 28 0
tr 6 4 2 7 5 4 1978.9523214156452 2 2
tr 6 4 2 7 5 4 2.5459607915477375e6 3 1
ann 6 4 2 7 5 5 6.365206597109309e-17 28 0
tr 6 4 2 7 5 5 2.3868382420759983e6 3 1
tr 6 4 2 7 5 5 2.5777853014420844e6 4 2
tr 6 4 2 7 5 5 5.556460209390009e9 5 1
ann 6 4 2 7 6 1 4.433210798328151e-19 30 0
tr 6 4 2 7 6 1 66668.25190696529 2 1
tr 6 4 2 7 6 1 82673.92349574067 3 2
tr 6 4 2 7 6 1 4.322492612687008e7 4 1
ann 6 4 2 7 6 2 5.410055352646367e-19 30 0
tr 6 4 2 7 6 2 160003.8045767167 2 1
tr 6 4 2 7 6 2 63493.57324472885 3 2
ann 6 4 2 7 6 3 6.005443307912614e-19 30 0
tr 6 4 2 7 6 3 240005.70686507513 2 1
tr 6 4 2 7 6 3 11905.044983386653 3 2
tr 6 4 2 7 6 3 4.802769569652263e7 4 1
ann 6 4 2 7 6 4 5.84944944185402e-19 30 0
tr 6 4 2 7 6 4 200004.7557208958 2 1
tr 6 4 2 7 6 4 15873.393311182206 3 2
tr 6 4 2 7 6 4 1.1526646967165405e8 4 1
ann 6 4 2 7 6 5 4.776894859251737e-19 30 0
tr 6 4 2 7 6 5 130955.49481725344 3 2
tr 6 4 2 7 6 5 4.528325594243546e7 4 1
tr 6 4 2 7 6 5 6.147545049154862e6 5 2
ann 6 4 2 7 6 6 3.3512503420684174e-19 30 0
tr 6 4 2 7 6 6 1.2075534917982739e8 4 1
tr 6 4 2 7 6 6 8.299185816359068e7 5 2
tr 6 4 2 7 6 6 8.12154262446072e10 6 1
ann 6 4 2 8 1 1 3.3196897621600347e-11 20 0
tr 6 4 2 8 1 1 23671.597897770433 3 1
tr 6 4 2 8 1 1 1325.6094822751443 4 2
tr 6 4 2 8 1 1 1.9119297512932778e6 5 1
ann 6 4 2 8 2 1 3.0035719455952396e-12 22 0
tr 6 4 2 8 2 1 544.6777125654568 2 1
tr 6 4 2 8 2 1 6.754435919710547 3 2
tr 6 4 2 8 2 1 78120.08836313106 4 1
ann 6 4 2 8 2 2 3.3781395149566684e-12 22 0
tr 6 4 2 8 2 2 204.25414221204616 2 1
tr 6 4 2 8 2 2 81.05323103652628 3 2
tr 6 4 2 8 2 2 173600.19636251306 4 1
ann 6 4 2 8 3 1 1.664549557833274e-13 24 0
tr 6 4 2 8 3 1 0.16152644436827626 2 2
tr 6 4 2 8 3 1 17729.60305785981 3 1
tr 6 4 2 8 3 1 729.4465258090873 4 2
tr 6 4 2 8 3 1 2.30450096600263e7 5 1
ann 6 4 2 8 3 2 1.7878157365829353e-13 24 0
tr 6 4 2 8 3 2 1.5506538659354505 2 2
tr 6 4 2 8 3 2 1329.7202293394782 3 1
tr 6 4 2 8 3 2 2279.5203931534 4 2
tr 6 4 2 8 3 2 5.982479522343229e7 5 1
ann 6 4 2 8 3 3 1.3989751739119037e-13 24 0
tr 6 4 2 8 3 3 0.8722427995886888 2 2
tr 6 4 2 8 3 3 23934.964128110667 3 1
tr 6 4 2 8 3 3 7598.40131051132 4 2
tr 6 4 2 8 3 3 4.206430914147579e7 5 1
ann 6 4 2 8 4 1 4.8035566593862135e-15 26 0
tr 6 4 2 8 4 1 776.0475984783013 2 1
tr 6 4 2 8 4 1 98.5457267908954 3 2
tr 6 4 2 8 4 1 400635.91009722213 4 1
ann 6 4 2 8 4 2 6.240444557473308e-15 26 0
tr 6 4 2 8 4 2 204.39113704778367 2 1
tr 6 4 2 8 4 2 693.9261594858883 3 2
tr 6 4 2 8 4 2 134658.1808937887 4 1
ann 6 4 2 8 4 3 5.28450933957181e-15 26 0
tr 6 4 2 8 4 3 1676.6460460950932 2 1
tr 6 4 2 8 4 3 172.4550218840667 3 2
tr 6 4 2 8 4 3 77901.4269633486 4 1
ann 6 4 2 8 4 4 3.684433295483514e-15 26 0
tr 6 4 2 8 4 4 536.5267347504291 2 1
tr 6 4 2 8 4 4 862.2751094203333 3 2
tr 6 4 2 8 4 4 701112.8426701366 4 1
ann 6 4 2 8 5 1 8.292090615631617e-17 28 0
tr 6 4 2 8 5 1 162.8431215364338 2 2
tr 6 4 2 8 5 1 3504.679915635426 3 1
tr 6 4 2 8 5 1 6.02260394568004e8 5 1
ann 6 4 2 8 5 2 1.0574130780156675e-16 28 0
tr 6 4 2 8 5 2 106.86579850828461 2 2
tr 6 4 2 8 5 2 159.21747588608855 3 1
tr 6 4 2 8 5 2 3343.5669936078416 4 2
tr 6 4 2 8 5 2 3.1618670714820266e8 5 1
ann 6 4 2 8 5 3 1.1241351096499966e-16 28 0
tr 6 4 2 8 5 3 6448.307773386555 3 1
tr 6 4 2 8 5 3 2786.305828006535 4 2
ann 6 4 2 8 5 4 9.021404903472932e-17 28 0
tr 6 4 2 8 5 4 213.7315970165691 2 2
tr 6 4 2 8 5 4 6368.699035443505 3 1
tr 6 4 2 8 5 4 4.5169529592600226e8 5 1
ann 6 4 2 8 5 5 6.380263360397745e-17 28 0
tr 6 4 2 8 5 5 5970.655345728272 3 1
tr 6 4 2 8 5 5 6448.307773386546 4 2
tr 6 4 2 8 5 5 1.0840687102224038e9 5 1
ann 6 4 2 8 6 1 7.327828051541183e-19 30 0
tr 6 4 2 8 6 1 3764.8902082064005 2 1
tr 6 4 2 8 6 1 4668.762658986111 3 2
tr 6 4 2 8 6 1 1.9349804413984362e7 4 1
ann 6 4 2 8 6 2 8.942492735458543e-19 30 0
tr 6 4 2 8 6 2 9035.736499695362 2 1
tr 6 4 2 8 6 2 3585.6097221013342 3 2
ann 6 4 2 8 6 3 9.92663284143925e-19 30 0
tr 6 4 2 8 6 3 13553.604749543045 2 1
tr 6 4 2 8 6 3 672.3018228939997 3 2
tr 6 4 2 8 6 3 2.1499782682204988e7 4 1
ann 6 4 2 8 6 4 9.66878446178698e-19 30 0
tr 6 4 2 8 6 4 11294.670624619199 2 1
tr 6 4 2 8 6 4 896.4024305253328 3 2
tr 6 4 2 8 6 4 5.159947843729185e7 4 1
ann 6 4 2 8 6 5 7.895916919476657e-19 30 0
tr 6 4 2 8 6 5 7395.320051834011 3 2
tr 6 4 2 8 6 5 2.0271223671793204e7 4 1
tr 6 4 2 8 6 5 2.7519721833222215e6 5 2
tr 6 4 2 8 6 5 8.768778822280486e10 6 1
ann 6 4 2 8 6 6 5.5394131521490135e-19 30 0
tr 6 4 2 8 6 6 5.405659645811498e7 4 1
tr 6 4 2 8 6 6 3.715162447485002e7 5 2
tr 6 4 2 8 6 6 1.2331095218831903e11 6 1
ann 6 4 2 8 7 1 2.4073017494456052e-21 32 0
tr 6 4 2 8 7 1 3.1777260707248915e6 3 1
tr 6 4 2 8 7 1 2.847242559369504e6 4 2
tr 6 4 2 8 7 1 1.8655844317179425e9 5 1
ann 6 4 2 8 7 2 2.860335989857955e-21 32 0
tr 6 4 2 8 7 2 6.355452141449778e6 3 1
tr 6 4 2 8 7 2 2.372702132807919e6 4 2
tr 6 4 2 8 7 2 4.436586044513665e7 5 1
ann 6 4 2 8 7 3 3.188610850642892e-21 32 0
tr 6 4 2 8 7 3 9.533178212174691e6 3 1
tr 6 4 2 8 7 3 949080.8531231657 4 2
tr 6 4 2 8 7 3 1.1246745622841973e9 5 1
ann 6 4 2 8 7 4 3.2959238567816314e-21 32 0
tr 6 4 2 8 7 4 1.0486496033392144e7 3 1
tr 6 4 2 8 7 4 4.1830668419699454e9 5 1
ann 6 4 2 8 7 5 3.095284808349965e-21 32 0
tr 6 4 2 8 7 5 6.99099735559475e6 3 1
tr 6 4 2 8 7 5 1.4914127691935482e6 4 2
tr 6 4 2 8 7 5 4.895931149622315e9 5 1
ann 6 4 2 8 7 6 2.547206619995834e-21 32 0
tr 6 4 2 8 7 6 4.847091499879032e6 4 2
tr 6 4 2 8 7 6 8.156980341841348e8 5 1
tr 6 4 2 8 7 6 6.705324214215243e8 6 2
tr 6 4 2 8 7 6 3.3874410555592876e12 7 1
ann 6 4 2 8 7 7 1.7189194525190307e-21 32 0
tr 6 4 2 8 7 7 7.137357799111192e9 5 1
tr 6 4 2 8 7 7 3.2269372780910864e9 6 2
tr 6 4 2 8 7 7 3.5274179586815625e12 7 1
ann 6 4 2 9 8 2 1.1249371947449145e-23 34 0
tr 6 4 2 9 8 2 1.8089733589013526e8 4 1
tr 6 4 2 9 8 2 5.525591350825956e7 5 2
tr 6 4 2 9 8 2 3.8251972745809045e9 6 1
ann 6 4 2 9 8 4 1.327084058757578e-23 34 0
tr 6 4 2 9 8 4 3.183793111666393e8 4 1
tr 6 4 2 9 8 4 4.630971798787475e6 5 2
tr 6 4 2 9 8 4 8.57197109492761e10 6 1
ann 6 4 2 9 8 6 1.2081321669390208e-23 34 0
tr 6 4 2 9 8 6 1.7245546021526244e8 4 1
tr 6 4 2 9 8 6 5.267730421120747e7 5 2
tr 6 4 2 9 8 6 1.1395900213855522e11 6 1
ann 6 4 2 9 8 8 6.314989353552813e-24 34 0
tr 6 4 2 9 8 8 2.5070980470482007e11 6 1
tr 6 4 2 9 8 8 7.770724814192775e10 7 2
tr 6 4 2 9 8 8 9.687275964997925e13 8 1
ann 6 4 2 11 10 2 7.723030574963995e-29 38 0
tr 6 4 2 11 10 2 5.477217575952398e10 6 1
tr 6 4 2 11 10 2 1.0898545176639984e10 7 2
tr 6 4 2 11 10 2 2.8602144727307373e12 8 1
ann 6 4 2 11 10 4 9.366533299357245e-29 38 0
tr 6 4 2 11 10 4 9.536227029559975e10 6 1
tr 6 4 2 11 10 4 3.7950291240085635e9 7 2
tr 6 4 2 11 10 4 1.143806471272684e13 8 1
ann 6 4 2 11 10 6 9.679142310083044e-29 38 0
tr 6 4 2 11 10 6 1.0171975498197316e11 6 1
tr 6 4 2 11 10 6 6.133380402438139e8 7 2
tr 6 4 2 11 10 6 4.4735541987553984e13 8 1
ann 6 4 2 11 10 8 7.979227525385224e-29 38 0
tr 6 4 2 11 10 8 3.930081442485326e10 6 1
tr 6 4 2 11 10 8 1.5038576948285664e10 7 2
tr 6 4 2 11 10 8 1.6593509886719443e13 8 1
ann 6 4 2 11 10 10 3.623953038597816e-29 38 0
tr 6 4 2 11 10 10 9.84214426163371e13 8 1
tr 6 4 2 11 10 10 1.5954633855700973e13 9 2
tr 6 4 2 11 10 10 2.5803522466169068e16 10 1
ann 6 4 2 13 12 2 2.098107221470245e-34 42 0
tr 6 4 2 13 12 2 5.717341265951105e12 8 1
tr 6 4 2 13 12 2 7.78063648304616e11 9 2
tr 6 4 2 13 12 2 4.588103645770231e14 10 1
ann 6 4 2 13 12 4 2.5885342732283993e-34 42 0
tr 6 4 2 13 12 4 9.486551433874453e12 8 1
tr 6 4 2 13 12 4 4.1915886777352893e11 9 2
tr 6 4 2 13 12 4 4.69237872862873e14 10 1
ann 6 4 2 13 12 6 2.834823328585621e-34 42 0
tr 6 4 2 13 12 6 1.178118806317201e13 8 1
tr 6 4 2 13 12 6 2.4665887218980927e10 9 2
tr 6 4 2 13 12 6 3.4424986255666395e15 10 1
ann 6 4 2 13 12 8 2.6873756746809832e-34 42 0
tr 6 4 2 13 12 8 9.839233986824992e12 8 1
tr 6 4 2 13 12 8 2.6780106123464877e11 9 2
tr 6 4 2 13 12 8 4.669054340589308e15 10 1
ann 6 4 2 13 12 10 2.0317367296250687e-34 42 0
tr 6 4 2 13 12 10 3.1567542374396836e12 8 1
tr 6 4 2 13 12 10 1.2382517206352073e12 9 2
tr 6 4 2 13 12 10 5.3645519550544844e14 10 1
ann 6 4 2 13 12 12 8.152575811986168e-35 42 0
tr 6 4 2 13 12 12 1.2209943772702034e16 10 1
tr 6 4 2 13 12 12 1.1549650370692828e15 11 2
tr 6 4 2 13 12 12 2.358150153903353e18 12 1
ann 6 4 2 15 14 2 2.6433312371083888e-40 46 0
tr 6 4 2 15 14 2 2.5642284512988456e14 10 1
tr 6 4 2 15 14 2 2.5153947797505684e13 11 2
tr 6 4 2 15 14 2 2.6802906902957384e16 12 1
ann 6 4 2 15 14 4 3.2870675671230125e-40 46 0
tr 6 4 2 15 14 4 4.0529643909992106e14 10 1
tr 6 4 2 15 14 4 1.6650698120885492e13 11 2
tr 6 4 2 15 14 4 6.694111138741891e15 12 1
ann 6 4 2 15 14 6 3.722787438588009e-40 46 0
tr 6 4 2 15 14 6 5.265389636169894e14 10 1
tr 6 4 2 15 14 6 4.427241016398709e12 11 2
tr 6 4 2 15 14 6 1.0061703791226598e17 12 1
ann 6 4 2 15 14 8 3.791859303213967e-40 46 0
tr 6 4 2 15 14 8 5.4299330623002044e14 10 1
tr 6 4 2 15 14 8 6.266499232770259e11 11 2
tr 6 4 2 15 14 8 2.1303448531407862e17 12 1
ann 6 4 2 15 14 10 3.3591265029865836e-40 46 0
tr 6 4 2 15 14 10 3.9180693469146656e14 10 1
tr 6 4 2 15 14 10 1.6857249398095262e13 11 2
tr 6 4 2 15 14 10 1.6980006626723258e17 12 1
ann 6 4 2 15 14 12 2.3595935726643855e-40 46 0
tr 6 4 2 15 14 12 1.1169934541642666e14 10 1
tr 6 4 2 15 14 12 4.226353241951038e13 11 2
tr 6 4 2 15 14 12 1.935059196746729e15 12 1
ann 6 4 2 15 14 14 8.570881406219765e-41 46 0
tr 6 4 2 15 14 14 6.23089061352438e17 12 1
tr 6 4 2 15 14 14 3.724539130170966e16 13 2
tr 6 4 2 15 14 14 9.32294101548775e19 14 1
ann 6 4 3 6 4 3 2.873127321078042e-15 26 0
ann 6 4 3 6 4 4 8.960735211787466e-15 26 0
tr 6 4 3 6 4 4 125452.79999999977 2 1
ann 6 4 3 6 5 1 3.9911119384439744e-17 28 0
tr 6 4 3 6 5 1 268.7999999999997 2 2
tr 6 4 3 6 5 1 1.3068000000000019e6 3 1
ann 6 4 3 6 5 2 5.916809117455727e-17 28 0
tr 6 4 3 6 5 2 960.0 2 2
tr 6 4 3 6 5 2 1.481760000000001e6 3 1
ann 6 4 3 6 5 3 8.490088647869858e-17 28 0
tr 6 4 3 6 5 3 1382.3999999999996 2 2
tr 6 4 3 6 5 3 544320.0000000005 3 1
ann 6 4 3 6 5 4 1.0619246440558276e-16 28 0
tr 6 4 3 6 5 4 460.79999999999984 2 2
tr 6 4 3 6 5 4 90719.9999999997 3 1
ann 6 4 3 6 5 5 8.461954456618961e-17 28 0
tr 6 4 3 6 5 5 1152.0 2 2
tr 6 4 3 6 5 5 2.2680000000000037e6 3 1
ann 6 4 3 7 1 1 5.5251907235033864e-11 20 0
tr 6 4 3 7 1 1 1.0965367812980716e6 3 1
tr 6 4 3 7 1 1 34114.47764038461 4 2
ann 6 4 3 7 2 1 4.48638568947757e-12 22 0
tr 6 4 3 7 2 1 7599.243162909618 2 1
tr 6 4 3 7 2 1 150.77863418471483 3 2
tr 6 4 3 7 2 1 6.032073843800336e7 4 1
ann 6 4 3 7 2 2 6.2633645335706395e-12 22 0
tr 6 4 3 7 2 2 7599.243162909618 2 1
tr 6 4 3 7 2 2 1507.7863418471495 3 2
tr 6 4 3 7 2 2 4.343093167536237e7 4 1
ann 6 4 3 7 3 1 1.7512052733965238e-13 24 0
tr 6 4 3 7 3 1 21.49857006332878 2 2
tr 6 4 3 7 3 1 327915.05990858865 3 1
tr 6 4 3 7 3 1 67456.8123240524 4 2
tr 6 4 3 7 3 1 3.424970428975958e9 5 1
ann 6 4 3 7 3 2 3.02139009329635e-13 24 0
tr 6 4 3 7 3 2 2.1498570063328817 2 2
tr 6 4 3 7 3 2 327915.0599085886 3 1
tr 6 4 3 7 3 2 337284.0616202618 4 2
tr 6 4 3 7 3 2 3.0205642996070786e9 5 1
ann 6 4 3 7 3 3 2.9067748754869434e-13 24 0
tr 6 4 3 7 3 3 19.348713056995916 2 2
tr 6 4 3 7 3 3 1.4756177695886453e6 3 1
tr 6 4 3 7 3 3 281070.0513502185 4 2
tr 6 4 3 7 3 3 1.1233503593580065e9 5 1
ann 6 4 3 7 4 1 3.969249885758509e-15 26 0
tr 6 4 3 7 4 1 23864.093164128746 2 1
tr 6 4 3 7 4 1 17045.780831520562 3 2
tr 6 4 3 7 4 1 1.4856088998463312e7 4 1
ann 6 4 3 7 4 2 6.559157204055613e-15 26 0
tr 6 4 3 7 4 2 33144.57383906773 2 1
tr 6 4 3 7 4 2 3409.1561663041084 3 2
tr 6 4 3 7 4 2 1.485608899846332e7 4 1
ann 6 4 3 7 4 3 9.940679679121063e-15 26 0
tr 6 4 3 7 4 3 3093.493558312984 2 1
tr 6 4 3 7 4 3 3977.3488606881256 3 2
tr 6 4 3 7 4 3 9.359336069031896e7 4 1
ann 6 4 3 7 4 4 7.750770227426906e-15 26 0
tr 6 4 3 7 4 4 37121.92269975582 2 1
tr 6 4 3 7 4 4 23864.093164128764 3 2
tr 6 4 3 7 4 4 1.0399262298924345e8 4 1
ann 6 4 3 7 5 1 5.5337572636088406e-17 28 0
tr 6 4 3 7 5 1 329.82538690260753 2 2
tr 6 4 3 7 5 1 3.208971414346633e6 3 1
tr 6 4 3 7 5 1 1.670786769453204e6 4 2
ann 6 4 3 7 5 2 8.203775276875205e-17 28 0
tr 6 4 3 7 5 2 1177.9478103664565 2 2
tr 6 4 3 7 5 2 3.6386022979203113e6 3 1
tr 6 4 3 7 5 2 477367.6484152 4 2
ann 6 4 3 7 5 3 1.1771679269303045e-16 28 0
tr 6 4 3 7 5 3 1696.2448469276976 2 2
tr 6 4 3 7 5 3 1.3366294155625636e6 3 1
tr 6 4 3 7 5 3 63649.019788693266 4 2
tr 6 4 3 7 5 3 2.778230104695006e9 5 1
ann 6 4 3 7 5 4 1.472379949720849e-16 28 0
tr 6 4 3 7 5 4 565.4149489758989 2 2
tr 6 4 3 7 5 4 222771.56926042633 3 1
tr 6 4 3 7 5 4 1.4321029452456047e6 4 2
tr 6 4 3 7 5 4 4.630383507825014e9 5 1
ann 6 4 3 7 5 5 1.1732670674713423e-16 28 0
tr 6 4 3 7 5 5 1413.5373724397482 2 2
tr 6 4 3 7 5 5 5.569289231510686e6 3 1
tr 6 4 3 7 5 5 2.5777853014420858e6 4 2
tr 6 4 3 7 5 5 3.2412684554775066e9 5 1
ann 6 4 3 7 6 1 2.976529572447802e-19 30 0
tr 6 4 3 7 6 1 4762.017993354681 2 1
tr 6 4 3 7 6 1 27306.015874593253 3 2
tr 6 4 3 7 6 1 1.1595257961017539e8 4 1
ann 6 4 3 7 6 2 4.1629745897237803e-19 30 0
tr 6 4 3 7 6 2 30476.91515746991 2 1
tr 6 4 3 7 6 2 63871.511180709495 3 2
tr 6 4 3 7 6 2 1.2349978893391488e8 4 1
ann 6 4 3 7 6 3 5.588811131640221e-19 30 0
tr 6 4 3 7 6 3 102859.58865646087 2 1
tr 6 4 3 7 6 3 91838.91844326859 3 2
tr 6 4 3 7 6 3 6.861099385217482e7 4 1
ann 6 4 3 7 6 4 7.033836302589925e-19 30 0
tr 6 4 3 7 6 4 228576.8636810239 2 1
tr 6 4 3 7 6 4 70863.36299634927 3 2
ann 6 4 3 7 6 5 7.874642662065783e-19 30 0
tr 6 4 3 7 6 5 314293.18756140856 2 1
tr 6 4 3 7 6 5 6235.975943678727 3 2
tr 6 4 3 7 6 5 4.528325594243546e7 4 1
ann 6 4 3 7 6 6 6.746173110783848e-19 30 0
tr 6 4 3 7 6 6 112247.56698621718 3 2
tr 6 4 3 7 6 6 2.1132186106469852e8 4 1
tr 6 4 3 7 6 6 6.454922301612611e7 5 2
ann 6 4 3 8 1 1 3.71951956193405e-11 20 0
tr 6 4 3 8 1 1 33140.237056878585 3 1
tr 6 4 3 8 1 1 1031.029597325116 4 2
tr 6 4 3 8 1 1 955964.8756466381 5 1
ann 6 4 3 8 2 1 3.0831242309297015e-12 22 0
tr 6 4 3 8 2 1 476.5929984947742 2 1
tr 6 4 3 8 2 1 9.456210287594734 3 2
tr 6 4 3 8 2 1 168777.9686857768 4 1
ann 6 4 3 8 2 2 4.3042957691646864e-12 22 0
tr 6 4 3 8 2 2 476.5929984947742 2 1
tr 6 4 3 8 2 2 94.56210287594742 3 2
tr 6 4 3 8 2 2 121520.13745375916 4 1
ann 6 4 3 8 3 1 1.2669231739369634e-13 24 0
tr 6 4 3 8 3 1 2.2613702211558633 2 2
tr 6 4 3 8 3 1 6205.361070250928 3 1
tr 6 4 3 8 3 1 1276.5314201659032 4 2
tr 6 4 3 8 3 1 5.9849722221442126e7 5 1
ann 6 4 3 8 3 2 2.1858483349586218e-13 24 0
tr 6 4 3 8 3 2 0.2261370221155867 2 2
tr 6 4 3 8 3 2 6205.361070250927 3 1
tr 6 4 3 8 3 2 6382.657100829511 4 2
tr 6 4 3 8 3 2 5.278291828567421e7 5 1
ann 6 4 3 8 3 3 2.102929057067042e-13 24 0
tr 6 4 3 8 3 3 2.035233199040278 2 2
tr 6 4 3 8 3 3 27924.124816129104 3 1
tr 6 4 3 8 3 3 5318.880917357932 4 2
tr 6 4 3 8 3 3 1.9630010932688795e7 5 1
ann 6 4 3 8 4 1 3.197901413543319e-15 26 0
tr 6 4 3 8 4 1 1207.185153188466 2 1
tr 6 4 3 8 4 1 862.2751094203343 3 2
tr 6 4 3 8 4 1 77901.42696334857 4 1
ann 6 4 3 8 4 2 5.2845093395718e-15 26 0
tr 6 4 3 8 4 2 1676.6460460950932 2 1
tr 6 4 3 8 4 2 172.45502188406664 3 2
tr 6 4 3 8 4 2 77901.4269633486 4 1
ann 6 4 3 8 4 3 8.00889700860234e-15 26 0
tr 6 4 3 8 4 3 156.4869643022085 2 1
tr 6 4 3 8 4 3 201.19752553141103 3 2
tr 6 4 3 8 4 3 490778.98986909667 4 1
ann 6 4 3 8 4 4 6.244554966024771e-15 26 0
tr 6 4 3 8 4 4 1877.8435716265024 2 1
tr 6 4 3 8 4 4 1207.1851531884668 3 2
tr 6 4 3 8 4 4 545309.9887434416 4 1
ann 6 4 3 8 5 1 5.546847263138992e-17 28 0
tr 6 4 3 8 5 1 35.62193283609484 2 2
tr 6 4 3 8 5 1 8027.214409256928 3 1
tr 6 4 3 8 5 1 4179.458742009801 4 2
tr 6 4 3 8 5 1 7.528254932100059e7 5 1
ann 6 4 3 8 5 2 8.223181156913797e-17 28 0
tr 6 4 3 8 5 2 127.22118870033887 2 2
tr 6 4 3 8 5 2 9101.932371488016 3 1
tr 6 4 3 8 5 2 1194.1310691456551 4 2
tr 6 4 3 8 5 2 7.528254932100059e7 5 1
ann 6 4 3 8 5 3 1.1799524947695407e-16 28 0
tr 6 4 3 8 5 3 183.19851172848797 2 2
tr 6 4 3 8 5 3 3343.5669936078434 3 1
tr 6 4 3 8 5 3 5.420343551112022e8 5 1
ann 6 4 3 8 5 4 1.4758628342102661e-16 28 0
tr 6 4 3 8 5 4 61.06617057616263 2 2
tr 6 4 3 8 5 4 557.261165601305 3 1
tr 6 4 3 8 5 4 3582.3932074369764 4 2
tr 6 4 3 8 5 4 9.033905918520045e8 5 1
ann 6 4 3 8 5 5 1.1760424098176324e-16 28 0
tr 6 4 3 8 5 5 152.6654264404066 2 2
tr 6 4 3 8 5 5 13931.52914003269 3 1
tr 6 4 3 8 5 5 6448.307773386548 4 2
tr 6 4 3 8 5 5 6.323734142964027e8 5 1
ann 6 4 3 8 6 1 4.92002250159313e-19 30 0
tr 6 4 3 8 6 1 268.9207291576011 2 1
tr 6 4 3 8 6 1 1542.0256096537007 3 2
tr 6 4 3 8 6 1 5.190661818989459e7 4 1
tr 6 4 3 8 6 1 1.906922139150553e7 5 2
ann 6 4 3 8 6 2 6.881144020382674e-19 30 0
tr 6 4 3 8 6 2 1721.0926666086445 2 1
tr 6 4 3 8 6 2 3606.9526371138486 3 2
tr 6 4 3 8 6 2 5.52851554685269e7 4 1
ann 6 4 3 8 6 3 9.237965178081956e-19 30 0
tr 6 4 3 8 6 3 5808.6877498041695 2 1
tr 6 4 3 8 6 3 5186.328348039432 3 2
tr 6 4 3 8 6 3 3.0713975260292675e7 4 1
ann 6 4 3 8 6 4 1.1626503967864758e-18 30 0
tr 6 4 3 8 6 4 12908.194999564808 2 1
tr 6 4 3 8 6 4 4001.7965648452446 3 2
tr 6 4 3 8 6 4 1.8428385156175608e6 4 1
ann 6 4 3 8 6 5 1.3016305779225574e-18 30 0
tr 6 4 3 8 6 5 17748.76812440165 2 1
tr 6 4 3 8 6 5 352.158097706381 3 2
tr 6 4 3 8 6 5 2.0271223671793204e7 4 1
ann 6 4 3 8 6 6 1.1151014201168704e-18 30 0
tr 6 4 3 8 6 6 6338.845758714865 3 2
tr 6 4 3 8 6 6 9.459904380170149e7 4 1
tr 6 4 3 8 6 6 2.889570792488336e7 5 2
tr 6 4 3 8 6 6 5.7545111021215744e10 6 1
ann 6 4 3 8 7 1 1.5753345707160472e-21 32 0
tr 6 4 3 8 7 1 363168.693797131 3 1
tr 6 4 3 8 7 1 1.1298581584799618e6 4 2
tr 6 4 3 8 7 1 5.434817904529123e9 5 1
ann 6 4 3 8 7 2 2.148626768114145e-21 32 0
tr 6 4 3 8 7 2 1.3618826017392343e6 3 1
tr 6 4 3 8 7 2 2.169327664281523e6 4 2
tr 6 4 3 8 7 2 5.636682569554476e9 5 1
ann 6 4 3 8 7 3 2.801081400684109e-21 32 0
tr 6 4 3 8 7 3 3.6316869379713116e6 3 1
tr 6 4 3 8 7 3 3.050617027895898e6 4 2
tr 6 4 3 8 7 3 3.804372533170392e9 5 1
ann 6 4 3 8 7 4 3.46978214688749e-21 32 0
tr 6 4 3 8 7 4 7.490354309565818e6 3 1
tr 6 4 3 8 7 4 2.9828255383870928e6 4 2
tr 6 4 3 8 7 4 1.0248513762826294e9 5 1
ann 6 4 3 8 7 5 4.0293018318066496e-21 32 0
tr 6 4 3 8 7 5 1.1984566895305296e7 3 1
tr 6 4 3 8 7 5 1.4914127691935494e6 4 2
tr 6 4 3 8 7 5 1.464073394689485e8 5 1
ann 6 4 3 8 7 6 4.2592460937548785e-21 32 0
tr 6 4 3 8 7 6 1.2983280803247409e7 3 1
tr 6 4 3 8 7 6 3.965198777283991e9 5 1
ann 6 4 3 8 7 7 3.801239097995283e-21 32 0
tr 6 4 3 8 7 7 4.847091499879032e6 4 2
tr 6 4 3 8 7 7 9.992300918755682e9 5 1
tr 6 4 3 8 7 7 2.053505540603417e9 6 2
tr 6 4 3 8 7 7 1.3717736505983896e12 7 1
ann 6 4 3 9 8 2 8.099291773033451e-24 34 0
tr 6 4 3 9 8 2 4.1347962489173904e7 4 1
tr 6 4 3 9 8 2 4.749377327733745e7 5 2
tr 6 4 3 9 8 2 1.6498155536877158e11 6 1
ann 6 4 3 9 8 4 1.2872071298572194e-23 34 0
tr 6 4 3 9 8 4 1.819310349523655e8 4 1
tr 6 4 3 9 8 4 7.004344845666052e7 5 2
tr 6 4 3 9 8 4 5.47879817973821e10 6 1
ann 6 4 3 9 8 6 1.6703557641851368e-23 34 0
tr 6 4 3 9 8 6 3.941839090634572e8 4 1
tr 6 4 3 9 8 6 1.693199063931668e7 5 2
tr 6 4 3 9 8 6 2.991423806137073e10 6 1
ann 6 4 3 9 8 8 1.533397501865506e-23 34 0
tr 6 4 3 9 8 8 1.2542215288382727e8 5 2
tr 6 4 3 9 8 8 2.924947721556242e11 6 1
tr 6 4 3 9 8 8 4.184236438411506e10 7 2
tr 6 4 3 9 8 8 3.2290919883326434e13 8 1
ann 6 4 3 11 10 2 5.018140406569804e-29 38 0
tr 6 4 3 11 10 2 1.3413594063556915e10 6 1
tr 6 4 3 11 10 2 8.688253489030582e9 7 2
tr 6 4 3 11 10 2 5.0855395415047016e13 8 1
ann 6 4 3 11 10 4 7.905996305236207e-29 38 0
tr 6 4 3 11 10 4 4.3594180706560005e10 6 1
tr 6 4 3 11 10 4 1.3056707343315142e10 7 2
tr 6 4 3 11 10 4 2.802325854618071e13 8 1
ann 6 4 3 11 10 6 1.0816161564383318e-28 38 0
tr 6 4 3 11 10 6 9.687595712568872e10 6 1
tr 6 4 3 11 10 6 9.75864631887916e9 7 2
tr 6 4 3 11 10 6 5.3916803359655383e11 8 1
ann 6 4 3 11 10 8 1.241570770471406e-28 38 0
tr 6 4 3 11 10 8 1.3474564945663983e11 6 1
tr 6 4 3 11 10 8 2.7928785761102456e8 7 2
tr 6 4 3 11 10 8 3.1093405752871945e13 8 1
ann 6 4 3 11 10 10 1.047580378883111e-28 38 0
tr 6 4 3 11 10 10 2.857329620174279e10 7 2
tr 6 4 3 11 10 10 8.611876228929505e13 8 1
tr 6 4 3 11 10 10 6.569555117053348e12 9 2
tr 6 4 3 11 10 10 6.689802120858632e15 10 1
ann 6 4 3 13 12 2 1.2380343587224688e-34 42 0
tr 6 4 3 13 12 2 1.4520231786542483e12 8 1
tr 6 4 3 13 12 2 5.934279095402656e11 9 2
tr 6 4 3 13 12 2 5.409660954840975e15 10 1
ann 6 4 3 13 12 4 1.92981498468006e-34 42 0
tr 6 4 3 13 12 4 3.87206180974467e12 8 1
tr 6 4 3 13 12 4 8.711019469907732e11 9 2
tr 6 4 3 13 12 4 3.7007226906451345e15 10 1
ann 6 4 3 13 12 6 2.707901857518347e-34 42 0
tr 6 4 3 13 12 6 8.078528957603664e12 8 1
tr 6 4 3 13 12 6 8.589014299466531e11 9 2
tr 6 4 3 13 12 6 8.35203307894802e14 10 1
ann 6 4 3 13 12 8 3.376762583917108e-34 42 0
tr 6 4 3 13 12 8 1.311897864909998e13 8 1
tr 6 4 3 13 12 8 3.905432143005283e11 9 2
tr 6 4 3 13 12 8 3.8862521265309144e14 10 1
ann 6 4 3 13 12 10 3.57972472167281e-34 42 0
tr 6 4 3 13 12 10 1.4430876514009984e13 8 1
tr 6 4 3 13 12 10 1.5342769133234829e10 9 2
tr 6 4 3 13 12 10 5.324736921013027e15 10 1
ann 6 4 3 13 12 12 2.7496351856686628e-34 42 0
tr 6 4 3 13 12 12 2.2418493251150547e12 9 2
tr 6 4 3 13 12 12 8.546960640891428e15 10 1
tr 6 4 3 13 12 12 3.849883456897611e14 11 2
tr 6 4 3 13 12 12 5.002136690098026e17 12 1
ann 6 4 3 15 14 2 1.4374975616495026e-40 46 0
tr 6 4 3 15 14 2 6.66033363973725e13 10 1
tr 6 4 3 15 14 2 1.863406630670197e13 11 2
tr 6 4 3 15 14 2 2.4811447430105728e17 12 1
ann 6 4 3 15 14 4 2.205278104650943e-40 46 0
tr 6 4 3 15 14 4 1.5439864346663606e14 10 1
tr 6 4 3 15 14 4 2.6536746728227434e13 11 2
tr 6 4 3 15 14 4 1.9042154605423005e17 12 1
ann 6 4 3 15 14 6 3.1176478844094334e-40 46 0
tr 6 4 3 15 14 6 3.008794077811372e14 10 1
tr 6 4 3 15 14 6 2.905376917011643e13 11 2
tr 6 4 3 15 14 6 7.90164272801312e16 12 1
ann 6 4 3 15 14 8 4.041559528850437e-40 46 0
tr 6 4 3 15 14 8 4.9645102283887625e14 10 1
tr 6 4 3 15 14 8 2.1432919399700984e13 11 2
tr 6 4 3 15 14 8 1.2887271333815362e15 12 1
ann 6 4 3 15 14 10 4.71553946507867e-40 46 0
tr 6 4 3 15 14 10 6.716690308996562e14 10 1
tr 6 4 3 15 14 10 5.719423902925214e12 11 2
tr 6 4 3 15 14 10 7.280177841207605e16 12 1
ann 6 4 3 15 14 12 4.698967297934624e-40 46 0
tr 6 4 3 15 14 12 6.382819738081535e14 10 1
tr 6 4 3 15 14 12 3.5219610349591987e12 11 2
tr 6 4 3 15 14 12 3.104157461447844e17 12 1
ann 6 4 3 15 14 14 3.312505152142539e-40 46 0
tr 6 4 3 15 14 14 7.748314276910231e13 11 2
tr 6 4 3 15 14 14 3.6346861912225664e17 12 1
tr 6 4 3 15 14 14 1.0428709564478664e16 13 2
tr 6 4 3 15 14 14 1.6733483873952336e19 14 1
ann 6 4 4 6 4 4 4.4803676058937395e-15 26 0
ann 6 4 4 6 5 1 2.5074916356198808e-17 28 0
tr 6 4 4 6 5 1 129599.99999999884 3 1
tr 6 4 4 6 5 1 388799.9999999997 4 2
ann 6 4 4 6 5 2 3.936452878869887e-17 28 0
tr 6 4 4 6 5 2 76.79999999999987 2 2
tr 6 4 4 6 5 2 604800.0000000008 3 1
ann 6 4 4 6 5 3 6.263693075523511e-17 28 0
tr 6 4 4 6 5 3 460.7999999999996 2 2
tr 6 4 4 6 5 3 1.4515199999999977e6 3 1
ann 6 4 4 6 5 4 1.0356189147660052e-16 28 0
tr 6 4 4 6 5 4 1382.3999999999996 2 2
tr 6 4 4 6 5 4 2.177280000000002e6 3 1
ann 6 4 4 6 5 5 1.7933127911824415e-16 28 0
tr 6 4 4 6 5 5 2303.999999999998 2 2
tr 6 4 4 6 5 5 1.8143999999999981e6 3 1
ann 6 4 4 7 1 1 6.106787740052363e-11 20 0
tr 6 4 4 7 1 1 1.4620490417307632e6 3 1
tr 6 4 4 7 1 1 19493.987223076787 4 2
ann 6 4 4 7 2 1 4.793397339924153e-12 22 0
tr 6 4 4 7 2 1 1809.3436102165774 3 2
tr 6 4 4 7 2 1 6.75592270505637e7 4 1
tr 6 4 4 7 2 1 2.29291922111004e6 5 2
ann 6 4 4 7 2 2 7.733331727217119e-12 22 0
tr 6 4 4 7 2 2 15198.486325819244 2 1
tr 6 4 4 7 2 2 1206.2290734777166 3 2
tr 6 4 4 7 2 2 1.9302636300161052e7 4 1
ann 6 4 4 7 3 1 1.4481888452085008e-13 24 0
tr 6 4 4 7 3 1 983745.1797257632 3 1
tr 6 4 4 7 3 1 472197.68626836664 4 2
tr 6 4 4 7 3 1 3.3550730732825637e9 5 1
ann 6 4 4 7 3 2 2.3105140275923437e-13 24 0
tr 6 4 4 7 3 2 17.19885605066303 2 2
tr 6 4 4 7 3 2 1.6395752995429388e6 3 1
tr 6 4 4 7 3 2 337284.0616202619 4 2
tr 6 4 4 7 3 2 1.3979471138677385e9 5 1
ann 6 4 4 7 3 3 4.695557419170747e-13 24 0
tr 6 4 4 7 3 3 25.798284075994513 2 2
tr 6 4 4 7 3 3 983745.1797257632 3 1
tr 6 4 4 7 3 3 112428.02054008721 4 2
tr 6 4 4 7 3 3 2.995600958287982e8 5 1
ann 6 4 4 7 4 1 2.9843181339417083e-15 26 0
tr 6 4 4 7 4 1 5681.926943840182 3 2
tr 6 4 4 7 4 1 1.0399262298924345e8 4 1
tr 6 4 4 7 4 1 3.9216073315808915e7 5 2
tr 6 4 4 7 4 1 1.096731613111321e11 6 1
ann 6 4 4 7 4 2 4.573135498436769e-15 26 0
tr 6 4 4 7 4 2 10606.26362850166 2 1
tr 6 4 4 7 4 2 17045.780831520537 3 2
tr 6 4 4 7 4 2 1.3370480098616973e8 4 1
ann 6 4 4 7 4 3 7.750770227426905e-15 26 0
tr 6 4 4 7 4 3 37121.92269975582 2 1
tr 6 4 4 7 4 3 23864.09316412877 3 2
tr 6 4 4 7 4 3 1.0399262298924345e8 4 1
ann 6 4 4 7 4 4 1.550154045485382e-14 26 0
tr 6 4 4 7 4 4 49495.89693300777 2 1
tr 6 4 4 7 4 4 15909.39544275251 3 2
tr 6 4 4 7 4 4 4.1597049195697226e7 4 1
ann 6 4 4 7 5 1 3.476687733583882e-17 28 0
tr 6 4 4 7 5 1 318245.0989434644 3 1
tr 6 4 4 7 5 1 954735.296830401 4 2
tr 6 4 4 7 5 1 4.630383507825005e9 5 1
ann 6 4 4 7 5 2 5.45797134803807e-17 28 0
tr 6 4 4 7 5 2 94.23582482931636 2 2
tr 6 4 4 7 5 2 1.485143795069516e6 3 1
tr 6 4 4 7 5 2 1.9094705936608016e6 4 2
tr 6 4 4 7 5 2 5.402114092462511e9 5 1
ann 6 4 4 7 5 3 8.684736874513669e-17 28 0
tr 6 4 4 7 5 3 565.4149489758986 2 2
tr 6 4 4 7 5 3 3.564345108166827e6 3 1
tr 6 4 4 7 5 3 2.545960791547738e6 4 2
tr 6 4 4 7 5 3 4.630383507825005e9 5 1
ann 6 4 4 7 5 4 1.4359065307498623e-16 28 0
tr 6 4 4 7 5 4 1696.2448469276976 2 2
tr 6 4 4 7 5 4 5.346517662250254e6 3 1
tr 6 4 4 7 5 4 2.2913647123929644e6 4 2
tr 6 4 4 7 5 4 2.7782301046950045e9 5 1
ann 6 4 4 7 5 5 2.4864643838639523e-16 28 0
tr 6 4 4 7 5 5 2827.0747448794928 2 2
tr 6 4 4 7 5 5 4.455431385208537e6 3 1
tr 6 4 4 7 5 5 1.14568235619648e6 4 2
ann 6 4 4 7 6 1 1.5463970515547275e-19 30 0
tr 6 4 4 7 6 1 1133.8138079415814 3 2
tr 6 4 4 7 6 1 1.9211078278608948e7 4 1
tr 6 4 4 7 6 1 3.194860533121393e7 5 2
tr 6 4 4 7 6 1 7.50353971768359e10 6 1
ann 6 4 4 7 6 2 2.4646226068533916e-19 30 0
tr 6 4 4 7 6 2 952.4035986709046 2 1
tr 6 4 4 7 6 2 7558.758719610568 3 2
tr 6 4 4 7 6 2 5.4888795081739716e7 4 1
ann 6 4 4 7 6 3 3.862284775600881e-19 30 0
tr 6 4 4 7 6 3 8571.63238803843 2 1
tr 6 4 4 7 6 3 27211.53139059809 3 2
tr 6 4 4 7 6 3 1.0977759016347985e8 4 1
ann 6 4 4 7 6 4 5.999886406375027e-19 30 0
tr 6 4 4 7 6 4 42858.16194019188 2 1
tr 6 4 4 7 6 4 68028.82847649526 3 2
tr 6 4 4 7 6 4 1.6466638524521938e8 4 1
ann 6 4 4 7 6 5 9.29077950150882e-19 30 0
tr 6 4 4 7 6 5 157146.59378070416 2 1
tr 6 4 4 7 6 5 124719.51887357475 3 2
tr 6 4 4 7 6 5 1.8113302376974142e8 4 1
ann 6 4 4 7 6 6 1.4379992282958755e-18 30 0
tr 6 4 4 7 6 6 471439.78134211176 2 1
tr 6 4 4 7 6 6 149663.42264828944 3 2
tr 6 4 4 7 6 6 1.2075534917982739e8 4 1
ann 6 4 4 8 1 1 4.111046588834885e-11 20 0
tr 6 4 4 8 1 1 44186.982742504806 3 1
tr 6 4 4 8 1 1 589.1597699000623 4 2
ann 6 4 4 8 2 1 3.294108093418146e-12 22 0
tr 6 4 4 8 2 1 113.47452345113678 3 2
tr 6 4 4 8 2 1 189031.3249280698 4 1
tr 6 4 4 8 2 1 6415.608603619338 5 2
tr 6 4 4 8 2 1 3.817916234540357e8 6 1
ann 6 4 4 8 2 2 5.314483444911236e-12 22 0
tr 6 4 4 8 2 2 953.1859969895489 2 1
tr 6 4 4 8 2 2 75.64968230075772 3 2
tr 6 4 4 8 2 2 54008.94997944851 4 1
ann 6 4 4 8 3 1 1.0477035592988226e-13 24 0
tr 6 4 4 8 3 1 18616.08321075273 3 1
tr 6 4 4 8 3 1 8935.719941161316 4 2
tr 6 4 4 8 3 1 5.862829931896359e7 5 1
ann 6 4 4 8 3 2 1.6715594724203176e-13 24 0
tr 6 4 4 8 3 2 1.8090961769246905 2 2
tr 6 4 4 8 3 2 31026.805351254552 3 1
tr 6 4 4 8 3 2 6382.657100829512 4 2
tr 6 4 4 8 3 2 2.442845804956822e7 5 1
ann 6 4 4 8 3 3 3.3970378110072133e-13 24 0
tr 6 4 4 8 3 3 2.713644265387033 2 2
tr 6 4 4 8 3 3 18616.08321075273 3 1
tr 6 4 4 8 3 3 2127.552366943169 4 2
tr 6 4 4 8 3 3 5.234669582050281e6 5 1
ann 6 4 4 8 4 1 2.404372460212888e-15 26 0
tr 6 4 4 8 4 1 287.42503647344444 3 2
tr 6 4 4 8 4 1 545309.9887434416 4 1
tr 6 4 4 8 4 1 205638.7836338901 5 2
tr 6 4 4 8 4 1 1.9285025477674225e10 6 1
ann 6 4 4 8 4 2 3.684433295483513e-15 26 0
tr 6 4 4 8 4 2 536.5267347504291 2 1
tr 6 4 4 8 4 2 862.2751094203329 3 2
tr 6 4 4 8 4 2 701112.8426701366 4 1
ann 6 4 4 8 4 3 6.244554966024774e-15 26 0
tr 6 4 4 8 4 3 1877.8435716265024 2 1
tr 6 4 4 8 4 3 1207.1851531884674 3 2
tr 6 4 4 8 4 3 545309.9887434416 4 1
ann 6 4 4 8 4 4 1.2489109932049552e-14 26 0
tr 6 4 4 8 4 4 2503.7914288353363 2 1
tr 6 4 4 8 4 4 804.7901021256447 3 2
tr 6 4 4 8 4 4 218123.99549737573 4 1
ann 6 4 4 8 5 1 3.4849117519660984e-17 28 0
tr 6 4 4 8 5 1 796.087379430431 3 1
tr 6 4 4 8 5 1 2388.262138291312 4 2
tr 6 4 4 8 5 1 9.033905918520029e8 5 1
tr 6 4 4 8 5 1 2.695431136528126e8 6 2
tr 6 4 4 8 5 1 1.6693729763753271e12 7 1
ann 6 4 4 8 5 2 5.470882060371729e-17 28 0
tr 6 4 4 8 5 2 10.177695096027092 2 2
tr 6 4 4 8 5 2 3715.07443734205 3 1
tr 6 4 4 8 5 2 4776.524276582623 4 2
tr 6 4 4 8 5 2 1.053955690494004e9 5 1
ann 6 4 4 8 5 3 8.705280452358984e-17 28 0
tr 6 4 4 8 5 3 61.0661705761626 2 2
tr 6 4 4 8 5 3 8916.178649620892 3 1
tr 6 4 4 8 5 3 6368.699035443505 4 2
tr 6 4 4 8 5 3 9.033905918520029e8 5 1
ann 6 4 4 8 5 4 1.4393031417380405e-16 28 0
tr 6 4 4 8 5 4 183.19851172848797 2 2
tr 6 4 4 8 5 4 13374.267974431374 3 1
tr 6 4 4 8 5 4 5731.829131899154 4 2
tr 6 4 4 8 5 4 5.420343551112021e8 5 1
ann 6 4 4 8 5 5 2.492346069419681e-16 28 0
tr 6 4 4 8 5 5 305.33085288081304 2 2
tr 6 4 4 8 5 5 11145.223312026126 3 1
tr 6 4 4 8 5 5 2865.9145659495716 4 2
tr 6 4 4 8 5 5 1.806781183703999e8 5 1
ann 6 4 4 8 6 1 2.5561003407438746e-19 30 0
tr 6 4 4 8 6 1 64.02874503752352 3 2
tr 6 4 4 8 6 1 8.599913072881948e6 4 1
tr 6 4 4 8 6 1 1.4301916043629136e7 5 2
tr 6 4 4 8 6 1 1.1392769454705328e11 6 1
ann 6 4 4 8 6 2 4.0738713846989546e-19 30 0
tr 6 4 4 8 6 2 53.784145831518416 2 1
tr 6 4 4 8 6 2 426.8583002501582 3 2
tr 6 4 4 8 6 2 2.4571180208234083e7 4 1
tr 6 4 4 8 6 2 2.3836526739381894e7 5 2
tr 6 4 4 8 6 2 1.2658632727450325e11 6 1
ann 6 4 4 8 6 3 6.384122019245425e-19 30 0
tr 6 4 4 8 6 3 484.0573124836821 2 1
tr 6 4 4 8 6 3 1536.6898809005718 3 2
tr 6 4 4 8 6 3 4.914236041646834e7 4 1
ann 6 4 4 8 6 4 9.917447623057596e-19 30 0
tr 6 4 4 8 6 4 2420.2865624183955 2 1
tr 6 4 4 8 6 4 3841.7247022514325 3 2
tr 6 4 4 8 6 4 7.371354062470235e7 4 1
ann 6 4 4 8 6 5 1.5357093935458632e-18 30 0
tr 6 4 4 8 6 5 8874.38406220082 2 1
tr 6 4 4 8 6 5 7043.161954127631 3 2
tr 6 4 4 8 6 5 8.108489468717262e7 4 1
ann 6 4 4 8 6 6 2.3769253404038465e-18 30 0
tr 6 4 4 8 6 6 26623.152186602416 2 1
tr 6 4 4 8 6 6 8451.794344953147 3 2
tr 6 4 4 8 6 6 5.405659645811498e7 4 1
ann 6 4 4 8 7 1 6.985850845980453e-22 32 0
tr 6 4 4 8 7 1 7566.014454106574 3 1
tr 6 4 4 8 7 1 79090.07109359714 4 2
tr 6 4 4 8 7 1 1.159427819632872e9 5 1
tr 6 4 4 8 7 1 1.2866720030634012e9 6 2
ann 6 4 4 8 7 2 1.1112547511876097e-21 32 0
tr 6 4 4 8 7 2 68094.13008696167 3 1
tr 6 4 4 8 7 2 305061.70278958866 4 2
tr 6 4 4 8 7 2 2.6087125941739736e9 5 1
ann 6 4 4 8 7 3 1.7229175138125858e-21 32 0
tr 6 4 4 8 7 3 340470.65043480747 3 1
tr 6 4 4 8 7 3 847393.61885997 4 2
tr 6 4 4 8 7 3 4.658415346739234e9 5 1
ann 6 4 4 8 7 4 2.6140186325903332e-21 32 0
tr 6 4 4 8 7 4 1.2483923849276353e6 3 1
tr 6 4 4 8 7 4 1.8642659614919345e6 4 2
tr 6 4 4 8 7 4 6.832342508550898e9 5 1
ann 6 4 4 8 7 5 3.8933118920513946e-21 32 0
tr 6 4 4 8 7 5 3.7451771547828987e6 3 1
tr 6 4 4 8 7 5 3.35567873068548e6 4 2
tr 6 4 4 8 7 5 8.198811010261047e9 5 1
ann 6 4 4 8 7 6 5.706484078922176e-21 32 0
tr 6 4 4 8 7 6 9.737460602435553e6 3 1
tr 6 4 4 8 7 6 4.847091499879035e6 4 2
tr 6 4 4 8 7 6 7.613181652385281e9 5 1
ann 6 4 4 8 7 7 8.246810720158025e-21 32 0
tr 6 4 4 8 7 7 2.2720741405682936e7 3 1
tr 6 4 4 8 7 7 4.847091499879025e6 4 2
tr 6 4 4 8 7 7 4.441022630558075e9 5 1
ann 6 4 4 9 8 2 3.696730880183509e-24 34 0
tr 6 4 4 9 8 2 2.5842476555733434e6 4 1
tr 6 4 4 9 8 2 7.367455134434601e6 5 2
tr 6 4 4 9 8 2 7.809777768935901e10 6 1
tr 6 4 4 9 8 2 4.5061007798277664e10 7 2
ann 6 4 4 9 8 4 8.452750866308078e-24 34 0
tr 6 4 4 9 8 4 2.8426724211306907e7 4 1
tr 6 4 4 9 8 4 3.473228849090604e7 5 2
tr 6 4 4 9 8 4 1.8408761883920386e11 6 1
ann 6 4 4 9 8 6 1.7715377282990276e-23 34 0
tr 6 4 4 9 8 6 1.7245546021526244e8 4 1
tr 6 4 4 9 8 6 9.030395007635562e7 5 2
tr 6 4 4 9 8 6 2.3931390449096457e11 6 1
ann 6 4 4 9 8 8 3.455897038805095e-23 34 0
tr 6 4 4 9 8 8 7.390948294939831e8 4 1
tr 6 4 4 9 8 8 1.0033772230706187e8 5 2
tr 6 4 4 9 8 8 1.0636173532931747e11 6 1
ann 6 4 4 11 10 2 1.870792806642391e-29 38 0
tr 6 4 4 11 10 2 1.0479370362153764e9 6 1
tr 6 4 4 11 10 2 1.50133020290448e9 7 2
tr 6 4 4 11 10 2 2.463583168894998e13 8 1
tr 6 4 4 11 10 2 9.228902892764562e12 9 2
tr 6 4 4 11 10 2 3.980255605326013e16 10 1
ann 6 4 4 11 10 4 4.038678415663735e-29 38 0
tr 6 4 4 11 10 4 6.357484686373325e9 6 1
tr 6 4 4 11 10 4 5.060038832011414e9 7 2
tr 6 4 4 11 10 4 4.981912630432117e13 8 1
ann 6 4 4 11 10 6 8.051028700943117e-29 38 0
tr 6 4 4 11 10 6 2.724636294159988e10 6 1
tr 6 4 4 11 10 6 1.2047711504789095e10 7 2
tr 6 4 4 11 10 6 7.117018043474453e13 8 1
ann 6 4 4 11 10 8 1.501197239284657e-28 38 0
tr 6 4 4 11 10 8 9.26376340014398e10 6 1
tr 6 4 4 11 10 8 2.010872574799344e10 7 2
tr 6 4 4 11 10 8 6.599416731221755e13 8 1
ann 6 4 4 11 10 10 2.6441316755035166e-28 38 0
tr 6 4 4 11 10 10 2.6668409788293304e11 6 1
tr 6 4 4 11 10 10 1.632759782956729e10 7 2
tr 6 4 4 11 10 10 2.296500327714531e13 8 1
ann 6 4 4 13 12 2 3.969229554179568e-35 42 0
tr 6 4 4 13 12 2 1.2705202813224565e11 8 1
tr 6 4 4 13 12 2 1.0868190642985065e11 9 2
tr 6 4 4 13 12 2 2.649629855432315e15 10 1
tr 6 4 4 13 12 2 6.914911445770688e14 11 2
tr 6 4 4 13 12 2 4.492257056469669e18 12 1
ann 6 4 4 13 12 4 8.101145137736498e-35 42 0
tr 6 4 4 13 12 4 5.445086919953435e11 8 1
tr 6 4 4 13 12 4 2.9640519935413916e11 9 2
tr 6 4 4 13 12 4 4.817508828058768e15 10 1
ann 6 4 4 13 12 6 1.5462491190161855e-34 42 0
tr 6 4 4 13 12 6 1.8513295527841702e12 8 1
tr 6 4 4 13 12 6 6.413130676935007e11 9 2
tr 6 4 4 13 12 6 6.948891521684759e15 10 1
ann 6 4 4 13 12 8 2.789090350026348e-34 42 0
tr 6 4 4 13 12 8 5.329585076196864e12 8 1
tr 6 4 4 13 12 8 1.1158377551443706e12 9 2
tr 6 4 4 13 12 8 7.772504253061847e15 10 1
ann 6 4 4 13 12 10 4.793706649929449e-34 42 0
tr 6 4 4 13 12 10 1.3528946731884363e13 8 1
tr 6 4 4 13 12 10 1.4729058367905703e12 9 2
tr 6 4 4 13 12 10 5.984828274857608e15 10 1
ann 6 4 4 13 12 12 7.902354327844817e-34 42 0
tr 6 4 4 13 12 12 3.111657748333398e13 8 1
tr 6 4 4 13 12 12 9.963774778289106e11 9 2
tr 6 4 4 13 12 12 1.799360134924503e15 10 1
ann 6 4 4 15 14 2 4.1051905376071036e-41 46 0
tr 6 4 4 15 14 2 6.244062787253643e12 10 1
tr 6 4 4 15 14 2 3.5389753394758975e12 11 2
tr 6 4 4 15 14 2 1.2227081293556104e17 12 1
tr 6 4 4 15 14 2 2.343240914487802e16 13 2
tr 6 4 4 15 14 2 2.1656846684866367e20 14 1
ann 6 4 4 15 14 4 7.958585359262696e-41 46 0
tr 6 4 4 15 14 4 2.122981347666243e13 10 1
tr 6 4 4 15 14 4 8.330203491381758e12 11 2
tr 6 4 4 15 14 4 2.055762019685806e17 12 1
ann 6 4 4 15 14 6 1.4584008020358322e-40 46 0
tr 6 4 4 15 14 6 6.1116129705543445e13 10 1
tr 6 4 4 15 14 6 1.6602153811495137e13 11 2
tr 6 4 4 15 14 6 2.9265343437085677e17 12 1
ann 6 4 4 15 14 8 2.5474555713739323e-40 46 0
tr 6 4 4 15 14 8 1.5514094463714888e14 10 1
tr 6 4 4 15 14 8 2.8408129855225066e13 11 2
tr 6 4 4 15 14 8 3.5053378027975955e17 12 1
ann 6 4 4 15 14 10 4.270037610339951e-40 46 0
tr 6 4 4 15 14 10 3.568241726654426e14 10 1
tr 6 4 4 15 14 10 4.117985210106151e13 11 2
tr 6 4 4 15 14 10 3.3875113220312877e17 12 1
ann 6 4 4 15 14 12 6.9055871127455445e-40 46 0
tr 6 4 4 15 14 12 7.579598438971822e14 10 1
tr 6 4 4 15 14 12 4.695948046612282e13 11 2
tr 6 4 4 15 14 12 2.3177709045477213e17 12 1
ann 6 4 4 15 14 14 1.082269808598735e-39 46 0
tr 6 4 4 15 14 14 1.507941163121761e15 10 1
tr 6 4 4 15 14 14 2.81756882796736e13 11 2
tr 6 4 4 15 14 14 6.321193376039206e16 12 1
ann 6 5 1 6 5 1 1.716885001929299e-19 30 0
ann 6 5 1 6 5 2 6.197452130266513e-19 30 0
tr 6 5 1 6 5 2 19756.800000000036 2 1
ann 6 5 1 6 5 3 4.461748051785167e-19 30 0
tr 6 5 1 6 5 3 52684.79999999994 2 1
ann 6 5 1 6 5 4 2.8187656943925997e-19 30 0
tr 6 5 1 6 5 4 28224.000000000004 3 2
tr 6 5 1 6 5 4 2.48832e7 4 1
ann 6 5 1 6 5 5 1.7011524510639424e-19 30 0
tr 6 5 1 6 5 5 4.97663999999997e6 4 1
tr 6 5 1 6 5 5 9.500858181818178e6 5 2
ann 6 5 1 7 1 1 2.2486584078414329e-13 22 0
tr 6 5 1 7 1 1 7.938052626344111e6 4 1
tr 6 5 1 7 1 1 606178.5641935501 5 2
tr 6 5 1 7 1 1 1.641747960952231e10 6 1
ann 6 5 1 7 2 1 3.234847486693357e-14 24 0
tr 6 5 1 7 2 1 132308.8784273683 3 1
tr 6 5 1 7 2 1 12348.82865322103 4 2
ann 6 5 1 7 2 2 2.5588729739959932e-14 24 0
tr 6 5 1 7 2 2 24807.914705131443 3 1
tr 6 5 1 7 2 2 15436.035816526264 4 2
tr 6 5 1 7 2 2 7.191271632549789e8 5 1
ann 6 5 1 7 3 1 1.951123971925821e-15 26 0
tr 6 5 1 7 3 1 1680.9933850782445 2 1
tr 6 5 1 7 3 1 166.7652167736352 3 2
tr 6 5 1 7 3 1 3.515466506131805e6 4 1
ann 6 5 1 7 3 2 1.6121466237156863e-15 26 0
tr 6 5 1 7 3 2 448.26490268753065 2 1
tr 6 5 1 7 3 2 450.2660852888147 3 2
tr 6 5 1 7 3 2 9.079200687323833e6 4 1
ann 6 5 1 7 3 3 1.0608976050690125e-15 26 0
tr 6 5 1 7 3 3 18.67770427864701 2 1
tr 6 5 1 7 3 3 83.3826083868174 3 2
tr 6 5 1 7 3 3 9.805536742309706e6 4 1
ann 6 5 1 7 4 1 6.225797241409146e-17 28 0
tr 6 5 1 7 4 1 1.4575616845443544 2 2
tr 6 5 1 7 4 1 172381.25276171224 3 1
tr 6 5 1 7 4 1 90249.46474228118 4 2
tr 6 5 1 7 4 1 9.87896734597805e7 5 1
ann 6 5 1 7 4 2 5.1607515986820064e-17 28 0
tr 6 5 1 7 4 2 7.773662317569888 2 2
tr 6 5 1 7 4 2 147152.78686814598 3 1
tr 6 5 1 7 4 2 25069.29576174477 4 2
tr 6 5 1 7 4 2 6.585978230652027e8 5 1
ann 6 5 1 7 4 3 3.4521934331368955e-17 28 0
tr 6 5 1 7 4 3 1.70048863196841 2 2
tr 6 5 1 7 4 3 337042.75413012423 3 1
tr 6 5 1 7 4 3 175485.0703322133 4 2
tr 6 5 1 7 4 3 8.232472788315047e7 5 1
ann 6 5 1 7 4 4 2.1689058625727273e-17 28 0
tr 6 5 1 7 4 4 33425.72768232607 3 1
tr 6 5 1 7 4 4 100277.18304697891 4 2
tr 6 5 1 7 4 4 9.87896734597801e8 5 1
ann 6 5 1 7 5 1 9.521982798567058e-19 30 0
tr 6 5 1 7 5 1 11550.274642881806 2 1
tr 6 5 1 7 5 1 3992.6875308727076 3 2
tr 6 5 1 7 5 1 1.082215292146607e7 4 1
ann 6 5 1 7 5 2 8.592892441188786e-19 30 0
tr 6 5 1 7 5 2 5989.031296309066 2 1
tr 6 5 1 7 5 2 3850.0915476272467 3 2
tr 6 5 1 7 5 2 2.3673459515706982e7 4 1
ann 6 5 1 7 5 3 6.186303716390984e-19 30 0
tr 6 5 1 7 5 3 15970.750123490798 2 1
tr 6 5 1 7 5 3 11407.678659636294 3 2
ann 6 5 1 7 5 4 3.908275508738848e-19 30 0
tr 6 5 1 7 5 4 8555.758994727223 3 2
tr 6 5 1 7 5 4 4.0583073455497675e7 4 1
tr 6 5 1 7 5 4 8.608530732984357e6 5 2
ann 6 5 1 7 5 5 2.358682173020208e-19 30 0
tr 6 5 1 7 5 5 8.11661469109949e6 4 1
tr 6 5 1 7 5 5 1.5495355319371844e7 5 2
tr 6 5 1 7 5 5 3.825024880801375e10 6 1
ann 6 5 1 7 6 1 5.3988876180491056e-21 32 0
tr 6 5 1 7 6 1 391.2130059818453 2 2
tr 6 5 1 7 6 1 1.0824714984184229e6 3 1
tr 6 5 1 7 6 1 527833.7211335546 4 2
ann 6 5 1 7 6 2 5.219824162559249e-21 32 0
tr 6 5 1 7 6 2 938.911214356429 2 2
tr 6 5 1 7 6 2 1.2989657981021053e6 3 1
tr 6 5 1 7 6 2 65979.21514169415 4 2
ann 6 5 1 7 6 3 4.2669889210649e-21 32 0
tr 6 5 1 7 6 3 3755.6448574257156 2 2
tr 6 5 1 7 6 3 1.1876258725504943e6 4 2
ann 6 5 1 7 6 4 2.992737182994486e-21 32 0
tr 6 5 1 7 6 4 2.597931596204203e6 3 1
tr 6 5 1 7 6 4 554225.4071902307 4 2
tr 6 5 1 7 6 4 2.2364023731849736e8 5 1
ann 6 5 1 7 6 5 1.8869327024279876e-21 32 0
tr 6 5 1 7 6 5 1.5241198697731334e6 4 2
tr 6 5 1 7 6 5 1.1790736772235572e9 5 1
tr 6 5 1 7 6 5 7.478703374235657e7 6 2
ann 6 5 1 7 6 6 1.0343090311372434e-21 32 0
tr 6 5 1 7 6 6 4.366939545272433e8 5 1
tr 6 5 1 7 6 6 5.484382474439478e8 6 2
tr 6 5 1 7 6 6 5.1708347273464197e11 7 1
ann 6 5 1 8 1 1 1.513781030018027e-13 22 0
tr 6 5 1 8 1 1 82309.66229829392 4 1
tr 6 5 1 8 1 1 6285.4651209606245 5 2
tr 6 5 1 8 1 1 2.2066549039184394e8 6 1
ann 6 5 1 8 2 1 2.2230448573160085e-14 24 0
tr 6 5 1 8 2 1 3987.3073044008997 3 1
tr 6 5 1 8 2 1 372.1486817440836 4 2
ann 6 5 1 8 2 2 1.758503116019391e-14 24 0
tr 6 5 1 8 2 2 747.6201195751653 3 1
tr 6 5 1 8 2 2 465.18585218010395 4 2
tr 6 5 1 8 2 2 342765.6544660924 5 1
ann 6 5 1 8 3 1 1.4115559202439769e-15 26 0
tr 6 5 1 8 3 1 93.3752531797225 2 1
tr 6 5 1 8 3 1 9.263417974178807 3 2
tr 6 5 1 8 3 1 11585.72786068692 4 1
ann 6 5 1 8 3 2 1.1663200991933891e-15 26 0
tr 6 5 1 8 3 2 24.900067514592596 2 1
tr 6 5 1 8 3 2 25.01122853028276 3 2
tr 6 5 1 8 3 2 29921.817822021865 4 1
ann 6 5 1 8 3 3 7.675146764437981e-16 26 0
tr 6 5 1 8 3 3 1.037502813108019 2 1
tr 6 5 1 8 3 3 4.631708987089394 3 2
tr 6 5 1 8 3 3 32315.563247783513 4 1
ann 6 5 1 8 4 1 5.0159315486342126e-17 28 0
tr 6 5 1 8 4 1 0.12652923196304114 2 2
tr 6 5 1 8 4 1 2875.2577752127468 3 1
tr 6 5 1 8 4 1 1505.328862923012 4 2
tr 6 5 1 8 4 1 2.1210575693309302e6 5 1
ann 6 5 1 8 4 2 4.157857339374794e-17 28 0
tr 6 5 1 8 4 2 0.6748225704695522 2 2
tr 6 5 1 8 4 2 2454.455967852419 3 1
tr 6 5 1 8 4 2 418.1469063675033 4 2
tr 6 5 1 8 4 2 1.4140383795539519e7 5 1
ann 6 5 1 8 4 3 2.781325063649877e-17 28 0
tr 6 5 1 8 4 3 0.14761743729021432 2 2
tr 6 5 1 8 4 3 5621.752852274212 3 1
tr 6 5 1 8 4 3 2927.0283445725217 4 2
tr 6 5 1 8 4 3 1.7675479744424426e6 5 1
ann 6 5 1 8 4 4 1.747420102157164e-17 28 0
tr 6 5 1 8 4 4 557.5292084899993 3 1
tr 6 5 1 8 4 4 1672.5876254700104 4 2
tr 6 5 1 8 4 4 2.1210575693309214e7 5 1
ann 6 5 1 8 5 1 9.544506842509546e-19 30 0
tr 6 5 1 8 5 1 458.737391522998 2 1
tr 6 5 1 8 5 1 158.57588842770235 3 2
tr 6 5 1 8 5 1 136287.03999569843 4 1
ann 6 5 1 8 5 2 8.61321874605615e-19 30 0
tr 6 5 1 8 5 2 237.86383264155373 2 1
tr 6 5 1 8 5 2 152.91246384099844 3 2
tr 6 5 1 8 5 2 298127.8999905897 4 1
ann 6 5 1 8 5 3 6.200937290537497e-19 30 0
tr 6 5 1 8 5 3 634.3035537108079 2 1
tr 6 5 1 8 5 3 453.0739669362921 3 2
ann 6 5 1 8 5 4 3.9175204461753994e-19 30 0
tr 6 5 1 8 5 4 339.80547520221916 3 2
tr 6 5 1 8 5 4 511076.399983868 4 1
tr 6 5 1 8 5 4 108410.14545112354 5 2
tr 6 5 1 8 5 4 1.3033556261957638e8 6 1
ann 6 5 1 8 5 5 2.364261566765604e-19 30 0
tr 6 5 1 8 5 5 102215.27999677304 4 1
tr 6 5 1 8 5 5 195138.2618120223 5 2
tr 6 5 1 8 5 5 9.775167196468288e9 6 1
ann 6 5 1 8 6 1 8.924033138868018e-21 32 0
tr 6 5 1 8 6 1 25.622169472515807 2 2
tr 6 5 1 8 6 1 22479.57768631702 3 1
tr 6 5 1 8 6 1 10961.470262280294 4 2
tr 6 5 1 8 6 1 1.0409999942638059e8 5 1
ann 6 5 1 8 6 2 8.628052130407653e-21 32 0
tr 6 5 1 8 6 2 61.493206734037976 2 2
tr 6 5 1 8 6 2 26975.493223580375 3 1
tr 6 5 1 8 6 2 1370.1837827850334 4 2
tr 6 5 1 8 6 2 3.122999982791433e8 5 1
ann 6 5 1 8 6 3 7.053073385898627e-21 32 0
tr 6 5 1 8 6 3 245.97282693615185 2 2
tr 6 5 1 8 6 3 24663.308090130595 4 2
tr 6 5 1 8 6 3 1.0038214230401094e8 5 1
ann 6 5 1 8 6 4 4.946812699910099e-21 32 0
tr 6 5 1 8 6 4 53950.98644716061 3 1
tr 6 5 1 8 6 4 11509.543775394277 4 2
tr 6 5 1 8 6 4 9.424767805209859e7 5 1
ann 6 5 1 8 6 5 3.118985084420241e-21 32 0
tr 6 5 1 8 6 5 31651.245382334244 4 2
tr 6 5 1 8 6 5 4.968916044048512e8 5 1
tr 6 5 1 8 6 5 3.1517156139406726e7 6 2
tr 6 5 1 8 6 5 1.2539573080017622e11 7 1
ann 6 5 1 8 6 6 1.70964996085324e-21 32 0
tr 6 5 1 8 6 6 1.840339275573522e8 5 1
tr 6 5 1 8 6 6 2.3112581168898255e8 6 2
tr 6 5 1 8 6 6 8.464211829011902e11 7 1
ann 6 5 1 8 7 1 3.169539469284403e-23 34 0
tr 6 5 1 8 7 1 90079.34233542462 2 1
tr 6 5 1 8 7 1 8936.442692006422 3 2
tr 6 5 1 8 7 1 2.8460567024101544e7 4 1
ann 6 5 1 8 7 2 3.173109895240042e-23 34 0
tr 6 5 1 8 7 2 90079.34233542452 2 1
tr 6 5 1 8 7 2 4468.221346003207 3 2
tr 6 5 1 8 7 2 4.4102118322471626e7 4 1
ann 6 5 1 8 7 3 2.8354434157313385e-23 34 0
tr 6 5 1 8 7 3 45039.671167712266 2 1
tr 6 5 1 8 7 3 43788.569190831426 3 2
tr 6 5 1 8 7 3 1.1925212794396404e7 4 1
ann 6 5 1 8 7 4 2.2475944214989755e-23 34 0
tr 6 5 1 8 7 4 58980.52176724227 3 2
tr 6 5 1 8 7 4 1.0866761954656966e7 4 1
tr 6 5 1 8 7 4 2.98737165008025e7 5 2
ann 6 5 1 8 7 5 1.579761132465446e-23 34 0
tr 6 5 1 8 7 5 8.693409563725579e7 4 1
tr 6 5 1 8 7 5 2.9504905185977807e6 5 2
tr 6 5 1 8 7 5 1.9913993886852848e10 6 1
ann 6 5 1 8 7 6 9.772104525174486e-24 34 0
tr 6 5 1 8 7 6 4.794547092721389e7 5 2
tr 6 5 1 8 7 6 3.328211688321354e10 6 1
tr 6 5 1 8 7 6 6.904845917694404e12 8 1
ann 6 5 1 8 7 7 4.7795728743244294e-24 34 0
tr 6 5 1 8 7 7 2.1841389204608784e10 6 1
tr 6 5 1 8 7 7 1.8804767491212975e10 7 2
tr 6 5 1 8 7 7 2.07145377530832e13 8 1
ann 6 5 1 9 8 2 1.430893511184965e-25 36 0
tr 6 5 1 9 8 2 1.892759513359396e6 3 1
tr 6 5 1 9 8 2 11777.17030534738 4 2
tr 6 5 1 9 8 2 1.0070390236880391e9 5 1
ann 6 5 1 9 8 4 1.1572256191217258e-25 36 0
tr 6 5 1 9 8 4 555209.4572520899 3 1
tr 6 5 1 9 8 4 895737.9243667055 4 2
tr 6 5 1 9 8 4 6.593707893195757e6 5 1
ann 6 5 1 9 8 6 6.289586178567365e-26 36 0
tr 6 5 1 9 8 6 2.0000913942692816e9 5 1
tr 6 5 1 9 8 6 7.068461910251733e11 7 1
ann 6 5 1 9 8 8 1.6576728936291322e-26 36 0
tr 6 5 1 9 8 8 7.00114322539216e11 7 1
tr 6 5 1 9 8 8 4.28991619202951e11 8 2
tr 6 5 1 9 8 8 5.4966361794077656e14 9 1
ann 6 5 1 11 10 2 1.3095106332896083e-30 40 0
tr 6 5 1 11 10 2 4.6603923355364716e8 5 1
tr 6 5 1 11 10 2 817551.569663765 6 2
tr 6 5 1 11 10 2 2.12653004162055e11 7 1
ann 6 5 1 11 10 4 1.2000170003462944e-30 40 0
tr 6 5 1 11 10 4 3.245630376534318e8 5 1
tr 6 5 1 11 10 4 5.978345853166315e7 6 2
tr 6 5 1 11 10 4 9.905900041589891e10 7 1
ann 6 5 1 11 10 6 8.652252182101694e-31 40 0
tr 6 5 1 11 10 6 5.7700095582832105e7 5 1
tr 6 5 1 11 10 6 1.1626574292218342e8 6 2
tr 6 5 1 11 10 6 7.569008168142131e10 7 1
ann 6 5 1 11 10 8 4.303256552210652e-31 40 0
tr 6 5 1 11 10 8 4.179389281183518e11 7 1
tr 6 5 1 11 10 8 1.821084654110472e10 8 2
tr 6 5 1 11 10 8 2.084809359475192e14 9 1
ann 6 5 1 11 10 10 9.012950705836497e-32 40 0
tr 6 5 1 11 10 10 2.5225976307989006e14 9 1
tr 6 5 1 11 10 10 8.57742759941067e13 10 2
tr 6 5 1 11 10 10 1.4456126701282358e17 11 1
ann 6 5 1 13 12 2 4.746940496183273e-36 44 0
tr 6 5 1 13 12 2 4.4417546195745384e10 7 1
tr 6 5 1 13 12 2 2.5920603522260493e8 8 2
tr 6 5 1 13 12 2 1.7199799910974297e13 9 1
ann 6 5 1 13 12 4 4.5876356057566326e-36 44 0
tr 6 5 1 13 12 4 3.9482263285107124e10 7 1
tr 6 5 1 13 12 4 1.4368916376784308e9 8 2
tr 6 5 1 13 12 4 1.5761271191147424e13 9 1
ann 6 5 1 13 12 6 3.768024831671649e-36 44 0
tr 6 5 1 13 12 6 1.9612942476043465e10 7 1
tr 6 5 1 13 12 6 5.936966205355028e9 8 2
tr 6 5 1 13 12 6 3.1157812692540686e11 9 1
ann 6 5 1 13 12 8 2.4752042578617373e-36 44 0
tr 6 5 1 13 12 8 2.73000664501704e9 7 1
tr 6 5 1 13 12 8 5.4198661334897e9 8 2
tr 6 5 1 13 12 8 1.875895060420289e13 9 1
ann 6 5 1 13 12 10 1.1140912161220163e-36 44 0
tr 6 5 1 13 12 10 3.228858164484092e13 9 1
tr 6 5 1 13 12 10 3.122881473843416e12 10 2
tr 6 5 1 13 12 10 1.6995866122680402e16 11 1
ann 6 5 1 13 12 12 1.9803121429072074e-37 44 0
tr 6 5 1 13 12 12 3.0334773397094416e16 11 1
tr 6 5 1 13 12 12 6.282349520108318e15 12 2
tr 6 5 1 13 12 12 1.3399465797924508e19 13 1
ann 6 5 1 15 14 2 7.843749063172169e-42 48 0
tr 6 5 1 15 14 2 1.883588521954452e12 9 1
tr 6 5 1 15 14 2 1.3657493725308613e10 10 2
tr 6 5 1 15 14 2 6.403965960790158e14 11 1
ann 6 5 1 15 14 4 7.809864641739104e-42 48 0
tr 6 5 1 15 14 4 1.8524548273767117e12 9 1
tr 6 5 1 15 14 4 1.4612563216588995e10 10 2
tr 6 5 1 15 14 4 7.703684690188958e14 11 1
ann 6 5 1 15 14 6 6.878616788120962e-42 48 0
tr 6 5 1 15 14 6 1.2892542754636357e12 9 1
tr 6 5 1 15 14 6 1.1105548044607661e11 10 2
tr 6 5 1 15 14 6 2.276006314552864e14 11 1
ann 6 5 1 15 14 8 5.198457274842164e-42 48 0
tr 6 5 1 15 14 8 5.3181738862875037e11 9 1
tr 6 5 1 15 14 8 1.8713392844773895e11 10 2
tr 6 5 1 15 14 8 8.908642529996853e13 11 1
ann 6 5 1 15 14 10 3.150693730827274e-42 48 0
tr 6 5 1 15 14 10 6.395712386123534e10 9 1
tr 6 5 1 15 14 10 1.1839996483402234e11 10 2
tr 6 5 1 15 14 10 1.1373904216957265e15 11 1
ann 6 5 1 15 14 12 1.3009372291162652e-42 48 0
tr 6 5 1 15 14 12 1.1244719132023916e15 11 1
tr 6 5 1 15 14 12 1.49042431099015e14 12 2
tr 6 5 1 15 14 12 5.348091168964658e17 13 1
ann 6 5 1 15 14 14 2.054417913739993e-43 48 0
tr 6 5 1 15 14 14 1.5333216647000115e18 13 1
tr 6 5 1 15 14 14 2.0717646701083904e17 14 2
tr 6 5 1 15 14 14 5.41223215682622e20 15 1
ann 6 5 2 6 5 2 1.8268983648383068e-19 30 0
ann 6 5 2 6 5 3 6.621394697031512e-19 30 0
tr 6 5 2 6 5 3 47039.99999999996 2 1
ann 6 5 2 6 5 4 4.570858907650926e-19 30 0
tr 6 5 2 6 5 4 33868.80000000005 2 1
tr 6 5 2 6 5 4 54431.99999999995 3 2
ann 6 5 2 6 5 5 2.876723393739086e-19 30 0
tr 6 5 2 6 5 5 10079.999999999987 3 2
tr 6 5 2 6 5 5 1.7418239999999985e7 4 1
ann 6 5 2 7 1 1 2.6225138048725684e-13 22 0
tr 6 5 2 7 1 1 1.1113273676881755e7 4 1
tr 6 5 2 7 1 1 565766.65991398 5 2
ann 6 5 2 7 2 1 3.392414816775564e-14 24 0
tr 6 5 2 7 2 1 173655.4029359207 3 1
tr 6 5 2 7 2 1 4322.090028627357 4 2
tr 6 5 2 7 2 1 2.0135560571139446e8 5 1
ann 6 5 2 7 2 2 3.406948346706733e-14 24 0
tr 6 5 2 7 2 2 57885.134311973445 3 1
tr 6 5 2 7 2 2 21610.450143136783 4 2
tr 6 5 2 7 2 2 6.711853523713143e8 5 1
ann 6 5 2 7 3 1 2.034155918610376e-15 26 0
tr 6 5 2 7 3 1 1961.1589492579494 2 1
tr 6 5 2 7 3 1 1.0412753684277948e7 4 1
ann 6 5 2 7 3 2 2.0262378345931836e-15 26 0
tr 6 5 2 7 3 2 1176.695369554769 2 1
tr 6 5 2 7 3 2 466.94260696617835 3 2
tr 6 5 2 7 3 2 2.0337409539605337e6 4 1
ann 6 5 2 7 3 3 1.5612043222355145e-15 26 0
tr 6 5 2 7 3 3 130.74392995052955 2 1
tr 6 5 2 7 3 3 233.4713034830889 3 2
tr 6 5 2 7 3 3 1.5253057154704023e7 4 1
ann 6 5 2 7 4 1 6.063402371480522e-17 28 0
tr 6 5 2 7 4 1 1.7004886319684127 2 2
tr 6 5 2 7 4 1 285232.8762225182 3 1
tr 6 5 2 7 4 1 5.762730951820515e8 5 1
ann 6 5 2 7 4 2 6.58102582566407e-17 28 0
tr 6 5 2 7 4 2 5.101465895905235 2 2
tr 6 5 2 7 4 2 6685.145536465312 3 1
tr 6 5 2 7 4 2 140388.05626577063 4 2
tr 6 5 2 7 4 2 3.457638571092322e8 5 1
ann 6 5 2 7 4 3 5.1178643834257e-17 28 0
tr 6 5 2 7 4 3 6.0731736856014695 2 2
tr 6 5 2 7 4 3 382167.4865012645 3 1
tr 6 5 2 7 4 3 50138.59152348939 4 2
tr 6 5 2 7 4 3 8.232472788315047e7 5 1
ann 6 5 2 7 4 4 3.404914951259801e-17 28 0
tr 6 5 2 7 4 4 0.4858538948481164 2 2
tr 6 5 2 7 4 4 155986.72918418972 3 1
tr 6 5 2 7 4 4 200554.36609395774 4 2
tr 6 5 2 7 4 4 1.152546190364102e9 5 1
ann 6 5 2 7 5 1 8.592892441188786e-19 30 0
tr 6 5 2 7 5 1 5989.031296309066 2 1
tr 6 5 2 7 5 1 3850.0915476272467 3 2
tr 6 5 2 7 5 1 2.3673459515706982e7 4 1
ann 6 5 2 7 5 2 1.0132125788347514e-18 30 0
tr 6 5 2 7 5 2 5133.455396836339 2 1
tr 6 5 2 7 5 2 10776.182162406423 3 2
tr 6 5 2 7 5 2 676384.5575916324 4 1
ann 6 5 2 7 5 3 9.180697365691309e-19 30 0
tr 6 5 2 7 5 3 14259.598324545354 2 1
tr 6 5 2 7 5 3 40.74170949870053 3 2
tr 6 5 2 7 5 3 2.0291536727748904e7 4 1
ann 6 5 2 7 5 4 6.337588118417269e-19 30 0
tr 6 5 2 7 5 4 10266.910793672681 2 1
tr 6 5 2 7 5 4 16500.392346973913 3 2
tr 6 5 2 7 5 4 2.029153672774884e7 4 1
ann 6 5 2 7 5 5 3.9886350080715465e-19 30 0
tr 6 5 2 7 5 5 3055.628212402575 3 2
tr 6 5 2 7 5 5 2.8408151418848347e7 4 1
tr 6 5 2 7 5 5 2.410388605235618e7 5 2
tr 6 5 2 7 5 5 3.570023222081296e10 6 1
ann 6 5 2 7 6 1 4.70667242427349e-21 32 0
tr 6 5 2 7 6 1 3017.9289032885195 2 2
tr 6 5 2 7 6 1 463916.3564650358 3 1
tr 6 5 2 7 6 1 456199.1446939999 4 2
ann 6 5 2 7 6 2 5.618448012525499e-21 32 0
tr 6 5 2 7 6 2 1430.7218504478908 2 2
tr 6 5 2 7 6 2 247422.0567813535 3 1
tr 6 5 2 7 6 2 1.1782002703873962e6 4 2
ann 6 5 2 7 6 3 5.710268002510307e-21 32 0
tr 6 5 2 7 6 3 134.13017347948983 2 2
tr 6 5 2 7 6 3 1.6700988832741396e6 3 1
tr 6 5 2 7 6 3 339321.67787156976 4 2
ann 6 5 2 7 6 4 4.7469346832231235e-21 32 0
tr 6 5 2 7 6 4 4023.905204384689 2 2
tr 6 5 2 7 6 4 556699.6277580451 3 1
tr 6 5 2 7 6 4 361943.1230630081 4 2
ann 6 5 2 7 6 5 3.2317271028742327e-21 32 0
tr 6 5 2 7 6 5 2.041231968446161e6 3 1
tr 6 5 2 7 6 5 1.7418512797407247e6 4 2
tr 6 5 2 7 6 5 2.0379051211271438e8 5 1
ann 6 5 2 7 6 6 1.9442061874909772e-21 32 0
tr 6 5 2 7 6 6 653194.2299027712 4 2
tr 6 5 2 7 6 6 1.2227430726762846e9 5 1
tr 6 5 2 7 6 6 6.980123149286608e8 6 2
ann 6 5 2 8 1 1 1.7654578556044002e-13 22 0
tr 6 5 2 8 1 1 115233.52721761145 4 1
tr 6 5 2 8 1 1 5866.434112896583 5 2
tr 6 5 2 8 1 1 1.4711032692789614e8 6 1
ann 6 5 2 8 2 1 2.3313279378058263e-14 24 0
tr 6 5 2 8 2 1 5233.340837026173 3 1
tr 6 5 2 8 2 1 130.25203861042917 4 2
tr 6 5 2 8 2 1 95974.38325050606 5 1
ann 6 5 2 8 2 2 2.341315630361068e-14 24 0
tr 6 5 2 8 2 2 1744.4469456753882 3 1
tr 6 5 2 8 2 2 651.2601930521458 4 2
tr 6 5 2 8 2 2 319914.61083501996 5 1
ann 6 5 2 8 3 1 1.4716260328398538e-15 26 0
tr 6 5 2 8 3 1 108.93779537634279 2 1
tr 6 5 2 8 3 1 34316.73442372041 4 1
ann 6 5 2 8 3 2 1.4658976310580913e-15 26 0
tr 6 5 2 8 3 2 65.36267722580561 2 1
tr 6 5 2 8 3 2 25.937570327700644 3 2
tr 6 5 2 8 3 2 6702.4871921328795 4 1
ann 6 5 2 8 3 3 1.1294654889901007e-15 26 0
tr 6 5 2 8 3 3 7.262519691756162 2 1
tr 6 5 2 8 3 3 12.968785163850312 3 2
tr 6 5 2 8 3 3 50268.65394099669 4 1
ann 6 5 2 8 4 1 4.885095043422498e-17 28 0
tr 6 5 2 8 4 1 0.14761743729021454 2 2
tr 6 5 2 8 4 1 4757.582579114703 3 1
tr 6 5 2 8 4 1 1.2372835821097065e7 5 1
ann 6 5 2 8 4 2 5.3021281903981696e-17 28 0
tr 6 5 2 8 4 2 0.4428523118706433 2 2
tr 6 5 2 8 4 2 111.50584169800152 3 1
tr 6 5 2 8 4 2 2341.6226756580168 4 2
tr 6 5 2 8 4 2 7.423701492658264e6 5 1
ann 6 5 2 8 4 3 4.123304439524362e-17 28 0
tr 6 5 2 8 4 3 0.5272051331793374 2 2
tr 6 5 2 8 4 3 6374.417283735713 3 1
tr 6 5 2 8 4 3 836.2938127350042 4 2
tr 6 5 2 8 4 3 1.7675479744424426e6 5 1
ann 6 5 2 8 4 4 2.7432342499586313e-17 28 0
tr 6 5 2 8 4 4 0.042176410654346894 2 2
tr 6 5 2 8 4 4 2601.8029729533537 3 1
tr 6 5 2 8 4 4 3345.17525094002 4 2
tr 6 5 2 8 4 4 2.4745671642194103e7 5 1
ann 6 5 2 8 5 1 8.613218746056165e-19 30 0
tr 6 5 2 8 5 1 237.86383264155373 2 1
tr 6 5 2 8 5 1 152.91246384099844 3 2
tr 6 5 2 8 5 1 298127.8999905897 4 1
ann 6 5 2 8 5 2 1.0156093111912593e-18 30 0
tr 6 5 2 8 5 2 203.88328512133168 2 1
tr 6 5 2 8 5 2 427.9930866237471 3 2
tr 6 5 2 8 5 2 8517.939999731188 4 1
ann 6 5 2 8 5 3 9.202414111072818e-19 30 0
tr 6 5 2 8 5 3 566.3424586703645 2 1
tr 6 5 2 8 5 3 1.6181213104867362 3 2
tr 6 5 2 8 5 3 255538.19999193476 4 1
ann 6 5 2 8 5 4 6.3525795516634885e-19 30 0
tr 6 5 2 8 5 4 407.76657024266336 2 1
tr 6 5 2 8 5 4 655.3391307471361 3 2
tr 6 5 2 8 5 4 255538.19999193403 4 1
ann 6 5 2 8 5 5 3.9980700209419304e-19 30 0
tr 6 5 2 8 5 5 121.35909828650662 3 2
tr 6 5 2 8 5 5 357753.47998870735 4 1
tr 6 5 2 8 5 5 303548.4072631457 5 2
tr 6 5 2 8 5 5 9.123489383370432e9 6 1
ann 6 5 2 8 6 1 7.779843495001737e-21 32 0
tr 6 5 2 8 6 1 197.65673593083613 2 2
tr 6 5 2 8 6 1 9634.10472270724 3 1
tr 6 5 2 8 6 1 9473.842155256523 4 2
tr 6 5 2 8 6 1 2.8553142699807364e8 5 1
ann 6 5 2 8 6 2 9.286953128497188e-21 32 0
tr 6 5 2 8 6 2 93.70393407091494 2 2
tr 6 5 2 8 6 2 5138.1891854438845 3 1
tr 6 5 2 8 6 2 24467.567549732757 4 2
tr 6 5 2 8 6 2 3.7178571223707944e7 5 1
ann 6 5 2 8 6 3 9.43872599222662e-21 32 0
tr 6 5 2 8 6 3 8.784743819148277 2 2
tr 6 5 2 8 6 3 34682.77700174628 3 1
tr 6 5 2 8 6 3 7046.659454323025 4 2
tr 6 5 2 8 6 3 1.0038214230401094e8 5 1
ann 6 5 2 8 6 4 7.846394564551423e-21 32 0
tr 6 5 2 8 6 4 263.542314574448 2 2
tr 6 5 2 8 6 4 11560.925667248737 3 1
tr 6 5 2 8 6 4 7516.436751277901 4 2
tr 6 5 2 8 6 4 3.7475999793497306e8 5 1
ann 6 5 2 8 6 5 5.3418485135933955e-21 32 0
tr 6 5 2 8 6 5 42390.06077991192 3 1
tr 6 5 2 8 6 5 36172.85186552486 4 2
tr 6 5 2 8 6 5 8.588249952676475e7 5 1
ann 6 5 2 8 6 6 3.2136546658278115e-21 32 0
tr 6 5 2 8 6 6 13564.81944957181 4 2
tr 6 5 2 8 6 6 5.152949971605876e8 5 1
tr 6 5 2 8 6 6 2.941601239677959e8 6 2
tr 6 5 2 8 6 6 6.583275867009266e11 7 1
ann 6 5 2 8 7 1 2.732221205909085e-23 34 0
tr 6 5 2 8 7 1 34315.93993730465 2 1
tr 6 5 2 8 7 1 51490.93170156074 3 2
tr 6 5 2 8 7 1 1.1296862613344636e7 4 1
ann 6 5 2 8 7 2 3.220439341040834e-23 34 0
tr 6 5 2 8 7 2 77210.86485893533 2 1
tr 6 5 2 8 7 2 30639.2320868791 3 2
tr 6 5 2 8 7 2 3.2257549401579066e6 4 1
ann 6 5 2 8 7 3 3.4273260476680734e-23 34 0
tr 6 5 2 8 7 3 102947.81981191404 2 1
tr 6 5 2 8 7 3 1276.6346702866324 3 2
tr 6 5 2 8 7 3 3.72776305272002e7 4 1
ann 6 5 2 8 7 4 3.218715935597305e-23 34 0
tr 6 5 2 8 7 4 70776.62612069075 2 1
tr 6 5 2 8 7 4 22468.770197044676 3 2
tr 6 5 2 8 7 4 4.435413042717155e7 4 1
ann 6 5 2 8 7 5 2.60288278179081e-23 34 0
tr 6 5 2 8 7 5 75832.09941502573 3 2
tr 6 5 2 8 7 5 1.5523945649510096e6 4 1
tr 6 5 2 8 7 5 2.3235112833957475e7 5 2
tr 6 5 2 8 7 5 2.5690361288218307e10 6 1
ann 6 5 2 8 7 6 1.7864565519694055e-23 34 0
tr 6 5 2 8 7 6 8.072451737745208e7 4 1
tr 6 5 2 8 7 6 3.356182964904965e7 5 2
tr 6 5 2 8 7 6 6.61860278927545e8 6 1
ann 6 5 2 8 7 7 1.0108397873352374e-23 34 0
tr 6 5 2 8 7 7 2.39727354636069e7 5 2
tr 6 5 2 8 7 7 5.0963241477420654e10 6 1
tr 6 5 2 8 7 7 2.025128806746016e10 7 2
tr 6 5 2 8 7 7 1.38096918353888e13 8 1
ann 6 5 2 9 8 2 1.4008665062483033e-25 36 0
tr 6 5 2 9 8 2 1.4421024863690655e6 3 1
tr 6 5 2 9 8 2 538384.9282444501 4 2
tr 6 5 2 9 8 2 2.9971399514524594e7 5 1
ann 6 5 2 9 8 4 1.5087621862738317e-25 36 0
tr 6 5 2 9 8 4 1.9035752820071708e6 3 1
tr 6 5 2 9 8 4 59222.34210688952 4 2
tr 6 5 2 9 8 4 1.1077429260568392e9 5 1
ann 6 5 2 9 8 6 1.0864629256302182e-25 36 0
tr 6 5 2 9 8 6 1.154835671084346e6 4 2
tr 6 5 2 9 8 6 2.8572734203846805e7 5 1
tr 6 5 2 9 8 6 5.871947659988531e8 6 2
tr 6 5 2 9 8 6 4.039121091572414e11 7 1
ann 6 5 2 9 8 8 3.9271841131783297e-26 36 0
tr 6 5 2 9 8 8 5.741459934210994e8 6 2
tr 6 5 2 9 8 8 1.4002286450784343e12 7 1
tr 6 5 2 9 8 8 4.0039217792275433e11 8 2
tr 6 5 2 9 8 8 3.206371104654532e14 9 1
ann 6 5 2 11 10 2 1.223102983052441e-30 40 0
tr 6 5 2 11 10 2 3.195697601510709e8 5 1
tr 6 5 2 11 10 2 7.848495068772157e7 6 2
tr 6 5 2 11 10 2 4.571953865348833e8 7 1
ann 6 5 2 11 10 4 1.3922479758344553e-30 40 0
tr 6 5 2 11 10 4 4.945722478528467e8 5 1
tr 6 5 2 11 10 4 3.7957751448674896e6 6 2
tr 6 5 2 11 10 4 1.8766373846647702e11 7 1
ann 6 5 2 11 10 6 1.2760520210360848e-30 40 0
tr 6 5 2 11 10 6 3.2971483190189815e8 5 1
tr 6 5 2 11 10 6 6.4781229139071725e7 6 2
tr 6 5 2 11 10 6 1.6057849911574817e11 7 1
ann 6 5 2 11 10 8 8.451517645463626e-31 40 0
tr 6 5 2 11 10 8 1.2670987574503073e8 6 2
tr 6 5 2 11 10 8 1.0661707349957927e11 7 1
tr 6 5 2 11 10 8 9.443624706315733e10 8 2
tr 6 5 2 11 10 8 1.822309950009533e13 9 1
ann 6 5 2 11 10 10 2.603277489882943e-31 40 0
tr 6 5 2 11 10 10 1.235736015289245e11 8 2
tr 6 5 2 11 10 10 3.924040759020515e14 9 1
tr 6 5 2 11 10 10 6.320209810092064e13 10 2
tr 6 5 2 11 10 10 6.746192460598423e16 11 1
ann 6 5 2 13 12 2 4.259396378733824e-36 44 0
tr 6 5 2 13 12 2 2.9007377107425533e10 7 1
tr 6 5 2 13 12 2 4.7397675012133465e9 8 2
tr 6 5 2 13 12 2 2.730126969995931e10 9 1
ann 6 5 2 13 12 4 4.965496611728173e-36 44 0
tr 6 5 2 13 12 4 4.5122586611550934e10 7 1
tr 6 5 2 13 12 4 1.1059457502831085e9 8 2
tr 6 5 2 13 12 4 1.072195319125675e13 9 1
ann 6 5 2 13 12 6 4.989072986838895e-36 44 0
tr 6 5 2 13 12 6 4.4829582802385e10 7 1
tr 6 5 2 13 12 6 6.104246024289892e8 8 2
tr 6 5 2 13 12 6 2.188057396333674e13 9 1
ann 6 5 2 13 12 8 4.145461407661321e-36 44 0
tr 6 5 2 13 12 8 2.1840053160136303e10 7 1
tr 6 5 2 13 12 8 6.245113240235047e9 8 2
tr 6 5 2 13 12 8 4.143989088107943e12 9 1
ann 6 5 2 13 12 10 2.5170335165215265e-36 44 0
tr 6 5 2 13 12 10 5.88824962650732e9 8 2
tr 6 5 2 13 12 10 2.0756945343112035e13 9 1
tr 6 5 2 13 12 10 4.579394567259578e12 10 2
tr 6 5 2 13 12 10 7.194017406425477e13 11 1
ann 6 5 2 13 12 12 6.740417638213207e-37 44 0
tr 6 5 2 13 12 12 9.619590254249797e12 10 2
tr 6 5 2 13 12 12 3.860789341448384e16 11 1
tr 6 5 2 13 12 12 3.824038838326799e15 12 2
tr 6 5 2 13 12 12 5.210903365859529e18 13 1
ann 6 5 2 15 14 2 6.776725722025249e-42 48 0
tr 6 5 2 15 14 2 1.1959292202885466e12 9 1
tr 6 5 2 15 14 2 1.373553654659615e11 10 2
tr 6 5 2 15 14 2 7.183848957459989e12 11 1
ann 6 5 2 15 14 4 8.011301738311617e-42 48 0
tr 6 5 2 15 14 4 1.814649626817999e12 9 1
tr 6 5 2 15 14 4 5.427523480447355e10 10 2
tr 6 5 2 15 14 4 2.7260834334518306e14 11 1
ann 6 5 2 15 14 6 8.4480110577447e-42 48 0
tr 6 5 2 15 14 6 2.062806840741814e12 9 1
tr 6 5 2 15 14 6 8.329580765546974e14 11 1
ann 6 5 2 15 14 8 7.795212769351892e-42 48 0
tr 6 5 2 15 14 8 1.6207768034399995e12 9 1
tr 6 5 2 15 14 8 7.271489791112175e10 10 2
tr 6 5 2 15 14 8 6.659409144800476e14 11 1
ann 6 5 2 15 14 10 5.991404175491065e-42 48 0
tr 6 5 2 15 14 10 6.578447025727064e11 9 1
tr 6 5 2 15 14 10 2.0987515632386478e11 10 2
tr 6 5 2 15 14 10 4.814350991304667e12 11 1
ann 6 5 2 15 14 12 3.356470308973964e-42 48 0
tr 6 5 2 15 14 12 1.3462386672089992e11 10 2
tr 6 5 2 15 14 12 1.233998398254576e15 11 1
tr 6 5 2 15 14 12 9.072147979940062e13 12 2
tr 6 5 2 15 14 12 1.0064880670851315e17 13 1
ann 6 5 2 15 14 14 8.039144695407974e-43 48 0
tr 6 5 2 15 14 14 3.353454699727841e14 12 2
tr 6 5 2 15 14 14 1.651269485061551e18 13 1
tr 6 5 2 15 14 14 1.0742483474636086e17 14 2
tr 6 5 2 15 14 14 1.804077385608745e20 15 1
ann 6 5 3 6 5 3 2.0723198425262964e-19 30 0
ann 6 5 3 6 5 4 7.44697970102448e-19 30 0
tr 6 5 3 6 5 4 69148.79999999996 2 1
ann 6 5 3 6 5 5 4.9541126243233585e-19 30 0
tr 6 5 3 6 5 5 14111.999999999949 2 1
tr 6 5 3 6 5 5 40319.999999999956 3 2
ann 6 5 3 7 1 1 3.0167361365258377e-13 22 0
tr 6 5 3 7 1 1 1.4817698235842317e7 4 1
tr 6 5 3 7 1 1 484942.8513548396 5 2
ann 6 5 3 7 2 1 3.4650658740837885e-14 24 0
tr 6 5 3 7 2 1 185232.42979831525 3 1
tr 6 5 3 7 2 1 4.7941810883665264e8 5 1
ann 6 5 3 7 2 2 4.3939473598807356e-14 24 0
tr 6 5 3 7 2 2 115770.26862394687 3 1
tr 6 5 3 7 2 2 25932.540171764096 4 2
tr 6 5 3 7 2 2 5.369482818970506e8 5 1
ann 6 5 3 7 3 1 1.915708652338973e-15 26 0
tr 6 5 3 7 3 1 1307.4392995052972 2 1
tr 6 5 3 7 3 1 233.4713034830891 3 2
tr 6 5 3 7 3 1 9.883981036248213e6 4 1
ann 6 5 3 7 3 2 2.396385070868014e-15 26 0
tr 6 5 3 7 3 2 2091.902879208476 2 1
tr 6 5 3 7 3 2 233.4713034830891 3 2
tr 6 5 3 7 3 2 610122.2861881588 4 1
ann 6 5 3 7 3 3 2.261153870352519e-15 26 0
tr 6 5 3 7 3 3 522.9757198021189 2 1
tr 6 5 3 7 3 3 466.94260696617783 3 2
tr 6 5 3 7 3 3 1.8303668585644804e7 4 1
ann 6 5 3 7 4 1 4.7907847527347926e-17 28 0
tr 6 5 3 7 4 1 10.202931791810467 2 2
tr 6 5 3 7 4 1 16712.863841163125 3 1
tr 6 5 3 7 4 1 116990.04688814229 4 2
tr 6 5 3 7 4 1 4.93948367298903e8 5 1
ann 6 5 3 7 4 2 6.996283991866436e-17 28 0
tr 6 5 3 7 4 2 270748.39422684343 3 1
tr 6 5 3 7 4 2 116990.04688814223 4 2
ann 6 5 3 7 4 3 7.343674856013053e-17 28 0
tr 6 5 3 7 4 3 8.745370107266117 2 2
tr 6 5 3 7 4 3 140388.05626577075 3 1
tr 6 5 3 7 4 3 6685.145536465245 4 2
tr 6 5 3 7 4 3 5.927380407586808e8 5 1
ann 6 5 3 7 4 4 5.417908698783349e-17 28 0
tr 6 5 3 7 4 4 2.915123369088703 2 2
tr 6 5 3 7 4 4 374368.1500420543 3 1
tr 6 5 3 7 4 4 267405.8214586107 4 2
tr 6 5 3 7 4 4 9.87896734597801e8 5 1
ann 6 5 3 7 5 1 6.18630371639098e-19 30 0
tr 6 5 3 7 5 1 15970.750123490798 2 1
tr 6 5 3 7 5 1 11407.678659636294 3 2
ann 6 5 3 7 5 2 9.180697365691295e-19 30 0
tr 6 5 3 7 5 2 14259.59832454536 2 1
tr 6 5 3 7 5 2 40.741709498700615 3 2
tr 6 5 3 7 5 2 2.0291536727748916e7 4 1
ann 6 5 3 7 5 3 1.1493253110409031e-18 30 0
tr 6 5 3 7 5 3 142.5959832454546 2 1
tr 6 5 3 7 5 3 9859.493698685654 3 2
tr 6 5 3 7 5 3 2.434984407329862e7 4 1
ann 6 5 3 7 5 4 1.032538763585356e-18 30 0
tr 6 5 3 7 5 4 20961.609537081684 2 1
tr 6 5 3 7 5 4 7822.408223750611 3 2
ann 6 5 3 7 5 5 6.868977111608816e-19 30 0
tr 6 5 3 7 5 5 4277.879497363596 2 1
tr 6 5 3 7 5 5 12222.512849610303 3 2
tr 6 5 3 7 5 5 4.8699688146597125e7 4 1
ann 6 5 3 7 6 1 3.3169272591943887e-21 32 0
tr 6 5 3 7 6 1 894.2011565299318 2 2
tr 6 5 3 7 6 1 1.9793764542508225e6 3 1
tr 6 5 3 7 6 1 916168.5302532378 4 2
ann 6 5 3 7 6 2 4.70161317537663e-21 32 0
tr 6 5 3 7 6 2 2704.9584985030438 2 2
tr 6 5 3 7 6 2 1.51546009778579e6 3 1
ann 6 5 3 7 6 3 6.052196963443775e-21 32 0
tr 6 5 3 7 6 3 2716.1360129596665 2 2
tr 6 5 3 7 6 3 92783.27129300644 3 1
tr 6 5 3 7 6 3 636228.1460091937 4 2
ann 6 5 3 7 6 4 6.608724800612344e-21 32 0
tr 6 5 3 7 6 4 167.6627168493623 2 2
tr 6 5 3 7 6 4 927832.7129300765 3 1
tr 6 5 3 7 6 4 1.374252795379857e6 4 2
ann 6 5 3 7 6 5 5.545833727689713e-21 32 0
tr 6 5 3 7 6 5 3688.5797706859694 2 2
tr 6 5 3 7 6 5 2.0412319684461637e6 3 1
tr 6 5 3 7 6 5 186626.92282936355 4 2
ann 6 5 3 7 6 6 3.649513327595293e-21 32 0
tr 6 5 3 7 6 6 1.0206159842230778e6 3 1
tr 6 5 3 7 6 6 1.9595826897083146e6 4 2
tr 6 5 3 7 6 6 1.630324096901709e9 5 1
ann 6 5 3 8 1 1 2.0308455585274475e-13 22 0
tr 6 5 3 8 1 1 153644.70295681505 4 1
tr 6 5 3 8 1 1 5028.372096768497 5 2
tr 6 5 3 8 1 1 8.826619615673749e7 6 1
ann 6 5 3 8 2 1 2.381255040042954e-14 24 0
tr 6 5 3 8 2 1 5582.230226161248 3 1
tr 6 5 3 8 2 1 228510.43631072828 5 1
ann 6 5 3 8 2 2 3.019598948333818e-14 24 0
tr 6 5 3 8 2 2 3488.8938913507754 3 1
tr 6 5 3 8 2 2 781.512231662574 4 2
tr 6 5 3 8 2 2 255931.68866801553 5 1
ann 6 5 3 8 3 1 1.3859344285722044e-15 26 0
tr 6 5 3 8 3 1 72.6251969175617 2 1
tr 6 5 3 8 3 1 12.96878516385032 3 2
tr 6 5 3 8 3 1 32574.087753765867 4 1
ann 6 5 3 8 3 2 1.7336835501256487e-15 26 0
tr 6 5 3 8 3 2 116.20031506809877 2 1
tr 6 5 3 8 3 2 12.96878516385032 3 2
tr 6 5 3 8 3 2 2010.74615763986 4 1
ann 6 5 3 8 3 3 1.6358494724777836e-15 26 0
tr 6 5 3 8 3 3 29.05007876702468 2 1
tr 6 5 3 8 3 3 25.937570327700627 3 2
tr 6 5 3 8 3 3 60322.38472919592 4 1
ann 6 5 3 8 4 1 3.859786536644607e-17 28 0
tr 6 5 3 8 4 1 0.8857046237412863 2 2
tr 6 5 3 8 4 1 278.7646042450013 3 1
tr 6 5 3 8 4 1 1951.3522297150162 4 2
tr 6 5 3 8 4 1 1.0605287846654661e7 5 1
ann 6 5 3 8 4 2 5.636688801683965e-17 28 0
tr 6 5 3 8 4 2 4515.986588769033 3 1
tr 6 5 3 8 4 2 1951.3522297150153 4 2
ann 6 5 3 8 4 3 5.916570836199072e-17 28 0
tr 6 5 3 8 4 3 0.7591753917782459 2 2
tr 6 5 3 8 4 3 2341.622675658018 3 1
tr 6 5 3 8 4 3 111.50584169800037 4 2
tr 6 5 3 8 4 3 1.2726345415985532e7 5 1
ann 6 5 3 8 4 4 4.3650408189155856e-17 28 0
tr 6 5 3 8 4 4 0.2530584639260818 2 2
tr 6 5 3 8 4 4 6244.327135088033 3 1
tr 6 5 3 8 4 4 4460.233667920031 4 2
tr 6 5 3 8 4 4 2.1210575693309214e7 5 1
ann 6 5 3 8 5 1 6.200937290537502e-19 30 0
tr 6 5 3 8 5 1 634.3035537108079 2 1
tr 6 5 3 8 5 1 453.0739669362921 3 2
ann 6 5 3 8 5 2 9.202414111072818e-19 30 0
tr 6 5 3 8 5 2 566.3424586703646 2 1
tr 6 5 3 8 5 2 1.6181213104867398 3 2
tr 6 5 3 8 5 2 255538.19999193485 4 1
ann 6 5 3 8 5 3 1.1520440149646808e-18 30 0
tr 6 5 3 8 5 3 5.663424586703685 2 1
tr 6 5 3 8 5 3 391.5853571377952 3 2
tr 6 5 3 8 5 3 306645.83999032096 4 1
ann 6 5 3 8 5 4 1.0349812123155963e-18 30 0
tr 6 5 3 8 5 4 832.5234142454361 2 1
tr 6 5 3 8 5 4 310.67929161345774 3 2
ann 6 5 3 8 5 5 6.885225521948303e-19 30 0
tr 6 5 3 8 5 5 169.9027376011089 2 1
tr 6 5 3 8 5 5 485.43639314602666 3 2
tr 6 5 3 8 5 5 613291.6799806404 4 1
ann 6 5 3 8 6 1 5.482679195358004e-21 32 0
tr 6 5 3 8 6 1 58.564958794321825 2 2
tr 6 5 3 8 6 1 41105.51348355096 3 1
tr 6 5 3 8 6 1 19025.980526672156 4 2
ann 6 5 3 8 6 2 7.771480866036695e-21 32 0
tr 6 5 3 8 6 2 177.15900035282354 2 2
tr 6 5 3 8 6 2 31471.40876084378 3 1
tr 6 5 3 8 6 2 2.2493035590343142e8 5 1
ann 6 5 3 8 6 3 1.0003913786087833e-20 32 0
tr 6 5 3 8 6 3 177.89106233775252 2 2
tr 6 5 3 8 6 3 1926.8209445414336 3 1
tr 6 5 3 8 6 3 13212.486476855678 4 2
tr 6 5 3 8 6 3 3.4854910522225976e8 5 1
ann 6 5 3 8 6 4 1.092382047784877e-20 32 0
tr 6 5 3 8 6 4 10.980929773935353 2 2
tr 6 5 3 8 6 4 19268.20944541458 3 1
tr 6 5 3 8 6 4 28538.970790008247 4 2
tr 6 5 3 8 6 4 9.424767805209859e7 5 1
ann 6 5 3 8 6 5 9.166926137124142e-21 32 0
tr 6 5 3 8 6 5 241.58045502657757 2 2
tr 6 5 3 8 6 5 42390.06077991197 3 1
tr 6 5 3 8 6 5 3875.6626998776674 4 2
tr 6 5 3 8 6 5 8.588249952676475e7 5 1
ann 6 5 3 8 6 6 6.032423745514265e-21 32 0
tr 6 5 3 8 6 6 21195.03038995591 3 1
tr 6 5 3 8 6 6 40694.45834871544 4 2
tr 6 5 3 8 6 6 6.870599962141154e8 5 1
ann 6 5 3 8 7 1 1.9254227413581065e-23 34 0
tr 6 5 3 8 7 1 3217.1193691222966 2 1
tr 6 5 3 8 7 1 23043.255798673636 3 2
tr 6 5 3 8 7 1 5.9152841242045246e7 4 1
ann 6 5 3 8 7 2 2.6081801959020634e-23 34 0
tr 6 5 3 8 7 2 19302.716214733773 2 1
tr 6 5 3 8 7 2 46916.32413303362 3 2
tr 6 5 3 8 7 2 4.4638064065133244e7 4 1
ann 6 5 3 8 7 3 3.304389940657777e-23 34 0
tr 6 5 3 8 7 3 57908.148644201625 2 1
tr 6 5 3 8 7 3 51703.70414660848 3 2
tr 6 5 3 8 7 3 8.887626892414283e6 4 1
ann 6 5 3 8 7 4 3.810393176798683e-23 34 0
tr 6 5 3 8 7 4 106164.93918103617 2 1
tr 6 5 3 8 7 4 21064.472059729356 3 2
tr 6 5 3 8 7 4 6.24654003516003e6 4 1
ann 6 5 3 8 7 5 3.835812687740285e-23 34 0
tr 6 5 3 8 7 5 106164.93918103595 2 1
tr 6 5 3 8 7 5 2106.447205972936 3 2
tr 6 5 3 8 7 5 5.191281348746862e7 4 1
ann 6 5 3 8 7 6 3.1625956375999397e-23 34 0
tr 6 5 3 8 7 6 82151.4410329446 3 2
tr 6 5 3 8 7 6 4.2044019467422836e7 4 1
tr 6 5 3 8 7 6 1.9061576033113224e10 6 1
ann 6 5 3 8 7 7 2.0849791499250902e-23 34 0
tr 6 5 3 8 7 7 4.708930180351363e7 4 1
tr 6 5 3 8 7 7 5.753456511265662e7 5 2
tr 6 5 3 8 7 7 5.559626342991337e10 6 1
ann 6 5 3 9 8 2 1.1110250745772668e-25 36 0
tr 6 5 3 9 8 2 405591.3242912988 3 1
tr 6 5 3 9 8 2 729343.3324811544 4 2
tr 6 5 3 9 8 2 1.0130333035909382e9 5 1
ann 6 5 3 9 8 4 1.6144875385886938e-25 36 0
tr 6 5 3 9 8 4 1.7846018268817232e6 3 1
tr 6 5 3 9 8 4 544105.2681070487 4 2
tr 6 5 3 9 8 4 6.5937078931957465e6 5 1
ann 6 5 3 9 8 6 1.6688612226748532e-25 36 0
tr 6 5 3 9 8 6 1.8044307360692918e6 3 1
tr 6 5 3 9 8 6 216531.68832831542 4 2
tr 6 5 3 9 8 6 1.3714912417846575e9 5 1
ann 6 5 3 9 8 8 8.900470152280709e-26 36 0
tr 6 5 3 9 8 8 1.4286367101923435e9 5 1
tr 6 5 3 9 8 8 1.1482919868421986e9 6 2
tr 6 5 3 9 8 8 1.2925187493031697e12 7 1
ann 6 5 3 11 10 2 9.224741226718738e-31 40 0
tr 6 5 3 11 10 2 9.986555004720968e7 5 1
tr 6 5 3 11 10 2 9.267531007545689e7 6 2
tr 6 5 3 11 10 2 2.3434665311302542e11 7 1
ann 6 5 3 11 10 4 1.3249578276149161e-30 40 0
tr 6 5 3 11 10 4 3.2456303765343165e8 5 1
tr 6 5 3 11 10 4 9.622289992239067e7 6 2
tr 6 5 3 11 10 4 1.8113645790335743e10 7 1
ann 6 5 3 11 10 6 1.573500542942073e-30 40 0
tr 6 5 3 11 10 6 5.563937788344538e8 5 1
tr 6 5 3 11 10 6 1.1387325434602393e7 6 2
tr 6 5 3 11 10 6 1.3501505901924214e11 7 1
ann 6 5 3 11 10 8 1.4279065768016635e-30 40 0
tr 6 5 3 11 10 8 3.152898080061905e8 5 1
tr 6 5 3 11 10 8 8.623310988203484e7 6 2
tr 6 5 3 11 10 8 2.625513779205046e11 7 1
ann 6 5 3 11 10 10 7.01789603672961e-31 40 0
tr 6 5 3 11 10 10 4.726690258481357e11 7 1
tr 6 5 3 11 10 10 1.8536040229338663e11 8 2
tr 6 5 3 11 10 10 2.769911124014485e14 9 1
ann 6 5 3 13 12 2 3.02527070485436e-36 44 0
tr 6 5 3 13 12 2 9.51804561337402e9 7 1
tr 6 5 3 13 12 2 5.190292276719285e9 8 2
tr 6 5 3 13 12 2 2.1229467318688207e13 9 1
ann 6 5 3 13 12 4 4.333084335737278e-36 44 0
tr 6 5 3 13 12 4 2.5381454968997433e10 7 1
tr 6 5 3 13 12 4 5.941166902562534e9 8 2
tr 6 5 3 13 12 4 4.815943975072772e12 9 1
ann 6 5 3 13 12 6 5.409377527226184e-36 44 0
tr 6 5 3 13 12 6 4.623050726495959e10 7 1
tr 6 5 3 13 12 6 2.7812470948170905e9 8 2
tr 6 5 3 13 12 6 2.5315722812689556e12 9 1
ann 6 5 3 13 12 8 5.7377289939391496e-36 44 0
tr 6 5 3 13 12 8 5.323512957783232e10 7 1
tr 6 5 3 13 12 8 5.5759939644956045e7 8 2
tr 6 5 3 13 12 8 2.3309938620607152e13 9 1
ann 6 5 3 13 12 10 4.767478879125779e-36 44 0
tr 6 5 3 13 12 10 2.2522554821390594e10 7 1
tr 6 5 3 13 12 10 7.421647966743621e9 8 2
tr 6 5 3 13 12 10 1.465196141866735e13 9 1
ann 6 5 3 13 12 12 2.113026175088222e-36 44 0
tr 6 5 3 13 12 12 5.304552698795283e13 9 1
tr 6 5 3 13 12 12 1.154350830509976e13 10 2
tr 6 5 3 13 12 12 2.206165337970503e16 11 1
ann 6 5 3 15 14 2 4.538765888759531e-42 48 0
tr 6 5 3 15 14 2 4.0362611184738446e11 9 1
tr 6 5 3 15 14 2 1.4340368411574127e11 10 2
tr 6 5 3 15 14 2 8.77309412897061e14 11 1
ann 6 5 3 15 14 4 6.474659687873801e-42 48 0
tr 6 5 3 15 14 4 9.356787138280266e11 9 1
tr 6 5 3 15 14 4 1.696101087639799e11 10 2
tr 6 5 3 15 14 4 3.129674473154519e14 11 1
ann 6 5 3 15 14 6 8.299083864311688e-42 48 0
tr 6 5 3 15 14 6 1.6760305581027258e12 9 1
tr 6 5 3 15 14 6 1.1898801476365347e11 10 2
tr 6 5 3 15 14 6 2.151234701845961e12 11 1
ann 6 5 3 15 14 8 9.452130216585689e-42 48 0
tr 6 5 3 15 14 8 2.2792173798374976e12 9 1
tr 6 5 3 15 14 8 2.181446937333644e10 10 2
tr 6 5 3 15 14 8 4.881458857731251e14 11 1
ann 6 5 3 15 14 10 9.266318551269652e-42 48 0
tr 6 5 3 15 14 10 2.0968799894504993e12 9 1
tr 6 5 3 15 14 10 2.9513693858043232e10 10 2
tr 6 5 3 15 14 10 1.1014833872189148e15 11 1
ann 6 5 3 15 14 12 7.149814244313293e-42 48 0
tr 6 5 3 15 14 12 7.423594733893374e11 9 1
tr 6 5 3 15 14 12 2.5241975010168762e11 10 2
tr 6 5 3 15 14 12 3.0145861123886144e14 11 1
ann 6 5 3 15 14 14 2.8756260006419486e-42 48 0
tr 6 5 3 15 14 14 2.5300618047053775e15 11 1
tr 6 5 3 15 14 14 3.353454699727846e14 12 2
tr 6 5 3 15 14 14 7.92609352829546e17 13 1
ann 6 5 4 6 5 4 2.6847952352201055e-19 30 0
ann 6 5 4 6 5 5 9.108891085491906e-19 30 0
tr 6 5 4 6 5 5 63504.00000000007 2 1
ann 6 5 4 7 1 1 3.4313254028012417e-13 22 0
tr 6 5 4 7 1 1 1.9051326303225845e7 4 1
tr 6 5 4 7 1 1 363707.13851613004 5 2
ann 6 5 4 7 2 1 3.528471936420155e-14 24 0
tr 6 5 4 7 2 1 138924.32234873626 3 1
tr 6 5 4 7 2 1 7409.2971919326055 4 2
tr 6 5 4 7 2 1 7.047446199898795e8 5 1
ann 6 5 4 7 2 2 5.503527936157858e-14 24 0
tr 6 5 4 7 2 2 208386.4835231044 3 1
tr 6 5 4 7 2 2 25932.54017176414 4 2
tr 6 5 4 7 2 2 3.451810383623906e8 5 1
ann 6 5 4 7 3 1 1.6066066551944813e-15 26 0
tr 6 5 4 7 3 1 700.413910449267 3 2
tr 6 5 4 7 3 1 854171.2006634229 4 1
tr 6 5 4 7 3 1 1.8553633837440691e6 5 2
tr 6 5 4 7 3 1 2.8381899291010994e10 6 1
ann 6 5 4 7 3 2 2.5777951976575934e-15 26 0
tr 6 5 4 7 3 2 2353.390739109535 2 1
tr 6 5 4 7 3 2 9.761956579010569e6 4 1
ann 6 5 4 7 3 3 3.239497001347017e-15 26 0
tr 6 5 4 7 3 3 1568.9271594063564 2 1
tr 6 5 4 7 3 3 700.4139104492666 3 2
tr 6 5 4 7 3 3 1.6473301727080362e7 4 1
ann 6 5 4 7 4 1 3.3058854074649904e-17 28 0
tr 6 5 4 7 4 1 451247.32371140603 3 1
tr 6 5 4 7 4 1 150415.77457046855 4 2
ann 6 5 4 7 4 2 5.614655202007527e-17 28 0
tr 6 5 4 7 4 2 10.202931791810462 2 2
tr 6 5 4 7 4 2 267405.82145861065 3 1
tr 6 5 4 7 4 2 4.9394836729890126e8 5 1
ann 6 5 4 7 4 3 9.185333188580082e-17 28 0
tr 6 5 4 7 4 3 2.915123369088705 2 2
tr 6 5 4 7 4 3 23398.009377628357 3 1
tr 6 5 4 7 4 3 150415.7745704687 4 2
tr 6 5 4 7 4 3 9.878967345978026e8 5 1
ann 6 5 4 7 4 4 8.957796432027967e-17 28 0
tr 6 5 4 7 4 4 8.745370107266117 2 2
tr 6 5 4 7 4 4 561552.225063083 3 1
tr 6 5 4 7 4 4 240665.2393127496 4 2
tr 6 5 4 7 4 4 5.92738040758681e8 5 1
ann 6 5 4 7 5 1 3.9082755087388565e-19 30 0
tr 6 5 4 7 5 1 8555.758994727223 3 2
tr 6 5 4 7 5 1 4.0583073455497675e7 4 1
tr 6 5 4 7 5 1 8.608530732984357e6 5 2
ann 6 5 4 7 5 2 6.337588118417265e-19 30 0
tr 6 5 4 7 5 2 10266.910793672681 2 1
tr 6 5 4 7 5 2 16500.392346973913 3 2
tr 6 5 4 7 5 2 2.029153672774884e7 4 1
ann 6 5 4 7 5 3 1.0325387635853571e-18 30 0
tr 6 5 4 7 5 3 20961.609537081684 2 1
tr 6 5 4 7 5 3 7822.408223750607 3 2
ann 6 5 4 7 5 4 1.4890091064632558e-18 30 0
tr 6 5 4 7 5 4 5133.455396836346 2 1
tr 6 5 4 7 5 4 733.3507709766199 3 2
tr 6 5 4 7 5 4 2.4349844073298603e7 4 1
ann 6 5 4 7 5 5 1.2629661318683403e-18 30 0
tr 6 5 4 7 5 5 19250.457738136265 2 1
tr 6 5 4 7 5 5 22000.523129298574 3 2
tr 6 5 4 7 5 5 4.869968814659719e7 4 1
ann 6 5 4 7 6 1 2.0069026408308074e-21 32 0
tr 6 5 4 7 6 1 371133.0851720294 3 1
tr 6 5 4 7 6 1 1.2668009307205288e6 4 2
tr 6 5 4 7 6 1 1.1208478166199257e9 5 1
ann 6 5 4 7 6 2 3.103254488240785e-21 32 0
tr 6 5 4 7 6 2 402.3905204384692 2 2
tr 6 5 4 7 6 2 1.3917490693951102e6 3 1
tr 6 5 4 7 6 2 1.7107467926024983e6 4 2
ann 6 5 4 7 6 3 4.734481063835087e-21 32 0
tr 6 5 4 7 6 3 1888.9999431694819 2 2
tr 6 5 4 7 6 3 2.2267985110321776e6 3 1
tr 6 5 4 7 6 3 1.0179650336147088e6 4 2
ann 6 5 4 7 6 4 6.864476139389353e-21 32 0
tr 6 5 4 7 6 4 3576.80462611973 2 2
tr 6 5 4 7 6 4 1.3917490693951102e6 3 1
ann 6 5 4 7 6 5 8.666184716508417e-21 32 0
tr 6 5 4 7 6 5 1844.289885342986 2 2
tr 6 5 4 7 6 5 746507.6913174539 4 2
ann 6 5 4 7 6 6 7.187469781130664e-21 32 0
tr 6 5 4 7 6 6 2459.0531804573143 2 2
tr 6 5 4 7 6 6 3.061847952669242e6 3 1
tr 6 5 4 7 6 6 2.519463458196404e6 4 2
ann 6 5 4 8 1 1 2.3099441387871675e-13 22 0
tr 6 5 4 8 1 1 197543.1895159051 4 1
tr 6 5 4 8 1 1 3771.2790725763743 5 2
tr 6 5 4 8 1 1 4.413309807836901e7 6 1
ann 6 5 4 8 2 1 2.424828812915777e-14 24 0
tr 6 5 4 8 2 1 4186.67266962093 3 1
tr 6 5 4 8 2 1 223.28920904644977 4 2
tr 6 5 4 8 2 1 335910.3413767707 5 1
ann 6 5 4 8 2 2 3.782122503788403e-14 24 0
tr 6 5 4 8 2 2 6280.009004431396 3 1
tr 6 5 4 8 2 2 781.512231662575 4 2
tr 6 5 4 8 2 2 164527.51414372472 5 1
ann 6 5 4 8 3 1 1.1623121641320137e-15 26 0
tr 6 5 4 8 3 1 38.90635549155095 3 2
tr 6 5 4 8 3 1 2815.044620695806 4 1
tr 6 5 4 8 3 1 6114.618133681089 5 2
tr 6 5 4 8 3 1 1.2439465258720543e9 6 1
ann 6 5 4 8 3 2 1.8649261265811885e-15 26 0
tr 6 5 4 8 3 2 130.72535445161105 2 1
tr 6 5 4 8 3 2 32171.938522237848 4 1
ann 6 5 4 8 3 3 2.3436394763439836e-15 26 0
tr 6 5 4 8 3 3 87.15023630107405 2 1
tr 6 5 4 8 3 3 38.90635549155092 3 2
tr 6 5 4 8 3 3 54290.146256276465 4 1
ann 6 5 4 8 4 1 2.663449228484262e-17 28 0
tr 6 5 4 8 4 1 7526.6443146150605 3 1
tr 6 5 4 8 4 1 2508.881438205018 4 2
ann 6 5 4 8 4 2 4.523553378537408e-17 28 0
tr 6 5 4 8 4 2 0.885704623741286 2 2
tr 6 5 4 8 4 2 4460.233667920031 3 1
tr 6 5 4 8 4 2 1.0605287846654624e7 5 1
ann 6 5 4 8 4 3 7.400337775016493e-17 28 0
tr 6 5 4 8 4 3 0.2530584639260819 2 2
tr 6 5 4 8 4 3 390.2704459430015 3 1
tr 6 5 4 8 4 3 2508.881438205021 4 2
tr 6 5 4 8 4 3 2.121057569330925e7 5 1
ann 6 5 4 8 4 4 7.21701847409529e-17 28 0
tr 6 5 4 8 4 4 0.7591753917782459 2 2
tr 6 5 4 8 4 4 9366.490702632072 3 1
tr 6 5 4 8 4 4 4014.210301128027 4 2
tr 6 5 4 8 4 4 1.2726345415985538e7 5 1
ann 6 5 4 8 5 1 3.917520446175399e-19 30 0
tr 6 5 4 8 5 1 339.80547520221916 3 2
tr 6 5 4 8 5 1 511076.399983868 4 1
tr 6 5 4 8 5 1 108410.14545112354 5 2
tr 6 5 4 8 5 1 1.3033556261957628e8 6 1
ann 6 5 4 8 5 2 6.352579551663497e-19 30 0
tr 6 5 4 8 5 2 407.76657024266336 2 1
tr 6 5 4 8 5 2 655.3391307471361 3 2
tr 6 5 4 8 5 2 255538.19999193403 4 1
ann 6 5 4 8 5 3 1.0349812123155963e-18 30 0
tr 6 5 4 8 5 3 832.5234142454361 2 1
tr 6 5 4 8 5 3 310.67929161345756 3 2
ann 6 5 4 8 5 4 1.492531324429917e-18 30 0
tr 6 5 4 8 5 4 203.88328512133194 2 1
tr 6 5 4 8 5 4 29.126183588761666 3 2
tr 6 5 4 8 5 4 306645.83999032085 4 1
ann 6 5 4 8 5 5 1.265953652396105e-18 30 0
tr 6 5 4 8 5 5 764.5623192049935 2 1
tr 6 5 4 8 5 5 873.7855076628489 3 2
tr 6 5 4 8 5 5 613291.6799806413 4 1
ann 6 5 4 8 6 1 3.3172881032333625e-21 32 0
tr 6 5 4 8 6 1 7707.283778165808 3 1
tr 6 5 4 8 6 1 26307.52862947266 4 2
tr 6 5 4 8 6 1 4.723537473972046e8 5 1
ann 6 5 4 8 6 2 5.12949108801678e-21 32 0
tr 6 5 4 8 6 2 26.35423145744481 2 2
tr 6 5 4 8 6 2 28902.314168121782 3 1
tr 6 5 4 8 6 2 35526.908082211936 4 2
tr 6 5 4 8 6 2 2.342249987093582e8 5 1
ann 6 5 4 8 6 3 7.825809490735402e-21 32 0
tr 6 5 4 8 6 3 123.71847545300493 2 2
tr 6 5 4 8 6 3 46243.702668994876 3 1
tr 6 5 4 8 6 3 21139.978362969065 4 2
ann 6 5 4 8 6 4 1.1346561903980221e-20 32 0
tr 6 5 4 8 6 4 234.25983517728747 2 2
tr 6 5 4 8 6 4 28902.314168121782 3 1
tr 6 5 4 8 6 4 1.338428564053474e8 5 1
ann 6 5 4 8 6 5 1.4324676679421996e-20 32 0
tr 6 5 4 8 6 5 120.79022751328885 2 2
tr 6 5 4 8 6 5 15502.650799510662 4 2
tr 6 5 4 8 6 5 4.9689160440485084e8 5 1
ann 6 5 4 8 6 6 1.1880450779502773e-20 32 0
tr 6 5 4 8 6 6 161.05363668438514 2 2
tr 6 5 4 8 6 6 63585.09116986792 3 1
tr 6 5 4 8 6 6 52321.44644834843 4 2
tr 6 5 4 8 6 6 5.152949971605877e8 5 1
ann 6 5 4 8 7 1 1.1160110910050793e-23 34 0
tr 6 5 4 8 7 1 1723.4568048869478 3 2
tr 6 5 4 8 7 1 1.8664016474069964e7 4 1
tr 6 5 4 8 7 1 3.3796527758483596e7 5 2
tr 6 5 4 8 7 1 3.48351412819598e10 6 1
ann 6 5 4 8 7 2 1.67747826307326e-23 34 0
tr 6 5 4 8 7 2 1072.3731230407643 2 1
tr 6 5 4 8 7 2 10298.186340312139 3 2
tr 6 5 4 8 7 2 4.409203783828349e7 4 1
ann 6 5 4 8 7 3 2.4434559731115006e-23 34 0
tr 6 5 4 8 7 3 8578.984984326147 2 1
tr 6 5 4 8 7 3 30745.618309403028 3 2
tr 6 5 4 8 7 3 6.3885068541408926e7 4 1
ann 6 5 4 8 7 4 3.4132383874948527e-23 34 0
tr 6 5 4 8 7 4 35388.31306034538 2 1
tr 6 5 4 8 7 4 56171.92549261168 3 2
tr 6 5 4 8 7 4 5.322495651260573e7 4 1
ann 6 5 4 8 7 5 4.45645557914254e-23 34 0
tr 6 5 4 8 7 5 94368.83482758755 2 1
tr 6 5 4 8 7 5 57342.17394037442 3 2
tr 6 5 4 8 7 5 1.3472567117253272e7 4 1
ann 6 5 4 8 7 6 5.131726222674056e-23 34 0
tr 6 5 4 8 7 6 153349.35659482994 2 1
tr 6 5 4 8 7 6 12170.58385673253 3 2
tr 6 5 4 8 7 6 8.649055433298403e6 4 1
ann 6 5 4 8 7 7 4.355311123792002e-23 34 0
tr 6 5 4 8 7 7 63895.56524784577 3 2
tr 6 5 4 8 7 7 1.0595092905790578e8 4 1
tr 6 5 4 8 7 7 5.753456511265657e7 5 2
tr 6 5 4 8 7 7 3.3357758057948105e10 6 1
ann 6 5 4 9 8 2 6.882573892089848e-26 36 0
tr 6 5 4 9 8 2 36052.562159226836 3 1
tr 6 5 4 9 8 2 189556.36015273366 4 2
tr 6 5 4 9 8 2 1.028019003348197e9 5 1
ann 6 5 4 9 8 4 1.3342554257748709e-25 36 0
tr 6 5 4 9 8 4 528770.911668658 3 1
tr 6 5 4 9 8 4 789631.228091861 4 2
tr 6 5 4 9 8 4 1.329731091794416e9 5 1
ann 6 5 4 9 8 6 2.0982140185779807e-25 36 0
tr 6 5 4 9 8 6 2.405907648092391e6 3 1
tr 6 5 4 9 8 6 673654.1414658693 4 2
tr 6 5 4 9 8 6 2.8572734203846805e7 5 1
ann 6 5 4 9 8 8 1.9777892496735013e-25 36 0
tr 6 5 4 9 8 8 1.2831507456492737e6 4 2
tr 6 5 4 9 8 8 2.5715460783462243e9 5 1
tr 6 5 4 9 8 8 9.395116255981655e8 6 2
tr 6 5 4 9 8 8 6.462593746515854e11 7 1
ann 6 5 4 11 10 2 5.1811437574974375e-31 40 0
tr 6 5 4 11 10 2 1.2681339688534573e7 5 1
tr 6 5 4 11 10 2 2.8127667099146154e7 6 2
tr 6 5 4 11 10 2 2.4104402124553934e11 7 1
tr 6 5 4 11 10 2 9.766468255290208e10 8 2
ann 6 5 4 11 10 4 9.619376340347607e-31 40 0
tr 6 5 4 11 10 4 8.655014337424862e7 5 1
tr 6 5 4 11 10 4 8.50253632450314e7 6 2
tr 6 5 4 11 10 4 3.220655751021921e11 7 1
ann 6 5 4 11 10 6 1.5352063373510007e-30 40 0
tr 6 5 4 11 10 6 3.2971483190189815e8 5 1
tr 6 5 4 11 10 6 1.2399532139900438e8 6 2
tr 6 5 4 11 10 6 1.300149380458677e11 7 1
ann 6 5 4 11 10 8 2.0111500680910162e-30 40 0
tr 6 5 4 11 10 8 7.006440177915348e8 5 1
tr 6 5 4 11 10 8 3.4415027980132e7 6 2
tr 6 5 4 11 10 8 3.985838286215083e10 7 1
ann 6 5 4 11 10 10 1.778662194561169e-30 40 0
tr 6 5 4 11 10 10 2.229155221440357e8 6 2
tr 6 5 4 11 10 10 6.077173189476039e11 7 1
tr 6 5 4 11 10 10 1.1121624137603212e11 8 2
tr 6 5 4 11 10 10 1.038716671505429e14 9 1
ann 6 5 4 13 12 2 1.5405246501784866e-36 44 0
tr 6 5 4 13 12 2 1.410080831610958e9 7 1
tr 6 5 4 13 12 2 1.6934794301210124e9 8 2
tr 6 5 4 13 12 2 2.180279398238735e13 9 1
tr 6 5 4 13 12 2 5.842812990993088e12 10 2
ann 6 5 4 13 12 4 2.7822739380672866e-36 44 0
tr 6 5 4 13 12 4 6.446083801650124e9 7 1
tr 6 5 4 13 12 4 4.213126667745182e9 8 2
tr 6 5 4 13 12 4 2.888474334255681e13 9 1
ann 6 5 4 13 12 6 4.4702974049923736e-36 44 0
tr 6 5 4 13 12 6 2.054689211775979e10 7 1
tr 6 5 4 13 12 6 6.770626215274876e9 8 2
tr 6 5 4 13 12 6 1.996566672494103e13 9 1
ann 6 5 4 13 12 8 6.302815903049505e-36 44 0
tr 6 5 4 13 12 8 4.7320115180295364e10 7 1
tr 6 5 4 13 12 8 5.79903372307539e9 8 2
tr 6 5 4 13 12 8 1.8499951286196194e12 9 1
ann 6 5 4 13 12 10 7.429704091595132e-36 44 0
tr 6 5 4 13 12 10 7.007017055543738e10 7 1
tr 6 5 4 13 12 10 4.0890622406301224e8 8 2
tr 6 5 4 13 12 10 1.3295298324346287e13 9 1
ann 6 5 4 13 12 12 6.097114316124315e-36 44 0
tr 6 5 4 13 12 12 1.5047749045518724e10 8 2
tr 6 5 4 13 12 12 5.304552698795295e13 9 1
tr 6 5 4 13 12 12 5.467977618205149e12 10 2
tr 6 5 4 13 12 12 6.618496013911506e15 11 1
ann 6 5 4 15 14 2 2.121390193770494e-42 48 0
tr 6 5 4 15 14 2 6.5232502924829544e10 9 1
tr 6 5 4 15 14 2 4.877676330467376e10 10 2
tr 6 5 4 15 14 2 8.967565999738212e14 11 1
tr 6 5 4 15 14 2 1.6991451858871922e14 12 2
ann 6 5 4 15 14 4 3.728475829701138e-42 48 0
tr 6 5 4 15 14 4 2.3103178119210504e11 9 1
tr 6 5 4 15 14 4 1.0613823695097023e11 10 2
tr 6 5 4 15 14 4 1.1671305516454902e15 11 1
ann 6 5 4 15 14 6 5.973345861970097e-42 48 0
tr 6 5 4 15 14 6 6.384878316581814e11 9 1
tr 6 5 4 15 14 6 1.7187157688083252e11 10 2
tr 6 5 4 15 14 6 9.984802208995815e14 11 1
ann 6 5 4 15 14 8 8.686211603388843e-42 48 0
tr 6 5 4 15 14 8 1.4181797030099985e12 9 1
tr 6 5 4 15 14 8 1.939063944296579e11 10 2
tr 6 5 4 15 14 8 3.833500238689271e14 11 1
ann 6 5 4 15 14 10 1.1256149328045852e-41 48 0
tr 6 5 4 15 14 10 2.4851910986080005e12 9 1
tr 6 5 4 15 14 10 1.1149617679705331e11 10 2
tr 6 5 4 15 14 10 6.8604501626091455e12 11 1
ann 6 5 4 15 14 12 1.2323356346231265e-41 48 0
tr 6 5 4 15 14 12 2.969437893557354e12 9 1
tr 6 5 4 15 14 12 9.46621763665281e14 11 1
ann 6 5 4 15 14 14 9.366350352506495e-42 48 0
tr 6 5 4 15 14 14 4.7118353352314996e11 10 2
tr 6 5 4 15 14 14 2.0700505674862248e15 11 1
tr 6 5 4 15 14 14 1.3122214042413269e14 12 2
tr 6 5 4 15 14 14 1.9815233820738592e17 13 1
ann 6 5 5 6 5 5 4.554445542745958e-19 30 0
ann 6 5 5 7 1 1 3.8662816036987753e-13 22 0
tr 6 5 5 7 1 1 2.3814157879032277e7 4 1
tr 6 5 5 7 1 1 202059.52139784978 5 2
ann 6 5 5 7 2 1 3.692693980052248e-14 24 0
tr 6 5 5 7 2 1 37046.48595966304 4 2
tr 6 5 5 7 2 1 6.47214446929482e8 5 1
ann 6 5 5 7 2 2 6.710750573561595e-14 24 0
tr 6 5 5 7 2 2 347310.80587184057 3 1
tr 6 5 5 7 2 2 18523.242979831513 4 2
tr 6 5 5 7 2 2 1.4382543265099537e8 5 1
ann 6 5 5 7 3 1 1.2137986440811464e-15 26 0
tr 6 5 5 7 3 1 1.7083424013268486e7 4 1
tr 6 5 5 7 3 1 5.218209516780195e6 5 2
tr 6 5 5 7 3 1 2.1286424468258217e10 6 1
ann 6 5 5 7 3 2 2.330165965629388e-15 26 0
tr 6 5 5 7 3 2 700.413910449267 3 2
tr 6 5 5 7 3 2 2.1354280016585663e7 4 1
tr 6 5 5 7 3 2 2.8990052871001074e6 5 2
ann 6 5 5 7 3 3 4.6034935549234674e-15 26 0
tr 6 5 5 7 3 3 3922.317898515891 2 1
tr 6 5 5 7 3 3 700.4139104492671 3 2
tr 6 5 5 7 3 3 9.151834292822393e6 4 1
ann 6 5 5 7 4 1 2.2797394498763074e-17 28 0
tr 6 5 5 7 4 1 120332.6196563748 4 2
tr 6 5 5 7 4 1 1.1854760815173626e9 5 1
tr 6 5 5 7 4 1 3.00772518026066e8 6 2
ann 6 5 5 7 4 2 3.970886931286485e-17 28 0
tr 6 5 5 7 4 2 250692.9576174469 3 1
tr 6 5 5 7 4 2 270748.3942268432 4 2
tr 6 5 5 7 4 2 1.185476081517361e9 5 1
ann 6 5 5 7 4 3 7.319339600757457e-17 28 0
tr 6 5 5 7 4 3 7.287808422721765 2 2
tr 6 5 5 7 4 3 584950.2344407117 3 1
tr 6 5 5 7 4 3 270748.3942268433 4 2
tr 6 5 5 7 4 3 6.915277142184612e8 5 1
ann 6 5 5 7 4 4 1.5511623757109965e-16 28 0
tr 6 5 5 7 4 4 14.575616845443518 2 2
tr 6 5 5 7 4 4 467960.18755256815 3 1
tr 6 5 5 7 4 4 120332.61965637456 4 2
tr 6 5 5 7 4 4 1.975793469195594e8 5 1
ann 6 5 5 7 5 1 2.3586821730202086e-19 30 0
tr 6 5 5 7 5 1 8.11661469109949e6 4 1
tr 6 5 5 7 5 1 1.5495355319371833e7 5 2
tr 6 5 5 7 5 1 3.825024880801375e10 6 1
ann 6 5 5 7 5 2 3.988635008071545e-19 30 0
tr 6 5 5 7 5 2 3055.628212402575 3 2
tr 6 5 5 7 5 2 2.8408151418848347e7 4 1
tr 6 5 5 7 5 2 2.410388605235618e7 5 2
tr 6 5 5 7 5 2 3.570023222081296e10 6 1
ann 6 5 5 7 5 3 6.868977111608826e-19 30 0
tr 6 5 5 7 5 3 4277.879497363596 2 1
tr 6 5 5 7 5 3 12222.512849610303 3 2
tr 6 5 5 7 5 3 4.8699688146597125e7 4 1
ann 6 5 5 7 5 4 1.2629661318683403e-18 30 0
tr 6 5 5 7 5 4 19250.457738136265 2 1
tr 6 5 5 7 5 4 22000.523129298574 3 2
tr 6 5 5 7 5 4 4.869968814659718e7 4 1
ann 6 5 5 7 5 5 2.525932263736682e-18 30 0
tr 6 5 5 7 5 5 32084.09623022707 2 1
tr 6 5 5 7 5 5 18333.76927441546 3 2
tr 6 5 5 7 5 5 2.434984407329854e7 4 1
ann 6 5 5 7 6 1 1.0104760938318857e-21 32 0
tr 6 5 5 7 6 1 98968.82271254087 4 2
tr 6 5 5 7 6 1 4.168442293214616e8 5 1
tr 6 5 5 7 6 1 4.663991377023325e8 6 2
tr 6 5 5 7 6 1 4.7773638019658594e11 7 1
ann 6 5 5 7 6 2 1.7132171338958462e-21 32 0
tr 6 5 5 7 6 2 92783.27129300644 3 1
tr 6 5 5 7 6 2 494844.1135627053 4 2
tr 6 5 5 7 6 2 9.263205096032425e8 5 1
ann 6 5 5 7 6 3 2.8801619990627286e-21 32 0
tr 6 5 5 7 6 3 111.77514456624131 2 2
tr 6 5 5 7 6 3 556699.6277580444 3 1
tr 6 5 5 7 6 3 1.2724562920183875e6 4 2
tr 6 5 5 7 6 3 1.3894807644048698e9 5 1
ann 6 5 5 7 6 4 4.898602192187112e-21 32 0
tr 6 5 5 7 6 4 838.3135842468107 2 2
tr 6 5 5 7 6 4 1.6700988832741298e6 3 1
tr 6 5 5 7 6 4 2.120760486697309e6 4 2
ann 6 5 5 7 6 5 8.544599704266817e-21 32 0
tr 6 5 5 7 6 5 3073.816475571642 2 2
tr 6 5 5 7 6 5 3.061847952669242e6 3 1
tr 6 5 5 7 6 5 2.3328365353670437e6 4 2
ann 6 5 5 7 6 6 1.5330249319947605e-20 32 0
tr 6 5 5 7 6 6 6147.632951143277 2 2
tr 6 5 5 7 6 6 3.0618479526692354e6 3 1
tr 6 5 5 7 6 6 1.399701921220224e6 4 2
ann 6 5 5 8 1 1 2.602753596383559e-13 22 0
tr 6 5 5 8 1 1 246928.98689488124 4 1
tr 6 5 5 8 1 1 2095.1550403202064 5 2
tr 6 5 5 8 1 1 1.4711032692789482e7 6 1
ann 6 5 5 8 2 1 2.5376851185845974e-14 24 0
tr 6 5 5 8 2 1 1116.4460452322496 4 2
tr 6 5 5 8 2 1 308489.0890194837 5 1
tr 6 5 5 8 2 1 2.866298710821318e9 7 1
ann 6 5 5 8 2 2 4.611747427257602e-14 24 0
tr 6 5 5 8 2 2 10466.681674052325 3 1
tr 6 5 5 8 2 2 558.2230226161245 4 2
ann 6 5 5 8 3 1 8.781321294797065e-16 26 0
tr 6 5 5 8 3 1 56300.89241391622 4 1
tr 6 5 5 8 3 1 17197.363500978056 5 2
tr 6 5 5 8 3 1 9.329598944040393e8 6 1
ann 6 5 5 8 3 2 1.6857768116096621e-15 26 0
tr 6 5 5 8 3 2 38.90635549155095 3 2
tr 6 5 5 8 3 2 70376.11551739543 4 1
tr 6 5 5 8 3 2 9554.090833876695 5 2
tr 6 5 5 8 3 2 3.1098663146801376e8 6 1
ann 6 5 5 8 3 3 3.330433473445463e-15 26 0
tr 6 5 5 8 3 3 217.87559075268504 2 1
tr 6 5 5 8 3 3 38.90635549155096 3 2
tr 6 5 5 8 3 3 30161.192364597937 4 1
ann 6 5 5 8 4 1 1.836715281051232e-17 28 0
tr 6 5 5 8 4 1 2007.1051505640137 4 2
tr 6 5 5 8 4 1 2.545269083197109e7 5 1
tr 6 5 5 8 4 1 6.4577177316578245e6 6 2
tr 6 5 5 8 4 1 1.2452809367292303e11 7 1
ann 6 5 5 8 4 2 3.19922030184867e-17 28 0
tr 6 5 5 8 4 2 4181.469063675018 3 1
tr 6 5 5 8 4 2 4515.98658876903 4 2
tr 6 5 5 8 4 2 2.5452690831971053e7 5 1
ann 6 5 5 8 4 3 5.896964669080188e-17 28 0
tr 6 5 5 8 4 3 0.6326461598152048 2 2
tr 6 5 5 8 4 3 9756.761148575082 3 1
tr 6 5 5 8 4 3 4515.986588769032 4 2
tr 6 5 5 8 4 3 1.4847402985316463e7 5 1
ann 6 5 5 8 4 4 1.2497233694155759e-16 28 0
tr 6 5 5 8 4 4 1.2652923196304087 2 2
tr 6 5 5 8 4 4 7805.408918860047 3 1
tr 6 5 5 8 4 4 2007.10515056401 4 2
tr 6 5 5 8 4 4 4.242115138661826e6 5 1
ann 6 5 5 8 5 1 2.364261566765602e-19 30 0
tr 6 5 5 8 5 1 102215.27999677304 4 1
tr 6 5 5 8 5 1 195138.26181202228 5 2
tr 6 5 5 8 5 1 9.775167196468288e9 6 1
ann 6 5 5 8 5 2 3.998070020941936e-19 30 0
tr 6 5 5 8 5 2 121.35909828650662 3 2
tr 6 5 5 8 5 2 357753.47998870735 4 1
tr 6 5 5 8 5 2 303548.4072631457 5 2
tr 6 5 5 8 5 2 9.123489383370432e9 6 1
ann 6 5 5 8 5 3 6.885225521948306e-19 30 0
tr 6 5 5 8 5 3 169.9027376011089 2 1
tr 6 5 5 8 5 3 485.43639314602666 3 2
tr 6 5 5 8 5 3 613291.6799806404 4 1
ann 6 5 5 8 5 4 1.2659536523961054e-18 30 0
tr 6 5 5 8 5 4 764.5623192049935 2 1
tr 6 5 5 8 5 4 873.7855076628489 3 2
tr 6 5 5 8 5 4 613291.6799806411 4 1
ann 6 5 5 8 5 5 2.5319073047922126e-18 30 0
tr 6 5 5 8 5 5 1274.2705320083207 2 1
tr 6 5 5 8 5 5 728.15458971904 3 2
tr 6 5 5 8 5 5 306645.83999031986 4 1
ann 6 5 5 8 6 1 1.6702555649472874e-21 32 0
tr 6 5 5 8 6 1 2055.2756741775424 4 2
tr 6 5 5 8 6 1 1.7566874903201893e8 5 1
tr 6 5 5 8 6 1 1.965524464693909e8 6 2
tr 6 5 5 8 6 1 7.820133757174645e11 7 1
ann 6 5 5 8 6 2 2.8318437982343348e-21 32 0
tr 6 5 5 8 6 2 1926.8209445414336 3 1
tr 6 5 5 8 6 2 10276.37837088773 4 2
tr 6 5 5 8 6 2 3.903749978489286e8 5 1
tr 6 5 5 8 6 2 2.6206992862585464e8 6 2
ann 6 5 5 8 6 3 4.7607327490483965e-21 32 0
tr 6 5 5 8 6 3 7.320619849290216 2 2
tr 6 5 5 8 6 3 11560.925667248719 3 1
tr 6 5 5 8 6 3 26424.972953711367 4 2
tr 6 5 5 8 6 3 5.855624967733953e8 5 1
ann 6 5 5 8 6 4 8.097091737254272e-21 32 0
tr 6 5 5 8 6 4 54.9046488696767 2 2
tr 6 5 5 8 6 4 34682.77700174608 3 1
tr 6 5 5 8 6 4 44041.62158951887 4 2
tr 6 5 5 8 6 4 6.273883894000643e8 5 1
ann 6 5 5 8 6 5 1.412370406968316e-20 32 0
tr 6 5 5 8 6 5 201.31704585548138 2 2
tr 6 5 5 8 6 5 63585.0911698679 3 1
tr 6 5 5 8 6 5 48445.78374847083 4 2
tr 6 5 5 8 6 5 4.6008481889338195e8 5 1
ann 6 5 5 8 6 6 2.5339970520585076e-20 32 0
tr 6 5 5 8 6 6 402.63409171096237 2 2
tr 6 5 5 8 6 6 63585.091169867774 3 1
tr 6 5 5 8 6 6 29067.47024908245 4 2
tr 6 5 5 8 6 6 1.840339275573522e8 5 1
ann 6 5 5 8 7 1 4.7120952351783306e-24 34 0
tr 6 5 5 8 7 1 705633.8931595297 4 1
tr 6 5 5 8 7 1 4.693962188678279e6 5 2
tr 6 5 5 8 7 1 1.814330275102067e10 6 1
ann 6 5 5 8 7 2 8.001806050044431e-24 34 0
tr 6 5 5 8 7 2 319.15866757165344 3 2
tr 6 5 5 8 7 2 4.763028778826951e6 4 1
tr 6 5 5 8 7 2 1.4081886566034824e7 5 2
tr 6 5 5 8 7 2 3.265794495183727e10 6 1
ann 6 5 5 8 7 3 1.330928904623746e-23 34 0
tr 6 5 5 8 7 3 214.4746246081464 2 1
tr 6 5 5 8 7 3 2659.6555630971357 3 2
tr 6 5 5 8 7 3 1.7010817067238968e7 4 1
tr 6 5 5 8 7 3 2.9337263679239247e7 5 2
ann 6 5 5 8 7 4 2.1868990333928972e-23 34 0
tr 6 5 5 8 7 4 2359.22087068969 2 1
tr 6 5 5 8 7 4 11702.484477627439 3 2
tr 6 5 5 8 7 4 4.15819972754733e7 4 1
ann 6 5 5 8 7 5 3.5737345669168486e-23 34 0
tr 6 5 5 8 7 5 14155.325224138114 2 1
tr 6 5 5 8 7 5 35107.45343288228 3 2
tr 6 5 5 8 7 5 7.484759509585169e7 4 1
ann 6 5 5 8 7 6 5.833476464190664e-23 34 0
tr 6 5 5 8 7 6 61339.742637931944 2 1
tr 6 5 5 8 7 6 76066.14910457832 3 2
tr 6 5 5 8 7 6 9.730187362460737e7 4 1
ann 6 5 5 8 7 7 9.528889815187313e-23 34 0
tr 6 5 5 8 7 7 214689.09923276163 2 1
tr 6 5 5 8 7 7 106492.60874640962 3 2
tr 6 5 5 8 7 7 7.567923504136118e7 4 1
ann 6 5 5 9 8 2 2.862969793199914e-26 36 0
tr 6 5 5 9 8 2 600.8760359870557 3 1
tr 6 5 5 9 8 2 9814.308587789465 4 2
tr 6 5 5 9 8 2 1.3986653106778145e8 5 1
tr 6 5 5 9 8 2 2.759404774484114e8 6 2
tr 6 5 5 9 8 2 8.088513311158982e11 7 1
ann 6 5 5 9 8 4 7.58348783772819e-26 36 0
tr 6 5 5 9 8 4 39657.81837514888 3 1
tr 6 5 5 9 8 4 154224.84923669155 4 2
tr 6 5 5 9 8 4 8.242134866494287e8 5 1
ann 6 5 5 9 8 6 1.8750523750292007e-25 36 0
tr 6 5 5 9 8 6 601476.9120230969 3 1
tr 6 5 5 9 8 6 842067.6768323368 4 2
tr 6 5 5 9 8 6 2.0000913942692816e9 5 1
ann 6 5 5 9 8 8 4.419120955855408e-25 36 0
tr 6 5 5 9 8 8 4.811815296184787e6 3 1
tr 6 5 5 9 8 8 1.6039384320615942e6 4 2
tr 6 5 5 9 8 8 1.4286367101923435e9 5 1
ann 6 5 5 11 10 2 1.7273864856977336e-31 40 0
tr 6 5 5 11 10 2 475550.23832003603 5 1
tr 6 5 5 11 10 2 2.189870275885074e6 6 2
tr 6 5 5 11 10 2 4.133127936308953e10 7 1
tr 6 5 5 11 10 2 4.46389823302738e10 8 2
tr 6 5 5 11 10 2 2.0428630513121503e14 9 1
ann 6 5 5 11 10 4 4.303700982574494e-31 40 0
tr 6 5 5 11 10 4 7.212511947854006e6 5 1
tr 6 5 5 11 10 4 1.5499415174875565e7 6 2
tr 6 5 5 11 10 4 1.5601792565504056e11 7 1
tr 6 5 5 11 10 4 9.847630041345264e10 8 2
ann 6 5 5 11 10 6 9.86355132859173e-31 40 0
tr 6 5 5 11 10 6 5.770009558283208e7 5 1
tr 6 5 5 11 10 6 6.3262919081124745e7 6 2
tr 6 5 5 11 10 6 3.582044211467772e11 7 1
ann 6 5 5 11 10 8 2.1084244925825523e-30 40 0
tr 6 5 5 11 10 8 3.152898080061906e8 5 1
tr 6 5 5 11 10 8 1.61320443656868e8 6 2
tr 6 5 5 11 10 8 4.871580127596169e11 7 1
ann 6 5 5 11 10 10 4.247864488206335e-30 40 0
tr 6 5 5 11 10 10 1.331223633803915e9 5 1
tr 6 5 5 11 10 10 1.8576293512002972e8 6 2
tr 6 5 5 11 10 10 2.3373743036446277e11 7 1
ann 6 5 5 13 12 2 4.364030029235607e-37 44 0
tr 6 5 5 13 12 2 7.050404158054733e7 7 1
tr 6 5 5 13 12 2 1.5840368819159025e8 8 2
tr 6 5 5 13 12 2 4.2043955337937075e12 9 1
tr 6 5 5 13 12 2 2.87170392752023e12 10 2
tr 6 5 5 13 12 2 1.9449255230571148e16 11 1
ann 6 5 5 13 12 4 1.0217936106336874e-36 44 0
tr 6 5 5 13 12 4 5.640323326443847e8 7 1
tr 6 5 5 13 12 4 7.405886720645833e8 8 2
tr 6 5 5 13 12 4 1.228557136498163e13 9 1
tr 6 5 5 13 12 4 5.522507552923524e12 10 2
tr 6 5 5 13 12 4 2.5647369534819084e16 11 1
ann 6 5 5 13 12 6 2.2188961267655224e-36 44 0
tr 6 5 5 13 12 6 3.0820338176639695e9 7 1
tr 6 5 5 13 12 6 2.448056999324596e9 8 2
tr 6 5 5 13 12 6 2.599080875436112e13 9 1
ann 6 5 5 13 12 8 4.518865857015865e-36 44 0
tr 6 5 5 13 12 8 1.3013031674581234e10 7 1
tr 6 5 5 13 12 8 6.040660128203555e9 8 2
tr 6 5 5 13 12 8 4.0083227786758266e13 9 1
ann 6 5 5 13 12 10 8.706408953969395e-36 44 0
tr 6 5 5 13 12 10 4.5545610861034294e10 7 1
tr 6 5 5 13 12 10 1.0733788381654e10 8 2
tr 6 5 5 13 12 10 4.069989282963142e13 9 1
ann 6 5 5 13 12 12 1.5981172408342612e-35 44 0
tr 6 5 5 13 12 12 1.3813833623786224e11 7 1
tr 6 5 5 13 12 12 9.404843153449198e9 8 2
tr 6 5 5 13 12 12 1.5601625584691977e13 9 1
ann 6 5 5 15 14 2 5.309393858360664e-43 48 0
tr 6 5 5 15 14 2 3.8052293372816987e9 9 1
tr 6 5 5 15 14 2 5.072783383686065e9 10 2
tr 6 5 5 15 14 2 1.8571882247978575e14 11 1
tr 6 5 5 15 14 2 8.740458775139861e13 12 2
tr 6 5 5 15 14 2 8.33230374062565e17 13 1
ann 6 5 5 15 14 4 1.1725758651157537e-42 48 0
tr 6 5 5 15 14 4 2.079286030728939e10 9 1
tr 6 5 5 15 14 4 1.8242509475948044e10 10 2
tr 6 5 5 15 14 4 4.579703710380645e14 11 1
tr 6 5 5 15 14 4 1.528331648681598e14 12 2
tr 6 5 5 15 14 4 1.0623687269297702e18 13 1
ann 6 5 5 15 14 6 2.4266046284606676e-42 48 0
tr 6 5 5 15 14 6 8.779207685299988e10 9 1
tr 6 5 5 15 14 6 5.156147306424994e10 10 2
tr 6 5 5 15 14 6 8.989087861284322e14 11 1
tr 6 5 5 15 14 6 2.1478033524371572e14 12 2
ann 6 5 5 15 14 8 4.7487441273119707e-42 48 0
tr 6 5 5 15 14 8 3.072722689855002e11 9 1
tr 6 5 5 15 14 8 1.187676665881657e11 10 2
tr 6 5 5 15 14 8 1.4198149032182422e15 11 1
ann 6 5 5 15 14 10 8.852390882219548e-42 48 0
tr 6 5 5 15 14 10 9.319466619779999e11 9 1
tr 6 5 5 15 14 10 2.2299235359410654e11 10 2
tr 6 5 5 15 14 10 1.7494147914653332e15 11 1
ann 6 5 5 15 14 12 1.5813746833568366e-41 48 0
tr 6 5 5 15 14 12 2.524022209523749e12 9 1
tr 6 5 5 15 14 12 3.197316834621383e11 10 2
tr 6 5 5 15 14 12 1.486430868565315e15 11 1
ann 6 5 5 15 14 14 2.7204248820972387e-41 48 0
tr 6 5 5 15 14 14 6.235819576470436e12 9 1
tr 6 5 5 15 14 14 2.3559176676157498e11 10 2
tr 6 5 5 15 14 14 4.928691827348123e14 11 1
ann 7 1 1 7 1 1 6.289142468564356e-8 16 0
ann 7 1 1 7 2 1 2.5365054577995556e-8 16 0
tr 7 1 1 7 2 1 1058.3999999999994 2 2
tr 7 1 1 7 2 1 3.630311999999991e7 3 1
ann 7 1 1 7 2 2 1.5853080125315033e-8 16 0
tr 7 1 1 7 2 2 705.5999999999993 2 2
tr 7 1 1 7 2 2 1.210103999999997e7 3 1
ann 7 1 1 7 3 1 1.7686542123856057e-9 18 0
tr 7 1 1 7 3 1 740879.9999999995 2 1
tr 7 1 1 7 3 1 73499.99999999991 3 2
tr 7 1 1 7 3 1 2.3718038399999957e9 4 1
ann 7 1 1 7 3 2 1.8487660480246946e-9 18 0
tr 7 1 1 7 3 2 1.2347999999999993e6 2 1
tr 7 1 1 7 3 2 61249.99999999996 3 2
tr 7 1 1 7 3 2 1.185901919999995e9 4 1
ann 7 1 1 7 3 3 1.8487641848068836e-9 18 0
tr 7 1 1 7 3 3 1.8521999999999977e6 2 1
tr 7 1 1 7 3 3 36749.999999999956 3 2
tr 7 1 1 7 3 3 3.953006399999989e8 4 1
ann 7 1 1 7 4 1 3.740993625904783e-11 20 0
tr 7 1 1 7 4 1 3.851604166666665e7 3 1
tr 7 1 1 7 4 1 3.5948305555555564e6 4 2
tr 7 1 1 7 4 1 9.491168366399985e10 5 1
ann 7 1 1 7 4 2 4.2653938899040844e-11 20 0
tr 7 1 1 7 4 2 5.777406249999996e7 3 1
tr 7 1 1 7 4 2 3.2353474999999967e6 4 2
tr 7 1 1 7 4 2 5.694701019839983e10 5 1
ann 7 1 1 7 4 3 4.7791261105104905e-11 20 0
tr 7 1 1 7 4 3 8.088368749999988e7 3 1
tr 7 1 1 7 4 3 2.5163813888888964e6 4 2
tr 7 1 1 7 4 3 2.8473505099199894e10 5 1
ann 7 1 1 7 4 4 5.2821902877239965e-11 20 0
tr 7 1 1 7 4 4 1.0784491666666648e8 3 1
tr 7 1 1 7 4 4 1.437932222222217e6 4 2
tr 7 1 1 7 4 4 9.491168366399965e9 5 1
ann 7 1 1 7 5 1 3.117810246794853e-13 22 0
tr 7 1 1 7 5 1 1.2970802249999998e9 4 1
tr 7 1 1 7 5 1 9.904976263636363e7 5 2
tr 7 1 1 7 5 1 2.1026588380947668e12 6 1
ann 7 1 1 7 5 2 3.63616829969173e-13 22 0
tr 7 1 1 7 5 2 1.8159123149999995e9 4 1
tr 7 1 1 7 5 2 9.244644512727271e7 5 2
tr 7 1 1 7 5 2 1.4017725587298457e12 6 1
ann 7 1 1 7 5 3 4.182765518940761e-13 22 0
tr 7 1 1 7 5 3 2.4212164199999967e9 4 1
tr 7 1 1 7 5 3 7.923981010909082e7 5 2
tr 7 1 1 7 5 3 8.410635352379059e11 6 1
ann 7 1 1 7 5 4 4.757601904541943e-13 22 0
tr 7 1 1 7 5 4 3.112992539999995e9 4 1
tr 7 1 1 7 5 4 5.9429857581818156e7 5 2
tr 7 1 1 7 5 4 4.2053176761895544e11 6 1
ann 7 1 1 7 5 5 5.360677456495279e-13 22 0
tr 7 1 1 7 5 5 3.8912406749999924e9 4 1
tr 7 1 1 7 5 5 3.3016587545454487e7 5 2
tr 7 1 1 7 5 5 1.4017725587298337e11 6 1
ann 7 1 1 7 6 1 8.90590621704554e-16 24 0
tr 7 1 1 7 6 1 1.8685737721350014e10 5 1
tr 7 1 1 7 6 1 1.147284088246154e9 6 2
tr 7 1 1 7 6 1 1.9732139033745562e13 7 1
ann 7 1 1 7 6 2 1.0422906139718112e-15 24 0
tr 7 1 1 7 6 2 2.4914316961799988e10 5 1
tr 7 1 1 7 6 2 1.0926515126153853e9 6 2
tr 7 1 1 7 6 2 1.4094385024104e13 7 1
ann 7 1 1 7 6 3 1.204905593319303e-15 24 0
tr 7 1 1 7 6 3 3.2032693236600006e10 5 1
tr 7 1 1 7 6 3 9.833863613538439e8 6 2
tr 7 1 1 7 6 3 9.396256682735967e12 7 1
ann 7 1 1 7 6 4 1.3784355597470328e-15 24 0
tr 7 1 1 7 6 4 4.004086654574996e10 5 1
tr 7 1 1 7 6 4 8.194886344615397e8 6 2
tr 7 1 1 7 6 4 5.63775400964158e12 7 1
ann 7 1 1 7 6 5 1.5628805132549978e-15 24 0
tr 7 1 1 7 6 5 4.8938836889250046e10 5 1
tr 7 1 1 7 6 5 6.009583319384624e8 6 2
tr 7 1 1 7 6 5 2.8188770048207964e12 7 1
ann 7 1 1 7 6 6 1.7582404538431983e-15 24 0
tr 7 1 1 7 6 6 5.8726604267100006e10 5 1
tr 7 1 1 7 6 6 3.2779545378461504e8 6 2
ann 7 1 1 8 1 1 1.693522626903611e-7 16 0
tr 7 1 1 8 1 1 78095.283617965 2 1
ann 7 1 1 8 2 1 1.7431317859071798e-8 16 0
tr 7 1 1 8 2 1 137.3448696915202 2 2
tr 7 1 1 8 2 1 2.168568966527323e7 3 1
ann 7 1 1 8 2 2 1.0894519459256987e-8 16 0
tr 7 1 1 8 2 2 91.56324646101342 2 2
tr 7 1 1 8 2 2 7.228563221757743e6 3 1
ann 7 1 1 8 3 1 1.279546749744256e-9 18 0
tr 7 1 1 8 3 1 453667.51256185153 2 1
tr 7 1 1 8 3 1 45006.69767478684 3 2
tr 7 1 1 8 3 1 3.380672025294704e9 4 1
ann 7 1 1 8 3 2 1.3375042871798018e-9 18 0
tr 7 1 1 8 3 2 756112.5209364193 2 1
tr 7 1 1 8 3 2 37505.581395655725 3 2
tr 7 1 1 8 3 2 1.6903360126473477e9 4 1
ann 7 1 1 8 3 3 1.337502942058108e-9 18 0
tr 7 1 1 8 3 3 1.1341687814046282e6 2 1
tr 7 1 1 8 3 3 22503.348837393416 3 2
tr 7 1 1 8 3 3 5.634453375491167e8 4 1
ann 7 1 1 8 4 1 3.014002421844754e-11 20 0
tr 7 1 1 8 4 1 7.15977721135872e7 3 1
tr 7 1 1 8 4 1 6.682458730601478e6 4 2
tr 7 1 1 8 4 1 3.1067170580155225e11 5 1
ann 7 1 1 8 4 2 3.436495436845468e-11 20 0
tr 7 1 1 8 4 2 1.0739665817038082e8 3 1
tr 7 1 1 8 4 2 6.014212857541323e6 4 2
tr 7 1 1 8 4 2 1.8640302348093118e11 5 1
ann 7 1 1 8 4 3 3.85039354120785e-11 20 0
tr 7 1 1 8 4 3 1.50355321438533e8 3 1
tr 7 1 1 8 4 3 4.677721111421048e6 4 2
tr 7 1 1 8 4 3 9.320151174046548e10 5 1
ann 7 1 1 8 4 4 4.255696734931907e-11 20 0
tr 7 1 1 8 4 4 2.0047376191804397e8 3 1
tr 7 1 1 8 4 4 2.67298349224058e6 4 2
tr 7 1 1 8 4 4 3.106717058015516e10 5 1
ann 7 1 1 8 5 1 3.1251853524481255e-13 22 0
tr 7 1 1 8 5 1 6.809458815234309e9 4 1
tr 7 1 1 8 5 1 5.19995036799711e8 5 2
tr 7 1 1 8 5 1 1.6741013025193375e13 6 1
ann 7 1 1 8 5 2 3.644769570739462e-13 22 0
tr 7 1 1 8 5 2 9.53324234132803e9 4 1
tr 7 1 1 8 5 2 4.8532870101306343e8 5 2
tr 7 1 1 8 5 2 1.1160675350128926e13 6 1
ann 7 1 1 8 5 3 4.1926597548577407e-13 22 0
tr 7 1 1 8 5 3 1.2710989788437359e10 4 1
tr 7 1 1 8 5 3 4.159960294397683e8 5 2
tr 7 1 1 8 5 3 6.696405210077343e12 6 1
ann 7 1 1 8 5 4 4.768855904802971e-13 22 0
tr 7 1 1 8 5 4 1.6342701156562313e10 4 1
tr 7 1 1 8 5 4 3.119970220798264e8 5 2
tr 7 1 1 8 5 4 3.3482026050386914e12 6 1
ann 7 1 1 8 5 5 5.373358020575136e-13 22 0
tr 7 1 1 8 5 5 2.042837644570288e10 4 1
tr 7 1 1 8 5 5 1.733316789332367e8 5 2
tr 7 1 1 8 5 5 1.116067535012883e12 6 1
ann 7 1 1 8 6 1 1.4720921699553383e-15 24 0
tr 7 1 1 8 6 1 3.352507516571219e11 5 1
tr 7 1 1 8 6 1 2.058403359206469e10 6 2
tr 7 1 1 8 6 1 4.8992148771952306e14 7 1
ann 7 1 1 8 6 2 1.7228430378250843e-15 24 0
tr 7 1 1 8 6 2 4.470010022094954e11 5 1
tr 7 1 1 8 6 2 1.960384151625209e10 6 2
tr 7 1 1 8 6 2 3.4994391979966006e14 7 1
ann 7 1 1 8 6 3 1.991635716065961e-15 24 0
tr 7 1 1 8 6 3 5.747155742693516e11 5 1
tr 7 1 1 8 6 3 1.7643457364626835e10 6 2
tr 7 1 1 8 6 3 2.3329594653310588e14 7 1
ann 7 1 1 8 6 4 2.2784702046779737e-15 24 0
tr 7 1 1 8 6 4 7.183944678366886e11 5 1
tr 7 1 1 8 6 4 1.470288113718908e10 6 2
tr 7 1 1 8 6 4 1.3997756791986353e14 7 1
ann 7 1 1 8 6 5 2.5833465036611113e-15 24 0
tr 7 1 1 8 6 5 8.780376829115103e11 5 1
tr 7 1 1 8 6 5 1.0782112833938656e10 6 2
tr 7 1 1 8 6 5 6.998878395993192e13 7 1
ann 7 1 1 8 6 6 2.9062646130153865e-15 24 0
tr 7 1 1 8 6 6 1.0536452194938113e12 5 1
tr 7 1 1 8 6 6 5.881152454875618e9 6 2
tr 7 1 1 8 6 6 2.3329594653310527e13 7 1
ann 7 1 1 8 7 1 2.5664075789593015e-18 26 0
tr 7 1 1 8 7 1 6.579149270400255e12 6 1
tr 7 1 1 8 7 1 3.272791091142984e11 7 2
tr 7 1 1 8 7 1 6.017103494731389e15 8 1
ann 7 1 1 8 7 2 2.993114570880334e-18 26 0
tr 7 1 1 8 7 2 8.458906204800308e12 6 1
tr 7 1 1 8 7 2 3.155905695030731e11 7 2
tr 7 1 1 8 7 2 4.512827621048547e15 8 1
ann 7 1 1 8 7 3 3.452012923060087e-18 26 0
tr 7 1 1 8 7 3 1.0573632756000414e13 6 1
tr 7 1 1 8 7 3 2.9221349028062354e11 7 2
tr 7 1 1 8 7 3 3.2234483007489555e15 8 1
ann 7 1 1 8 7 4 3.943102635498554e-18 26 0
tr 7 1 1 8 7 4 1.2923328924000498e13 6 1
tr 7 1 1 8 7 4 2.5714787144694836e11 7 2
tr 7 1 1 8 7 4 2.1489655338326358e15 8 1
ann 7 1 1 8 7 5 4.466383708195743e-18 26 0
tr 7 1 1 8 7 5 1.5507994708800574e13 6 1
tr 7 1 1 8 7 5 2.1039371300204892e11 7 2
tr 7 1 1 8 7 5 1.289379320299578e15 8 1
ann 7 1 1 8 7 6 5.0218561411516484e-18 26 0
tr 7 1 1 8 7 6 1.832763011040069e13 6 1
tr 7 1 1 8 7 6 1.519510149459242e11 7 2
tr 7 1 1 8 7 6 6.44689660149797e14 8 1
ann 7 1 1 8 7 7 5.609519934366266e-18 26 0
tr 7 1 1 8 7 7 2.138223512880079e13 6 1
tr 7 1 1 8 7 7 8.181977727857436e10 7 2
tr 7 1 1 8 7 7 2.1489655338326266e14 8 1
ann 7 1 1 9 8 2 6.5296836370884415e-21 28 0
tr 7 1 1 9 8 2 1.1505484520843045e15 7 1
tr 7 1 1 9 8 2 3.655518865554706e13 8 2
tr 7 1 1 9 8 2 6.37898159056887e17 9 1
ann 7 1 1 9 8 4 8.522491434600134e-21 28 0
tr 7 1 1 9 8 4 1.6874710630569832e15 7 1
tr 7 1 1 9 8 4 3.133301884761177e13 8 2
tr 7 1 1 9 8 4 3.417311566376167e17 9 1
ann 7 1 1 9 8 6 1.0781773770997628e-20 28 0
tr 7 1 1 9 8 6 2.3266646475482585e15 7 1
tr 7 1 1 9 8 6 2.1933113193328215e13 8 2
tr 7 1 1 9 8 6 1.3669246265504669e17 9 1
ann 7 1 1 9 8 8 1.3307530646280961e-20 28 0
tr 7 1 1 9 8 8 3.068129205558149e15 7 1
tr 7 1 1 9 8 8 8.355471692696488e12 8 2
tr 7 1 1 9 8 8 2.278207710917429e16 9 1
ann 7 1 1 11 10 2 1.554840720754789e-26 32 0
tr 7 1 1 11 10 2 4.045732755428553e18 9 1
tr 7 1 1 11 10 2 9.504454067921006e16 10 2
tr 7 1 1 11 10 2 2.567914742786918e21 11 1
ann 7 1 1 11 10 4 1.983494245201833e-26 32 0
tr 7 1 1 11 10 4 5.578207283999978e18 9 1
tr 7 1 1 11 10 4 8.624412024594963e16 10 2
tr 7 1 1 11 10 4 1.59781361773408e21 11 1
ann 7 1 1 11 10 6 2.4651797266385218e-26 32 0
tr 7 1 1 11 10 6 7.355877737142816e18 9 1
tr 7 1 1 11 10 6 7.040336346608145e16 10 2
tr 7 1 1 11 10 6 8.559715809289706e20 11 1
ann 7 1 1 11 10 8 2.9998971650648514e-26 32 0
tr 7 1 1 11 10 8 9.378744114857105e18 9 1
tr 7 1 1 11 10 8 4.7522270339605304e16 10 2
tr 7 1 1 11 10 8 3.423886323715839e20 11 1
ann 7 1 1 11 10 10 3.587646560480815e-26 32 0
tr 7 1 1 11 10 10 1.1646806417142809e19 9 1
tr 7 1 1 11 10 10 1.760084086652032e16 10 2
tr 7 1 1 11 10 10 5.70647720619312e19 11 1
ann 7 1 1 13 12 2 1.7094611319990344e-32 36 0
tr 7 1 1 13 12 2 3.243196001405185e21 11 1
tr 7 1 1 13 12 2 5.809639527121433e19 12 2
tr 7 1 1 13 12 2 2.353341630167411e24 13 1
ann 7 1 1 13 12 4 2.1327854885982023e-32 36 0
tr 7 1 1 13 12 4 4.276741979874982e21 11 1
tr 7 1 1 13 12 4 5.432390207178475e19 12 2
tr 7 1 1 13 12 4 1.6045511114777792e24 13 1
ann 7 1 1 13 12 6 2.6037574620993125e-32 36 0
tr 7 1 1 13 12 6 5.452846024340603e21 11 1
tr 7 1 1 13 12 6 4.753341431281177e19 12 2
tr 7 1 1 13 12 6 9.98387358252842e23 13 1
ann 7 1 1 13 12 8 3.1223770525023615e-32 36 0
tr 7 1 1 13 12 8 6.771508134802067e21 11 1
tr 7 1 1 13 12 8 3.772493199429496e19 12 2
tr 7 1 1 13 12 8 5.348503704925943e23 13 1
ann 7 1 1 13 12 10 3.6886442598073587e-32 36 0
tr 7 1 1 13 12 10 8.232728311259355e21 11 1
tr 7 1 1 13 12 10 2.489845511623488e19 12 2
tr 7 1 1 13 12 10 2.1394014819703755e23 13 1
ann 7 1 1 13 12 12 4.302559084014288e-32 36 0
tr 7 1 1 13 12 12 9.836506553712453e21 11 1
tr 7 1 1 13 12 12 9.053983678630727e18 12 2
tr 7 1 1 13 12 12 3.5656691366172496e22 13 1
ann 7 1 1 15 14 2 9.848489868611957e-39 40 0
tr 7 1 1 15 14 2 9.077903486525359e23 13 1
tr 7 1 1 15 14 2 1.275633897388726e22 14 2
tr 7 1 1 15 14 2 7.393236420640282e26 15 1
ann 7 1 1 15 14 4 1.2047866483366657e-38 40 0
tr 7 1 1 15 14 4 1.1574326945319857e24 13 1
tr 7 1 1 15 14 4 1.2143053446296575e22 14 2
tr 7 1 1 15 14 4 5.362127513870974e26 15 1
ann 7 1 1 15 14 6 1.4472491706779862e-38 40 0
tr 7 1 1 15 14 6 1.437334718699849e24 13 1
tr 7 1 1 15 14 6 1.1039139496633215e22 14 2
tr 7 1 1 15 14 6 3.655996032184761e26 15 1
ann 7 1 1 15 14 8 1.7122365538851608e-38 40 0
tr 7 1 1 15 14 8 1.7474964211561318e24 13 1
tr 7 1 1 15 14 8 9.444597124897374e21 14 2
tr 7 1 1 15 14 8 2.2748419755816382e26 15 1
ann 7 1 1 15 14 10 1.999748797958186e-38 40 0
tr 7 1 1 15 14 10 2.087917801900833e24 13 1
tr 7 1 1 15 14 10 7.35942633108888e21 14 2
tr 7 1 1 15 14 10 1.2186653440615857e26 15 1
ann 7 1 1 15 14 12 2.3097859028970677e-38 40 0
tr 7 1 1 15 14 12 2.4585988609339525e24 13 1
tr 7 1 1 15 14 12 4.783627115207764e21 14 2
tr 7 1 1 15 14 12 4.874661376246347e25 15 1
ann 7 1 1 15 14 14 2.6423478687017973e-38 40 0
tr 7 1 1 15 14 14 2.8595395982554873e24 13 1
tr 7 1 1 15 14 14 1.717199477254054e21 14 2
tr 7 1 1 15 14 14 8.124435627077e24 15 1
ann 7 2 1 7 2 1 7.764810996699045e-10 18 0
ann 7 2 1 7 2 2 9.705947004761813e-10 18 0
tr 7 2 1 7 2 2 1.0188863999999994e6 2 1
tr 7 2 1 7 2 2 72777.59999999992 3 2
ann 7 2 1 7 3 1 1.2801851685309725e-10 20 0
tr 7 2 1 7 3 1 1075.2000000000007 2 2
tr 7 2 1 7 3 1 5.090564629629663e6 3 1
ann 7 2 1 7 3 2 1.369136104472075e-10 20 0
tr 7 2 1 7 3 2 3.817923472222223e7 3 1
tr 7 2 1 7 3 2 5.938992067901247e6 4 2
ann 7 2 1 7 3 3 1.0975958339581244e-10 20 0
tr 7 2 1 7 3 3 2687.9999999999977 2 2
tr 7 2 1 7 3 3 6.363205787037027e7 3 1
ann 7 2 1 7 4 1 3.629391818876053e-12 22 0
tr 7 2 1 7 4 1 646800.0000000009 2 1
tr 7 2 1 7 4 1 64166.66666666665 3 2
ann 7 2 1 7 4 2 3.7804616703433645e-12 22 0
tr 7 2 1 7 4 2 862399.9999999995 2 1
tr 7 2 1 7 4 2 10694.444444444474 3 2
ann 7 2 1 7 4 3 3.880590576072746e-12 22 0
tr 7 2 1 7 4 3 754599.9999999986 2 1
tr 7 2 1 7 4 3 14972.222222222215 3 2
tr 7 2 1 7 4 3 2.4753082215909076e9 4 1
ann 7 2 1 7 4 4 4.146146539696405e-12 22 0
tr 7 2 1 7 4 4 179666.6666666665 3 2
tr 7 2 1 7 4 4 2.7723452081818147e9 4 1
ann 7 2 1 7 5 1 4.4851813212771905e-14 24 0
tr 7 2 1 7 5 1 2.489925925925931e7 3 1
tr 7 2 1 7 5 1 2.3239308641975317e6 4 2
ann 7 2 1 7 5 2 4.7036516085062275e-14 24 0
tr 7 2 1 7 5 2 3.268027777777779e7 3 1
tr 7 2 1 7 5 2 813375.8024691357 4 2
ann 7 2 1 7 5 3 4.804383766591307e-14 24 0
tr 7 2 1 7 5 3 3.485896296296295e7 3 1
tr 7 2 1 7 5 3 5.06315484192424e10 5 1
ann 7 2 1 7 5 4 4.8922975456666336e-14 24 0
tr 7 2 1 7 5 4 2.614422222222218e7 3 1
tr 7 2 1 7 5 4 1.394358518518517e6 4 2
tr 7 2 1 7 5 4 7.442837617628638e10 5 1
ann 7 2 1 7 5 5 5.119994705840104e-14 24 0
tr 7 2 1 7 5 5 6.971792592592587e6 4 2
tr 7 2 1 7 5 5 6.835259036597734e10 5 1
ann 7 2 1 7 6 1 1.8277895583110374e-16 26 0
tr 7 2 1 7 6 1 4.585637159090911e8 4 1
tr 7 2 1 7 6 1 3.501759285123967e7 5 2
ann 7 2 1 7 6 2 1.9494196930593953e-16 26 0
tr 7 2 1 7 6 2 5.869615563636367e8 4 1
tr 7 2 1 7 6 2 1.6808444568595048e7 5 2
ann 7 2 1 7 6 3 2.013040258720449e-16 26 0
tr 7 2 1 7 6 3 6.603317509090904e8 4 1
tr 7 2 1 7 6 3 2.4012063669421375e6 5 2
tr 7 2 1 7 6 3 4.42478711720281e11 6 1
ann 7 2 1 7 6 4 2.0243410093389436e-16 26 0
tr 7 2 1 7 6 4 6.288873818181813e8 4 1
tr 7 2 1 7 6 4 3.0015079586776667e6 5 2
tr 7 2 1 7 6 4 7.227152291431238e11 6 1
ann 7 2 1 7 6 5 1.9953447313243153e-16 26 0
tr 7 2 1 7 6 5 4.323600750000002e8 4 1
tr 7 2 1 7 6 5 3.3016587545454543e7 5 2
tr 7 2 1 7 6 5 8.761078492061534e11 6 1
ann 7 2 1 7 6 6 1.9444072434507111e-16 26 0
tr 7 2 1 7 6 6 1.1005529181818183e8 5 2
tr 7 2 1 7 6 6 7.138656549087174e11 6 1
ann 7 2 1 8 1 1 1.707557652805068e-8 16 0
tr 7 2 1 8 1 1 31.39392859396307 2 2
tr 7 2 1 8 1 1 1.2189876101677839e7 3 1
ann 7 2 1 8 2 1 2.134446626364621e-9 18 0
tr 7 2 1 8 2 1 37584.245714731 2 1
tr 7 2 1 8 2 1 21476.7118369891 3 2
tr 7 2 1 8 2 1 2.407241285614054e9 4 1
ann 7 2 1 8 2 2 6.670099913295748e-10 18 0
tr 7 2 1 8 2 2 225505.4742883854 2 1
tr 7 2 1 8 2 2 16107.533877741816 3 2
tr 7 2 1 8 2 2 7.522629017543908e8 4 1
ann 7 2 1 8 3 1 9.261599936644012e-11 20 0
tr 7 2 1 8 3 1 213.89876356559677 2 2
tr 7 2 1 8 3 1 3.759661107386667e6 3 1
tr 7 2 1 8 3 1 4.475787032603143e6 4 2
tr 7 2 1 8 3 1 2.6597750085754037e11 5 1
ann 7 2 1 8 3 2 9.905122453104587e-11 20 0
tr 7 2 1 8 3 2 2.819745830539982e7 3 1
tr 7 2 1 8 3 2 4.386271291951091e6 4 2
tr 7 2 1 8 3 2 1.276692004116195e11 5 1
ann 7 2 1 8 3 3 7.940643110690765e-11 20 0
tr 7 2 1 8 3 3 534.7469089139911 2 2
tr 7 2 1 8 3 3 4.699576384233293e7 3 1
tr 7 2 1 8 3 3 2.416924997605697e6 4 2
tr 7 2 1 8 3 3 3.7236850120055595e10 5 1
ann 7 2 1 8 4 1 2.924088320368502e-12 22 0
tr 7 2 1 8 4 1 662663.833104186 2 1
tr 7 2 1 8 4 1 65740.45963335165 3 2
tr 7 2 1 8 4 1 2.8426169811598015e8 4 1
ann 7 2 1 8 4 2 3.0458006113351756e-12 22 0
tr 7 2 1 8 4 2 883551.7774722462 2 1
tr 7 2 1 8 4 2 10956.74327222531 3 2
tr 7 2 1 8 4 2 2.3025197547394204e9 4 1
ann 7 2 1 8 4 3 3.126471361671777e-12 22 0
tr 7 2 1 8 4 3 773107.8052882145 2 1
tr 7 2 1 8 4 3 15339.440581115383 3 2
tr 7 2 1 8 4 3 4.974579717029606e9 4 1
ann 7 2 1 8 4 4 3.3404215529344088e-12 22 0
tr 7 2 1 8 4 4 184073.28697338456 3 2
tr 7 2 1 8 4 4 5.571529283073153e9 4 1
tr 7 2 1 8 4 4 1.8909432718308875e8 5 2
tr 7 2 1 8 4 4 1.3520575579066885e12 6 1
ann 7 2 1 8 5 1 4.49579092441355e-14 24 0
tr 7 2 1 8 5 1 8.830882074203421e7 3 1
tr 7 2 1 8 5 1 8.242156602589849e6 4 2
tr 7 2 1 8 5 1 1.3702040711406528e10 5 1
ann 7 2 1 8 5 2 4.714778001345245e-14 24 0
tr 7 2 1 8 5 2 1.1590532722391972e8 3 1
tr 7 2 1 8 5 2 2.8847548109064456e6 4 2
tr 7 2 1 8 5 2 1.1509714197581476e11 5 1
ann 7 2 1 8 5 3 4.8157484398990654e-14 24 0
tr 7 2 1 8 5 3 1.2363234903884757e8 3 1
tr 7 2 1 8 5 3 2.740408142281297e11 5 1
ann 7 2 1 8 5 4 4.903870173337222e-14 24 0
tr 7 2 1 8 5 4 9.272426177913558e7 3 1
tr 7 2 1 8 5 4 4.945293961553902e6 4 2
tr 7 2 1 8 5 4 4.028399969153509e11 5 1
ann 7 2 1 8 5 5 5.132105935079617e-14 24 0
tr 7 2 1 8 5 5 2.472646980776952e7 4 2
tr 7 2 1 8 5 5 3.6995509920797565e11 5 1
tr 7 2 1 8 5 5 8.44766888444071e9 6 2
tr 7 2 1 8 5 5 3.337463555676937e13 7 1
ann 7 2 1 8 6 1 3.021225059664337e-16 26 0
tr 7 2 1 8 6 1 6.177451308572889e9 4 1
tr 7 2 1 8 6 1 4.7173264538192964e8 5 2
tr 7 2 1 8 6 1 3.7290501064244525e11 6 1
ann 7 2 1 8 6 2 3.222272282161042e-16 26 0
tr 7 2 1 8 6 2 7.907137674973303e9 4 1
tr 7 2 1 8 6 2 2.2643166978332636e8 5 2
tr 7 2 1 8 6 2 3.1963286626495205e12 6 1
ann 7 2 1 8 6 3 3.3274332116804717e-16 26 0
tr 7 2 1 8 6 3 8.895529884344952e9 4 1
tr 7 2 1 8 6 3 3.2347381397617884e7 5 2
tr 7 2 1 8 6 3 7.99082165662384e12 6 1
ann 7 2 1 8 6 4 3.346112665076303e-16 26 0
tr 7 2 1 8 6 4 8.471933223185667e9 4 1
tr 7 2 1 8 6 4 4.0434226747022286e7 5 2
tr 7 2 1 8 6 4 1.3051675372485574e13 6 1
ann 7 2 1 8 6 5 3.2981835766361074e-16 26 0
tr 7 2 1 8 6 5 5.824454090940153e9 4 1
tr 7 2 1 8 6 5 4.447764942172481e8 5 2
tr 7 2 1 8 6 5 1.5821826880115152e13 6 1
ann 7 2 1 8 6 6 3.2139869980813147e-16 26 0
tr 7 2 1 8 6 6 1.482588314057494e9 5 2
tr 7 2 1 8 6 6 1.289185893935308e13 6 1
tr 7 2 1 8 6 6 2.049137704253533e11 7 2
ann 7 2 1 8 7 1 7.15605901806498e-19 28 0
tr 7 2 1 8 7 1 1.6567031105342584e11 5 1
tr 7 2 1 8 7 1 1.0171977933159935e10 6 2
tr 7 2 1 8 7 1 4.351212955655783e12 7 1
ann 7 2 1 8 7 2 7.729909477341735e-19 28 0
tr 7 2 1 8 7 2 2.0708788881678198e11 5 1
tr 7 2 1 8 7 2 5.8125588189485235e9 6 2
tr 7 2 1 8 7 2 3.7762312436584234e13 7 1
ann 7 2 1 8 7 3 8.094354155151528e-19 28 0
tr 7 2 1 8 7 3 2.3667187293346576e11 5 1
tr 7 2 1 8 7 3 1.8164246309214175e9 6 2
tr 7 2 1 8 7 3 9.712528918874605e13 7 1
ann 7 2 1 8 7 4 8.220723679335795e-19 28 0
tr 7 2 1 8 7 4 2.4406786896263614e11 5 1
tr 7 2 1 8 7 4 1.6752169879274956e14 7 1
ann 7 2 1 8 7 5 8.086558063363102e-19 28 0
tr 7 2 1 8 7 5 2.169492168556763e11 5 1
tr 7 2 1 8 7 5 2.664089458684732e9 6 2
tr 7 2 1 8 7 5 2.2657387461950625e14 7 1
ann 7 2 1 8 7 6 7.675606706329245e-19 28 0
tr 7 2 1 8 7 6 1.4101699095618964e11 5 1
tr 7 2 1 8 7 6 1.2593877441055141e10 6 2
tr 7 2 1 8 7 6 2.4444492783023503e14 7 1
ann 7 2 1 8 7 7 6.977828392957117e-19 28 0
tr 7 2 1 8 7 7 3.3058928282769726e10 6 2
tr 7 2 1 8 7 7 1.8383874737645812e14 7 1
tr 7 2 1 8 7 7 2.1027307706457559e12 8 2
ann 7 2 1 9 8 2 2.230163022353628e-21 30 0
tr 7 2 1 9 8 2 2.7860672449550598e13 6 1
tr 7 2 1 9 8 2 7.218366187901744e11 7 2
tr 7 2 1 9 8 2 3.709583634736788e15 8 1
ann 7 2 1 9 8 4 2.428612094312746e-21 30 0
tr 7 2 1 9 8 4 3.405193299389533e13 6 1
tr 7 2 1 9 8 4 4.234774830235706e10 7 2
tr 7 2 1 9 8 4 1.7311390295438474e16 8 1
ann 7 2 1 9 8 6 2.3272932418017438e-21 30 0
tr 7 2 1 9 8 6 2.8170235476767836e13 6 1
tr 7 2 1 9 8 6 5.2549705847924774e11 7 2
tr 7 2 1 9 8 6 2.9923974653543524e16 8 1
ann 7 2 1 9 8 8 1.8278354906684473e-21 30 0
tr 7 2 1 9 8 8 3.772799394209975e12 7 2
tr 7 2 1 9 8 8 2.119762076992456e16 8 1
tr 7 2 1 9 8 8 1.7967298788130088e14 9 2
ann 7 2 1 11 10 2 8.422007185393338e-27 34 0
tr 7 2 1 11 10 2 9.338370562427006e16 8 1
tr 7 2 1 11 10 2 1.9459792925426572e15 9 2
tr 7 2 1 11 10 2 8.142080149051335e18 10 1
ann 7 2 1 11 10 4 9.44981388410156e-27 34 0
tr 7 2 1 11 10 4 1.1588068925193499e17 8 1
tr 7 2 1 11 10 4 4.9281293772183775e14 9 2
tr 7 2 1 11 10 4 4.0224556456527544e19 10 1
ann 7 2 1 11 10 6 9.623649112323835e-27 34 0
tr 7 2 1 11 10 6 1.188519889763436e17 8 1
tr 7 2 1 11 10 6 7.220702384202962e13 9 2
tr 7 2 1 11 10 6 8.10857364638042e19 10 1
ann 7 2 1 11 10 8 8.553310441109615e-27 34 0
tr 7 2 1 11 10 8 8.659216339705038e16 8 1
tr 7 2 1 11 10 8 2.3015988849646355e15 9 2
tr 7 2 1 11 10 8 1.0177600186314285e20 10 1
ann 7 2 1 11 10 10 5.8011929326025885e-27 34 0
tr 7 2 1 11 10 10 9.260550807740092e15 9 2
tr 7 2 1 11 10 10 6.047923732114311e19 10 1
tr 7 2 1 11 10 10 3.0269111641144877e17 11 2
tr 7 2 1 11 10 10 6.430402709461222e20 12 1
ann 7 2 1 13 12 2 1.3411859459659635e-32 38 0
tr 7 2 1 13 12 2 7.134870396323248e19 10 1
tr 7 2 1 13 12 2 1.1810799876773916e18 11 2
tr 7 2 1 13 12 2 4.592383084626139e21 12 1
ann 7 2 1 13 12 4 1.5233732693470124e-32 38 0
tr 7 2 1 13 12 4 8.78137894932095e19 10 1
tr 7 2 1 13 12 4 4.80700035684732e17 11 2
tr 7 2 1 13 12 4 2.337940479446051e22 12 1
ann 7 2 1 13 12 6 1.6100778778410978e-32 38 0
tr 7 2 1 13 12 6 9.596792708900743e19 10 1
tr 7 2 1 13 12 6 2.451570181992149e16 11 2
tr 7 2 1 13 12 6 5.051621393088767e22 12 1
ann 7 2 1 13 12 8 1.554234144344266e-32 38 0
tr 7 2 1 13 12 8 8.938189287701686e19 10 1
tr 7 2 1 13 12 8 2.739990203402995e17 11 2
tr 7 2 1 13 12 8 7.455167345172325e22 12 1
ann 7 2 1 13 12 10 1.3024576253175767e-32 38 0
tr 7 2 1 13 12 10 6.037198027658151e19 10 1
tr 7 2 1 13 12 10 1.813681234638494e18 11 2
tr 7 2 1 13 12 10 7.894525207381146e22 12 1
ann 7 2 1 13 12 12 7.950450607871157e-33 38 0
tr 7 2 1 13 12 12 5.351152797242445e18 11 2
tr 7 2 1 13 12 12 4.2067024273025685e22 12 1
tr 7 2 1 13 12 12 1.3411054713294037e20 13 2
tr 7 2 1 13 12 12 3.5065499433621965e23 14 1
ann 7 2 1 15 14 2 1.0530187057158671e-38 42 0
tr 7 2 1 15 14 2 1.915983545723384e22 12 1
tr 7 2 1 15 14 2 2.5459230189377123e20 13 2
tr 7 2 1 15 14 2 9.659941426656594e23 14 1
ann 7 2 1 15 14 4 1.1996364544472416e-38 42 0
tr 7 2 1 15 14 4 2.3265514483784022e22 12 1
tr 7 2 1 15 14 4 1.3145168645300375e20 13 2
tr 7 2 1 15 14 4 5.006450412469157e24 14 1
ann 7 2 1 15 14 6 1.2932021343680263e-38 42 0
tr 7 2 1 15 14 6 2.600263383481732e22 12 1
tr 7 2 1 15 14 6 2.998297770236542e19 13 2
tr 7 2 1 15 14 6 1.1238970313706242e25 14 1
ann 7 2 1 15 14 8 1.3069100159925404e-38 42 0
tr 7 2 1 15 14 8 2.6344773753696497e22 12 1
tr 7 2 1 15 14 8 4.050332075582878e18 13 2
tr 7 2 1 15 14 8 1.7880180044532651e25 14 1
ann 7 2 1 15 14 10 1.2103866873686573e-38 42 0
tr 7 2 1 15 14 10 2.3083039860381706e22 12 1
tr 7 2 1 15 14 10 1.209839451148088e20 13 2
tr 7 2 1 15 14 10 2.2354095224506686e25 14 1
ann 7 2 1 15 14 12 9.696910540777932e-39 42 0
tr 7 2 1 15 14 12 1.4826063151430946e22 12 1
tr 7 2 1 15 14 12 4.6158005147063026e20 13 2
tr 7 2 1 15 14 12 2.129212089458898e25 14 1
ann 7 2 1 15 14 14 5.473143392349182e-39 42 0
tr 7 2 1 15 14 14 1.1201009249020622e21 13 2
tr 7 2 1 15 14 14 1.0533051517142911e25 14 1
tr 7 2 1 15 14 14 2.265660552978301e22 15 2
tr 7 2 1 15 14 14 7.1624702192730115e25 16 1
ann 7 2 2 7 2 2 4.852973502380916e-10 18 0
ann 7 2 2 7 3 1 1.0655833106132203e-10 20 0
tr 7 2 2 7 3 1 1612.7999999999986 2 2
tr 7 2 2 7 3 1 6.108677555555553e7 3 1
ann 7 2 2 7 3 2 1.3319768865422593e-10 20 0
tr 7 2 2 7 3 2 2687.999999999998 2 2
tr 7 2 2 7 3 2 5.090564629629619e7 3 1
ann 7 2 2 7 3 3 1.8007389917105367e-10 20 0
tr 7 2 2 7 3 3 2687.999999999998 2 2
tr 7 2 2 7 3 3 2.5452823148148134e7 3 1
ann 7 2 2 7 4 1 3.2404816711132654e-12 22 0
tr 7 2 2 7 4 1 107799.9999999995 2 1
tr 7 2 2 7 4 1 85555.55555555555 3 2
tr 7 2 2 7 4 1 2.8289236818181806e9 4 1
ann 7 2 2 7 4 2 4.251913127919567e-12 22 0
tr 7 2 2 7 4 2 323399.9999999997 2 1
tr 7 2 2 7 4 2 128333.33333333321 3 2
tr 7 2 2 7 4 2 2.5460313136363587e9 4 1
ann 7 2 2 7 4 3 5.417624584505908e-12 22 0
tr 7 2 2 7 4 3 754599.9999999986 2 1
tr 7 2 2 7 4 3 149722.22222222225 3 2
tr 7 2 2 7 4 3 1.7822219195454519e9 4 1
ann 7 2 2 7 4 4 6.68910262931541e-12 22 0
tr 7 2 2 7 4 4 1.509199999999998e6 2 1
tr 7 2 2 7 4 4 119777.77777777748 3 2
ann 7 2 2 7 5 1 3.547929005181734e-14 24 0
tr 7 2 2 7 5 1 4.668611111111099e6 3 1
tr 7 2 2 7 5 1 2.904913580246912e6 4 2
tr 7 2 2 7 5 1 7.594732262886362e10 5 1
ann 7 2 2 7 5 2 4.723802626403109e-14 24 0
tr 7 2 2 7 5 2 1.0893425925925918e7 3 1
tr 7 2 2 7 5 2 4.0668790123456786e6 4 2
tr 7 2 2 7 5 2 7.088416778693942e10 5 1
ann 7 2 2 7 5 3 6.09229668151191e-14 24 0
tr 7 2 2 7 5 3 2.1786851851851825e7 3 1
tr 7 2 2 7 5 3 4.880254814814807e6 4 2
tr 7 2 2 7 5 3 5.670733422955147e10 5 1
ann 7 2 2 7 5 4 7.630752551674624e-14 24 0
tr 7 2 2 7 5 4 3.921633333333326e7 3 1
tr 7 2 2 7 5 4 4.880254814814812e6 4 2
tr 7 2 2 7 5 4 3.645471486185461e10 5 1
ann 7 2 2 7 5 5 9.304591115564285e-14 24 0
tr 7 2 2 7 5 5 6.536055555555543e7 3 1
tr 7 2 2 7 5 5 3.4858962962962934e6 4 2
ann 7 2 2 7 6 1 1.2645997118201877e-16 26 0
tr 7 2 2 7 6 1 9.171274318181813e7 4 1
tr 7 2 2 7 6 1 4.2021111421487555e7 5 2
tr 7 2 2 7 6 1 8.672582749717474e11 6 1
ann 7 2 2 7 6 2 1.6795062561651682e-16 26 0
tr 7 2 2 7 6 2 1.8342548636363596e8 4 1
tr 7 2 2 7 6 2 5.602814856198349e7 5 2
tr 7 2 2 7 6 2 8.259602618778552e11 6 1
ann 7 2 2 7 6 3 2.1705039095367293e-16 26 0
tr 7 2 2 7 6 3 3.301658754545456e8 4 1
tr 7 2 2 7 6 3 6.72337782743801e7 5 2
tr 7 2 2 7 6 3 7.07965938752447e11 6 1
ann 7 2 2 7 6 4 2.7387059401404303e-16 26 0
tr 7 2 2 7 6 4 5.502764590909084e8 4 1
tr 7 2 2 7 6 4 7.203619100826445e7 5 2
tr 7 2 2 7 6 4 5.309744540643343e11 6 1
ann 7 2 2 7 6 5 3.3836423580906607e-16 26 0
tr 7 2 2 7 6 5 8.647201500000012e8 4 1
tr 7 2 2 7 6 5 6.603317509090911e7 5 2
ann 7 2 2 7 6 6 4.103259915410633e-16 26 0
tr 7 2 2 7 6 6 1.2970802249999986e9 4 1
tr 7 2 2 7 6 6 4.402211672727268e7 5 2
ann 7 2 2 8 1 1 1.067218222869601e-8 16 0
tr 7 2 2 8 1 1 20.9292857293087 2 2
tr 7 2 2 8 1 1 4.063292033892614e6 3 1
ann 7 2 2 8 2 1 6.670099913295743e-10 18 0
tr 7 2 2 8 2 1 225505.4742883853 2 1
tr 7 2 2 8 2 1 16107.533877741822 3 2
tr 7 2 2 8 2 1 7.522629017543908e8 4 1
ann 7 2 2 8 2 2 1.3340199826591518e-9 18 0
tr 7 2 2 8 2 2 150336.9828589234 2 1
tr 7 2 2 8 2 2 5369.1779592472685 3 2
tr 7 2 2 8 2 2 1.50452580350879e8 4 1
ann 7 2 2 8 3 1 7.709045983085962e-11 20 0
tr 7 2 2 8 3 1 320.84814534839467 2 2
tr 7 2 2 8 3 1 4.511593328863969e7 3 1
tr 7 2 2 8 3 1 3.580629626082513e6 4 2
tr 7 2 2 8 3 1 7.979325025726208e10 5 1
ann 7 2 2 8 3 2 9.636291218307942e-11 20 0
tr 7 2 2 8 3 2 534.7469089139912 2 2
tr 7 2 2 8 3 2 3.759661107386634e7 3 1
tr 7 2 2 8 3 2 1.7903148130412593e6 4 2
tr 7 2 2 8 3 2 2.6597750085754032e10 5 1
ann 7 2 2 8 3 3 1.3027587433542357e-10 20 0
tr 7 2 2 8 3 3 534.7469089139912 2 2
tr 7 2 2 8 3 3 1.8798305536933195e7 3 1
tr 7 2 2 8 3 3 537094.4439123722 4 2
tr 7 2 2 8 3 3 5.319550017150778e9 5 1
ann 7 2 2 8 4 1 2.6107554821312637e-12 22 0
tr 7 2 2 8 4 1 110443.97218403034 2 1
tr 7 2 2 8 4 1 87653.94617780222 3 2
tr 7 2 2 8 4 1 5.68523396231955e9 4 1
ann 7 2 2 8 4 2 3.42563441225878e-12 22 0
tr 7 2 2 8 4 2 331331.9165520922 2 1
tr 7 2 2 8 4 2 131480.91926670325 3 2
tr 7 2 2 8 4 2 5.116710566087588e9 4 1
ann 7 2 2 8 4 3 4.3648119507302734e-12 22 0
tr 7 2 2 8 4 3 773107.8052882145 2 1
tr 7 2 2 8 4 3 153394.40581115393 3 2
tr 7 2 2 8 4 3 3.581697396261312e9 4 1
ann 7 2 2 8 4 4 5.389202348526132e-12 22 0
tr 7 2 2 8 4 4 1.5462156105764296e6 2 1
tr 7 2 2 8 4 4 122715.5246489228 3 2
tr 7 2 2 8 4 4 1.5918655094494712e9 4 1
ann 7 2 2 8 5 1 3.5563215491889204e-14 24 0
tr 7 2 2 8 5 1 1.6557903889131337e7 3 1
tr 7 2 2 8 5 1 1.03026957532373e7 4 2
tr 7 2 2 8 5 1 4.110612213421945e11 5 1
ann 7 2 2 8 5 2 4.734976676526793e-14 24 0
tr 7 2 2 8 5 2 3.863510907463986e7 3 1
tr 7 2 2 8 5 2 1.4423774054532228e7 4 2
tr 7 2 2 8 5 2 3.836571399193819e11 5 1
ann 7 2 2 8 5 3 6.10670787922405e-14 24 0
tr 7 2 2 8 5 3 7.727021814927968e7 3 1
tr 7 2 2 8 5 3 1.7308528865438644e7 4 2
tr 7 2 2 8 5 3 3.0692571193550507e11 5 1
ann 7 2 2 8 5 4 7.648802940748179e-14 24 0
tr 7 2 2 8 5 4 1.3908639266870335e8 3 1
tr 7 2 2 8 5 4 1.7308528865438662e7 4 2
tr 7 2 2 8 5 4 1.9730938624425372e11 5 1
ann 7 2 2 8 5 5 9.326600944527218e-14 24 0
tr 7 2 2 8 5 5 2.318106544478389e8 3 1
tr 7 2 2 8 5 5 1.2363234903884755e7 4 2
tr 7 2 2 8 5 5 8.221224426843855e10 5 1
ann 7 2 2 8 6 1 2.0903064656640437e-16 26 0
tr 7 2 2 8 6 1 1.2354902617145772e9 4 1
tr 7 2 2 8 6 1 5.66079174458315e8 5 2
tr 7 2 2 8 6 1 1.5662010446982662e13 6 1
ann 7 2 2 8 6 2 2.7761217686061186e-16 26 0
tr 7 2 2 8 6 2 2.4709805234291496e9 4 1
tr 7 2 2 8 6 2 7.547722326110877e8 5 2
tr 7 2 2 8 6 2 1.4916200425697787e13 6 1
ann 7 2 2 8 6 3 3.5877110511589733e-16 26 0
tr 7 2 2 8 6 3 4.447764942172481e9 4 1
tr 7 2 2 8 6 3 9.057266791333041e8 5 2
tr 7 2 2 8 6 3 1.27853146505981e13 6 1
ann 7 2 2 8 6 4 4.526914478291925e-16 26 0
tr 7 2 2 8 6 4 7.412941570287456e9 4 1
tr 7 2 2 8 6 4 9.70421441928541e8 5 2
tr 7 2 2 8 6 4 9.588985987948557e12 6 1
ann 7 2 2 8 6 5 5.592955185615844e-16 26 0
tr 7 2 2 8 6 5 1.164890818188032e10 4 1
tr 7 2 2 8 6 5 8.895529884344964e8 5 2
tr 7 2 2 8 6 5 5.859935881524135e12 6 1
ann 7 2 2 8 6 6 6.782439279383108e-16 26 0
tr 7 2 2 8 6 6 1.747336227282044e10 4 1
tr 7 2 2 8 6 6 5.930353256229967e8 5 2
tr 7 2 2 8 6 6 2.3439743526096426e12 6 1
ann 7 2 2 8 7 1 4.4042525902643795e-19 28 0
tr 7 2 2 8 7 1 3.451464813613033e10 5 1
tr 7 2 2 8 7 1 1.1867307588686579e10 6 2
tr 7 2 2 8 7 1 2.436679255167251e14 7 1
ann 7 2 2 8 7 2 5.79661000363092e-19 28 0
tr 7 2 2 8 7 2 6.2126366645034424e10 5 1
tr 7 2 2 8 7 2 1.5257966899739878e10 6 2
tr 7 2 2 8 7 2 2.3496549960541378e14 7 1
ann 7 2 2 8 7 3 7.455019967963648e-19 28 0
tr 7 2 2 8 7 3 1.03543944408391e11 5 1
tr 7 2 2 8 7 3 1.8164246309214165e10 6 2
tr 7 2 2 8 7 3 2.097906246476907e14 7 1
ann 7 2 2 8 7 4 9.397698035358831e-19 28 0
tr 7 2 2 8 7 4 1.6271191264175745e11 5 1
tr 7 2 2 8 7 4 1.9980670940135548e10 6 2
tr 7 2 2 8 7 4 1.7094050897219238e14 7 1
ann 7 2 2 8 7 5 1.1641307411505933e-18 28 0
tr 7 2 2 8 7 5 2.4406786896263565e11 5 1
tr 7 2 2 8 7 5 1.998067094013556e10 6 2
tr 7 2 2 8 7 5 1.2307716645997834e14 7 1
ann 7 2 2 8 7 6 1.4200958955687646e-18 28 0
tr 7 2 2 8 7 6 3.525424773904743e11 5 1
tr 7 2 2 8 7 6 1.7316581481450848e10 6 2
tr 7 2 2 8 7 6 7.272741654453305e13 7 1
ann 7 2 2 8 7 7 1.7090211180779844e-18 28 0
tr 7 2 2 8 7 7 4.935594683466634e11 5 1
tr 7 2 2 8 7 7 1.101964276092323e10 6 2
tr 7 2 2 8 7 7 2.828288421176273e13 7 1
ann 7 2 2 9 8 2 1.4876503793522063e-21 30 0
tr 7 2 2 9 8 2 8.126029464452243e12 6 1
tr 7 2 2 9 8 2 1.6169140260899905e12 7 2
tr 7 2 2 9 8 2 2.9676669077894384e16 8 1
ann 7 2 2 9 8 4 2.3801488808820878e-21 30 0
tr 7 2 2 9 8 4 1.9154212309066043e13 6 1
tr 7 2 2 9 8 4 2.1173874151178428e12 7 2
tr 7 2 2 9 8 4 2.3317382846916976e16 8 1
ann 7 2 2 9 8 6 3.5843108338236124e-21 30 0
tr 7 2 2 9 8 6 3.8734073780555766e13 6 1
tr 7 2 2 9 8 6 2.1019882339169873e12 7 2
tr 7 2 2 9 8 6 1.2859889933754206e16 8 1
ann 7 2 2 9 8 8 5.148577198267985e-21 30 0
tr 7 2 2 9 8 8 7.042558869191964e13 6 1
tr 7 2 2 9 8 8 1.0779426840599943e12 7 2
tr 7 2 2 9 8 8 2.8263494359899185e15 8 1
ann 7 2 2 11 10 2 4.6948448897848885e-27 34 0
tr 7 2 2 11 10 2 2.626416720682591e16 8 1
tr 7 2 2 11 10 2 3.57424768018038e15 9 2
tr 7 2 2 11 10 2 9.951431293285057e19 10 1
ann 7 2 2 11 10 4 7.260825555799739e-27 34 0
tr 7 2 2 11 10 4 5.311198257380355e16 8 1
tr 7 2 2 11 10 4 4.599587418737176e15 9 2
tr 7 2 2 11 10 4 8.537456880569121e19 10 1
ann 7 2 2 11 10 6 1.07085507297033e-26 34 0
tr 7 2 2 11 10 6 9.656724104327898e16 8 1
tr 7 2 2 11 10 6 5.054491668941964e15 9 2
tr 7 2 2 11 10 6 6.031170480778812e19 10 1
ann 7 2 2 11 10 8 1.520349505790476e-26 34 0
tr 7 2 2 11 10 8 1.6236030636946934e17 8 1
tr 7 2 2 11 10 8 4.419069859132122e15 9 2
tr 7 2 2 11 10 8 3.0758969451971764e19 10 1
ann 7 2 2 11 10 10 2.09229838140397e-26 34 0
tr 7 2 2 11 10 10 2.5707048508499312e17 8 1
tr 7 2 2 11 10 10 2.0579001794977952e15 9 2
tr 7 2 2 11 10 10 6.366235507488737e18 10 1
ann 7 2 2 13 12 2 6.576014759592094e-33 38 0
tr 7 2 2 13 12 2 1.96208935898889e19 10 1
tr 7 2 2 13 12 2 1.9247229428816676e18 11 2
tr 7 2 2 13 12 2 7.960130680018646e22 12 1
ann 7 2 2 13 12 4 9.82492284195913e-33 38 0
tr 7 2 2 13 12 4 3.5674351981616247e19 10 1
tr 7 2 2 13 12 4 2.422728179851051e18 11 2
tr 7 2 2 13 12 4 7.15696065136542e22 12 1
ann 7 2 2 13 12 6 1.412145090180383e-32 38 0
tr 7 2 2 13 12 6 5.997995443062958e19 10 1
tr 7 2 2 13 12 6 2.745758603831194e18 11 2
tr 7 2 2 13 12 6 5.677855450083241e22 12 1
ann 7 2 2 13 12 8 1.9661434471927272e-32 38 0
tr 7 2 2 13 12 8 9.496826118183035e19 10 1
tr 7 2 2 13 12 8 2.73999020340298e18 11 2
tr 7 2 2 13 12 8 3.777284788220647e22 12 1
ann 7 2 2 13 12 10 2.665650612621815e-32 38 0
tr 7 2 2 13 12 10 1.4338345315688127e20 10 1
tr 7 2 2 13 12 10 2.2208341648634737e18 11 2
tr 7 2 2 13 12 10 1.8369532338504565e22 12 1
ann 7 2 2 13 12 12 3.533409547965244e-32 38 0
tr 7 2 2 13 12 12 2.082833319542061e20 10 1
tr 7 2 2 13 12 12 9.729368722258962e17 11 2
tr 7 2 2 13 12 12 3.6580021106978597e21 12 1
ann 7 2 2 15 14 2 4.694167025946474e-39 42 0
tr 7 2 2 15 14 2 5.18912210300083e21 12 1
tr 7 2 2 15 14 2 3.829404871460038e20 13 2
tr 7 2 2 15 14 2 2.2539863328865483e25 14 1
ann 7 2 2 15 14 4 6.795084110889593e-39 42 0
tr 7 2 2 15 14 4 8.724567931418971e21 12 1
tr 7 2 2 15 14 4 4.7215299623935875e20 13 2
tr 7 2 2 15 14 4 2.0843181309055272e25 14 1
ann 7 2 2 15 14 6 9.523575193753786e-39 42 0
tr 7 2 2 15 14 6 1.3813899224746702e22 12 1
tr 7 2 2 15 14 6 5.396935986425831e20 13 2
tr 7 2 2 15 14 6 1.764796991408425e25 14 1
ann 7 2 2 15 14 8 1.299137090655212e-38 42 0
tr 7 2 2 15 14 8 2.0856279221676395e22 12 1
tr 7 2 2 15 14 8 5.670464905815858e20 13 2
tr 7 2 2 15 14 8 1.3350534433251134e25 14 1
ann 7 2 2 15 14 10 1.7319121087463802e-38 42 0
tr 7 2 2 15 14 10 3.0296489816751012e22 12 1
tr 7 2 2 15 14 10 5.32329358505162e20 13 2
tr 7 2 2 15 14 10 8.545332800503959e24 14 1
ann 7 2 2 15 14 12 2.2636394780834214e-38 42 0
tr 7 2 2 15 14 12 4.262493156036396e22 12 1
tr 7 2 2 15 14 12 4.1029337908500614e20 13 2
tr 7 2 2 15 14 12 4.0249755944402664e24 14 1
ann 7 2 2 15 14 14 2.9081680237174767e-38 42 0
tr 7 2 2 15 14 14 5.837762365875927e22 12 1
tr 7 2 2 15 14 14 1.7232321921570164e20 13 2
tr 7 2 2 15 14 14 7.802260383068715e23 14 1
ann 7 3 1 7 3 1 1.8514382718868e-12 22 0
ann 7 3 1 7 3 2 5.233816510904879e-12 22 0
tr 7 3 1 7 3 2 470596.0 2 1
ann 7 3 1 7 3 3 4.214343365330894e-12 22 0
tr 7 3 1 7 3 3 313730.66666666634 2 1
tr 7 3 1 7 3 3 224093.33333333334 3 2
ann 7 3 1 7 4 1 1.9874526527806448e-13 24 0
tr 7 3 1 7 4 1 924.0000000000003 2 2
tr 7 3 1 7 4 1 1.023153409090916e7 3 1
ann 7 3 1 7 4 2 1.9901450163064198e-13 24 0
tr 7 3 1 7 4 2 308.00000000000074 2 2
tr 7 3 1 7 4 2 2.728409090909095e7 3 1
ann 7 3 1 7 4 3 1.5147406339304803e-13 24 0
tr 7 3 1 7 4 3 4312.000000000001 2 2
tr 7 3 1 7 4 3 9.549431818181828e6 3 1
ann 7 3 1 7 4 4 1.2526403999433473e-13 24 0
tr 7 3 1 7 4 4 2.8648295454545382e7 3 1
tr 7 3 1 7 4 4 1.3751181818181807e7 4 2
ann 7 3 1 7 5 1 2.7052727684334474e-15 26 0
tr 7 3 1 7 5 1 411600.00000000076 2 1
tr 7 3 1 7 5 1 40833.333333333336 3 2
ann 7 3 1 7 5 2 2.8203982380952742e-15 26 0
tr 7 3 1 7 5 2 480200.0000000002 2 1
ann 7 3 1 7 5 3 2.656168713156803e-15 26 0
tr 7 3 1 7 5 3 320133.33333333296 2 1
tr 7 3 1 7 5 3 57166.66666666664 3 2
ann 7 3 1 7 5 4 2.2275925545181727e-15 26 0
tr 7 3 1 7 5 4 171499.99999999985 3 2
tr 7 3 1 7 5 4 6.725601166666645e7 4 1
ann 7 3 1 7 5 5 1.6829563098804133e-15 26 0
tr 7 3 1 7 5 5 1.3451202333333313e9 4 1
tr 7 3 1 7 5 5 4.1087308945454514e8 5 2
ann 7 3 1 7 6 1 1.3254626337087577e-17 28 0
tr 7 3 1 7 6 1 8.665225168350184e6 3 1
tr 7 3 1 7 6 1 808754.3490460168 4 2
ann 7 3 1 7 6 2 1.3862010612059638e-17 28 0
tr 7 3 1 7 6 2 1.0398270202020196e7 3 1
ann 7 3 1 7 6 3 1.3720463439142013e-17 28 0
tr 7 3 1 7 6 3 9.358443181818178e6 3 1
tr 7 3 1 7 6 3 291151.56565656565 4 2
ann 7 3 1 7 6 4 1.2729302771302654e-17 28 0
tr 7 3 1 7 6 4 5.199135101010091e6 3 1
tr 7 3 1 7 6 4 1.7330450336700317e6 4 2
ann 7 3 1 7 6 5 1.0713889445968525e-17 28 0
tr 7 3 1 7 6 5 3.050159259259257e6 4 2
ann 7 3 1 7 6 6 7.323082359772462e-18 28 0
tr 7 3 1 7 6 6 2.4159337659927208e10 5 1
tr 7 3 1 7 6 6 4.854623580016782e9 6 2
ann 7 3 1 8 1 1 1.1906455860105799e-9 18 0
tr 7 3 1 8 1 1 58122.5409427262 2 1
tr 7 3 1 8 1 1 5766.1250935244225 3 2
tr 7 3 1 8 1 1 1.0672270703285298e9 4 1
ann 7 3 1 8 2 1 8.797660740091516e-11 20 0
tr 7 3 1 8 2 1 22.105986546934172 2 2
tr 7 3 1 8 2 1 1.5439364614907722e6 3 1
tr 7 3 1 8 2 1 1.838019597012811e6 4 2
tr 7 3 1 8 2 1 1.482417528219633e11 5 1
ann 7 3 1 8 2 2 7.322878478668372e-11 20 0
tr 7 3 1 8 2 2 33.15897982040121 2 2
tr 7 3 1 8 2 2 1.8527237537889138e7 3 1
tr 7 3 1 8 2 2 1.4704156776102486e6 4 2
tr 7 3 1 8 2 2 4.4472525846588974e10 5 1
ann 7 3 1 8 3 1 5.35775010162661e-12 22 0
tr 7 3 1 8 3 1 66648.06319901683 2 1
tr 7 3 1 8 3 1 26447.644126593852 3 2
tr 7 3 1 8 3 1 4.81658062035624e7 4 1
ann 7 3 1 8 3 2 3.786445579200832e-12 22 0
tr 7 3 1 8 3 2 111080.10533169415 2 1
tr 7 3 1 8 3 2 1.5413057985139728e9 4 1
ann 7 3 1 8 3 3 3.048899727575525e-12 22 0
tr 7 3 1 8 3 3 74053.40355446267 2 1
tr 7 3 1 8 3 3 52895.288253187675 3 2
tr 7 3 1 8 3 3 2.6009535349923253e9 4 1
ann 7 3 1 8 4 1 1.6012289053896726e-13 24 0
tr 7 3 1 8 4 1 299.7153663688342 2 2
tr 7 3 1 8 4 1 9.821917250467427e6 3 1
tr 7 3 1 8 4 1 6.061526074574147e6 4 2
ann 7 3 1 8 4 2 1.603398059336368e-13 24 0
tr 7 3 1 8 4 2 99.90512212294495 2 2
tr 7 3 1 8 4 2 2.6191779334579673e7 3 1
tr 7 3 1 8 4 2 1.077604635479847e6 4 2
tr 7 3 1 8 4 2 8.009781832351698e10 5 1
ann 7 3 1 8 4 3 1.2203795091854333e-13 24 0
tr 7 3 1 8 4 3 1398.6717097212259 2 2
tr 7 3 1 8 4 3 9.167122767102882e6 3 1
tr 7 3 1 8 4 3 1.8858081120897327e6 4 2
tr 7 3 1 8 4 3 2.0802040215766846e11 5 1
ann 7 3 1 8 4 4 1.009213482007309e-13 24 0
tr 7 3 1 8 4 4 2.7501368301308542e7 3 1
tr 7 3 1 8 4 4 1.3200656784628121e7 4 2
tr 7 3 1 8 4 4 2.0377508782791977e11 5 1
ann 7 3 1 8 5 1 2.7116720392107993e-15 26 0
tr 7 3 1 8 5 1 791232.4332111394 2 1
tr 7 3 1 8 5 1 78495.28107253356 3 2
tr 7 3 1 8 5 1 8.724039515470659e8 4 1
ann 7 3 1 8 5 2 2.8270698357468825e-15 26 0
tr 7 3 1 8 5 2 923104.505412995 2 1
tr 7 3 1 8 5 2 2.584046084582369e9 4 1
ann 7 3 1 8 5 3 2.6624518293327114e-15 26 0
tr 7 3 1 8 5 3 615403.0036086623 2 1
tr 7 3 1 8 5 3 109893.39350154692 3 2
tr 7 3 1 8 5 3 2.452824994349671e9 4 1
ann 7 3 1 8 5 4 2.2328618815642988e-15 26 0
tr 7 3 1 8 5 4 329680.1805046407 3 2
tr 7 3 1 8 5 4 2.1197253037589666e8 4 1
tr 7 3 1 8 5 4 4.6043002961649454e8 5 2
tr 7 3 1 8 5 4 1.234858395595827e13 6 1
ann 7 3 1 8 5 5 1.6869373046131624e-15 26 0
tr 7 3 1 8 5 5 4.2394506075179415e9 4 1
tr 7 3 1 8 5 5 1.2949594582963905e9 5 2
tr 7 3 1 8 5 5 9.261437966968686e12 6 1
ann 7 3 1 8 6 1 2.190909185638209e-17 28 0
tr 7 3 1 8 6 1 7.793688880953829e7 3 1
tr 7 3 1 8 6 1 7.274109622223571e6 4 2
tr 7 3 1 8 6 1 4.038762661183995e10 5 1
ann 7 3 1 8 6 2 2.29130611547562e-17 28 0
tr 7 3 1 8 6 2 9.352426657144576e7 3 1
tr 7 3 1 8 6 2 581928.769777884 4 2
tr 7 3 1 8 6 2 1.211628798355196e11 5 1
ann 7 3 1 8 6 3 2.2679092276841363e-17 28 0
tr 7 3 1 8 6 3 8.417183991430116e7 3 1
tr 7 3 1 8 6 3 2.618679464000482e6 4 2
tr 7 3 1 8 6 3 1.557808455028114e11 5 1
ann 7 3 1 8 6 4 2.1040763915695633e-17 28 0
tr 7 3 1 8 6 4 4.67621332857228e7 3 1
tr 7 3 1 8 6 4 1.5587377761907613e7 4 2
tr 7 3 1 8 6 4 8.654491416822841e10 5 1
ann 7 3 1 8 6 5 1.770940814795219e-17 28 0
tr 7 3 1 8 6 5 2.743378486095741e7 4 2
tr 7 3 1 8 6 5 3.130290145111422e10 6 2
tr 7 3 1 8 6 5 3.5872886960891325e14 7 1
ann 7 3 1 8 6 6 1.2104610070454375e-17 28 0
tr 7 3 1 8 6 6 2.855982167551523e11 5 1
tr 7 3 1 8 6 6 5.7388652660376114e10 6 2
tr 7 3 1 8 6 6 2.2924685158439347e14 7 1
ann 7 3 1 8 7 1 6.378478551478418e-20 30 0
tr 7 3 1 8 7 1 2.9786726795948415e9 4 1
tr 7 3 1 8 7 1 2.27462277350879e8 5 2
tr 7 3 1 8 7 1 7.511224198028448e11 6 1
ann 7 3 1 8 7 2 6.693268914446186e-20 30 0
tr 7 3 1 8 7 2 3.5744072155138083e9 4 1
tr 7 3 1 8 7 2 4.54924554701758e7 5 2
tr 7 3 1 8 7 2 2.2101920061992354e12 6 1
ann 7 3 1 8 7 3 6.736047799487197e-20 30 0
tr 7 3 1 8 7 3 3.574407215513818e9 4 1
tr 7 3 1 8 7 3 1.2997844420050295e7 5 2
tr 7 3 1 8 7 3 3.2508425945820674e12 6 1
ann 7 3 1 8 7 4 6.476262583778012e-20 30 0
tr 7 3 1 8 7 4 2.8084628121894236e9 4 1
tr 7 3 1 8 7 4 2.1446443293082848e8 5 2
tr 7 3 1 8 7 4 2.828614015402945e12 6 1
ann 7 3 1 8 7 5 5.857936054780112e-20 30 0
tr 7 3 1 8 7 5 1.404231406094709e9 4 1
tr 7 3 1 8 7 5 5.838198452005885e8 5 2
tr 7 3 1 8 7 5 9.789565378411007e11 6 1
ann 7 3 1 8 7 6 4.769057488083245e-20 30 0
tr 7 3 1 8 7 6 7.744548966946586e8 5 2
tr 7 3 1 8 7 6 1.664575325936718e11 6 1
tr 7 3 1 8 7 6 6.773279819196129e11 7 2
tr 7 3 1 8 7 6 4.1778383034986125e15 8 1
ann 7 3 1 8 7 7 3.003245896495938e-20 30 0
tr 7 3 1 8 7 7 6.991216368934161e12 6 1
tr 7 3 1 8 7 7 9.630757242919496e11 7 2
tr 7 3 1 8 7 7 2.3989930883370865e15 8 1
ann 7 3 1 9 8 2 2.357132189279577e-22 32 0
tr 7 3 1 9 8 2 4.591465529520389e11 5 1
tr 7 3 1 9 8 2 7.249140463741539e9 6 2
tr 7 3 1 9 8 2 2.1812869430084634e14 7 1
ann 7 3 1 9 8 4 2.3467093546271204e-22 32 0
tr 7 3 1 9 8 4 4.329096070690666e11 5 1
tr 7 3 1 9 8 4 8.86006056679521e9 6 2
tr 7 3 1 9 8 4 3.6461536382876725e14 7 1
ann 7 3 1 9 8 6 1.9239228328704013e-22 32 0
tr 7 3 1 9 8 6 1.4590657127142563e11 5 1
tr 7 3 1 9 8 6 6.596717822004807e10 6 2
tr 7 3 1 9 8 6 4.639815615807644e13 7 1
ann 7 3 1 9 8 8 8.88398934144482e-23 32 0
tr 7 3 1 9 8 8 8.796317104968598e14 7 1
tr 7 3 1 9 8 8 8.623840298988819e13 8 2
tr 7 3 1 9 8 8 2.2749059672025824e17 9 1
ann 7 3 1 11 10 2 1.2877508077707685e-27 36 0
tr 7 3 1 11 10 2 1.4174734210351055e15 7 1
tr 7 3 1 11 10 2 2.297751032645867e13 8 2
tr 7 3 1 11 10 2 4.9130135231421146e17 9 1
ann 7 3 1 11 10 4 1.3330449662145242e-27 36 0
tr 7 3 1 11 10 4 1.53559620612136e15 7 1
tr 7 3 1 11 10 4 1.1405200580224043e12 8 2
tr 7 3 1 11 10 4 1.0309217999822337e18 9 1
ann 7 3 1 11 10 6 1.207089825716905e-27 36 0
tr 7 3 1 11 10 6 1.1167972408155348e15 7 1
tr 7 3 1 11 10 6 5.7318443941638695e13 8 2
tr 7 3 1 11 10 6 7.341100729598362e17 9 1
ann 7 3 1 11 10 8 8.85286084380289e-28 36 0
tr 7 3 1 11 10 8 3.12948677371386e14 7 1
tr 7 3 1 11 10 8 1.4403139018454303e14 8 2
ann 7 3 1 11 10 10 3.4725150100581977e-28 36 0
tr 7 3 1 11 10 10 2.891831148018004e18 9 1
tr 7 3 1 11 10 10 1.5732653990633968e17 10 2
tr 7 3 1 11 10 10 5.019735838216686e20 11 1
ann 7 3 1 13 12 2 2.8250288717450042e-33 40 0
tr 7 3 1 13 12 2 1.0162712456645485e18 9 1
tr 7 3 1 13 12 2 1.4442776263622474e16 10 2
tr 7 3 1 13 12 2 2.9030444983214785e20 11 1
ann 7 3 1 13 12 4 2.9986803941789057e-33 40 0
tr 7 3 1 13 12 4 1.1497210051962614e18 9 1
tr 7 3 1 13 12 4 3.6276989045205875e14 10 2
tr 7 3 1 13 12 4 6.594656372388986e20 11 1
ann 7 3 1 13 12 6 2.873432124949282e-33 40 0
tr 7 3 1 13 12 6 1.0355611094683743e18 9 1
tr 7 3 1 13 12 6 9.911391649850754e15 10 2
tr 7 3 1 13 12 6 7.126515658053276e20 11 1
ann 7 3 1 13 12 8 2.410110589711672e-33 40 0
tr 7 3 1 13 12 8 6.558553693299712e17 9 1
tr 7 3 1 13 12 8 4.4678998829425336e16 10 2
tr 7 3 1 13 12 8 2.864912131542374e20 11 1
ann 7 3 1 13 12 10 1.6171061992587233e-33 40 0
tr 7 3 1 13 12 10 1.650355014327051e17 9 1
tr 7 3 1 13 12 10 7.20778426091926e16 10 2
tr 7 3 1 13 12 10 4.605791752144629e19 11 1
ann 7 3 1 13 12 12 5.652405524864438e-34 40 0
tr 7 3 1 13 12 12 2.2657936647356073e21 11 1
tr 7 3 1 13 12 12 7.507955338768884e19 12 2
tr 7 3 1 13 12 12 2.9299606117046452e23 13 1
ann 7 3 1 15 14 2 2.9287510261175844e-39 44 0
tr 7 3 1 15 14 2 2.596389542201951e20 11 1
tr 7 3 1 15 14 2 3.1134757699760927e18 12 2
tr 7 3 1 15 14 2 6.479542087413336e22 13 1
ann 7 3 1 15 14 4 3.155637119225475e-39 44 0
tr 7 3 1 15 14 4 2.9763806190577005e20 11 1
tr 7 3 1 15 14 4 4.200721276951944e17 12 2
tr 7 3 1 15 14 4 1.5086589045748732e23 13 1
ann 7 3 1 15 14 6 3.136934636047333e-39 44 0
tr 7 3 1 15 14 6 2.9322860913679375e20 11 1
tr 7 3 1 15 14 6 4.69492378012266e17 12 2
tr 7 3 1 15 14 6 1.9491873047107332e23 13 1
ann 7 3 1 15 14 8 2.8314582038611515e-39 44 0
tr 7 3 1 15 14 8 2.3717019856652435e20 11 1
tr 7 3 1 15 14 8 4.2810291837171533e18 12 2
tr 7 3 1 15 14 8 1.4577786434794037e23 13 1
ann 7 3 1 15 14 10 2.2359670126329203e-39 44 0
tr 7 3 1 15 14 10 1.378083680091806e20 11 1
tr 7 3 1 15 14 10 1.0419436108517888e19 12 2
tr 7 3 1 15 14 10 3.1460567023401403e22 13 1
ann 7 3 1 15 14 12 1.401296958657815e-39 44 0
tr 7 3 1 15 14 12 3.231437200792465e19 11 1
tr 7 3 1 15 14 12 1.311695810499193e19 12 2
tr 7 3 1 15 14 12 4.153249219653178e22 13 1
ann 7 3 1 15 14 14 4.502715607080534e-40 44 0
tr 7 3 1 15 14 14 6.299094649807317e23 13 1
tr 7 3 1 15 14 14 1.361774719507962e22 14 2
tr 7 3 1 15 14 14 6.406056650892792e25 15 1
ann 7 3 2 7 3 2 2.234605825862196e-12 22 0
ann 7 3 2 7 3 3 5.7435530836918655e-12 22 0
tr 7 3 2 7 3 3 784326.6666666653 2 1
ann 7 3 2 7 4 1 1.530542860076423e-13 24 0
tr 7 3 2 7 4 1 3018.400000000001 2 2
tr 7 3 2 7 4 1 2.1827272727272738e7 3 1
ann 7 3 2 7 4 2 2.1375227694781445e-13 24 0
tr 7 3 2 7 4 2 2956.8000000000025 2 2
tr 7 3 2 7 4 2 2.0463068181818102e6 3 1
ann 7 3 2 7 4 3 2.6134128272870834e-13 24 0
tr 7 3 2 7 4 3 431.2000000000004 2 2
tr 7 3 2 7 4 3 9.549431818181824e6 3 1
ann 7 3 2 7 4 4 1.9985261233660486e-13 24 0
tr 7 3 2 7 4 4 3449.5999999999985 2 2
tr 7 3 2 7 4 4 4.774715909090901e7 3 1
ann 7 3 2 7 5 1 2.2352738336076517e-15 26 0
tr 7 3 2 7 5 1 109759.99999999987 2 1
tr 7 3 2 7 5 1 110249.99999999999 3 2
ann 7 3 2 7 5 2 2.809419656160295e-15 26 0
tr 7 3 2 7 5 2 288119.99999999994 2 1
tr 7 3 2 7 5 2 114333.3333333333 3 2
ann 7 3 2 7 5 3 3.3226362687605557e-15 26 0
tr 7 3 2 7 5 3 512213.3333333328 2 1
tr 7 3 2 7 5 3 57166.66666666664 3 2
ann 7 3 2 7 5 4 3.574165069078589e-15 26 0
tr 7 3 2 7 5 4 576239.9999999991 2 1
ann 7 3 2 7 5 5 3.2308221433068634e-15 26 0
tr 7 3 2 7 5 5 171499.99999999985 3 2
tr 7 3 2 7 5 5 1.6814002916666691e9 4 1
ann 7 3 2 7 6 1 1.0942574846240986e-17 28 0
tr 7 3 2 7 6 1 2.599567550505048e6 3 1
tr 7 3 2 7 6 1 1.957185524691357e6 4 2
ann 7 3 2 7 6 2 1.3361394682837615e-17 28 0
tr 7 3 2 7 6 2 5.545744107744112e6 3 1
tr 7 3 2 7 6 2 2.0704111335578004e6 4 2
ann 7 3 2 7 6 3 1.5482735501430198e-17 28 0
tr 7 3 2 7 6 3 9.358443181818178e6 3 1
tr 7 3 2 7 6 3 1.4557578282828266e6 4 2
ann 7 3 2 7 6 4 1.6966057088632247e-17 28 0
tr 7 3 2 7 6 4 1.2477924242424244e7 3 1
tr 7 3 2 7 6 4 388202.08754208876 4 2
ann 7 3 2 7 6 5 1.7442550102120632e-17 28 0
tr 7 3 2 7 6 5 1.1438097222222239e7 3 1
tr 7 3 2 7 6 5 152507.9629629631 4 2
ann 7 3 2 7 6 6 1.6555918451686902e-17 28 0
tr 7 3 2 7 6 6 3.6601911111111096e6 4 2
tr 7 3 2 7 6 6 2.415933765992726e10 5 1
ann 7 3 2 8 1 1 1.244576312601122e-9 18 0
tr 7 3 2 8 1 1 96870.90157121036 2 1
tr 7 3 2 8 1 1 4805.104244603688 3 2
tr 7 3 2 8 1 1 5.336135351642641e8 4 1
ann 7 3 2 8 2 1 9.408947437785791e-11 20 0
tr 7 3 2 8 2 1 1.157952346118072e7 3 1
tr 7 3 2 8 2 1 1.8012592050725583e6 4 2
tr 7 3 2 8 2 1 7.115604135454243e10 5 1
ann 7 3 2 8 2 2 9.153582658172492e-11 20 0
tr 7 3 2 8 2 2 55.26496636733536 2 2
tr 7 3 2 8 2 2 1.5439364614907587e7 3 1
tr 7 3 2 8 2 2 735207.8388051253 4 2
tr 7 3 2 8 2 2 1.4824175282196325e10 5 1
ann 7 3 2 8 3 1 3.786445579200833e-12 22 0
tr 7 3 2 8 3 1 111080.1053316942 2 1
tr 7 3 2 8 3 1 1.5413057985139728e9 4 1
ann 7 3 2 8 3 2 6.4665723809637114e-12 22 0
tr 7 3 2 8 3 2 26447.64412659387 3 2
tr 7 3 2 8 3 2 2.3601245039745173e9 4 1
tr 7 3 2 8 3 2 1.6347182711511818e8 5 2
tr 7 3 2 8 3 2 1.9268071471504512e12 6 1
ann 7 3 2 8 3 3 4.155218505013488e-12 22 0
tr 7 3 2 8 3 3 185133.50888615663 2 1
tr 7 3 2 8 3 3 52895.28825318775 3 2
tr 7 3 2 8 3 3 1.4449741861068463e9 4 1
ann 7 3 2 8 4 1 1.2331108719249107e-13 24 0
tr 7 3 2 8 4 1 979.0701968048586 2 2
tr 7 3 2 8 4 1 2.095342346766371e7 3 1
tr 7 3 2 8 4 1 1.3537354367819966e11 5 1
ann 7 3 2 8 4 2 1.7221357410101308e-13 24 0
tr 7 3 2 8 4 2 959.0891723802699 2 2
tr 7 3 2 8 4 2 1.9643834500934647e6 3 1
tr 7 3 2 8 4 2 3.3675144858745257e6 4 2
tr 7 3 2 8 4 2 2.0793376308971426e11 5 1
ann 7 3 2 8 4 3 2.1055455849802498e-13 24 0
tr 7 3 2 8 4 3 139.8671709721227 2 2
tr 7 3 2 8 4 3 9.167122767102875e6 3 1
tr 7 3 2 8 4 3 9.429040560448654e6 4 2
tr 7 3 2 8 4 3 1.834582263926961e11 5 1
ann 7 3 2 8 4 4 1.610150461690834e-13 24 0
tr 7 3 2 8 4 4 1118.9373677769804 2 2
tr 7 3 2 8 4 4 4.583561383551427e7 3 1
tr 7 3 2 8 4 4 9.429040560448658e6 4 2
tr 7 3 2 8 4 4 8.490628659496678e10 5 1
ann 7 3 2 8 5 1 2.2405613311681725e-15 26 0
tr 7 3 2 8 5 1 210995.31552296993 2 1
tr 7 3 2 8 5 1 211937.25889584055 3 2
tr 7 3 2 8 5 1 2.25310937899551e9 4 1
ann 7 3 2 8 5 2 2.8160652850803878e-15 26 0
tr 7 3 2 8 5 2 553862.7032477966 2 1
tr 7 3 2 8 5 2 219786.78700309395 3 2
tr 7 3 2 8 5 2 5.04696500894993e8 4 1
ann 7 3 2 8 5 3 3.330495900730733e-15 26 0
tr 7 3 2 8 5 3 984644.8057738598 2 1
tr 7 3 2 8 5 3 109893.39350154692 3 2
tr 7 3 2 8 5 3 1.5140895026849756e8 4 1
ann 7 3 2 8 5 4 3.582619686264188e-15 26 0
tr 7 3 2 8 5 4 1.1077254064955916e6 2 1
tr 7 3 2 8 5 4 2.4225432042959676e9 4 1
ann 7 3 2 8 5 5 3.238464591066051e-15 26 0
tr 7 3 2 8 5 5 329680.1805046407 3 2
tr 7 3 2 8 5 5 5.299313259397441e9 4 1
tr 7 3 2 8 5 5 7.194219212757726e8 5 2
tr 7 3 2 8 5 5 3.087145988989569e12 6 1
ann 7 3 2 8 6 1 1.808741122938222e-17 28 0
tr 7 3 2 8 6 1 2.338106664286143e7 3 1
tr 7 3 2 8 6 1 1.7603345285781004e7 4 2
tr 7 3 2 8 6 1 1.211628798355193e11 5 1
ann 7 3 2 8 6 2 2.2085573436508113e-17 28 0
tr 7 3 2 8 6 2 4.987960883810447e7 3 1
tr 7 3 2 8 6 2 1.862172063289232e7 4 2
tr 7 3 2 8 6 2 4.038762661183998e10 5 1
ann 7 3 2 8 6 3 2.559202090262834e-17 28 0
tr 7 3 2 8 6 3 8.417183991430116e7 3 1
tr 7 3 2 8 6 3 1.3093397320002394e7 4 2
ann 7 3 2 8 6 4 2.8043861345872315e-17 28 0
tr 7 3 2 8 6 4 1.1222911988573496e8 3 1
tr 7 3 2 8 6 4 3.49157261866732e6 4 2
tr 7 3 2 8 6 4 5.1926948500937e10 5 1
ann 7 3 2 8 6 5 2.8831475330713545e-17 28 0
tr 7 3 2 8 6 5 1.0287669322859052e8 3 1
tr 7 3 2 8 6 5 1.3716892430478728e6 4 2
tr 7 3 2 8 6 5 1.9039881117010208e11 5 1
ann 7 3 2 8 6 6 2.736592706502633e-17 28 0
tr 7 3 2 8 6 6 3.2920541833148897e7 4 2
tr 7 3 2 8 6 6 2.855982167551529e11 5 1
tr 7 3 2 8 6 6 2.608575120926186e10 6 2
ann 7 3 2 8 7 1 5.0797341705547464e-20 30 0
tr 7 3 2 8 7 1 9.531752574703512e8 4 1
tr 7 3 2 8 7 1 5.125483316306476e8 5 2
tr 7 3 2 8 7 1 2.540778994007649e12 6 1
ann 7 3 2 8 7 2 6.162578552406233e-20 30 0
tr 7 3 2 8 7 2 1.787203607756903e9 4 1
tr 7 3 2 8 7 2 5.459094656421089e8 5 2
tr 7 3 2 8 7 2 1.066682726347234e12 6 1
ann 7 3 2 8 7 3 7.141552300588398e-20 30 0
tr 7 3 2 8 7 3 2.8595257724110556e9 4 1
tr 7 3 2 8 7 3 4.4582606360772294e8 5 2
ann 7 3 2 8 7 4 7.903664294957367e-20 30 0
tr 7 3 2 8 7 4 3.9318479370651937e9 4 1
tr 7 3 2 8 7 4 2.2876206179288355e8 5 2
tr 7 3 2 8 7 4 3.4921160683987103e11 6 1
ann 7 3 2 8 7 5 8.334052160392043e-20 30 0
tr 7 3 2 8 7 5 4.493540499503074e9 4 1
tr 7 3 2 8 7 5 2.1446443293082934e7 5 2
tr 7 3 2 8 7 5 2.18257254274918e12 6 1
ann 7 3 2 8 7 6 8.329650444265716e-20 30 0
tr 7 3 2 8 7 6 3.6510016558462486e9 4 1
tr 7 3 2 8 7 6 1.239127834711454e8 5 2
tr 7 3 2 8 7 6 4.842400948179503e12 6 1
ann 7 3 2 8 7 7 7.815949925418848e-20 30 0
tr 7 3 2 8 7 7 1.084236855372523e9 5 2
tr 7 3 2 8 7 7 5.826013640778475e12 6 1
tr 7 3 2 8 7 7 3.704137401122883e11 7 2
ann 7 3 2 9 8 2 2.056530165326339e-22 32 0
tr 7 3 2 9 8 2 2.2039034541697894e11 5 1
tr 7 3 2 9 8 2 5.412691546260354e10 6 2
tr 7 3 2 9 8 2 1.3941753653268153e14 7 1
ann 7 3 2 9 8 4 2.680165502994217e-22 32 0
tr 7 3 2 9 8 4 4.617702475403381e11 5 1
tr 7 3 2 9 8 4 3.1896218040462803e10 6 2
tr 7 3 2 9 8 4 7.302823342188141e12 7 1
ann 7 3 2 9 8 6 2.9586124919036547e-22 32 0
tr 7 3 2 9 8 6 5.836262850857035e11 5 1
tr 7 3 2 9 8 6 3.5523588308527106e14 7 1
ann 7 3 2 9 8 8 2.6143235813883506e-22 32 0
tr 7 3 2 9 8 8 1.1727498350230759e11 6 2
tr 7 3 2 9 8 8 6.283083646406154e14 7 1
tr 7 3 2 9 8 8 2.8746134329962816e13 8 2
tr 7 3 2 9 8 8 4.739387431672037e16 9 1
ann 7 3 2 11 10 2 1.0107683627226487e-27 36 0
tr 7 3 2 11 10 2 6.479878496160475e14 7 1
tr 7 3 2 11 10 2 1.0588036758432128e14 8 2
tr 7 3 2 11 10 2 4.7310659527157024e17 9 1
ann 7 3 2 11 10 4 1.3453621442033896e-27 36 0
tr 7 3 2 11 10 4 1.2284769648970898e15 7 1
tr 7 3 2 11 10 4 8.363813758830912e13 8 2
tr 7 3 2 11 10 4 1.242502169400073e16 9 1
ann 7 3 2 11 10 6 1.589028324289685e-27 36 0
tr 7 3 2 11 10 6 1.7868755853048575e15 7 1
tr 7 3 2 11 10 6 2.43310945711444e13 8 2
tr 7 3 2 11 10 6 3.4134674983518566e17 9 1
ann 7 3 2 11 10 8 1.6141862455364433e-27 36 0
tr 7 3 2 11 10 8 1.7525125932797645e15 7 1
tr 7 3 2 11 10 8 1.0227080959849129e13 8 2
tr 7 3 2 11 10 8 1.4444234010740163e18 9 1
ann 7 3 2 11 10 10 1.2569231276951716e-27 36 0
tr 7 3 2 11 10 10 2.5908605098284678e14 8 2
tr 7 3 2 11 10 10 1.6065728600100027e18 9 1
tr 7 3 2 11 10 10 4.140172102798412e16 10 2
tr 7 3 2 11 10 10 8.36622639702776e19 11 1
ann 7 3 2 13 12 2 2.0280649730812507e-33 40 0
tr 7 3 2 13 12 2 4.5167610918424416e17 9 1
tr 7 3 2 13 12 2 5.1876094334643944e16 10 2
tr 7 3 2 13 12 2 3.742205798617529e20 11 1
ann 7 3 2 13 12 4 2.7106963321639753e-33 40 0
tr 7 3 2 13 12 4 7.883801178488645e17 9 1
tr 7 3 2 13 12 4 4.621688404359171e16 10 2
tr 7 3 2 13 12 4 5.233854263800695e19 11 1
ann 7 3 2 13 12 6 3.3155042697898996e-33 40 0
tr 7 3 2 13 12 6 1.1598284426045786e18 9 1
tr 7 3 2 13 12 6 2.5373162623618052e16 10 2
tr 7 3 2 13 12 6 5.931701498974189e19 11 1
ann 7 3 2 13 12 8 3.6574234093013766e-33 40 0
tr 7 3 2 13 12 8 1.3991581212372728e18 9 1
tr 7 3 2 13 12 8 2.510885884628847e15 10 2
tr 7 3 2 13 12 8 5.327315947082918e20 11 1
ann 7 3 2 13 12 10 3.476623375273409e-33 40 0
tr 7 3 2 13 12 10 1.188255610315478e18 9 1
tr 7 3 2 13 12 10 1.516378142089585e16 10 2
tr 7 3 2 13 12 10 1.199424935454342e21 11 1
ann 7 3 2 13 12 12 2.4271755511006797e-33 40 0
tr 7 3 2 13 12 12 1.3767117342655483e17 10 2
tr 7 3 2 13 12 12 1.0299062112434597e21 11 1
tr 7 3 2 13 12 12 1.6321642040801948e19 12 2
tr 7 3 2 13 12 12 4.069389738478678e22 13 1
ann 7 3 2 15 14 2 1.9565344468789404e-39 44 0
tr 7 3 2 15 14 2 1.1329699820517638e20 11 1
tr 7 3 2 15 14 2 9.594117928222673e18 12 2
tr 7 3 2 15 14 2 1.0423117300877782e23 13 1
ann 7 3 2 15 14 4 2.6008886204409016e-39 44 0
tr 7 3 2 15 14 4 1.8519701629692278e20 11 1
tr 7 3 2 15 14 4 9.073557958216083e18 12 2
tr 7 3 2 15 14 4 2.655239672051778e22 13 1
ann 7 3 2 15 14 6 3.2280151060795046e-39 44 0
tr 7 3 2 15 14 6 2.680947283536401e20 11 1
tr 7 3 2 15 14 6 6.38509634096686e18 12 2
tr 7 3 2 15 14 6 1.2140266949755543e21 13 1
ann 7 3 2 15 14 8 3.715402805695738e-39 44 0
tr 7 3 2 15 14 8 3.415250859357953e20 11 1
tr 7 3 2 15 14 8 2.4100608737963156e18 12 2
tr 7 3 2 15 14 8 6.250225933917924e22 13 1
ann 7 3 2 15 14 10 3.886270275326171e-39 44 0
tr 7 3 2 15 14 10 3.6748898135781514e20 11 1
tr 7 3 2 15 14 10 2.0237091382873084e23 13 1
ann 7 3 2 15 14 12 3.499150291739519e-39 44 0
tr 7 3 2 15 14 12 2.8436647366973794e20 11 1
tr 7 3 2 15 14 12 4.925551614935751e18 12 2
tr 7 3 2 15 14 12 3.33182881843289e23 13 1
ann 7 3 2 15 14 14 2.236762910030402e-39 44 0
tr 7 3 2 15 14 14 2.698345667312627e19 12 2
tr 7 3 2 15 14 14 2.4227287114643592e23 13 1
tr 7 3 2 15 14 14 2.5218050361258373e21 14 2
tr 7 3 2 15 14 14 7.626257917729475e24 15 1
ann 7 3 3 7 3 3 2.871776541845938e-12 22 0
ann 7 3 3 7 4 1 1.1729717464311963e-13 24 0
tr 7 3 3 7 4 1 369.59999999999894 2 2
tr 7 3 3 7 4 1 2.0463068181818143e7 3 1
ann 7 3 3 7 4 2 1.6726227647800458e-13 24 0
tr 7 3 3 7 4 2 1663.1999999999975 2 2
tr 7 3 3 7 4 2 3.6833522727272674e7 3 1
ann 7 3 3 7 4 3 2.514274076099185e-13 24 0
tr 7 3 3 7 4 3 3880.800000000001 2 2
tr 7 3 3 7 4 3 4.297244318181812e7 3 1
ann 7 3 3 7 4 4 4.061517934298594e-13 24 0
tr 7 3 3 7 4 4 5174.399999999995 2 2
tr 7 3 3 7 4 4 2.8648295454545405e7 3 1
ann 7 3 3 7 5 1 1.4709559343377573e-15 26 0
tr 7 3 3 7 5 1 4573.333333333308 2 1
tr 7 3 3 7 5 1 20416.666666666628 3 2
tr 7 3 3 7 5 1 7.720715624999983e8 4 1
ann 7 3 3 7 5 2 2.1646412980906984e-15 26 0
tr 7 3 3 7 5 2 32013.333333333256 2 1
tr 7 3 3 7 5 2 57166.6666666666 3 2
tr 7 3 3 7 5 2 1.2010002083333335e9 4 1
ann 7 3 3 7 5 3 3.135135478653193e-15 26 0
tr 7 3 3 7 5 3 128053.33333333312 2 1
tr 7 3 3 7 5 3 114333.33333333321 3 2
ann 7 3 3 7 5 4 4.491627982772315e-15 26 0
tr 7 3 3 7 5 4 384159.9999999994 2 1
tr 7 3 3 7 5 4 171499.99999999977 3 2
ann 7 3 3 7 5 5 6.382836741970483e-15 26 0
tr 7 3 3 7 5 5 960399.9999999981 2 1
tr 7 3 3 7 5 5 171499.9999999999 3 2
ann 7 3 3 7 6 1 6.183457172026642e-18 28 0
tr 7 3 3 7 6 1 173304.50336700387 3 1
tr 7 3 3 7 6 1 436727.348484848 4 2
tr 7 3 3 7 6 1 1.1957651973095304e10 5 1
ann 7 3 3 7 6 2 9.129614135045601e-18 28 0
tr 7 3 3 7 6 2 693218.0134680101 3 1
tr 7 3 3 7 6 2 970505.2188552191 4 2
tr 7 3 3 7 6 2 1.7082359961564722e10 5 1
ann 7 3 3 7 6 3 1.3108418629698661e-17 28 0
tr 7 3 3 7 6 3 2.079654040404043e6 3 1
tr 7 3 3 7 6 3 1.7469093939393957e6 4 2
tr 7 3 3 7 6 3 2.049883195387768e10 5 1
ann 7 3 3 7 6 4 1.8357847397628642e-17 28 0
tr 7 3 3 7 6 4 5.199135101010091e6 3 1
tr 7 3 3 7 6 4 2.6203640909090927e6 4 2
ann 7 3 3 7 6 5 2.513658017871596e-17 28 0
tr 7 3 3 7 6 5 1.1438097222222239e7 3 1
tr 7 3 3 7 6 5 3.2026672222222234e6 4 2
ann 7 3 3 7 6 6 3.371724190574504e-17 28 0
tr 7 3 3 7 6 6 2.2876194444444433e7 3 1
tr 7 3 3 7 6 6 2.745143333333332e6 4 2
ann 7 3 3 8 1 1 1.2445750606812459e-9 18 0
tr 7 3 3 8 1 1 145306.35235681542 2 1
tr 7 3 3 8 1 1 2883.062546762211 3 2
ann 7 3 3 8 2 1 7.542874248714632e-11 20 0
tr 7 3 3 8 2 1 55.264966367335354 2 2
tr 7 3 3 8 2 1 1.9299205768634494e7 3 1
tr 7 3 3 8 2 1 992530.5823869177 4 2
tr 7 3 3 8 2 1 2.0753845395074833e10 5 1
ann 7 3 3 8 2 2 1.2374999477088202e-10 20 0
tr 7 3 3 8 2 2 55.26496636733536 2 2
tr 7 3 3 8 2 2 7.719682307453799e6 3 1
tr 7 3 3 8 2 2 220562.3516415353 4 2
ann 7 3 3 8 3 1 3.0488997275755245e-12 22 0
tr 7 3 3 8 3 1 74053.40355446267 2 1
tr 7 3 3 8 3 1 52895.288253187675 3 2
tr 7 3 3 8 3 1 2.6009535349923253e9 4 1
ann 7 3 3 8 3 2 4.155218505013489e-12 22 0
tr 7 3 3 8 3 2 185133.50888615663 2 1
tr 7 3 3 8 3 2 52895.28825318775 3 2
tr 7 3 3 8 3 2 1.4449741861068463e9 4 1
ann 7 3 3 8 3 3 8.310437010026988e-12 22 0
tr 7 3 3 8 3 3 185133.50888615663 2 1
tr 7 3 3 8 3 3 26447.644126593776 3 2
tr 7 3 3 8 3 3 4.334922558320543e8 4 1
ann 7 3 3 8 4 1 9.45026920919523e-14 24 0
tr 7 3 3 8 4 1 119.88614654753331 2 2
tr 7 3 3 8 4 1 1.964383450093469e7 3 1
tr 7 3 3 8 4 1 1.1225048286248408e7 4 2
tr 7 3 3 8 4 1 2.2742755337937524e11 5 1
ann 7 3 3 8 4 2 1.3475802391410294e-13 24 0
tr 7 3 3 8 4 2 539.4876594639006 2 2
tr 7 3 3 8 4 2 3.535890210168246e7 3 1
tr 7 3 3 8 4 2 1.1225048286248399e7 4 2
tr 7 3 3 8 4 2 1.4620342717245514e11 5 1
ann 7 3 3 8 4 3 2.0256725776554366e-13 24 0
tr 7 3 3 8 4 3 1258.8045387491036 2 2
tr 7 3 3 8 4 3 4.125205245196285e7 3 1
tr 7 3 3 8 4 3 7.857533800373889e6 4 2
tr 7 3 3 8 4 3 6.822826601381274e10 5 1
ann 7 3 3 8 4 4 3.2722389255492613e-13 24 0
tr 7 3 3 8 4 4 1678.4060516654692 2 2
tr 7 3 3 8 4 4 2.750136830130856e7 3 1
tr 7 3 3 8 4 4 3.143013520149549e6 4 2
tr 7 3 3 8 4 4 1.8194204270349857e10 5 1
ann 7 3 3 8 5 1 1.4744354470293772e-15 26 0
tr 7 3 3 8 5 1 8791.471480123706 2 1
tr 7 3 3 8 5 1 39247.64053626671 3 2
tr 7 3 3 8 5 1 2.4333581293151426e9 4 1
ann 7 3 3 8 5 2 2.169761711647273e-15 26 0
tr 7 3 3 8 5 2 61540.30036086614 2 1
tr 7 3 3 8 5 2 109893.39350154685 3 2
tr 7 3 3 8 5 2 3.7852237567124543e9 4 1
ann 7 3 3 8 5 3 3.142551580393091e-15 26 0
tr 7 3 3 8 5 3 246161.20144346487 2 1
tr 7 3 3 8 5 3 219786.78700309372 3 2
tr 7 3 3 8 5 3 4.542268508054936e9 4 1
ann 7 3 3 8 5 4 4.502252845500073e-15 26 0
tr 7 3 3 8 5 4 738483.6043303946 2 1
tr 7 3 3 8 5 4 329680.1805046405 3 2
tr 7 3 3 8 5 4 4.088041657249453e9 4 1
ann 7 3 3 8 5 5 6.397935227151092e-15 26 0
tr 7 3 3 8 5 5 1.8462090108259858e6 2 1
tr 7 3 3 8 5 5 329680.1805046408 3 2
tr 7 3 3 8 5 5 2.2711342540274644e9 4 1
ann 7 3 3 8 6 1 1.0220878900340084e-17 28 0
tr 7 3 3 8 6 1 1.5587377761907682e6 3 1
tr 7 3 3 8 6 1 3.9280191960007194e6 4 2
tr 7 3 3 8 6 1 1.4135669314143924e11 5 1
ann 7 3 3 8 6 2 1.5090697321976416e-17 28 0
tr 7 3 3 8 6 2 6.234951104763022e6 3 1
tr 7 3 3 8 6 2 8.728931546668278e6 4 2
tr 7 3 3 8 6 2 2.0193813305919894e11 5 1
ann 7 3 3 8 6 3 2.1667419365105393e-17 28 0
tr 7 3 3 8 6 3 1.8704853314289182e7 3 1
tr 7 3 3 8 6 3 1.5712076784002904e7 4 2
tr 7 3 3 8 6 3 2.4232575967103894e11 5 1
ann 7 3 3 8 6 4 3.034440612436479e-17 28 0
tr 7 3 3 8 6 4 4.67621332857228e7 3 1
tr 7 3 3 8 6 4 2.356811517600435e7 4 2
tr 7 3 3 8 6 4 2.4232575967103864e11 5 1
ann 7 3 3 8 6 5 4.154923949285687e-17 28 0
tr 7 3 3 8 6 5 1.0287669322859052e8 3 1
tr 7 3 3 8 6 5 2.8805474104005307e7 4 2
tr 7 3 3 8 6 5 1.903988111701017e11 5 1
ann 7 3 3 8 6 6 5.573255192068746e-17 28 0
tr 7 3 3 8 6 6 2.0575338645718062e8 3 1
tr 7 3 3 8 6 6 2.4690406374861676e7 4 2
tr 7 3 3 8 6 6 9.519940558505066e10 5 1
ann 7 3 3 8 7 1 2.5231524733127234e-20 30 0
tr 7 3 3 8 7 1 7.943127145586222e7 4 1
tr 7 3 3 8 7 1 1.2737887531649207e8 5 2
tr 7 3 3 8 7 1 3.1111579518460947e12 6 1
ann 7 3 3 8 7 2 3.690609747194179e-20 30 0
tr 7 3 3 8 7 2 2.3829381436758658e8 4 1
tr 7 3 3 8 7 2 2.4565925953894907e8 5 2
tr 7 3 3 8 7 2 4.2000632349922314e12 6 1
ann 7 3 3 8 7 3 5.248099859611602e-20 30 0
tr 7 3 3 8 7 3 5.957345359189677e8 4 1
tr 7 3 3 8 7 3 4.0943209923158175e8 5 2
tr 7 3 3 8 7 3 5.000075279752655e12 6 1
ann 7 3 3 8 7 4 7.276173047491864e-20 30 0
tr 7 3 3 8 7 4 1.3106159790217307e9 4 1
tr 7 3 3 8 7 4 6.005004122063203e8 5 2
tr 7 3 3 8 7 4 5.238174102598028e12 6 1
ann 7 3 3 8 7 5 9.859511040589766e-20 30 0
tr 7 3 3 8 7 5 2.6212319580434575e9 4 1
tr 7 3 3 8 7 5 7.720719585509821e8 5 2
tr 7 3 3 8 7 5 4.71435669233821e12 6 1
ann 7 3 3 8 7 6 1.3084411597141244e-19 30 0
tr 7 3 3 8 7 6 4.868002207795001e9 4 1
tr 7 3 3 8 7 6 8.364112884302325e8 5 2
tr 7 3 3 8 7 6 3.4048131666887236e12 6 1
ann 7 3 3 8 7 7 1.7035757850933026e-19 30 0
tr 7 3 3 8 7 7 8.519003863641243e9 4 1
tr 7 3 3 8 7 7 6.505421132235125e8 5 2
tr 7 3 3 8 7 7 1.5889128111213982e12 6 1
ann 7 3 3 9 8 2 1.0933392422363813e-22 32 0
tr 7 3 3 9 8 2 3.060977019680252e10 5 1
tr 7 3 3 9 8 2 2.368052551488904e10 6 2
tr 7 3 3 9 8 2 4.68442922749807e14 7 1
ann 7 3 3 9 8 4 2.1095791656196933e-22 32 0
tr 7 3 3 9 8 4 1.346829888659314e11 5 1
tr 7 3 3 9 8 4 5.316036340077138e10 6 2
tr 7 3 3 9 8 4 5.91528690717231e14 7 1
ann 7 3 3 9 8 6 3.7432796615497788e-22 32 0
tr 7 3 3 9 8 6 4.37719713814277e11 5 1
tr 7 3 3 9 8 6 8.062655115783647e10 6 2
tr 7 3 3 9 8 6 4.784809853801597e14 7 1
ann 7 3 3 9 8 8 6.200181344233433e-22 32 0
tr 7 3 3 9 8 8 1.1672525701714077e12 5 1
tr 7 3 3 9 8 8 5.863749175115387e10 6 2
tr 7 3 3 9 8 8 1.449942379939876e14 7 1
ann 7 3 3 11 10 2 4.438858538012575e-28 36 0
tr 7 3 3 11 10 2 9.449822806900681e13 7 1
tr 7 3 3 11 10 2 4.466828007463542e13 8 2
tr 7 3 3 11 10 2 1.3034569461563574e18 9 1
ann 7 3 3 11 10 4 8.169740328589457e-28 36 0
tr 7 3 3 11 10 4 3.0711924122427244e14 7 1
tr 7 3 3 11 10 4 8.782004446772469e13 8 2
tr 7 3 3 11 10 4 1.6401028636080983e18 9 1
ann 7 3 3 11 10 6 1.4062464698812676e-27 36 0
tr 7 3 3 11 10 6 8.189846432647255e14 7 1
tr 7 3 3 11 10 6 1.3686240696268816e14 8 2
tr 7 3 3 11 10 6 1.5975027892286682e18 9 1
ann 7 3 3 11 10 8 2.291281844635721e-27 36 0
tr 7 3 3 11 10 8 1.8985553093864105e15 7 1
tr 7 3 3 11 10 8 1.6107652511762538e14 8 2
tr 7 3 3 11 10 8 1.0743645131955411e18 9 1
ann 7 3 3 11 10 10 3.566519068563794e-27 36 0
tr 7 3 3 11 10 10 3.964016580037563e15 7 1
tr 7 3 3 11 10 10 9.715726911856744e13 8 2
tr 7 3 3 11 10 10 2.8351285764882355e17 9 1
ann 7 3 3 13 12 2 7.728972227405169e-34 40 0
tr 7 3 3 13 12 2 6.775141637763632e16 9 1
tr 7 3 3 13 12 2 2.1398888913040556e16 10 2
tr 7 3 3 13 12 2 9.147614174398415e20 11 1
ann 7 3 3 13 12 4 1.3581846390903969e-33 40 0
tr 7 3 3 13 12 4 1.8067044367369766e17 9 1
tr 7 3 3 13 12 4 3.819966946460138e16 10 2
tr 7 3 3 13 12 4 1.1340017571568301e21 11 1
ann 7 3 3 13 12 6 2.2602992154906316e-33 40 0
tr 7 3 3 13 12 6 4.1882693760720915e17 9 1
tr 7 3 3 13 12 6 5.8278982901122664e16 10 2
tr 7 3 3 13 12 6 1.1863402997948387e21 11 1
ann 7 3 3 13 12 8 3.595608197044439e-33 40 0
tr 7 3 3 13 12 8 8.744738257732946e17 9 1
tr 7 3 3 13 12 8 7.532657653886608e16 10 2
tr 7 3 3 13 12 8 1.0062707900045513e21 11 1
ann 7 3 3 13 12 10 5.5066274006609655e-33 40 0
tr 7 3 3 13 12 10 1.6833621146135923e18 9 1
tr 7 3 3 13 12 10 7.676664344328568e16 10 2
tr 7 3 3 13 12 10 6.077086339635323e20 11 1
ann 7 3 3 13 12 12 8.164807808995127e-33 40 0
tr 7 3 3 13 12 12 3.0366532263617705e18 9 1
tr 7 3 3 13 12 12 4.1301352027966344e16 10 2
tr 7 3 3 13 12 12 1.4712945874906484e20 11 1
ann 7 3 3 15 14 2 6.6925957250792e-40 44 0
tr 7 3 3 15 14 2 1.730926361467963e19 11 1
tr 7 3 3 15 14 2 3.897610408340454e18 12 2
tr 7 3 3 15 14 2 2.3516620025947386e23 13 1
ann 7 3 3 15 14 4 1.1274878948689381e-39 44 0
tr 7 3 3 15 14 4 4.012602019766647e19 11 1
tr 7 3 3 15 14 4 6.469110766505904e18 12 2
tr 7 3 3 15 14 4 2.8676588458159243e23 13 1
ann 7 3 3 15 14 6 1.815533538177385e-39 44 0
tr 7 3 3 15 14 6 8.377960261051263e19 11 1
tr 7 3 3 15 14 6 9.577644511450325e18 12 2
tr 7 3 3 15 14 6 3.095768072187648e23 13 1
ann 7 3 3 15 14 8 2.8143517646504558e-39 44 0
tr 7 3 3 15 14 8 1.6127573502523674e20 11 1
tr 7 3 3 15 14 8 1.2652819587430724e19 12 2
tr 7 3 3 15 14 8 2.9082683937414255e23 13 1
ann 7 3 3 15 14 10 4.223481069052973e-39 44 0
tr 7 3 3 15 14 10 2.9092877690827027e20 11 1
tr 7 3 3 15 14 10 1.4587210551925146e19 12 2
tr 7 3 3 15 14 10 2.2632013440017824e23 13 1
ann 7 3 3 15 14 12 6.163439513589092e-39 44 0
tr 7 3 3 15 14 12 4.9764132892204125e20 11 1
tr 7 3 3 15 14 12 1.3545266941073332e19 12 2
tr 7 3 3 15 14 12 1.2736630940269771e23 13 1
ann 7 3 3 15 14 14 8.778239647627879e-39 44 0
tr 7 3 3 15 14 14 8.143221745997028e20 11 1
tr 7 3 3 15 14 14 6.745864168281557e18 12 2
tr 7 3 3 15 14 14 2.9072744537572034e22 13 1
ann 7 4 1 7 4 1 1.5100107846894096e-15 26 0
ann 7 4 1 7 4 2 5.1571231852089e-15 26 0
tr 7 4 1 7 4 2 226961.19669421512 2 1
ann 7 4 1 7 4 3 3.4332834389110795e-15 26 0
tr 7 4 1 7 4 3 353050.7504132226 2 1
tr 7 4 1 7 4 3 252179.10743801657 3 2
ann 7 4 1 7 4 4 2.5813466552799394e-15 26 0
tr 7 4 1 7 4 4 84059.70247933878 3 2
tr 7 4 1 7 4 4 1.5489925001033072e9 4 1
ann 7 4 1 7 5 1 8.632193526496944e-17 28 0
tr 7 4 1 7 5 1 684.2181818181825 2 2
tr 7 4 1 7 5 1 8.273627727272761e6 3 1
ann 7 4 1 7 5 2 8.407029764885275e-17 28 0
tr 7 4 1 7 5 2 798.2545454545455 2 2
tr 7 4 1 7 5 2 1.3690065454545463e7 3 1
ann 7 4 1 7 5 3 6.642519764640125e-17 28 0
tr 7 4 1 7 5 3 4789.527272727268 2 2
tr 7 4 1 7 5 3 802152.2727272705 3 1
ann 7 4 1 7 5 4 4.583676845983368e-17 28 0
tr 7 4 1 7 5 4 2.1658111363636386e7 3 1
tr 7 4 1 7 5 4 7.219370454545457e6 4 2
ann 7 4 1 7 5 5 3.160904732375799e-17 28 0
tr 7 4 1 7 5 5 5.775496363636364e6 4 2
tr 7 4 1 7 5 5 5.3547969185639656e10 5 1
ann 7 4 1 7 6 1 4.589769609366369e-19 30 0
tr 7 4 1 7 6 1 166680.99173553742 2 1
tr 7 4 1 7 6 1 16535.81267217632 3 2
ann 7 4 1 7 6 2 4.670854767532738e-19 30 0
tr 7 4 1 7 6 2 177793.05785123986 2 1
ann 7 4 1 7 6 3 4.219952280818235e-19 30 0
tr 7 4 1 7 6 3 100008.59504132233 2 1
tr 7 4 1 7 6 3 49607.43801652896 3 2
ann 7 4 1 7 6 4 3.353792190811828e-19 30 0
tr 7 4 1 7 6 4 89293.38842975209 3 2
tr 7 4 1 7 6 4 1.1434316033057842e7 4 1
ann 7 4 1 7 6 5 2.359644091686466e-19 30 0
tr 7 4 1 7 6 5 5.031099054545448e8 4 1
tr 7 4 1 7 6 5 6.83009811041322e7 5 2
ann 7 4 1 7 6 6 1.436875321737018e-19 30 0
tr 7 4 1 7 6 6 1.2806433957024777e8 5 2
tr 7 4 1 7 6 6 7.037825036598206e11 6 1
ann 7 4 1 8 1 1 2.5184106120486193e-11 20 0
tr 7 4 1 8 1 1 4.864235952956533e6 3 1
tr 7 4 1 8 1 1 453995.3556092769 4 2
tr 7 4 1 8 1 1 5.242805971140256e10 5 1
ann 7 4 1 8 2 1 2.4941827631604393e-12 22 0
tr 7 4 1 8 2 1 33957.25379890707 2 1
tr 7 4 1 8 2 1 3368.775178462998 3 2
tr 7 4 1 8 2 1 5.289514976860203e7 4 1
ann 7 4 1 8 2 2 2.2269167662988614e-12 22 0
tr 7 4 1 8 2 2 5659.542299817809 2 1
tr 7 4 1 8 2 2 4491.700237950667 3 2
tr 7 4 1 8 2 2 1.0579029953720305e9 4 1
ann 7 4 1 8 3 1 1.4378381933146455e-13 24 0
tr 7 4 1 8 3 1 12.853002051569431 2 2
tr 7 4 1 8 3 1 2.819589910963147e6 3 1
tr 7 4 1 8 3 1 1.7400897736229596e6 4 2
ann 7 4 1 8 3 2 1.1072832227568361e-13 24 0
tr 7 4 1 8 3 2 41.98647336846014 2 2
tr 7 4 1 8 3 2 6.015125143388005e6 3 1
tr 7 4 1 8 3 2 5.94037351136669e10 5 1
ann 7 4 1 8 3 3 8.485955943965464e-14 24 0
tr 7 4 1 8 3 3 5.141200820627756 2 2
tr 7 4 1 8 3 3 5.639179821926243e6 3 1
tr 7 4 1 8 3 3 3.2223884696721444e6 4 2
tr 7 4 1 8 3 3 9.979827499096031e10 5 1
ann 7 4 1 8 4 1 4.866275245739188e-15 26 0
tr 7 4 1 8 4 1 68938.53842274273 2 1
tr 7 4 1 8 4 1 24842.40954531848 3 2
tr 7 4 1 8 4 1 2.4035323794321933e8 4 1
ann 7 4 1 8 4 2 4.154934053885693e-15 26 0
tr 7 4 1 8 4 2 57965.62227240975 2 1
tr 7 4 1 8 4 2 7360.713939353621 3 2
tr 7 4 1 8 4 2 1.068236613080969e9 4 1
ann 7 4 1 8 4 3 2.766089885593199e-15 26 0
tr 7 4 1 8 4 3 90168.7457570816 2 1
tr 7 4 1 8 4 3 64406.24696934414 3 2
tr 7 4 1 8 4 3 2.077126747657435e8 4 1
ann 7 4 1 8 4 4 2.07971085174492e-15 26 0
tr 7 4 1 8 4 4 21468.748989781358 3 2
tr 7 4 1 8 4 4 1.4539887233602083e9 4 1
tr 7 4 1 8 4 4 5.483055118395389e8 5 2
tr 7 4 1 8 4 4 5.427216898073232e12 6 1
ann 7 4 1 8 5 1 8.652612808121782e-17 28 0
tr 7 4 1 8 5 1 406.3699869530945 2 2
tr 7 4 1 8 5 1 1.1283928867088377e7 3 1
tr 7 4 1 8 5 1 5.907652509362038e6 4 2
tr 7 4 1 8 5 1 1.2964221964678001e10 5 1
ann 7 4 1 8 5 2 8.426916428110955e-17 28 0
tr 7 4 1 8 5 2 474.0983181119433 2 2
tr 7 4 1 8 5 2 1.867109928884792e7 3 1
tr 7 4 1 8 5 2 7.562462812728821e10 5 1
ann 7 4 1 8 5 3 6.658232522831702e-17 28 0
tr 7 4 1 8 5 3 2844.589908671657 2 2
tr 7 4 1 8 5 3 1.094009723955929e6 3 1
tr 7 4 1 8 5 3 7.658068067691533e6 4 2
tr 7 4 1 8 5 3 6.4821109823390114e10 5 1
ann 7 4 1 8 5 4 4.5945194473251555e-17 28 0
tr 7 4 1 8 5 4 2.9538262546810195e7 3 1
tr 7 4 1 8 5 4 9.84608751560339e6 4 2
ann 7 4 1 8 5 5 3.168381772953518e-17 28 0
tr 7 4 1 8 5 5 7.876870012482709e6 4 2
tr 7 4 1 8 5 5 1.555706635761357e11 5 1
tr 7 4 1 8 5 5 3.9470539257855965e10 6 2
tr 7 4 1 8 5 5 1.7721101496236506e14 7 1
ann 7 4 1 8 6 1 7.586610248149988e-19 30 0
tr 7 4 1 8 6 1 799764.9766670157 2 1
tr 7 4 1 8 6 1 79341.7635582356 3 2
tr 7 4 1 8 6 1 8.621084323658521e8 4 1
ann 7 4 1 8 6 2 7.720639086836674e-19 30 0
tr 7 4 1 8 6 2 853082.6417781495 2 1
tr 7 4 1 8 6 2 10578.901807764732 3 2
tr 7 4 1 8 6 2 1.7242168647317007e9 4 1
ann 7 4 1 8 6 3 6.975324679599298e-19 30 0
tr 7 4 1 8 6 3 479858.98600020894 2 1
tr 7 4 1 8 6 3 238025.29067470683 3 2
tr 7 4 1 8 6 3 8.621084323658537e8 4 1
ann 7 4 1 8 6 4 5.543614687924723e-19 30 0
tr 7 4 1 8 6 4 428445.523214472 3 2
tr 7 4 1 8 6 4 7.389500848850138e7 4 1
tr 7 4 1 8 6 4 8.125763842517394e8 5 2
ann 7 4 1 8 6 5 3.9003482877902863e-19 30 0
tr 7 4 1 8 6 5 3.251380373494057e9 4 1
tr 7 4 1 8 6 5 4.413995173713149e8 5 2
tr 7 4 1 8 6 5 4.5481138436962054e11 6 1
ann 7 4 1 8 6 6 2.3750675762174615e-19 30 0
tr 7 4 1 8 6 6 8.276240950712146e8 5 2
tr 7 4 1 8 6 6 7.504387842098788e12 6 1
tr 7 4 1 8 6 6 1.3253432217207402e12 7 2
ann 7 4 1 8 7 1 2.487372284941016e-21 32 0
tr 7 4 1 8 7 1 4.3239939348446205e7 3 1
tr 7 4 1 8 7 1 4.0357276725216494e6 4 2
tr 7 4 1 8 7 1 2.4123353554127872e10 5 1
ann 7 4 1 8 7 2 2.566072451186736e-21 32 0
tr 7 4 1 8 7 2 4.8644931767001905e7 3 1
tr 7 4 1 8 7 2 5.130202787976182e10 5 1
ann 7 4 1 8 7 3 2.4569211636195422e-21 32 0
tr 7 4 1 8 7 3 3.8915945413601644e7 3 1
tr 7 4 1 8 7 3 4.842873207025966e6 4 2
tr 7 4 1 8 7 3 4.33634055084252e10 5 1
ann 7 4 1 8 7 4 2.1599191079447015e-21 32 0
tr 7 4 1 8 7 4 1.7836474981234044e7 3 1
tr 7 4 1 8 7 4 1.522045865065304e7 4 2
tr 7 4 1 8 7 4 7.266321510741179e9 5 1
ann 7 4 1 8 7 5 1.7112890608424284e-21 32 0
tr 7 4 1 8 7 5 1.712301598198467e7 4 2
tr 7 4 1 8 7 5 1.5672036631154593e10 5 1
tr 7 4 1 8 7 5 2.1034222610103035e10 6 2
ann 7 4 1 8 7 6 1.1790112095865107e-21 32 0
tr 7 4 1 8 7 6 1.131869312250059e11 5 1
tr 7 4 1 8 7 6 5.685999684772657e9 6 2
tr 7 4 1 8 7 6 2.3838924985030832e13 7 1
ann 7 4 1 8 7 7 6.431580731797241e-22 32 0
tr 7 4 1 8 7 7 2.6534665195605724e10 6 2
tr 7 4 1 8 7 7 1.3558388585236305e14 7 1
tr 7 4 1 8 7 7 1.72310675556743e13 8 2
ann 7 4 1 9 8 2 1.03870043136678e-23 34 0
tr 7 4 1 9 8 2 5.540630001798751e9 4 1
tr 7 4 1 9 8 2 1.7629277278450552e7 5 2
tr 7 4 1 9 8 2 4.602238711232651e12 6 1
ann 7 4 1 9 8 4 9.44940332190949e-24 34 0
tr 7 4 1 9 8 4 3.4826817154163656e9 4 1
tr 7 4 1 9 8 4 8.144726102644162e8 5 2
tr 7 4 1 9 8 4 2.363701248649302e12 6 1
ann 7 4 1 9 8 6 6.304029607427461e-24 34 0
tr 7 4 1 9 8 6 1.260493325409216e9 5 2
tr 7 4 1 9 8 6 3.199114318412572e12 6 1
tr 7 4 1 9 8 6 1.4463813558914004e12 7 2
ann 7 4 1 9 8 8 2.094082646543607e-24 34 0
tr 7 4 1 9 8 8 2.4678881884896963e12 7 2
tr 7 4 1 9 8 8 1.3171327529977786e16 8 1
tr 7 4 1 9 8 8 1.240459849171166e15 9 2
tr 7 4 1 9 8 8 2.054469687555551e18 10 1
ann 7 4 1 11 10 2 7.557550087207741e-29 38 0
tr 7 4 1 11 10 2 1.4877401613633715e13 6 1
tr 7 4 1 11 10 2 1.387640297190001e11 7 2
tr 7 4 1 11 10 2 9.045408915649826e15 8 1
ann 7 4 1 11 10 4 7.370570469182361e-29 38 0
tr 7 4 1 11 10 4 1.343098756786372e13 6 1
tr 7 4 1 11 10 4 4.175769412840303e11 7 2
tr 7 4 1 11 10 4 1.0230461942044976e16 8 1
ann 7 4 1 11 10 6 5.990647728644785e-29 38 0
tr 7 4 1 11 10 6 5.860794575067803e12 6 1
tr 7 4 1 11 10 6 2.0529600895127485e12 7 2
tr 7 4 1 11 10 6 3.917385466858729e14 8 1
ann 7 4 1 11 10 8 3.589372445213964e-29 38 0
tr 7 4 1 11 10 8 1.5011745033237258e12 7 2
tr 7 4 1 11 10 8 1.440883204118902e16 8 1
tr 7 4 1 11 10 8 1.357006541661504e15 9 2
tr 7 4 1 11 10 8 2.5801096593105935e18 10 1
ann 7 4 1 11 10 10 9.806237218085806e-30 38 0
tr 7 4 1 11 10 10 4.870145699518491e15 9 2
tr 7 4 1 11 10 10 3.10473195670374e19 10 1
tr 7 4 1 11 10 10 1.7265333503220457e18 11 2
tr 7 4 1 11 10 10 3.5896741237853405e21 12 1
ann 7 4 1 13 12 2 2.1754142858712247e-34 42 0
tr 7 4 1 13 12 2 9.79100961722392e15 8 1
tr 7 4 1 13 12 2 1.0409707268474817e14 9 2
tr 7 4 1 13 12 2 4.886956942709679e18 10 1
ann 7 4 1 13 12 4 2.1967542071190365e-34 42 0
tr 7 4 1 13 12 4 9.969027973900752e15 8 1
tr 7 4 1 13 12 4 4.239589869342428e13 9 2
tr 7 4 1 13 12 4 7.232249283813429e18 10 1
ann 7 4 1 13 12 6 1.947357191833018e-34 42 0
tr 7 4 1 13 12 6 6.983797069628269e15 8 1
tr 7 4 1 13 12 6 5.1339303539466825e14 9 2
tr 7 4 1 13 12 6 3.023041131031665e18 10 1
ann 7 4 1 13 12 8 1.444780618735477e-34 42 0
tr 7 4 1 13 12 8 2.5274694156749915e15 8 1
tr 7 4 1 13 12 8 9.700724048958745e14 9 2
tr 7 4 1 13 12 8 3.986294820247634e17 10 1
ann 7 4 1 13 12 10 7.843621574325483e-35 42 0
tr 7 4 1 13 12 10 4.9293967649792706e14 9 2
tr 7 4 1 13 12 10 1.1999019179714728e19 10 1
tr 7 4 1 13 12 10 2.785918933900986e17 11 2
tr 7 4 1 13 12 10 4.844745000295754e21 12 1
ann 7 4 1 13 12 12 1.8667628659557954e-35 42 0
tr 7 4 1 13 12 12 2.517276750989101e18 11 2
tr 7 4 1 13 12 12 1.9523248723491004e22 12 1
tr 7 4 1 13 12 12 6.915613604102586e20 13 2
tr 7 4 1 13 12 12 1.7859927653463904e24 14 1
ann 7 4 1 15 14 2 2.887589847719382e-40 46 0
tr 7 4 1 15 14 2 2.3540029801362217e18 10 1
tr 7 4 1 15 14 2 2.3572806522698884e16 11 2
tr 7 4 1 15 14 2 1.0247674014988308e21 12 1
ann 7 4 1 15 14 4 2.980435711864791e-40 46 0
tr 7 4 1 15 14 4 2.518618573152765e18 10 1
tr 7 4 1 15 14 4 5.514851573894956e14 11 2
tr 7 4 1 15 14 4 1.702950823112947e21 12 1
ann 7 4 1 15 14 6 2.7795878481980184e-40 46 0
tr 7 4 1 15 14 6 2.126833461773429e18 10 1
tr 7 4 1 15 14 6 4.400851555968147e16 11 2
tr 7 4 1 15 14 6 1.2590527607138437e21 12 1
ann 7 4 1 15 14 8 2.288800039171187e-40 46 0
tr 7 4 1 15 14 8 1.2901747102669704e18 10 1
tr 7 4 1 15 14 8 1.2699988286513016e17 11 2
tr 7 4 1 15 14 8 1.6760328498505e20 12 1
ann 7 4 1 15 14 10 1.5768385699412194e-40 46 0
tr 7 4 1 15 14 10 4.1647745033179475e17 10 1
tr 7 4 1 15 14 10 1.5958827021842973e17 11 2
tr 7 4 1 15 14 10 5.2147973644102605e20 12 1
ann 7 4 1 15 14 12 7.907164065305983e-41 46 0
tr 7 4 1 15 14 12 6.5203207546386856e16 11 2
tr 7 4 1 15 14 12 3.277206218589494e21 12 1
tr 7 4 1 15 14 12 1.544073392635442e19 13 2
tr 7 4 1 15 14 12 1.9814759425994992e24 14 1
ann 7 4 1 15 14 14 1.7026707801463022e-41 46 0
tr 7 4 1 15 14 14 4.934688248836213e20 13 2
tr 7 4 1 15 14 14 4.601593942312825e24 14 1
tr 7 4 1 15 14 14 1.0997815209427032e23 15 2
tr 7 4 1 15 14 14 3.4497604987639246e26 16 1
ann 7 4 2 7 4 2 1.6749433583305784e-15 26 0
ann 7 4 2 7 4 3 5.673476461936827e-15 26 0
tr 7 4 2 7 4 3 490348.2644628094 2 1
ann 7 4 2 7 4 4 3.9556265693496644e-15 26 0
tr 7 4 2 7 4 4 156911.44462809883 2 1
tr 7 4 2 7 4 4 252179.10743801628 3 2
ann 7 4 2 7 5 1 7.155486260982583e-17 28 0
tr 7 4 2 7 5 1 3649.1636363636367 2 2
tr 7 4 2 7 5 1 7.062759772727264e6 3 1
ann 7 4 2 7 5 2 9.124725130025847e-17 28 0
tr 7 4 2 7 5 2 2394.7636363636348 2 2
tr 7 4 2 7 5 2 320860.909090911 3 1
ann 7 4 2 7 5 3 9.70048895509167e-17 28 0
tr 7 4 2 7 5 3 1.2994866818181826e7 3 1
tr 7 4 2 7 5 3 5.615065909090914e6 4 2
ann 7 4 2 7 5 4 7.784832772811234e-17 28 0
tr 7 4 2 7 5 4 4789.527272727267 2 2
tr 7 4 2 7 5 4 1.2834436363636365e7 3 1
ann 7 4 2 7 5 5 5.505714864164527e-17 28 0
tr 7 4 2 7 5 5 1.203228409090906e7 3 1
tr 7 4 2 7 5 5 1.2994866818181813e7 4 2
ann 7 4 2 7 6 1 3.83459582317163e-19 30 0
tr 7 4 2 7 6 1 55560.330578512316 2 1
tr 7 4 2 7 6 1 68899.2194674012 3 2
ann 7 4 2 7 6 2 4.679537390664158e-19 30 0
tr 7 4 2 7 6 2 133344.7933884296 2 1
tr 7 4 2 7 6 2 52914.600550964125 3 2
ann 7 4 2 7 6 3 5.194530312538899e-19 30 0
tr 7 4 2 7 6 3 200017.1900826444 2 1
tr 7 4 2 7 6 3 9921.487603305768 3 2
ann 7 4 2 7 6 4 5.059600241675106e-19 30 0
tr 7 4 2 7 6 4 166680.99173553695 2 1
tr 7 4 2 7 6 4 13228.650137741022 3 2
ann 7 4 2 7 6 5 4.1318723323038087e-19 30 0
tr 7 4 2 7 6 5 109136.36363636366 3 2
tr 7 4 2 7 6 5 1.2577747636363646e8 4 1
ann 7 4 2 7 6 6 2.8987321006392053e-19 30 0
tr 7 4 2 7 6 6 3.3540660363636255e8 4 1
tr 7 4 2 7 6 6 2.3051581122644618e8 5 2
ann 7 4 2 8 1 1 2.87143318574116e-11 20 0
tr 7 4 2 8 1 1 7.2963539294348005e6 3 1
tr 7 4 2 8 1 1 408595.8200483487 4 2
tr 7 4 2 8 1 1 3.14568358268415e10 5 1
ann 7 4 2 8 2 1 2.598000661891275e-12 22 0
tr 7 4 2 8 2 1 45276.338398542684 2 1
tr 7 4 2 8 2 1 561.4625297438348 3 2
tr 7 4 2 8 2 1 4.2845071312567294e8 4 1
ann 7 4 2 8 2 2 2.921990497328459e-12 22 0
tr 7 4 2 8 2 2 16978.626899453495 2 1
tr 7 4 2 8 2 2 6737.55035692599 3 2
tr 7 4 2 8 2 2 9.52112695834826e8 4 1
ann 7 4 2 8 3 1 1.4397860046230956e-13 24 0
tr 7 4 2 8 3 1 4.284334017189817 2 2
tr 7 4 2 8 3 1 7.51890642923502e6 3 1
tr 7 4 2 8 3 1 309349.2930885257 4 2
tr 7 4 2 8 3 1 3.5148001992054344e10 5 1
ann 7 4 2 8 3 2 1.5464075951267442e-13 24 0
tr 7 4 2 8 3 2 41.12960656502219 2 2
tr 7 4 2 8 3 2 563917.9821926231 3 1
tr 7 4 2 8 3 2 966716.5409016437 4 2
tr 7 4 2 8 3 2 9.124413713459216e10 5 1
ann 7 4 2 8 3 3 1.2100720396040232e-13 24 0
tr 7 4 2 8 3 3 23.13540369282493 2 2
tr 7 4 2 8 3 3 1.0150523679467242e7 3 1
tr 7 4 2 8 3 3 3.2223884696721397e6 4 2
tr 7 4 2 8 3 3 6.415603392276006e10 5 1
ann 7 4 2 8 4 1 4.154934053885691e-15 26 0
tr 7 4 2 8 4 1 57965.62227240975 2 1
tr 7 4 2 8 4 1 7360.713939353617 3 2
tr 7 4 2 8 4 1 1.068236613080969e9 4 1
ann 7 4 2 8 4 2 5.397799462524003e-15 26 0
tr 7 4 2 8 4 2 15266.66594828903 2 1
tr 7 4 2 8 4 2 51831.69398961505 3 2
tr 7 4 2 8 4 2 3.590461949522149e8 4 1
ann 7 4 2 8 4 3 4.570943860349613e-15 26 0
tr 7 4 2 8 4 3 125234.36910705791 2 1
tr 7 4 2 8 4 3 12881.249393868813 3 2
tr 7 4 2 8 4 3 2.0771267476574358e8 4 1
ann 7 4 2 8 4 4 3.1869255222358944e-15 26 0
tr 7 4 2 8 4 4 40074.99811425847 2 1
tr 7 4 2 8 4 4 64406.24696934406 3 2
tr 7 4 2 8 4 4 1.8694140728916905e9 4 1
ann 7 4 2 8 5 1 7.172412429650305e-17 28 0
tr 7 4 2 8 5 1 2167.30659708317 2 2
tr 7 4 2 8 5 1 9.632495140926266e6 3 1
tr 7 4 2 8 5 1 1.641014585933899e6 4 2
tr 7 4 2 8 5 1 8.642814643118663e10 5 1
ann 7 4 2 8 5 2 9.146309486707186e-17 28 0
tr 7 4 2 8 5 2 1422.2949543358286 2 2
tr 7 4 2 8 5 2 437603.8895823754 3 1
tr 7 4 2 8 5 2 9.189681681229832e6 4 2
tr 7 4 2 8 5 2 4.537477687637308e10 5 1
ann 7 4 2 8 5 3 9.72343526749478e-17 28 0
tr 7 4 2 8 5 3 1.772295752808611e7 3 1
tr 7 4 2 8 5 3 7.658068067691528e6 4 2
ann 7 4 2 8 5 4 7.803247651335354e-17 28 0
tr 7 4 2 8 5 4 2844.589908671656 2 2
tr 7 4 2 8 5 4 1.7504155583294913e7 3 1
tr 7 4 2 8 5 4 6.482110982338988e10 5 1
ann 7 4 2 8 5 5 5.518738517706393e-17 28 0
tr 7 4 2 8 5 5 1.641014585933894e7 3 1
tr 7 4 2 8 5 5 1.772295752808609e7 4 2
tr 7 4 2 8 5 5 1.555706635761355e11 5 1
ann 7 4 2 8 6 1 6.33835387434239e-19 30 0
tr 7 4 2 8 6 1 266588.3255556712 2 1
tr 7 4 2 8 6 1 330590.68149264774 3 2
tr 7 4 2 8 6 1 7.758975891292632e8 4 1
ann 7 4 2 8 6 2 7.734990936987609e-19 30 0
tr 7 4 2 8 6 2 639811.9813336108 2 1
tr 7 4 2 8 6 2 253893.64338635348 3 2
ann 7 4 2 8 6 3 8.586242938695449e-19 30 0
tr 7 4 2 8 6 3 959717.9720004166 2 1
tr 7 4 2 8 6 3 47605.058134941246 3 2
tr 7 4 2 8 6 3 8.621084323658537e8 4 1
ann 7 4 2 8 6 4 8.363211732291935e-19 30 0
tr 7 4 2 8 6 4 799764.9766670134 2 1
tr 7 4 2 8 6 4 63473.41084658834 3 2
tr 7 4 2 8 6 4 2.0690602376780446e9 4 1
ann 7 4 2 8 6 5 6.82973387923084e-19 30 0
tr 7 4 2 8 6 5 523655.6394843548 3 2
tr 7 4 2 8 6 5 8.128450933735163e8 4 1
tr 7 4 2 8 6 5 1.1034987934282863e8 5 2
ann 7 4 2 8 6 6 4.791427999654213e-19 30 0
tr 7 4 2 8 6 6 2.167586915662701e9 4 1
tr 7 4 2 8 6 6 1.4897233711281874e9 5 2
tr 7 4 2 8 6 6 6.139953688989902e12 6 1
ann 7 4 2 8 7 1 2.0822445867594748e-21 32 0
tr 7 4 2 8 7 1 1.6214977255667314e7 3 1
tr 7 4 2 8 7 1 1.4528619621077914e7 4 2
tr 7 4 2 8 7 1 2.3010669571669003e10 5 1
ann 7 4 2 8 7 2 2.4741057673025365e-21 32 0
tr 7 4 2 8 7 2 3.242995451133461e7 3 1
tr 7 4 2 8 7 2 1.2107183017564926e7 4 2
ann 7 4 2 8 7 3 2.7580537851926804e-21 32 0
tr 7 4 2 8 7 3 4.8644931767002024e7 3 1
tr 7 4 2 8 7 3 4.842873207025961e6 4 2
tr 7 4 2 8 7 3 1.3872068338687689e10 5 1
ann 7 4 2 8 7 4 2.8508763516795434e-21 32 0
tr 7 4 2 8 7 4 5.3509424943702154e7 3 1
tr 7 4 2 8 7 4 5.159518232478914e10 5 1
ann 7 4 2 8 7 5 2.6773295230892215e-21 32 0
tr 7 4 2 8 7 5 3.5672949962468036e7 3 1
tr 7 4 2 8 7 5 7.610229325326521e6 4 2
tr 7 4 2 8 7 5 6.038786131263853e10 5 1
ann 7 4 2 8 7 6 2.2032581429077897e-21 32 0
tr 7 4 2 8 7 6 2.47332453073112e7 4 2
tr 7 4 2 8 7 6 1.0061060553333824e10 5 1
tr 7 4 2 8 7 6 8.270544996032953e9 6 2
ann 7 4 2 8 7 7 1.4868143121998389e-21 32 0
tr 7 4 2 8 7 7 8.803427984167116e10 5 1
tr 7 4 2 8 7 7 3.980199779340859e10 6 2
tr 7 4 2 8 7 7 9.38657671285588e13 7 1
ann 7 4 2 9 8 2 9.730372933123306e-24 34 0
tr 7 4 2 9 8 2 3.4628937511242127e9 4 1
tr 7 4 2 9 8 2 1.0577566367070334e9 5 2
tr 7 4 2 9 8 2 1.561932483497063e11 6 1
ann 7 4 2 9 8 4 1.1478883342885221e-23 34 0
tr 7 4 2 9 8 4 6.094693001978638e9 4 1
tr 7 4 2 9 8 4 8.865008002878007e7 5 2
tr 7 4 2 9 8 4 3.500169831693773e12 6 1
ann 7 4 2 9 8 6 1.0449984747256718e-23 34 0
tr 7 4 2 9 8 6 3.301292042738418e9 4 1
tr 7 4 2 9 8 6 1.0083946603273726e9 5 2
tr 7 4 2 9 8 6 4.653257190418299e12 6 1
ann 7 4 2 9 8 8 5.4622783559962e-24 34 0
tr 7 4 2 9 8 8 1.02371658189202e13 6 1
tr 7 4 2 9 8 8 3.1729990994867495e12 7 2
tr 7 4 2 9 8 8 7.902796517986665e15 8 1
ann 7 4 2 11 10 2 6.680192237490047e-29 38 0
tr 7 4 2 11 10 2 8.678484274619632e12 6 1
tr 7 4 2 11 10 2 1.726841258725335e12 7 2
tr 7 4 2 11 10 2 8.73079341090158e14 8 1
ann 7 4 2 11 10 4 8.101773329372956e-29 38 0
tr 7 4 2 11 10 4 1.5109861013846668e13 6 1
tr 7 4 2 11 10 4 6.013107954490002e11 7 2
tr 7 4 2 11 10 4 3.4914647478165735e15 8 1
ann 7 4 2 11 10 6 8.372170846188921e-29 38 0
tr 7 4 2 11 10 6 1.6117185081436463e13 6 1
tr 7 4 2 11 10 6 9.71815426988292e10 7 2
tr 7 4 2 11 10 6 1.3655506569238194e16 8 1
ann 7 4 2 11 10 8 6.901794986969482e-29 38 0
tr 7 4 2 11 10 8 6.227094236009542e12 6 1
tr 7 4 2 11 10 8 2.382816671942423e12 7 2
tr 7 4 2 11 10 8 5.065162356317431e15 8 1
ann 7 4 2 11 10 10 3.134611800496495e-29 38 0
tr 7 4 2 11 10 10 3.0043106587938692e16 8 1
tr 7 4 2 11 10 10 4.870145699518486e15 9 2
tr 7 4 2 11 10 10 1.4706625058070368e19 10 1
ann 7 4 2 13 12 2 1.8148004676509003e-34 42 0
tr 7 4 2 13 12 2 5.507442909688454e15 8 1
tr 7 4 2 13 12 2 7.494989233301846e14 9 2
tr 7 4 2 13 12 2 8.181730529530563e17 10 1
ann 7 4 2 13 12 4 2.239005312368185e-34 42 0
tr 7 4 2 13 12 4 9.13827564274235e15 8 1
tr 7 4 2 13 12 4 4.0377046374689925e14 9 2
tr 7 4 2 13 12 4 8.367678950656411e17 10 1
ann 7 4 2 13 12 6 2.4520380359811785e-34 42 0
tr 7 4 2 13 12 6 1.134867023814594e16 8 1
tr 7 4 2 13 12 6 2.3760338828183105e13 9 2
tr 7 4 2 13 12 6 6.138831699809446e18 10 1
ann 7 4 2 13 12 8 2.324500190446965e-34 42 0
tr 7 4 2 13 12 8 9.47801030878124e15 8 1
tr 7 4 2 13 12 8 2.5796939299170097e14 9 2
tr 7 4 2 13 12 8 8.326085762612218e18 10 1
ann 7 4 2 13 12 10 1.7573919596695995e-34 42 0
tr 7 4 2 13 12 10 3.0408616407339805e15 8 1
tr 7 4 2 13 12 10 1.1927923036246168e15 9 2
tr 7 4 2 13 12 10 9.566331080681997e17 10 1
ann 7 4 2 13 12 12 7.051736037004208e-35 42 0
tr 7 4 2 13 12 12 2.177336813676041e19 10 1
tr 7 4 2 13 12 12 2.0595900689910835e18 11 2
tr 7 4 2 13 12 12 7.639532109192127e21 12 1
ann 7 4 2 15 14 2 2.2864030464151406e-40 46 0
tr 7 4 2 15 14 2 1.294701639074928e18 10 1
tr 7 4 2 15 14 2 1.2700450861209286e17 11 2
tr 7 4 2 15 14 2 2.4584888036943276e20 12 1
ann 7 4 2 15 14 4 2.8432158632369595e-40 46 0
tr 7 4 2 15 14 4 2.046377590686612e18 10 1
tr 7 4 2 15 14 4 8.40708484375983e16 11 2
tr 7 4 2 15 14 4 6.140153881393568e19 12 1
ann 7 4 2 15 14 6 3.220100618506397e-40 46 0
tr 7 4 2 15 14 6 2.6585418272167844e18 10 1
tr 7 4 2 15 14 6 2.2353531712854132e16 11 2
tr 7 4 2 15 14 6 9.229068401565792e20 12 1
ann 7 4 2 15 14 8 3.2798457309317724e-40 46 0
tr 7 4 2 15 14 8 2.74162125931731e18 10 1
tr 7 4 2 15 14 8 3.1640109225914985e15 11 2
tr 7 4 2 15 14 8 1.954052591540574e21 12 1
ann 7 4 2 15 14 10 2.9055447027388057e-40 46 0
tr 7 4 2 15 14 10 1.9782678890760243e18 10 1
tr 7 4 2 15 14 10 8.511374411649562e16 11 2
tr 7 4 2 15 14 10 1.557486146170531e21 12 1
ann 7 4 2 15 14 12 2.0409783869367013e-40 46 0
tr 7 4 2 15 14 12 5.6397988065763725e17 10 1
tr 7 4 2 15 14 12 2.1339231560635747e17 11 2
tr 7 4 2 15 14 12 1.7749273938502017e19 12 1
ann 7 4 2 15 14 14 7.413557928274131e-41 46 0
tr 7 4 2 15 14 14 5.71526620819757e21 12 1
tr 7 4 2 15 14 14 3.4163226338096906e20 13 2
tr 7 4 2 15 14 14 1.53386464743761e24 14 1
ann 7 4 3 7 4 3 2.149598273933548e-15 26 0
ann 7 4 3 7 4 4 6.7041863974891185e-15 26 0
tr 7 4 3 7 4 4 549190.0561983463 2 1
ann 7 4 3 7 5 1 4.786535877881707e-17 28 0
tr 7 4 3 7 5 1 798.2545454545444 2 2
tr 7 4 3 7 5 1 1.6176737500000022e7 3 1
ann 7 4 3 7 5 2 7.096022275804331e-17 28 0
tr 7 4 3 7 5 2 2850.9090909090896 2 2
tr 7 4 3 7 5 2 1.8342548636363644e7 3 1
ann 7 4 3 7 5 3 1.01821534083417e-16 28 0
tr 7 4 3 7 5 3 4105.30909090909 2 2
tr 7 4 3 7 5 3 6.738079090909097e6 3 1
ann 7 4 3 7 5 4 1.2735649835488548e-16 28 0
tr 7 4 3 7 5 4 1368.4363636363626 2 2
tr 7 4 3 7 5 4 1.1230131818181782e6 3 1
ann 7 4 3 7 5 5 1.0148412111211981e-16 28 0
tr 7 4 3 7 5 5 3421.090909090907 2 2
tr 7 4 3 7 5 5 2.8075329545454584e7 3 1
ann 7 4 3 7 6 1 2.574609764367568e-19 30 0
tr 7 4 3 7 6 1 3968.595041322323 2 1
tr 7 4 3 7 6 1 22756.427915518838 3 2
tr 7 4 3 7 6 1 3.220665682644623e8 4 1
ann 7 4 3 7 6 2 3.600849512389505e-19 30 0
tr 7 4 3 7 6 2 25399.008264462835 2 1
tr 7 4 3 7 6 2 53229.56841138663 3 2
ann 7 4 3 7 6 3 4.834155830936613e-19 30 0
tr 7 4 3 7 6 3 85721.65289256201 2 1
tr 7 4 3 7 6 3 76537.19008264459 3 2
ann 7 4 3 7 6 4 6.084059744195395e-19 30 0
tr 7 4 3 7 6 4 190492.56198347092 2 1
tr 7 4 3 7 6 4 59056.47382920113 3 2
ann 7 4 3 7 6 5 6.811332300682778e-19 30 0
tr 7 4 3 7 6 5 261927.27272727306 2 1
ann 7 4 3 7 6 6 5.8352395863688275e-19 30 0
tr 7 4 3 7 6 6 93545.45454545453 3 2
tr 7 4 3 7 6 6 5.86961556363636e8 4 1
ann 7 4 3 8 1 1 3.217274108091274e-11 20 0
tr 7 4 3 8 1 1 1.0214895501208711e7 3 1
tr 7 4 3 8 1 1 317796.74892649474 4 2
ann 7 4 3 8 2 1 2.6668110286346225e-12 22 0
tr 7 4 3 8 2 1 39616.79609872479 2 1
tr 7 4 3 8 2 1 786.047541641366 3 2
tr 7 4 3 8 2 1 9.256651209505267e8 4 1
ann 7 4 3 8 2 2 3.723088198527318e-12 22 0
tr 7 4 3 8 2 2 39616.79609872479 2 1
tr 7 4 3 8 2 2 7860.4754164136675 3 2
tr 7 4 3 8 2 2 6.664788870843784e8 4 1
ann 7 4 3 8 3 1 1.095850978057193e-13 24 0
tr 7 4 3 8 3 1 59.98067624065732 2 2
tr 7 4 3 8 3 1 2.6316172502322546e6 3 1
tr 7 4 3 8 3 1 541361.26290492 4 2
tr 7 4 3 8 3 1 9.128215552506502e10 5 1
ann 7 4 3 8 3 2 1.8906939854471387e-13 24 0
tr 7 4 3 8 3 2 5.9980676240657385 2 2
tr 7 4 3 8 3 2 2.6316172502322537e6 3 1
tr 7 4 3 8 3 2 2.7068063145245984e6 4 2
tr 7 4 3 8 3 2 8.050394182604135e10 5 1
ann 7 4 3 8 3 3 1.818971278666232e-13 24 0
tr 7 4 3 8 3 3 53.982608616591605 2 2
tr 7 4 3 8 3 3 1.1842277626045112e7 3 1
tr 7 4 3 8 3 3 2.2556719287705007e6 4 2
tr 7 4 3 8 3 3 2.9939482497288162e10 5 1
ann 7 4 3 8 4 1 2.7660898855931993e-15 26 0
tr 7 4 3 8 4 1 90168.7457570816 2 1
tr 7 4 3 8 4 1 64406.24696934414 3 2
tr 7 4 3 8 4 1 2.077126747657435e8 4 1
ann 7 4 3 8 4 2 4.570943860349611e-15 26 0
tr 7 4 3 8 4 2 125234.36910705791 2 1
tr 7 4 3 8 4 2 12881.24939386881 3 2
tr 7 4 3 8 4 2 2.0771267476574358e8 4 1
ann 7 4 3 8 4 3 6.927458379717272e-15 26 0
tr 7 4 3 8 4 3 11688.541116658722 2 1
tr 7 4 3 8 4 3 15028.124292846944 3 2
tr 7 4 3 8 4 3 1.3085898510241857e9 4 1
ann 7 4 3 8 4 4 5.401354863217833e-15 26 0
tr 7 4 3 8 4 4 140262.49339990475 2 1
tr 7 4 3 8 4 4 90168.7457570817 3 2
tr 7 4 3 8 4 4 1.4539887233602083e9 4 1
ann 7 4 3 8 5 1 4.797858339169353e-17 28 0
tr 7 4 3 8 5 1 474.0983181119426 2 2
tr 7 4 3 8 5 1 2.206252943311132e7 3 1
tr 7 4 3 8 5 1 1.148710210153729e7 4 2
tr 7 4 3 8 5 1 1.0803518303898342e10 5 1
ann 7 4 3 8 5 2 7.112807786424455e-17 28 0
tr 7 4 3 8 5 2 1693.2082789712254 2 2
tr 7 4 3 8 5 2 2.5016355687792324e7 3 1
tr 7 4 3 8 5 2 3.2820291718677892e6 4 2
ann 7 4 3 8 5 3 1.0206239094220765e-16 28 0
tr 7 4 3 8 5 3 2438.219921718564 2 2
tr 7 4 3 8 5 3 9.189681681229837e6 3 1
tr 7 4 3 8 5 3 437603.88958237146 4 2
tr 7 4 3 8 5 3 7.778533178806781e10 5 1
ann 7 4 3 8 5 4 1.2765775753247045e-16 28 0
tr 7 4 3 8 5 4 812.7399739061877 2 2
tr 7 4 3 8 5 4 1.5316136135382997e6 3 1
tr 7 4 3 8 5 4 9.846087515603399e6 4 2
tr 7 4 3 8 5 4 1.2964221964677975e11 5 1
ann 7 4 3 8 5 5 1.0172417999266494e-16 28 0
tr 7 4 3 8 5 5 2031.8499347654704 2 2
tr 7 4 3 8 5 5 3.829034033845768e7 3 1
tr 7 4 3 8 5 5 1.7722957528086096e7 4 2
tr 7 4 3 8 5 5 9.074955375274577e10 5 1
ann 7 4 3 8 6 1 4.2556734832279183e-19 30 0
tr 7 4 3 8 6 1 19042.023253976586 2 1
tr 7 4 3 8 6 1 109189.37937300038 3 2
tr 7 4 3 8 6 1 2.0813760724261203e9 4 1
ann 7 4 3 8 6 2 5.95198542687263e-19 30 0
tr 7 4 3 8 6 2 121868.94882544999 2 1
tr 7 4 3 8 6 2 255404.91507317752 3 2
tr 7 4 3 8 6 2 2.216850254655044e9 4 1
ann 7 4 3 8 6 3 7.990565825134274e-19 30 0
tr 7 4 3 8 6 3 411307.70228589344 2 1
tr 7 4 3 8 6 3 367239.0198981187 3 2
tr 7 4 3 8 6 3 1.2315834748083558e9 4 1
ann 7 4 3 8 6 4 1.0056581033961304e-18 30 0
tr 7 4 3 8 6 4 914017.116190873 2 1
tr 7 4 3 8 6 4 283363.4412794129 3 2
ann 7 4 3 8 6 5 1.1258718369113285e-18 30 0
tr 7 4 3 8 6 5 1.256773534762453e6 2 1
tr 7 4 3 8 6 5 24935.982832588285 3 2
tr 7 4 3 8 6 5 8.128450933735163e8 4 1
ann 7 4 3 8 6 6 9.645296440852849e-19 30 0
tr 7 4 3 8 6 6 448847.69098658976 3 2
tr 7 4 3 8 6 6 3.793277102409736e9 4 1
tr 7 4 3 8 6 6 1.158673733099702e9 5 2
ann 7 4 3 8 7 1 1.362617655686198e-21 32 0
tr 7 4 3 8 7 1 1.853140257790553e6 3 1
tr 7 4 3 8 7 1 5.765325246459492e6 4 2
tr 7 4 3 8 7 1 6.703464976288881e10 5 1
ann 7 4 3 8 7 2 1.8584983983929977e-21 32 0
tr 7 4 3 8 7 2 6.949275966714539e6 3 1
tr 7 4 3 8 7 2 1.1069424473202206e7 4 2
tr 7 4 3 8 7 2 6.952450818265305e10 5 1
ann 7 4 3 8 7 3 2.422852300852046e-21 32 0
tr 7 4 3 8 7 3 1.8531402577905536e7 3 1
tr 7 4 3 8 7 3 1.5566378165440628e7 4 2
tr 7 4 3 8 7 3 4.692425483402223e10 5 1
ann 7 4 3 8 7 4 3.0012586111476767e-21 32 0
tr 7 4 3 8 7 4 3.8221017816930115e7 3 1
tr 7 4 3 8 7 4 1.5220458650653023e7 4 2
tr 7 4 3 8 7 4 1.2640819669573248e10 5 1
ann 7 4 3 8 7 5 3.485226542016111e-21 32 0
tr 7 4 3 8 7 5 6.115362850708811e7 3 1
tr 7 4 3 8 7 5 7.610229325326528e6 4 2
ann 7 4 3 8 7 6 3.68412150394986e-21 32 0
tr 7 4 3 8 7 6 6.624976421601216e7 3 1
tr 7 4 3 8 7 6 4.8907933245372795e10 5 1
ann 7 4 3 8 7 7 3.287959021647937e-21 32 0
tr 7 4 3 8 7 7 2.47332453073112e7 4 2
tr 7 4 3 8 7 7 1.2324799177833974e11 5 1
tr 7 4 3 8 7 7 2.5328544050350903e10 6 2
ann 7 4 3 9 8 2 7.005647025640196e-24 34 0
tr 7 4 3 9 8 2 7.915185716855367e8 4 1
tr 7 4 3 9 8 2 9.09167013931523e8 5 2
tr 7 4 3 9 8 2 6.736647341582838e12 6 1
ann 7 4 3 9 8 4 1.1133959715724676e-23 34 0
tr 7 4 3 9 8 4 3.4826817154163675e9 4 1
tr 7 4 3 9 8 4 1.3408324604352982e9 5 2
tr 7 4 3 9 8 4 2.237142880008788e12 6 1
ann 7 4 3 9 8 6 1.4448081740095588e-23 34 0
tr 7 4 3 9 8 6 7.545810383402103e9 4 1
tr 7 4 3 9 8 6 3.2412685510522664e8 5 2
tr 7 4 3 9 8 6 1.2214800124848027e12 6 1
ann 7 4 3 9 8 8 1.3263433317439312e-23 34 0
tr 7 4 3 9 8 8 2.4009396674461246e9 5 2
tr 7 4 3 9 8 8 1.1943360122073594e13 6 1
tr 7 4 3 9 8 8 1.708537976646716e12 7 2
tr 7 4 3 9 8 8 2.6342655059955575e15 8 1
ann 7 4 3 11 10 2 4.340542505628318e-29 38 0
tr 7 4 3 11 10 2 2.1253430876619534e12 6 1
tr 7 4 3 11 10 2 1.3766272789583323e12 7 2
tr 7 4 3 11 10 2 1.5523589417215228e16 8 1
ann 7 4 3 11 10 4 6.838452157259161e-29 38 0
tr 7 4 3 11 10 4 6.907365034901355e12 6 1
tr 7 4 3 11 10 4 2.068795474818579e12 7 2
tr 7 4 3 11 10 4 8.554088632150593e15 8 1
ann 7 4 3 11 10 6 9.355658752439468e-29 38 0
tr 7 4 3 11 10 6 1.5349700077558541e13 6 1
tr 7 4 3 11 10 6 1.5462277597259998e12 7 2
tr 7 4 3 11 10 6 1.6458082986340828e14 8 1
ann 7 4 3 11 10 8 1.073921869977708e-28 38 0
tr 7 4 3 11 10 8 2.1350037380604156e13 6 1
tr 7 4 3 11 10 8 4.425230962178865e10 7 2
tr 7 4 3 11 10 8 9.491249857584374e15 8 1
ann 7 4 3 11 10 10 9.061259329084954e-29 38 0
tr 7 4 3 11 10 10 4.527351676690606e12 7 2
tr 7 4 3 11 10 10 2.6287718264446388e16 8 1
tr 7 4 3 11 10 10 2.0053541115664372e15 9 2
tr 7 4 3 11 10 10 3.8128287187589765e18 10 1
ann 7 4 3 13 12 2 1.0708629685764961e-34 42 0
tr 7 4 3 13 12 2 1.398715659603416e15 8 1
tr 7 4 3 13 12 2 5.716416391431002e14 9 2
tr 7 4 3 13 12 2 9.646771652474653e18 10 1
ann 7 4 3 13 12 4 1.6692326765803232e-34 42 0
tr 7 4 3 13 12 4 3.729908425609118e15 8 1
tr 7 4 3 13 12 4 8.391215459082885e14 9 2
tr 7 4 3 13 12 4 6.599309465750919e18 10 1
ann 7 4 3 13 12 6 2.3422547278246945e-34 42 0
tr 7 4 3 13 12 6 7.781945306157217e15 8 1
tr 7 4 3 13 12 6 8.273689413385146e14 9 2
tr 7 4 3 13 12 6 1.4893753345933092e18 10 1
ann 7 4 3 13 12 8 2.9207994053197857e-34 42 0
tr 7 4 3 13 12 8 1.263734707837498e16 8 1
tr 7 4 3 13 12 8 3.762053647795629e14 9 2
tr 7 4 3 13 12 8 6.930154618107636e17 10 1
ann 7 4 3 13 12 10 3.096355629980558e-34 42 0
tr 7 4 3 13 12 10 1.390108178621248e16 8 1
tr 7 4 3 13 12 10 1.4779496473482623e13 9 2
tr 7 4 3 13 12 10 9.495330967192494e18 10 1
ann 7 4 3 13 12 12 2.378352808499404e-34 42 0
tr 7 4 3 13 12 12 2.1595452494194952e15 9 2
tr 7 4 3 13 12 12 1.5241357695732296e19 10 1
tr 7 4 3 13 12 12 6.865300229970281e17 11 2
tr 7 4 3 13 12 12 1.6205068110407554e21 12 1
ann 7 4 3 15 14 2 1.2433927127647834e-40 46 0
tr 7 4 3 15 14 2 3.3628614001946125e17 10 1
tr 7 4 3 15 14 2 9.408504994045178e16 11 2
tr 7 4 3 15 14 2 2.2758227654641013e21 12 1
ann 7 4 3 15 14 4 1.9075000896540986e-40 46 0
tr 7 4 3 15 14 4 7.795724154996591e17 10 1
tr 7 4 3 15 14 4 1.3398638279420664e17 11 2
tr 7 4 3 15 14 4 1.7466360669440437e21 12 1
ann 7 4 3 15 14 6 2.696672865020124e-40 46 0
tr 7 4 3 15 14 6 1.5191667584095933e18 10 1
tr 7 4 3 15 14 6 1.4669505186560474e17 11 2
tr 7 4 3 15 14 6 7.24775870316869e20 12 1
ann 7 4 3 15 14 8 3.4958290117214823e-40 46 0
tr 7 4 3 15 14 8 2.506625151375828e18 10 1
tr 7 4 3 15 14 8 1.0821670691196802e17 11 2
tr 7 4 3 15 14 8 1.182081197351772e19 12 1
ann 7 4 3 15 14 10 4.078801650365528e-40 46 0
tr 7 4 3 15 14 10 3.39131638127318e18 10 1
tr 7 4 3 15 14 10 2.88778774680969e16 11 2
tr 7 4 3 15 14 10 6.677721851706159e20 12 1
ann 7 4 3 15 14 12 4.06446721640961e-40 46 0
tr 7 4 3 15 14 12 3.222742175186505e18 10 1
tr 7 4 3 15 14 12 1.7782692967196456e16 11 2
tr 7 4 3 15 14 12 2.847279360968001e21 12 1
ann 7 4 3 15 14 14 2.8652186079695637e-40 46 0
tr 7 4 3 15 14 14 3.9121924527832166e17 11 2
tr 7 4 3 15 14 14 3.333905288115259e21 12 1
tr 7 4 3 15 14 14 9.565703374667096e19 13 2
tr 7 4 3 15 14 14 2.75309039283673e23 14 1
ann 7 4 4 7 4 4 3.3520931987445596e-15 26 0
ann 7 4 4 7 5 1 3.007231729345605e-17 28 0
tr 7 4 4 7 5 1 1.6043045454545312e6 3 1
tr 7 4 4 7 5 1 4.812913636363633e6 4 2
ann 7 4 4 7 5 2 4.720983285799628e-17 28 0
tr 7 4 4 7 5 2 228.0727272727268 2 2
tr 7 4 4 7 5 2 7.486754545454555e6 3 1
ann 7 4 4 7 5 3 7.512039764997545e-17 28 0
tr 7 4 4 7 5 3 1368.436363636362 2 2
tr 7 4 4 7 5 3 1.796821090909088e7 3 1
ann 7 4 4 7 5 4 1.2420165578747734e-16 28 0
tr 7 4 4 7 5 4 4105.30909090909 2 2
tr 7 4 4 7 5 4 2.695231636363639e7 3 1
ann 7 4 4 7 5 5 2.1507179448890763e-16 28 0
tr 7 4 4 7 5 5 6842.181818181809 2 2
tr 7 4 4 7 5 5 2.2460263636363614e7 3 1
ann 7 4 4 7 6 1 1.3375875579199282e-19 30 0
tr 7 4 4 7 6 1 944.9035812672122 3 2
tr 7 4 4 7 6 1 5.336014148760327e7 4 1
tr 7 4 4 7 6 1 8.873953226786873e7 5 2
ann 7 4 4 7 6 2 2.1318254187611666e-19 30 0
tr 7 4 4 7 6 2 793.7190082644385 2 1
tr 7 4 4 7 6 2 6299.357208448103 3 2
tr 7 4 4 7 6 2 1.524575471074375e8 4 1
ann 7 4 4 7 6 3 3.340761729391066e-19 30 0
tr 7 4 4 7 6 3 7143.471074380187 2 1
tr 7 4 4 7 6 3 22677.685950413197 3 2
ann 7 4 4 7 6 4 5.189723729225764e-19 30 0
tr 7 4 4 7 6 4 35717.35537190071 2 1
tr 7 4 4 7 6 4 56694.214876033046 3 2
ann 7 4 4 7 6 5 8.0362486435347515e-19 30 0
tr 7 4 4 7 6 5 130963.63636363644 2 1
tr 7 4 4 7 6 5 103939.393939394 3 2
ann 7 4 4 7 6 6 1.2438266757866594e-18 30 0
tr 7 4 4 7 6 6 392890.90909090877 2 1
tr 7 4 4 7 6 6 124727.2727272726 3 2
ann 7 4 4 8 1 1 3.5559333790989626e-11 20 0
tr 7 4 4 8 1 1 1.361986066827829e7 3 1
tr 7 4 4 8 1 1 181598.14224371 4 2
ann 7 4 4 8 2 1 2.8493058063756643e-12 22 0
tr 7 4 4 8 2 1 9432.570499696389 3 2
tr 7 4 4 8 2 1 1.0367449354645889e9 4 1
tr 7 4 4 8 2 1 3.5186494779404216e7 5 2
ann 7 4 4 8 2 2 4.596870590678969e-12 22 0
tr 7 4 4 8 2 2 79233.59219744963 2 1
tr 7 4 4 8 2 2 6288.380333130917 3 2
tr 7 4 4 8 2 2 2.9621283870416814e8 4 1
ann 7 4 4 8 3 1 9.062325054390217e-14 24 0
tr 7 4 4 8 3 1 7.89485175069674e6 3 1
tr 7 4 4 8 3 1 3.7895288403344387e6 4 2
tr 7 4 4 8 3 1 8.941925439190022e10 5 1
ann 7 4 4 8 3 2 1.4458493791847195e-13 24 0
tr 7 4 4 8 3 2 47.98454099252586 2 2
tr 7 4 4 8 3 2 1.3158086251161234e7 3 1
tr 7 4 4 8 3 2 2.706806314524599e6 4 2
tr 7 4 4 8 3 2 3.725802266329185e10 5 1
ann 7 4 4 8 3 3 2.9383369771107693e-13 24 0
tr 7 4 4 8 3 3 71.9768114887887 2 2
tr 7 4 4 8 3 3 7.89485175069674e6 3 1
tr 7 4 4 8 3 3 902268.7715081988 4 2
tr 7 4 4 8 3 3 7.983861999276748e9 5 1
ann 7 4 4 8 4 1 2.079710851744922e-15 26 0
tr 7 4 4 8 4 1 21468.748989781358 3 2
tr 7 4 4 8 4 1 1.4539887233602083e9 4 1
tr 7 4 4 8 4 1 5.483055118395389e8 5 2
tr 7 4 4 8 4 1 5.42721689807323e12 6 1
ann 7 4 4 8 4 2 3.1869255222358932e-15 26 0
tr 7 4 4 8 4 2 40074.99811425847 2 1
tr 7 4 4 8 4 2 64406.246969344036 3 2
tr 7 4 4 8 4 2 1.8694140728916905e9 4 1
ann 7 4 4 8 4 3 5.4013548632178354e-15 26 0
tr 7 4 4 8 4 3 140262.49339990475 2 1
tr 7 4 4 8 4 3 90168.7457570817 3 2
tr 7 4 4 8 4 3 1.4539887233602083e9 4 1
ann 7 4 4 8 4 4 1.0802709726435682e-14 26 0
tr 7 4 4 8 4 4 187016.65786653964 2 1
tr 7 4 4 8 4 4 60112.497171387804 3 2
tr 7 4 4 8 4 4 5.81595489344081e8 4 1
ann 7 4 4 8 5 1 3.01434526122331e-17 28 0
tr 7 4 4 8 5 1 2.1880194479118446e6 3 1
tr 7 4 4 8 5 1 6.564058343735587e6 4 2
tr 7 4 4 8 5 1 1.2964221964677956e11 5 1
ann 7 4 4 8 5 2 4.732150668925725e-17 28 0
tr 7 4 4 8 5 2 135.45666231769778 2 2
tr 7 4 4 8 5 2 1.0210757423588712e7 3 1
tr 7 4 4 8 5 2 1.3128116687471168e7 4 2
tr 7 4 4 8 5 2 1.5124925625457623e11 5 1
ann 7 4 4 8 5 3 7.529809350411444e-17 28 0
tr 7 4 4 8 5 3 812.7399739061874 2 2
tr 7 4 4 8 5 3 2.450581781661284e7 3 1
tr 7 4 4 8 5 3 1.7504155583294913e7 4 2
tr 7 4 4 8 5 3 1.2964221964677956e11 5 1
ann 7 4 4 8 5 4 1.244954525630766e-16 28 0
tr 7 4 4 8 5 4 2438.219921718564 2 2
tr 7 4 4 8 5 4 3.675872672491935e7 3 1
tr 7 4 4 8 5 4 1.5753740024965415e7 4 2
tr 7 4 4 8 5 4 7.778533178806776e10 5 1
ann 7 4 4 8 5 5 2.1558054284472368e-16 28 0
tr 7 4 4 8 5 5 4063.6998695309367 2 2
tr 7 4 4 8 5 5 3.0632272270766065e7 3 1
tr 7 4 4 8 5 5 7.876870012482693e6 4 2
ann 7 4 4 8 6 1 2.210950938593985e-19 30 0
tr 7 4 4 8 6 1 4533.815060470577 3 2
tr 7 4 4 8 6 1 3.448433729463396e8 4 1
tr 7 4 4 8 6 1 5.734849790089432e8 5 2
tr 7 4 4 8 6 1 5.672738357773849e12 6 1
ann 7 4 4 8 6 2 3.5237778581252887e-19 30 0
tr 7 4 4 8 6 2 3808.40465079519 2 1
tr 7 4 4 8 6 2 30225.433736470623 3 2
tr 7 4 4 8 6 2 9.852667798466823e8 4 1
ann 7 4 4 8 6 3 5.522076117326144e-19 30 0
tr 7 4 4 8 6 3 34275.64185715786 2 1
tr 7 4 4 8 6 3 108811.56145129439 3 2
tr 7 4 4 8 6 3 1.9705335596933715e9 4 1
ann 7 4 4 8 6 4 8.578297950449357e-19 30 0
tr 7 4 4 8 6 4 171378.20928578827 2 1
tr 7 4 4 8 6 4 272028.90362823615 3 2
tr 7 4 4 8 6 4 2.955800339540051e9 4 1
ann 7 4 4 8 6 5 1.3283430662348962e-18 30 0
tr 7 4 4 8 6 5 628386.7673812261 2 1
tr 7 4 4 8 6 5 498719.6566517668 3 2
tr 7 4 4 8 6 5 3.251380373494057e9 4 1
ann 7 4 4 8 6 6 2.0559699105341177e-18 30 0
tr 7 4 4 8 6 6 1.8851603021436755e6 2 1
tr 7 4 4 8 6 6 598463.5879821191 3 2
tr 7 4 4 8 6 6 2.167586915662701e9 4 1
ann 7 4 4 8 7 1 6.042553644786502e-22 32 0
tr 7 4 4 8 7 1 38607.08870396821 3 1
tr 7 4 4 8 7 1 403572.76725216355 4 2
tr 7 4 4 8 7 1 1.4300725282749514e10 5 1
ann 7 4 4 8 7 2 9.612023798994504e-22 32 0
tr 7 4 4 8 7 2 347463.79833572666 3 1
tr 7 4 4 8 7 2 1.556637816544057e6 4 2
tr 7 4 4 8 7 2 3.2176631886186543e10 5 1
ann 7 4 4 8 7 3 1.4902725195128812e-21 32 0
tr 7 4 4 8 7 3 1.7373189916786288e6 3 1
tr 7 4 4 8 7 3 4.323993934844612e6 4 2
tr 7 4 4 8 7 3 5.745827122533306e10 5 1
ann 7 4 4 8 7 4 2.2610485474988977e-21 32 0
tr 7 4 4 8 7 4 6.370169636155015e6 3 1
tr 7 4 4 8 7 4 9.512786656658148e6 4 2
tr 7 4 4 8 7 4 8.427213113048877e10 5 1
ann 7 4 4 8 7 5 3.3675992625148716e-21 32 0
tr 7 4 4 8 7 5 1.9110508908465e7 3 1
tr 7 4 4 8 7 5 1.7123015981984656e7 4 2
tr 7 4 4 8 7 5 1.0112655735658615e11 5 1
ann 7 4 4 8 7 6 4.935939415460446e-21 32 0
tr 7 4 4 8 7 6 4.96873231620091e7 3 1
tr 7 4 4 8 7 6 2.4733245307311222e7 4 2
tr 7 4 4 8 7 6 9.3903231831116e10 5 1
ann 7 4 4 8 7 7 7.13324660721045e-21 32 0
tr 7 4 4 8 7 7 1.159370873780211e8 3 1
tr 7 4 4 8 7 7 2.4733245307311166e7 4 2
tr 7 4 4 8 7 7 5.4776885234817604e10 5 1
ann 7 4 4 9 8 2 3.1975624898627405e-24 34 0
tr 7 4 4 9 8 2 4.946991073034557e7 4 1
tr 7 4 4 9 8 2 1.4103421822760436e8 5 2
tr 7 4 4 9 8 2 3.1889454871397925e12 6 1
ann 7 4 4 9 8 4 7.31137863798022e-24 34 0
tr 7 4 4 9 8 4 5.441690180338036e8 4 1
tr 7 4 4 9 8 4 6.648756002158502e8 5 2
tr 7 4 4 9 8 4 7.516800076829531e12 6 1
ann 7 4 4 9 8 6 1.5323275645883387e-23 34 0
tr 7 4 4 9 8 6 3.301292042738418e9 4 1
tr 7 4 4 9 8 6 1.7286765605612092e9 5 2
tr 7 4 4 9 8 6 9.771840099878371e12 6 1
ann 7 4 4 9 8 8 2.9892483972214134e-23 34 0
tr 7 4 4 9 8 8 1.4148394468878963e10 4 1
tr 7 4 4 9 8 8 1.9207517339568992e9 5 2
tr 7 4 4 9 8 8 4.3430400443903823e12 6 1
ann 7 4 4 11 10 2 1.6181802438565045e-29 38 0
tr 7 4 4 11 10 2 1.6604242872358893e11 6 1
tr 7 4 4 11 10 2 2.378811938039991e11 7 2
tr 7 4 4 11 10 2 7.520077918374117e15 8 1
ann 7 4 4 11 10 4 3.493336949236063e-29 38 0
tr 7 4 4 11 10 4 1.0073240675897797e12 6 1
tr 7 4 4 11 10 4 8.017477272653331e11 7 2
tr 7 4 4 11 10 4 1.5207268679378798e16 8 1
ann 7 4 4 11 10 6 6.963900861288087e-29 38 0
tr 7 4 4 11 10 6 4.3171031468133276e12 6 1
tr 7 4 4 11 10 6 1.9089231601555574e12 7 2
tr 7 4 4 11 10 6 2.1724669541969716e16 8 1
ann 7 4 4 11 10 8 1.2984910573886658e-28 38 0
tr 7 4 4 11 10 8 1.4678150699165348e13 6 1
tr 7 4 4 11 10 8 3.1861662927687305e12 7 2
tr 7 4 4 11 10 8 2.0144693575280984e16 8 1
ann 7 4 4 11 10 10 2.2870954288369787e-28 38 0
tr 7 4 4 11 10 10 4.225528231577907e13 6 1
tr 7 4 4 11 10 10 2.587058100966058e12 7 2
tr 7 4 4 11 10 10 7.010058203852357e15 8 1
ann 7 4 4 13 12 2 3.433265725601321e-35 42 0
tr 7 4 4 13 12 2 1.2238762021529789e14 8 1
tr 7 4 4 13 12 2 1.0469191310008881e14 9 2
tr 7 4 4 13 12 2 4.724949380803913e18 10 1
ann 7 4 4 13 12 4 7.00725004609332e-35 42 0
tr 7 4 4 13 12 4 5.2451837235128156e14 8 1
tr 7 4 4 13 12 4 2.855233993638796e14 9 2
tr 7 4 4 13 12 4 8.590817056007138e18 10 1
ann 7 4 4 13 12 6 1.3374595863559952e-34 42 0
tr 7 4 4 13 12 6 1.7833624659943598e15 8 1
tr 7 4 4 13 12 6 6.177688095327575e14 9 2
tr 7 4 4 13 12 6 1.239160278381634e19 10 1
ann 7 4 4 13 12 8 2.412480359792048e-34 42 0
tr 7 4 4 13 12 8 5.133922250589832e15 8 1
tr 7 4 4 13 12 8 1.0748724707987548e15 9 2
tr 7 4 4 13 12 8 1.3860309236215308e19 10 1
ann 7 4 4 13 12 10 4.146413958965662e-34 42 0
tr 7 4 4 13 12 10 1.3032264174574206e16 8 1
tr 7 4 4 13 12 10 1.4188316614543578e15 9 2
tr 7 4 4 13 12 10 1.0672438111885767e19 10 1
ann 7 4 4 13 12 12 6.835301935691571e-34 42 0
tr 7 4 4 13 12 12 2.9974207601520616e16 8 1
tr 7 4 4 13 12 12 9.597978886308846e14 9 2
tr 7 4 4 13 12 12 3.208706883312048e18 10 1
ann 7 4 4 15 14 2 3.550867926751653e-41 46 0
tr 7 4 4 15 14 2 3.152682562682434e16 10 1
tr 7 4 4 15 14 2 1.7868599696506516e16 11 2
tr 7 4 4 15 14 2 1.1215254588207096e21 12 1
ann 7 4 4 15 14 4 6.883940042275953e-41 46 0
tr 7 4 4 15 14 4 1.0719120713120298e17 10 1
tr 7 4 4 15 14 4 4.205993467023858e16 11 2
tr 7 4 4 15 14 4 1.885641705489764e21 12 1
ann 7 4 4 15 14 6 1.261473394490905e-40 46 0
tr 7 4 4 15 14 6 3.085807478019484e17 10 1
tr 7 4 4 15 14 6 8.382574392320288e16 11 2
tr 7 4 4 15 14 6 2.6843550752476674e21 12 1
ann 7 4 4 15 14 8 2.2034734384992166e-40 46 0
tr 7 4 4 15 14 8 7.833203598049467e17 10 1
tr 7 4 4 15 14 8 1.4343516182414741e17 11 2
tr 7 4 4 15 14 8 3.2152608567966517e21 12 1
ann 7 4 4 15 14 10 3.6934557643989695e-40 46 0
tr 7 4 4 15 14 10 1.8016368275513784e18 10 1
tr 7 4 4 15 14 10 2.079207177702975e17 11 2
tr 7 4 4 15 14 10 3.107184861610207e21 12 1
ann 7 4 4 15 14 12 5.973127845664365e-40 46 0
tr 7 4 4 15 14 12 3.8270063330339753e18 10 1
tr 7 4 4 15 14 12 2.3710257289595357e17 11 2
tr 7 4 4 15 14 12 2.1259685895227716e21 12 1
ann 7 4 4 15 14 14 9.361312558878048e-40 46 0
tr 7 4 4 15 14 14 7.613728388878111e18 10 1
tr 7 4 4 15 14 14 1.4226154373757168e17 11 2
tr 7 4 4 15 14 14 5.7980961532438924e20 12 1
ann 7 5 1 7 5 1 3.3006053228056125e-19 30 0
ann 7 5 1 7 5 2 1.1914218771491248e-18 30 0
tr 7 5 1 7 5 2 107564.80000000019 2 1
ann 7 5 1 7 5 3 8.577434948645512e-19 30 0
tr 7 5 1 7 5 3 286839.46666666627 2 1
ann 7 5 1 7 5 4 5.418902849071119e-19 30 0
tr 7 5 1 7 5 4 153664.00000000006 3 2
tr 7 5 1 7 5 4 7.686401333333333e8 4 1
ann 7 5 1 7 5 5 3.2703603900073063e-19 30 0
tr 7 5 1 7 5 5 1.5372802666666576e8 4 1
tr 7 5 1 7 5 5 2.934807781818181e8 5 2
ann 7 5 1 7 6 1 7.485666599014639e-21 32 0
tr 7 5 1 7 6 1 374.18181818181824 2 2
tr 7 5 1 7 6 1 3.9612457912458032e6 3 1
ann 7 5 1 7 6 2 7.237391505361309e-21 32 0
tr 7 5 1 7 6 2 898.0363636363642 2 2
tr 7 5 1 7 6 2 4.753494949494955e6 3 1
ann 7 5 1 7 6 3 5.916266218991096e-21 32 0
tr 7 5 1 7 6 3 3592.145454545456 2 2
ann 7 5 1 7 6 4 4.149490470675251e-21 32 0
tr 7 5 1 7 6 4 9.506989898989886e6 3 1
tr 7 5 1 7 6 4 2.0281578451178446e6 4 2
ann 7 5 1 7 6 5 2.616270239876619e-21 32 0
tr 7 5 1 7 6 5 5.577434074074069e6 4 2
tr 7 5 1 7 6 5 1.164825208603635e10 5 1
ann 7 5 1 7 6 6 1.4340903162758314e-21 32 0
tr 7 5 1 7 6 6 4.314167439272721e9 5 1
tr 7 5 1 7 6 6 5.418106674125869e9 6 2
ann 7 5 1 8 1 1 2.098887937063083e-13 22 0
tr 7 5 1 8 1 1 2.1950142082337403e8 4 1
tr 7 5 1 8 1 1 1.676192668105765e7 5 2
ann 7 5 1 8 2 1 3.082296556919634e-14 24 0
tr 7 5 1 8 2 1 2.0554576216254719e6 3 1
tr 7 5 1 8 2 1 191842.7113517105 4 2
ann 7 5 1 8 2 2 2.4382000491742354e-14 24 0
tr 7 5 1 8 2 2 385398.3040547743 3 1
tr 7 5 1 8 2 2 239803.38918963788 4 2
tr 7 5 1 8 2 2 3.3005647580544613e10 5 1
ann 7 5 1 8 3 1 1.957150774170396e-15 26 0
tr 7 5 1 8 3 1 14091.876185273066 2 1
tr 7 5 1 8 3 1 1398.003589808834 3 2
tr 7 5 1 8 3 1 8.579270993507805e7 4 1
ann 7 5 1 8 3 2 1.6171263587234554e-15 26 0
tr 7 5 1 8 3 2 3757.833649406141 2 1
tr 7 5 1 8 3 2 3774.609692483851 3 2
tr 7 5 1 8 3 2 2.215720814438989e8 4 1
ann 7 5 1 8 3 3 1.0641745844386975e-15 26 0
tr 7 5 1 8 3 3 156.57640205858831 2 1
tr 7 5 1 8 3 3 699.0017949044156 3 2
tr 7 5 1 8 3 3 2.3929784795940995e8 4 1
ann 7 5 1 8 4 1 6.954690325519145e-17 28 0
tr 7 5 1 8 4 1 6.128266720015555 2 2
tr 7 5 1 8 4 1 2.055170506948326e6 3 1
tr 7 5 1 8 4 1 1.0759756947734968e6 4 2
tr 7 5 1 8 4 1 4.1728375507778783e9 5 1
ann 7 5 1 8 4 2 5.764953127102665e-17 28 0
tr 7 5 1 8 4 2 32.68408917341627 2 2
tr 7 5 1 8 4 2 1.754390705146553e6 3 1
tr 7 5 1 8 4 2 298882.1374370824 4 2
tr 7 5 1 8 4 2 2.7818917005185825e10 5 1
ann 7 5 1 8 4 3 3.8563633420490924e-17 28 0
tr 7 5 1 8 4 3 7.149644506684798 2 2
tr 7 5 1 8 4 3 4.018304292209665e6 3 1
tr 7 5 1 8 4 3 2.0921749620595758e6 4 2
tr 7 5 1 8 4 3 3.477364625648234e9 5 1
ann 7 5 1 8 4 4 2.4228332203731793e-17 28 0
tr 7 5 1 8 4 4 398509.516582773 3 1
tr 7 5 1 8 4 4 1.1955285497483276e6 4 2
tr 7 5 1 8 4 4 4.17283755077786e10 5 1
ann 7 5 1 8 5 1 1.3233651332654039e-18 30 0
tr 7 5 1 8 5 1 56936.71680639269 2 1
tr 7 5 1 8 5 1 19681.828031839366 3 2
tr 7 5 1 8 5 1 2.235511967456382e8 4 1
ann 7 5 1 8 5 2 1.1942401603368076e-18 30 0
tr 7 5 1 8 5 2 29522.74204775908 2 1
tr 7 5 1 8 5 2 18978.905602130784 3 2
tr 7 5 1 8 5 2 4.8901824288108253e8 4 1
ann 7 5 1 8 5 3 8.597724694519968e-19 30 0
tr 7 5 1 8 5 3 78727.31212735729 2 1
tr 7 5 1 8 5 3 56233.794376683865 3 2
ann 7 5 1 8 5 4 5.431721141359454e-19 30 0
tr 7 5 1 8 5 4 42175.345782512886 3 2
tr 7 5 1 8 5 4 8.383169877961414e8 4 1
tr 7 5 1 8 5 4 1.778248155931209e8 5 2
ann 7 5 1 8 5 5 3.278096331930262e-19 30 0
tr 7 5 1 8 5 5 1.6766339755922735e8 4 1
tr 7 5 1 8 5 5 3.2008466806761765e8 5 2
tr 7 5 1 8 5 5 3.187191798295488e12 6 1
ann 7 5 1 8 6 1 1.237335197954414e-20 32 0
tr 7 5 1 8 6 1 542.0211218289937 2 2
tr 7 5 1 8 6 1 9.653613735305207e6 3 1
tr 7 5 1 8 6 1 4.707285935691679e6 4 2
ann 7 5 1 8 6 2 1.1962968339878122e-20 32 0
tr 7 5 1 8 6 2 1300.8506923895854 2 2
tr 7 5 1 8 6 2 1.1584336482366225e7 3 1
tr 7 5 1 8 6 2 588410.7419614585 4 2
tr 7 5 1 8 6 2 3.626922890264543e10 5 1
ann 7 5 1 8 6 3 9.779228534449392e-21 32 0
tr 7 5 1 8 6 3 5203.402769558342 2 2
tr 7 5 1 8 6 3 1.059139335530625e7 4 2
ann 7 5 1 8 6 4 6.858855590504468e-21 32 0
tr 7 5 1 8 6 4 2.316867296473239e7 3 1
tr 7 5 1 8 6 4 4.9426502324762475e6 4 2
tr 7 5 1 8 6 4 1.0945535150976921e10 5 1
ann 7 5 1 8 6 5 4.324535710514659e-21 32 0
tr 7 5 1 8 6 5 1.3592288139309676e7 4 2
tr 7 5 1 8 6 5 5.77069338433162e10 5 1
tr 7 5 1 8 6 5 3.660272035476667e9 6 2
ann 7 5 1 8 6 6 2.3704641255865226e-21 32 0
tr 7 5 1 8 6 6 2.1372938460487476e10 5 1
tr 7 5 1 8 6 6 2.684199492682887e10 6 2
tr 7 5 1 8 6 6 1.1407888835345102e14 7 1
ann 7 5 1 8 7 1 4.39463039904031e-23 34 0
tr 7 5 1 8 7 1 590232.7387447654 2 1
tr 7 5 1 8 7 1 58554.83519293313 3 2
tr 7 5 1 8 7 1 4.762594622934843e8 4 1
ann 7 5 1 8 7 2 4.399580866298695e-23 34 0
tr 7 5 1 8 7 2 590232.7387447647 2 1
tr 7 5 1 8 7 2 29277.417596466552 3 2
tr 7 5 1 8 7 2 7.380053651242046e8 4 1
ann 7 5 1 8 7 3 3.931399479240455e-23 34 0
tr 7 5 1 8 7 3 295116.36937238247 2 1
tr 7 5 1 8 7 3 286918.69244537206 3 2
tr 7 5 1 8 7 3 1.995566507295862e8 4 1
ann 7 5 1 8 7 4 3.116334987844193e-23 34 0
tr 7 5 1 8 7 4 386461.912273358 3 2
tr 7 5 1 8 7 4 1.8184452196660337e8 4 1
tr 7 5 1 8 7 4 4.999071222063726e8 5 2
ann 7 5 1 8 7 5 2.1903706586485234e-23 34 0
tr 7 5 1 8 7 5 1.454756175732828e9 4 1
tr 7 5 1 8 7 5 4.937354293396278e7 5 2
tr 7 5 1 8 7 5 7.414784438913105e11 6 1
ann 7 5 1 8 7 6 1.3549219867057417e-23 34 0
tr 7 5 1 8 7 6 8.023200726768945e8 5 2
tr 7 5 1 8 7 6 1.2392276695568435e12 6 1
ann 7 5 1 8 7 7 6.626974079571454e-24 34 0
tr 7 5 1 8 7 7 8.132431581466746e11 6 1
tr 7 5 1 8 7 7 7.001774639655703e11 7 2
tr 7 5 1 8 7 7 1.574766522236751e15 8 1
ann 7 5 1 9 8 2 1.9839627046728585e-25 36 0
tr 7 5 1 9 8 2 4.824898690371262e7 3 1
tr 7 5 1 9 8 2 300215.9185119902 4 2
tr 7 5 1 9 8 2 5.648780453698481e10 5 1
ann 7 5 1 9 8 4 1.6045166507232498e-25 36 0
tr 7 5 1 9 8 4 1.4153036158422375e7 3 1
tr 7 5 1 9 8 4 2.283356500225478e7 4 2
tr 7 5 1 9 8 4 3.69860624944558e8 5 1
ann 7 5 1 9 8 6 8.720637984201972e-26 36 0
tr 7 5 1 9 8 6 1.1219105623317714e11 5 1
tr 7 5 1 9 8 6 8.083243136505e13 7 1
ann 7 5 1 9 8 8 2.2983968538649813e-26 36 0
tr 7 5 1 9 8 8 8.00625986853825e13 7 1
tr 7 5 1 9 8 8 4.905796488074909e13 8 2
tr 7 5 1 9 8 8 1.2149640828130168e17 9 1
ann 7 5 1 11 10 2 1.815662884718181e-30 40 0
tr 7 5 1 11 10 2 1.009031294247493e11 5 1
tr 7 5 1 11 10 2 1.77009800690297e8 6 2
tr 7 5 1 11 10 2 9.002091858414975e13 7 1
ann 7 5 1 11 10 4 1.6638477541319564e-30 40 0
tr 7 5 1 11 10 4 7.027182227795018e10 5 1
tr 7 5 1 11 10 4 1.2943841675478033e10 6 2
tr 7 5 1 11 10 4 4.1933958312064516e13 7 1
ann 7 5 1 11 10 6 1.1996521974714244e-30 40 0
tr 7 5 1 11 10 6 1.2492768404968876e10 5 1
tr 7 5 1 11 10 6 2.517293923150195e10 6 2
tr 7 5 1 11 10 6 3.2041356328445816e13 7 1
ann 7 5 1 11 10 8 5.9665518821270355e-31 40 0
tr 7 5 1 11 10 8 1.769231822966286e14 7 1
tr 7 5 1 11 10 8 7.709071124036133e12 8 2
tr 7 5 1 11 10 8 1.6661793802645568e17 9 1
ann 7 5 1 11 10 10 1.2496637615317836e-31 40 0
tr 7 5 1 11 10 10 2.0160597121452848e17 9 1
tr 7 5 1 11 10 10 6.855079068451502e16 10 2
tr 7 5 1 11 10 10 2.1224696036013126e20 11 1
ann 7 5 1 13 12 2 6.581728629100803e-36 44 0
tr 7 5 1 13 12 2 5.895810921431156e13 7 1
tr 7 5 1 13 12 2 3.440599277212409e11 8 2
tr 7 5 1 13 12 2 4.264187039195665e16 9 1
ann 7 5 1 13 12 4 6.360849186800217e-36 44 0
tr 7 5 1 13 12 4 5.240720819049933e13 7 1
tr 7 5 1 13 12 4 1.9072736195294517e12 8 2
tr 7 5 1 13 12 4 3.907545941372043e16 9 1
ann 7 5 1 13 12 6 5.2244423284325695e-36 44 0
tr 7 5 1 13 12 6 2.6033450821903867e13 7 1
tr 7 5 1 13 12 6 7.880496153354082e12 8 2
tr 7 5 1 13 12 6 7.724667829911516e14 9 1
ann 7 5 1 13 12 8 3.43192055176825e-36 44 0
tr 7 5 1 13 12 8 3.623703777407866e12 7 1
tr 7 5 1 13 12 8 7.19411779338325e12 8 2
tr 7 5 1 13 12 8 4.650732825346131e16 9 1
ann 7 5 1 13 12 10 1.5447099022981227e-36 44 0
tr 7 5 1 13 12 10 8.005008899905416e16 9 1
tr 7 5 1 13 12 10 7.742270709330026e15 10 2
tr 7 5 1 13 12 10 7.709822092807368e19 11 1
ann 7 5 1 13 12 12 2.745742645380159e-37 44 0
tr 7 5 1 13 12 12 1.3760740666527402e20 11 1
tr 7 5 1 13 12 12 2.849857534487927e19 12 2
tr 7 5 1 13 12 12 1.0934884676700125e23 13 1
ann 7 5 1 15 14 2 1.0875516041007294e-41 48 0
tr 7 5 1 15 14 2 1.314449334167139e16 9 1
tr 7 5 1 15 14 2 9.53078834595802e13 10 2
tr 7 5 1 15 14 2 8.167802493914e18 11 1
ann 7 5 1 15 14 4 1.0828534607519304e-41 48 0
tr 7 5 1 15 14 4 1.2927228988916624e16 9 1
tr 7 5 1 15 14 4 1.0197277041479603e14 10 2
tr 7 5 1 15 14 4 9.825501167574725e18 11 1
ann 7 5 1 15 14 6 9.537340696225554e-42 48 0
tr 7 5 1 15 14 6 8.996972556388793e15 9 1
tr 7 5 1 15 14 6 7.749930551524516e14 10 2
tr 7 5 1 15 14 6 2.902883957533584e18 11 1
ann 7 5 1 15 14 8 7.207765684867193e-42 48 0
tr 7 5 1 15 14 8 3.7112511795103805e15 9 1
tr 7 5 1 15 14 8 1.3059012877875228e15 10 2
tr 7 5 1 15 14 8 1.1362339075412353e18 11 1
ann 7 5 1 15 14 10 4.368500288375737e-42 48 0
tr 7 5 1 15 14 10 4.46320403287523e14 9 1
tr 7 5 1 15 14 10 8.262460358380581e14 10 2
tr 7 5 1 15 14 10 1.4506604781724977e19 11 1
ann 7 5 1 15 14 12 1.8037756538678838e-42 48 0
tr 7 5 1 15 14 12 1.4341838406426366e19 11 1
tr 7 5 1 15 14 12 1.9009300609701192e18 12 2
tr 7 5 1 15 14 12 1.229703699516749e22 13 1
ann 7 5 1 15 14 14 2.84849177771181e-43 48 0
tr 7 5 1 15 14 14 3.5256155216138667e22 13 1
tr 7 5 1 15 14 14 4.763674737155963e21 14 2
tr 7 5 1 15 14 14 2.217416848096061e25 15 1
ann 7 5 2 7 5 2 3.5120992143966063e-19 30 0
ann 7 5 2 7 5 3 1.272922216194093e-18 30 0
tr 7 5 2 7 5 3 256106.6666666664 2 1
ann 7 5 2 7 5 4 8.787193822910101e-19 30 0
tr 7 5 2 7 5 4 184396.80000000028 2 1
ann 7 5 2 7 5 5 5.530322888268956e-19 30 0
tr 7 5 2 7 5 5 54879.999999999935 3 2
tr 7 5 2 7 5 5 5.380480933333328e8 4 1
ann 7 5 2 7 6 1 6.525896267766654e-21 32 0
tr 7 5 2 7 6 1 2886.545454545454 2 2
tr 7 5 2 7 6 1 1.6976767676767632e6 3 1
ann 7 5 2 7 6 2 7.790091515273597e-21 32 0
tr 7 5 2 7 6 2 1368.436363636363 2 2
tr 7 5 2 7 6 2 905427.6094276112 3 1
ann 7 5 2 7 6 3 7.917401783167186e-21 32 0
tr 7 5 2 7 6 3 128.2909090909091 2 2
tr 7 5 2 7 6 3 6.1116363636363875e6 3 1
ann 7 5 2 7 6 4 6.581720700231046e-21 32 0
tr 7 5 2 7 6 4 3848.727272727269 2 2
tr 7 5 2 7 6 4 2.0372121212121241e6 3 1
ann 7 5 2 7 6 5 4.480854812276552e-21 32 0
tr 7 5 2 7 6 5 7.46977777777777e6 3 1
tr 7 5 2 7 6 5 6.374210370370368e6 4 2
ann 7 5 2 7 6 6 2.6956810721090547e-21 32 0
tr 7 5 2 7 6 6 2.3903288888888853e6 4 2
tr 7 5 2 7 6 6 1.207966882996365e10 5 1
ann 7 5 2 8 1 1 2.4478429349211316e-13 22 0
tr 7 5 2 8 1 1 3.0730198915272355e8 4 1
tr 7 5 2 8 1 1 1.5644464902320473e7 5 2
ann 7 5 2 8 2 1 3.232433236168523e-14 24 0
tr 7 5 2 8 2 1 2.6977881283834293e6 3 1
tr 7 5 2 8 2 1 67144.94897309862 4 2
tr 7 5 2 8 2 1 9.241581322552505e9 5 1
ann 7 5 2 8 2 2 3.246281363387604e-14 24 0
tr 7 5 2 8 2 2 899262.7094611414 3 1
tr 7 5 2 8 2 2 335724.74486549315 4 2
tr 7 5 2 8 2 2 3.0805271075175e10 5 1
ann 7 5 2 8 3 1 2.0404391974987345e-15 26 0
tr 7 5 2 8 3 1 16440.52221615189 2 1
tr 7 5 2 8 3 1 2.5411658876637852e8 4 1
ann 7 5 2 8 3 2 2.0324966537999028e-15 26 0
tr 7 5 2 8 3 2 9864.31332969113 2 1
tr 7 5 2 8 3 2 3914.4100514647344 3 2
tr 7 5 2 8 3 2 4.963214624343321e7 4 1
ann 7 5 2 8 3 3 1.566026693248771e-15 26 0
tr 7 5 2 8 3 3 1096.0348144101224 2 1
tr 7 5 2 8 3 3 1957.205025732365 3 2
tr 7 5 2 8 3 3 3.7224109682574975e8 4 1
ann 7 5 2 8 4 1 6.773282872915833e-17 28 0
tr 7 5 2 8 4 1 7.149644506684808 2 2
tr 7 5 2 8 4 1 3.4006145415063584e6 3 1
tr 7 5 2 8 4 1 2.4341552379537567e10 5 1
ann 7 5 2 8 4 2 7.351507747147092e-17 28 0
tr 7 5 2 8 4 2 21.448933520054403 2 2
tr 7 5 2 8 4 2 79701.90331655578 3 1
tr 7 5 2 8 4 2 1.6737399696476606e6 4 2
tr 7 5 2 8 4 2 1.4604931427722593e10 5 1
ann 7 5 2 8 4 3 5.717044837597433e-17 28 0
tr 7 5 2 8 4 3 25.534444666731446 2 2
tr 7 5 2 8 4 3 4.556292139596408e6 3 1
tr 7 5 2 8 4 3 597764.2748741632 4 2
tr 7 5 2 8 4 3 3.477364625648234e9 5 1
ann 7 5 2 8 4 4 3.8035496417600674e-17 28 0
tr 7 5 2 8 4 4 2.042755573338511 2 2
tr 7 5 2 8 4 4 1.8597110773862905e6 3 1
tr 7 5 2 8 4 4 2.3910570994966547e6 4 2
tr 7 5 2 8 4 4 4.868310475907508e10 5 1
ann 7 5 2 8 5 1 1.1942401603368065e-18 30 0
tr 7 5 2 8 5 1 29522.74204775908 2 1
tr 7 5 2 8 5 1 18978.905602130784 3 2
tr 7 5 2 8 5 1 4.8901824288108253e8 4 1
ann 7 5 2 8 5 2 1.4081628035336256e-18 30 0
tr 7 5 2 8 5 2 25305.20746950776 2 1
tr 7 5 2 8 5 2 53120.85218797454 3 2
tr 7 5 2 8 5 2 1.397194979660245e7 4 1
ann 7 5 2 8 5 3 1.2759332867651414e-18 30 0
tr 7 5 2 8 5 3 70292.24297085474 2 1
tr 7 5 2 8 5 3 200.83497991672547 3 2
tr 7 5 2 8 5 3 4.1915849389807194e8 4 1
ann 7 5 2 8 5 4 8.807979747643048e-19 30 0
tr 7 5 2 8 5 4 50610.41493901554 2 1
tr 7 5 2 8 5 4 81338.16686627477 3 2
tr 7 5 2 8 5 4 4.1915849389807063e8 4 1
ann 7 5 2 8 5 5 5.543404723915133e-19 30 0
tr 7 5 2 8 5 5 15062.623493754583 3 2
tr 7 5 2 8 5 5 5.868218914572985e8 4 1
tr 7 5 2 8 5 5 4.979094836607383e8 5 2
tr 7 5 2 8 5 5 2.9747123450758e12 6 1
ann 7 5 2 8 6 1 1.0786909954898215e-20 32 0
tr 7 5 2 8 6 1 4181.305796966522 2 2
tr 7 5 2 8 6 1 4.137263029416493e6 3 1
tr 7 5 2 8 6 1 4.0684399872763734e6 4 2
ann 7 5 2 8 6 2 1.2876547866557548e-20 32 0
tr 7 5 2 8 6 2 1982.248674117462 2 2
tr 7 5 2 8 6 2 2.2065402823554724e6 3 1
tr 7 5 2 8 6 2 1.0507334677883193e7 4 2
ann 7 5 2 8 6 3 1.3086984002997649e-20 32 0
tr 7 5 2 8 6 3 185.83581319851214 2 2
tr 7 5 2 8 6 3 1.4894146905899473e7 3 1
tr 7 5 2 8 6 3 3.0261123872303558e6 4 2
tr 7 5 2 8 6 3 1.1657966432993242e10 5 1
ann 7 5 2 8 6 4 1.0879184352421629e-20 32 0
tr 7 5 2 8 6 4 5575.074395955357 2 2
tr 7 5 2 8 6 4 4.964715635299812e6 3 1
tr 7 5 2 8 6 4 3.2278532130457163e6 4 2
ann 7 5 2 8 6 5 7.406580709521902e-21 32 0
tr 7 5 2 8 6 5 1.82039573294326e7 3 1
tr 7 5 2 8 6 5 1.5534043587782495e7 4 2
tr 7 5 2 8 6 5 9.974037948227531e9 5 1
ann 7 5 2 8 6 6 4.455796978069838e-21 32 0
tr 7 5 2 8 6 6 5.825266345418429e6 4 2
tr 7 5 2 8 6 6 5.984422768936509e10 5 1
tr 7 5 2 8 6 6 3.4162538997782196e10 6 2
ann 7 5 2 8 7 1 3.788279803037554e-23 34 0
tr 7 5 2 8 7 1 224850.56714086322 2 1
tr 7 5 2 8 7 1 337387.3837307096 3 2
tr 7 5 2 8 7 1 1.8904183143219468e8 4 1
ann 7 5 2 8 7 2 4.465204097092001e-23 34 0
tr 7 5 2 8 7 2 505913.77606694127 2 1
tr 7 5 2 8 7 2 200759.43494719896 3 2
ann 7 5 2 8 7 3 4.7520566891558483e-23 34 0
tr 7 5 2 8 7 3 674551.7014225902 2 1
tr 7 5 2 8 7 3 8364.976456133309 3 2
tr 7 5 2 8 7 3 6.238043063381308e8 4 1
ann 7 5 2 8 7 4 4.462814558799798e-23 34 0
tr 7 5 2 8 7 4 463754.29472802987 2 1
tr 7 5 2 8 7 4 147223.58562794595 3 2
tr 7 5 2 8 7 4 7.422225386392018e8 4 1
ann 7 5 2 8 7 5 3.6089494647126964e-23 34 0
tr 7 5 2 8 7 5 496879.6014943171 3 2
tr 7 5 2 8 7 5 2.5977788852372147e7 4 1
tr 7 5 2 8 7 5 3.888166506049561e8 5 2
ann 7 5 2 8 7 6 2.4769580237490508e-23 34 0
tr 7 5 2 8 7 6 1.3508450203233445e9 4 1
tr 7 5 2 8 7 6 5.61624050873825e8 5 2
ann 7 5 2 8 7 7 1.4015497340208068e-23 34 0
tr 7 5 2 8 7 7 4.011600363384465e8 5 2
tr 7 5 2 8 7 7 1.8975673690089143e12 6 1
tr 7 5 2 8 7 7 7.54037268886e11 7 2
ann 7 5 2 9 8 2 1.9423296559423073e-25 36 0
tr 7 5 2 9 8 2 3.676113287901918e7 3 1
tr 7 5 2 9 8 2 1.3724156274833804e7 4 2
tr 7 5 2 9 8 2 1.6811846588388124e9 5 1
ann 7 5 2 9 8 4 2.0919291922694566e-25 36 0
tr 7 5 2 9 8 4 4.852469540030543e7 3 1
tr 7 5 2 9 8 4 1.5096571902317186e6 4 2
tr 7 5 2 9 8 4 6.2136584990683075e10 5 1
ann 7 5 2 9 8 6 1.5064027467872035e-25 36 0
tr 7 5 2 9 8 6 2.9438315209518526e7 4 2
tr 7 5 2 9 8 6 1.6027293747596688e9 5 1
tr 7 5 2 9 8 6 3.2937495356842266e10 6 2
tr 7 5 2 9 8 6 4.618996078002852e13 7 1
ann 7 5 2 9 8 8 5.445119883726043e-26 36 0
tr 7 5 2 9 8 8 3.2205551015579018e10 6 2
tr 7 5 2 9 8 8 1.6012519737076525e14 7 1
tr 7 5 2 9 8 8 4.578743388869914e13 8 2
tr 7 5 2 9 8 8 7.087290483075933e16 9 1
ann 7 5 2 11 10 2 1.695856934446923e-30 40 0
tr 7 5 2 11 10 2 6.919071731982779e10 5 1
tr 7 5 2 11 10 2 1.6992940866268534e10 6 2
ann 7 5 2 11 10 4 1.930379877626002e-30 40 0
tr 7 5 2 11 10 4 1.0708087204259035e11 5 1
tr 7 5 2 11 10 4 8.218312174906663e8 6 2
tr 7 5 2 11 10 4 7.944238638083792e13 7 1
ann 7 5 2 11 10 6 1.7692718421645278e-30 40 0
tr 7 5 2 11 10 6 7.138724802839366e10 5 1
tr 7 5 2 11 10 6 1.4025919445174015e10 6 2
tr 7 5 2 11 10 6 6.797658021444076e13 7 1
ann 7 5 2 11 10 8 1.1718199478767315e-30 40 0
tr 7 5 2 11 10 8 2.7434220278415623e10 6 2
tr 7 5 2 11 10 8 4.513346487158882e13 7 1
tr 7 5 2 11 10 8 3.997704025750167e13 8 2
tr 7 5 2 11 10 8 1.45638988493468e16 9 1
ann 7 5 2 11 10 10 3.609496660270545e-31 40 0
tr 7 5 2 11 10 10 5.231155405595931e13 8 2
tr 7 5 2 11 10 10 3.1360928855593344e17 9 1
tr 7 5 2 11 10 10 5.051110892543205e16 10 2
tr 7 5 2 11 10 10 9.904858150139444e19 11 1
ann 7 5 2 13 12 2 5.905738881517527e-36 44 0
tr 7 5 2 13 12 2 3.85032549971014e13 7 1
tr 7 5 2 13 12 2 6.291381535474116e12 8 2
ann 7 5 2 13 12 4 6.884761085689985e-36 44 0
tr 7 5 2 13 12 4 5.989395221771342e13 7 1
tr 7 5 2 13 12 4 1.4679890249439531e12 8 2
tr 7 5 2 13 12 4 2.658194517940165e16 9 1
ann 7 5 2 13 12 6 6.917450203728077e-36 44 0
tr 7 5 2 13 12 6 5.9505030450065914e13 7 1
tr 7 5 2 13 12 6 8.102536825989362e11 8 2
tr 7 5 2 13 12 6 5.424647983555373e16 9 1
ann 7 5 2 13 12 8 5.74776574372172e-36 44 0
tr 7 5 2 13 12 8 2.8989630219262906e13 7 1
tr 7 5 2 13 12 8 8.289518445050659e12 8 2
tr 7 5 2 13 12 8 1.0273808213782396e16 9 1
ann 7 5 2 13 12 10 3.489917658273216e-36 44 0
tr 7 5 2 13 12 10 7.815831676762038e12 8 2
tr 7 5 2 13 12 10 5.1460771499392e16 9 1
tr 7 5 2 13 12 10 1.1353268678789638e16 10 2
tr 7 5 2 13 12 10 3.26341675886022e17 11 1
ann 7 5 2 13 12 12 9.345724743680652e-37 44 0
tr 7 5 2 13 12 12 2.3848958881418356e16 10 2
tr 7 5 2 13 12 12 1.7513669939216715e20 11 1
tr 7 5 2 13 12 12 1.7346958905578676e19 12 2
tr 7 5 2 13 12 12 4.2524551520500465e22 13 1
ann 7 5 2 15 14 2 9.396066679912305e-42 48 0
tr 7 5 2 15 14 2 8.345710058204096e15 9 1
tr 7 5 2 15 14 2 9.585249993649252e14 10 2
tr 7 5 2 15 14 2 9.162487713067634e16 11 1
ann 7 5 2 15 14 4 1.1107831197288398e-41 48 0
tr 7 5 2 15 14 4 1.2663407989142786e16 9 1
tr 7 5 2 15 14 4 3.787560043978148e14 10 2
tr 7 5 2 15 14 4 3.476925268293928e18 11 1
ann 7 5 2 15 14 6 1.1713337466196402e-41 48 0
tr 7 5 2 15 14 6 1.4395156090222044e16 9 1
tr 7 5 2 15 14 6 1.0623787035510444e19 11 1
ann 7 5 2 15 14 8 1.0808219485711877e-41 48 0
tr 7 5 2 15 14 8 1.131047978517448e16 9 1
tr 7 5 2 15 14 8 5.074359289688682e14 10 2
tr 7 5 2 15 14 8 8.493602082510716e18 11 1
ann 7 5 2 15 14 10 8.307202530347523e-42 48 0
tr 7 5 2 15 14 10 4.590724148100237e15 9 1
tr 7 5 2 15 14 10 1.464599387141515e15 10 2
tr 7 5 2 15 14 10 6.140361812370366e16 11 1
ann 7 5 2 15 14 12 4.653813654253312e-42 48 0
tr 7 5 2 15 14 12 9.394634226730104e14 10 2
tr 7 5 2 15 14 12 1.5738770718740668e19 11 1
tr 7 5 2 15 14 12 1.157087863199205e18 12 2
tr 7 5 2 15 14 12 2.3142501885465275e21 13 1
ann 7 5 2 15 14 14 1.1146435911980359e-42 48 0
tr 7 5 2 15 14 14 4.277092637182772e18 12 2
tr 7 5 2 15 14 14 3.796816715584164e22 13 1
tr 7 5 2 15 14 14 2.470053567414201e21 14 2
tr 7 5 2 15 14 14 7.391389493653555e24 15 1
ann 7 5 3 7 5 3 3.9839068380394973e-19 30 0
ann 7 5 3 7 5 4 1.4316358323894921e-18 30 0
tr 7 5 3 7 5 4 376476.7999999998 2 1
ann 7 5 3 7 5 5 9.523975359008034e-19 30 0
tr 7 5 3 7 5 5 76831.99999999972 2 1
tr 7 5 3 7 5 5 219519.9999999998 3 2
ann 7 5 3 7 6 1 4.5989865539183e-21 32 0
tr 7 5 3 7 6 1 855.2727272727271 2 2
tr 7 5 3 7 6 1 7.243420875420868e6 3 1
ann 7 5 3 7 6 2 6.5188815161667276e-21 32 0
tr 7 5 3 7 6 2 2587.1999999999994 2 2
tr 7 5 3 7 6 2 5.545744107744116e6 3 1
ann 7 5 3 7 6 3 8.391493185862076e-21 32 0
tr 7 5 3 7 6 3 2597.890909090908 2 2
tr 7 5 3 7 6 3 339535.3535353501 3 1
ann 7 5 3 7 6 4 9.163130257758033e-21 32 0
tr 7 5 3 7 6 4 160.36363636363646 2 2
tr 7 5 3 7 6 4 3.3953535353535437e6 3 1
ann 7 5 3 7 6 5 7.689410340617684e-21 32 0
tr 7 5 3 7 6 5 3528.0000000000005 2 2
tr 7 5 3 7 6 5 7.469777777777778e6 3 1
ann 7 5 3 7 6 6 5.060123823998221e-21 32 0
tr 7 5 3 7 6 6 3.734888888888875e6 3 1
tr 7 5 3 7 6 6 7.1709866666666595e6 4 2
ann 7 5 3 8 1 1 2.8158083412244195e-13 22 0
tr 7 5 3 8 1 1 4.097359855369643e8 4 1
tr 7 5 3 8 1 1 1.3409541344846107e7 5 2
ann 7 5 3 8 2 1 3.301658171656296e-14 24 0
tr 7 5 3 8 2 1 2.877640670275655e6 3 1
tr 7 5 3 8 2 1 2.2003765053696407e10 5 1
ann 7 5 3 8 2 2 4.186734875433353e-14 24 0
tr 7 5 3 8 2 2 1.798525418922282e6 3 1
tr 7 5 3 8 2 2 402869.6938385912 4 2
tr 7 5 3 8 2 2 2.464421686013997e10 5 1
ann 7 5 3 8 3 1 1.9216260589342244e-15 26 0
tr 7 5 3 8 3 1 10960.348144101239 2 1
tr 7 5 3 8 3 1 1957.205025732367 3 2
tr 7 5 3 8 3 1 2.4121223074308592e8 4 1
ann 7 5 3 8 3 2 2.403787234459157e-15 26 0
tr 7 5 3 8 3 2 17536.55703056199 2 1
tr 7 5 3 8 3 2 1957.205025732367 3 2
tr 7 5 3 8 3 2 1.4889643873029932e7 4 1
ann 7 5 3 8 3 3 2.2681383103316365e-15 26 0
tr 7 5 3 8 3 3 4384.139257640496 2 1
tr 7 5 3 8 3 3 3914.4100514647307 3 2
tr 7 5 3 8 3 3 4.466893161908989e8 4 1
ann 7 5 3 8 4 1 5.351671945252363e-17 28 0
tr 7 5 3 8 4 1 42.8978670401088 2 2
tr 7 5 3 8 4 1 199254.75829138767 3 1
tr 7 5 3 8 4 1 1.3947833080397183e6 4 2
tr 7 5 3 8 4 1 2.0864187753889416e10 5 1
ann 7 5 3 8 4 2 7.815382784288198e-17 28 0
tr 7 5 3 8 4 2 3.2279270843204884e6 3 1
tr 7 5 3 8 4 2 1.3947833080397174e6 4 2
ann 7 5 3 8 4 3 8.203444881028682e-17 28 0
tr 7 5 3 8 4 3 36.76960032009328 2 2
tr 7 5 3 8 4 3 1.6737399696476613e6 3 1
tr 7 5 3 8 4 3 79701.90331655496 4 2
tr 7 5 3 8 4 3 2.503702530466718e10 5 1
ann 7 5 3 8 4 4 6.052217198657228e-17 28 0
tr 7 5 3 8 4 4 12.256533440031083 2 2
tr 7 5 3 8 4 4 4.463306585727085e6 3 1
tr 7 5 3 8 4 4 3.188076132662209e6 4 2
tr 7 5 3 8 4 4 4.17283755077786e10 5 1
ann 7 5 3 8 5 1 8.59772469451997e-19 30 0
tr 7 5 3 8 5 1 78727.31212735729 2 1
tr 7 5 3 8 5 1 56233.794376683865 3 2
ann 7 5 3 8 5 2 1.2759332867651418e-18 30 0
tr 7 5 3 8 5 2 70292.24297085477 2 1
tr 7 5 3 8 5 2 200.83497991672587 3 2
tr 7 5 3 8 5 2 4.1915849389807224e8 4 1
ann 7 5 3 8 5 3 1.5973322730649985e-18 30 0
tr 7 5 3 8 5 3 702.9224297085523 2 1
tr 7 5 3 8 5 3 48602.06513984818 3 2
tr 7 5 3 8 5 3 5.029901926776851e8 4 1
ann 7 5 3 8 5 4 1.435022336842688e-18 30 0
tr 7 5 3 8 5 4 103329.5971671565 2 1
tr 7 5 3 8 5 4 38560.31614401181 3 2
ann 7 5 3 8 5 5 9.546504107784102e-19 30 0
tr 7 5 3 8 5 5 21087.672891256367 2 1
tr 7 5 3 8 5 5 60250.49397501835 3 2
tr 7 5 3 8 5 5 1.0059803853553677e9 4 1
ann 7 5 3 8 6 1 7.601845300949787e-21 32 0
tr 7 5 3 8 6 1 1238.905421323414 2 2
tr 7 5 3 8 6 1 1.7652322258843727e7 3 1
tr 7 5 3 8 6 1 8.170503445521955e6 4 2
ann 7 5 3 8 6 2 1.077531499957816e-20 32 0
tr 7 5 3 8 6 2 3747.688899503327 2 2
tr 7 5 3 8 6 2 1.3515059229427267e7 3 1
ann 7 5 3 8 6 3 1.3870628281757126e-20 32 0
tr 7 5 3 8 6 3 3763.1752172698684 2 2
tr 7 5 3 8 6 3 827452.6058832923 3 1
tr 7 5 3 8 6 3 5.67396072605692e6 4 2
ann 7 5 3 8 6 4 1.514609746522025e-20 32 0
tr 7 5 3 8 6 4 232.29476649814032 2 2
tr 7 5 3 8 6 4 8.274526058833027e6 3 1
tr 7 5 3 8 6 4 1.2255755168282937e7 4 2
tr 7 5 3 8 6 4 1.0945535150976921e10 5 1
ann 7 5 3 8 6 5 1.2710128015295727e-20 32 0
tr 7 5 3 8 6 5 5110.484862959082 2 2
tr 7 5 3 8 6 5 1.820395732943262e7 3 1
tr 7 5 3 8 6 5 1.6643618129766977e6 4 2
ann 7 5 3 8 6 6 8.364077171693051e-21 32 0
tr 7 5 3 8 6 6 9.101978664716277e6 3 1
tr 7 5 3 8 6 6 1.7475799036255293e7 4 2
tr 7 5 3 8 6 6 7.979230358581995e10 5 1
ann 7 5 3 8 7 1 2.6696374535401285e-23 34 0
tr 7 5 3 8 7 1 21079.74066945583 2 1
tr 7 5 3 8 7 1 150987.82503320574 3 2
tr 7 5 3 8 7 1 9.898643389364327e8 4 1
ann 7 5 3 8 7 2 3.616294438194701e-23 34 0
tr 7 5 3 8 7 2 126478.44401673494 2 1
tr 7 5 3 8 7 2 307412.88476289826 3 2
tr 7 5 3 8 7 2 7.469738874660945e8 4 1
ann 7 5 3 8 7 3 4.5816032949380254e-23 34 0
tr 7 5 3 8 7 3 379435.33205020695 2 1
tr 7 5 3 8 7 3 338781.5464733982 3 2
tr 7 5 3 8 7 3 1.487256526288398e8 4 1
ann 7 5 3 8 7 4 5.2831869894367764e-23 34 0
tr 7 5 3 8 7 4 695631.4420920449 2 1
tr 7 5 3 8 7 4 138022.1115261991 3 2
tr 7 5 3 8 7 4 1.045296741916882e8 4 1
ann 7 5 3 8 7 5 5.318431651874259e-23 34 0
tr 7 5 3 8 7 5 695631.4420920435 2 1
tr 7 5 3 8 7 5 13802.211152619915 3 2
tr 7 5 3 8 7 5 8.687096295989642e8 4 1
ann 7 5 3 8 7 6 4.385002625668718e-23 34 0
tr 7 5 3 8 7 6 538286.2349521772 3 2
tr 7 5 3 8 7 6 7.035651147517399e8 4 1
ann 7 5 3 8 7 7 2.8908656167698895e-23 34 0
tr 7 5 3 8 7 7 7.879929285219495e8 4 1
tr 7 5 3 8 7 7 9.627840872122725e8 5 2
tr 7 5 3 8 7 7 2.0700734934642673e12 6 1
ann 7 5 3 9 8 2 1.5404586631113756e-25 36 0
tr 7 5 3 9 8 2 1.0339068622224119e7 3 1
tr 7 5 3 9 8 2 1.8591942953563936e7 4 2
tr 7 5 3 9 8 2 5.6824041468752235e10 5 1
ann 7 5 3 9 8 4 2.2385195249184275e-25 36 0
tr 7 5 3 9 8 4 4.549190193778636e7 3 1
tr 7 5 3 9 8 4 1.3869975435253944e7 4 2
ann 7 5 3 9 8 6 2.3139097326500607e-25 36 0
tr 7 5 3 9 8 6 4.59973675148727e7 3 1
tr 7 5 3 9 8 6 5.519684101784737e6 4 2
tr 7 5 3 9 8 6 7.693100998846474e10 5 1
ann 7 5 3 9 8 8 1.23406812043671e-25 36 0
tr 7 5 3 9 8 8 8.013646873798363e10 5 1
tr 7 5 3 9 8 8 6.441110203115802e10 6 2
tr 7 5 3 9 8 8 1.4780787449609097e14 7 1
ann 7 5 3 11 10 2 1.2790289575519637e-30 40 0
tr 7 5 3 11 10 2 2.162209916244619e10 5 1
tr 7 5 3 11 10 2 2.00653252639644e10 6 2
tr 7 5 3 11 10 2 9.920434025130958e13 7 1
ann 7 5 3 11 10 4 1.8370807286988447e-30 40 0
tr 7 5 3 11 10 4 7.027182227795016e10 5 1
tr 7 5 3 11 10 4 2.083342136338835e10 6 2
tr 7 5 3 11 10 4 7.667923805634628e12 7 1
ann 7 5 3 11 10 6 2.181690214836966e-30 40 0
tr 7 5 3 11 10 6 1.2046598104791444e11 5 1
tr 7 5 3 11 10 6 2.4654936524719825e9 6 2
tr 7 5 3 11 10 6 5.715498675176544e13 7 1
ann 7 5 3 11 10 8 1.9798212425543475e-30 40 0
tr 7 5 3 11 10 8 6.8264055927151505e10 5 1
tr 7 5 3 11 10 8 1.867051102281064e10 6 2
tr 7 5 3 11 10 8 1.111440504171135e14 7 1
ann 7 5 3 11 10 10 9.730454196189914e-31 40 0
tr 7 5 3 11 10 10 2.0009169426404416e14 7 1
tr 7 5 3 11 10 10 7.846733108393889e13 8 2
tr 7 5 3 11 10 10 2.21371262510071e17 9 1
ann 7 5 3 13 12 2 4.194598763948571e-36 44 0
tr 7 5 3 13 12 2 1.2633880545923918e13 7 1
tr 7 5 3 13 12 2 6.889390457465774e12 8 2
tr 7 5 3 13 12 2 5.26322514552149e16 9 1
ann 7 5 3 13 12 4 6.007908715190649e-36 44 0
tr 7 5 3 13 12 4 3.369034812246384e13 7 1
tr 7 5 3 13 12 4 7.88607199411856e12 8 2
tr 7 5 3 13 12 4 1.1939723709747786e16 9 1
ann 7 5 3 13 12 6 7.50021091586978e-36 44 0
tr 7 5 3 13 12 6 6.136456265163055e13 7 1
tr 7 5 3 13 12 6 3.691718341341414e12 8 2
tr 7 5 3 13 12 6 6.276292611803168e15 9 1
ann 7 5 3 13 12 8 7.955476840506078e-36 44 0
tr 7 5 3 13 12 8 7.066222365945344e13 7 1
tr 7 5 3 13 12 8 7.401355754509554e10 8 2
tr 7 5 3 13 12 8 5.779017120252592e16 9 1
ann 7 5 3 13 12 10 6.610205494666466e-36 44 0
tr 7 5 3 13 12 10 2.9895556163614914e13 7 1
tr 7 5 3 13 12 10 9.851204509252178e12 8 2
tr 7 5 3 13 12 10 3.632525047015914e16 9 1
ann 7 5 3 13 12 12 2.9297533349186133e-36 44 0
tr 7 5 3 13 12 12 1.3151086049844589e17 9 1
tr 7 5 3 13 12 12 2.8618750657702028e16 10 2
tr 7 5 3 13 12 12 1.0007811393838114e20 11 1
ann 7 5 3 15 14 2 6.293090291572667e-42 48 0
tr 7 5 3 15 14 2 2.816677144643883e15 9 1
tr 7 5 3 15 14 2 1.0007327763255979e15 10 2
tr 7 5 3 15 14 2 1.118945674363125e19 11 1
ann 7 5 3 15 14 4 8.977246034968092e-42 48 0
tr 7 5 3 15 14 4 6.52956974440172e15 9 1
tr 7 5 3 15 14 4 1.1836125137431715e15 10 2
tr 7 5 3 15 14 4 3.991676895767948e18 11 1
ann 7 5 3 15 14 6 1.1506846906128043e-41 48 0
tr 7 5 3 15 14 6 1.1696064323305424e16 9 1
tr 7 5 3 15 14 6 8.303497019490551e14 10 2
tr 7 5 3 15 14 6 2.7437466517332624e16 11 1
ann 7 5 3 15 14 8 1.3105568901729002e-41 48 0
tr 7 5 3 15 14 8 1.5905362197901606e16 9 1
tr 7 5 3 15 14 8 1.5223077869065994e14 10 2
tr 7 5 3 15 14 8 6.225953116589709e18 11 1
ann 7 5 3 15 14 10 1.2847937281043427e-41 48 0
tr 7 5 3 15 14 10 1.463293322206949e16 9 1
tr 7 5 3 15 14 10 2.0595928881677378e14 10 2
tr 7 5 3 15 14 10 1.4048636129885719e19 11 1
ann 7 5 3 15 14 12 9.913361414685264e-42 48 0
tr 7 5 3 15 14 12 5.180504681015882e15 9 1
tr 7 5 3 15 14 12 1.761493917511896e15 10 2
tr 7 5 3 15 14 12 3.844889888179257e18 11 1
ann 7 5 3 15 14 14 3.9871133317915524e-42 48 0
tr 7 5 3 15 14 14 3.2269136414459277e19 11 1
tr 7 5 3 15 14 14 4.2770926371827794e18 12 2
tr 7 5 3 15 14 14 1.8224720234804029e22 13 1
ann 7 5 4 7 5 4 5.161352926577918e-19 30 0
ann 7 5 4 7 5 5 1.751128030048617e-18 30 0
tr 7 5 4 7 5 5 345744.00000000035 2 1
ann 7 5 4 7 6 1 2.7826109812750554e-21 32 0
tr 7 5 4 7 6 1 1.3581414141414133e6 3 1
tr 7 5 4 7 6 1 4.635789360269364e6 4 2
ann 7 5 4 7 6 2 4.3027249406406204e-21 32 0
tr 7 5 4 7 6 2 384.87272727272705 2 2
tr 7 5 4 7 6 2 5.093030303030299e6 3 1
ann 7 5 4 7 6 3 6.564453503224522e-21 32 0
tr 7 5 4 7 6 3 1806.763636363637 2 2
tr 7 5 4 7 6 3 8.148848484848485e6 3 1
ann 7 5 4 7 6 4 9.5177346492403e-21 32 0
tr 7 5 4 7 6 4 3421.0909090909113 2 2
tr 7 5 4 7 6 4 5.093030303030299e6 3 1
ann 7 5 4 7 6 5 1.2015839932719973e-20 32 0
tr 7 5 4 7 6 5 1764.0000000000014 2 2
ann 7 5 4 7 6 6 9.96557183759677e-21 32 0
tr 7 5 4 7 6 6 2352.000000000001 2 2
tr 7 5 4 7 6 6 1.120466666666666e7 3 1
ann 7 5 4 8 1 1 3.202784155972947e-13 22 0
tr 7 5 4 8 1 1 5.268034099760969e8 4 1
tr 7 5 4 8 1 1 1.005715600863459e7 5 2
ann 7 5 4 8 2 1 3.3620740830165977e-14 24 0
tr 7 5 4 8 2 1 2.158230502706738e6 3 1
tr 7 5 4 8 2 1 115105.62681102613 4 2
tr 7 5 4 8 2 1 3.2345534628933723e10 5 1
ann 7 5 4 8 2 2 5.2439891795438903e-14 24 0
tr 7 5 4 8 2 2 3.2373457540601073e6 3 1
tr 7 5 4 8 2 2 402869.69383859175 4 2
tr 7 5 4 8 2 2 1.5842710838661446e10 5 1
ann 7 5 4 8 3 1 1.6115692752019308e-15 26 0
tr 7 5 4 8 3 1 5871.615077197098 3 2
tr 7 5 4 8 3 1 2.084550142224192e7 4 1
tr 7 5 4 8 3 1 4.527895581655469e7 5 2
tr 7 5 4 8 3 1 2.263568971795138e12 6 1
ann 7 5 4 8 3 2 2.585757714226243e-15 26 0
tr 7 5 4 8 3 2 19728.626659382233 2 1
tr 7 5 4 8 3 2 2.382343019684796e8 4 1
ann 7 5 4 8 3 3 3.2495034411512966e-15 26 0
tr 7 5 4 8 3 3 13152.417772921484 2 1
tr 7 5 4 8 3 3 5871.615077197093 3 2
tr 7 5 4 8 3 3 4.0202038457181e8 4 1
ann 7 5 4 8 4 1 3.692926116400734e-17 28 0
tr 7 5 4 8 4 1 5.379878473867485e6 3 1
tr 7 5 4 8 4 1 1.7932928246224932e6 4 2
ann 7 5 4 8 4 2 6.271998070016427e-17 28 0
tr 7 5 4 8 4 2 42.89786704010879 2 2
tr 7 5 4 8 4 2 3.188076132662209e6 3 1
tr 7 5 4 8 4 2 2.086418775388934e10 5 1
ann 7 5 4 8 4 3 1.0260717671529307e-16 28 0
tr 7 5 4 8 4 3 12.25653344003109 2 2
tr 7 5 4 8 4 3 278956.6616079424 3 1
tr 7 5 4 8 4 3 1.793292824622495e6 4 2
tr 7 5 4 8 4 3 4.172837550777867e10 5 1
ann 7 5 4 8 4 4 1.0006541800018533e-16 28 0
tr 7 5 4 8 4 4 36.76960032009328 2 2
tr 7 5 4 8 4 4 6.694959878590645e6 3 1
tr 7 5 4 8 4 4 2.869268519395988e6 4 2
tr 7 5 4 8 4 4 2.5037025304667187e10 5 1
ann 7 5 4 8 5 1 5.431721141359454e-19 30 0
tr 7 5 4 8 5 1 42175.345782512886 3 2
tr 7 5 4 8 5 1 8.383169877961414e8 4 1
tr 7 5 4 8 5 1 1.778248155931209e8 5 2
ann 7 5 4 8 5 2 8.80797974764305e-19 30 0
tr 7 5 4 8 5 2 50610.41493901554 2 1
tr 7 5 4 8 5 2 81338.16686627477 3 2
tr 7 5 4 8 5 2 4.1915849389807063e8 4 1
ann 7 5 4 8 5 3 1.4350223368426882e-18 30 0
tr 7 5 4 8 5 3 103329.5971671565 2 1
tr 7 5 4 8 5 3 38560.316144011806 3 2
ann 7 5 4 8 5 4 2.069424796911583e-18 30 0
tr 7 5 4 8 5 4 25305.20746950779 2 1
tr 7 5 4 8 5 4 3615.029638501109 3 2
tr 7 5 4 8 5 4 5.0299019267768496e8 4 1
ann 7 5 4 8 5 5 1.7552702875522078e-18 30 0
tr 7 5 4 8 5 5 94894.52801065406 2 1
tr 7 5 4 8 5 5 108450.88915503313 3 2
tr 7 5 4 8 5 5 1.0059803853553692e9 4 1
ann 7 5 4 8 6 1 4.599486849192125e-21 32 0
tr 7 5 4 8 6 1 3.309810423533201e6 3 1
tr 7 5 4 8 6 1 1.1297486245660009e7 4 2
tr 7 5 4 8 6 1 5.485720871525125e10 5 1
ann 7 5 4 8 6 2 7.11214285545606e-21 32 0
tr 7 5 4 8 6 2 557.507439595536 2 2
tr 7 5 4 8 6 2 1.2411789088249505e7 3 1
tr 7 5 4 8 6 2 1.5256649952286383e7 4 2
tr 7 5 4 8 6 2 2.720192167698415e10 5 1
ann 7 5 4 8 6 3 1.0850642728183746e-20 32 0
tr 7 5 4 8 6 3 2617.1877025457134 2 2
tr 7 5 4 8 6 3 1.9858862541199226e7 3 1
tr 7 5 4 8 6 3 9.078337161691062e6 4 2
ann 7 5 4 8 6 4 1.5732236982160982e-20 32 0
tr 7 5 4 8 6 4 4955.62168529366 2 2
tr 7 5 4 8 6 4 1.2411789088249505e7 3 1
ann 7 5 4 8 6 5 1.9861453188277897e-20 32 0
tr 7 5 4 8 6 5 2555.242431479544 2 2
tr 7 5 4 8 6 5 6.657447251906786e6 4 2
ann 7 5 4 8 6 6 1.6472484658925798e-20 32 0
tr 7 5 4 8 6 6 3406.9899086393903 2 2
tr 7 5 4 8 6 6 2.7305935994148906e7 3 1
tr 7 5 4 8 6 6 2.246888447518538e7 4 2
ann 7 5 4 8 7 1 1.5473718721558916e-23 34 0
tr 7 5 4 8 7 1 11292.718215779933 3 2
tr 7 5 4 8 7 1 3.12323870520563e8 4 1
tr 7 5 4 8 7 1 5.65551491789027e8 5 2
tr 7 5 4 8 7 1 1.2970530420587334e12 6 1
ann 7 5 4 8 7 2 2.3258574299882646e-23 34 0
tr 7 5 4 8 7 2 7026.580223151935 2 1
tr 7 5 4 8 7 2 67477.47674614185 3 2
tr 7 5 4 8 7 2 7.378366781836028e8 4 1
ann 7 5 4 8 7 3 3.387900976024194e-23 34 0
tr 7 5 4 8 7 3 56212.64178521572 2 1
tr 7 5 4 8 7 3 201456.51631854367 3 2
tr 7 5 4 8 7 3 1.0690534860513486e9 4 1
ann 7 5 4 8 7 4 4.7325238574974565e-23 34 0
tr 7 5 4 8 7 4 231877.14736401493 2 1
tr 7 5 4 8 7 4 368058.96406986465 3 2
tr 7 5 4 8 7 4 8.906670463670398e8 4 1
ann 7 5 4 8 7 5 6.178965538695586e-23 34 0
tr 7 5 4 8 7 5 618339.0596373721 2 1
tr 7 5 4 8 7 5 375726.85915465356 3 2
tr 7 5 4 8 7 5 2.2545009611165607e8 4 1
ann 7 5 4 8 7 6 7.115241903603861e-23 34 0
tr 7 5 4 8 7 6 1.0048009719107309e6 2 1
tr 7 5 4 8 7 6 79746.10888180404 3 2
ann 7 5 4 8 7 7 6.038726689578861e-23 34 0
tr 7 5 4 8 7 7 418667.071629471 3 2
tr 7 5 4 8 7 7 1.7729840891743884e9 4 1
tr 7 5 4 8 7 7 9.627840872122717e8 5 2
ann 7 5 4 9 8 2 9.542827404936337e-26 36 0
tr 7 5 4 9 8 2 919028.3219754846 3 1
tr 7 5 4 9 8 2 4.832046688431072e6 4 2
tr 7 5 4 9 8 2 5.766463379817145e10 5 1
ann 7 5 4 9 8 4 1.8499720450912625e-25 36 0
tr 7 5 4 9 8 4 1.347908205564038e7 3 1
tr 7 5 4 9 8 4 2.0128762536422934e7 4 2
tr 7 5 4 9 8 4 7.458855936381575e10 5 1
ann 7 5 4 9 8 6 2.9092160430050533e-25 36 0
tr 7 5 4 9 8 6 6.132982335316367e7 3 1
tr 7 5 4 9 8 6 1.717235053888582e7 4 2
tr 7 5 4 9 8 6 1.6027293747596688e9 5 1
ann 7 5 4 9 8 8 2.7422446586076083e-25 36 0
tr 7 5 4 9 8 8 3.2709239121687245e7 4 2
tr 7 5 4 9 8 8 1.4424564372837088e11 5 1
tr 7 5 4 9 8 8 5.269999257094764e10 6 2
tr 7 5 4 9 8 8 7.390393724804556e13 7 1
ann 7 5 4 11 10 2 7.183760185095068e-31 40 0
tr 7 5 4 11 10 2 2.7456633857074537e9 5 1
tr 7 5 4 11 10 2 6.089980047559016e9 6 2
tr 7 5 4 11 10 2 1.0203949056466072e14 7 1
ann 7 5 4 11 10 4 1.3337459101776534e-30 40 0
tr 7 5 4 11 10 4 1.8739152607453407e10 5 1
tr 7 5 4 11 10 4 1.8409019271790848e10 6 2
tr 7 5 4 11 10 4 1.3633778196210005e14 7 1
ann 7 5 4 11 10 6 2.1285945233864468e-30 40 0
tr 7 5 4 11 10 6 7.138724802839366e10 5 1
tr 7 5 4 11 10 6 2.6846486438028378e10 6 2
tr 7 5 4 11 10 6 5.503832028458485e13 7 1
ann 7 5 4 11 10 8 2.7885001016618658e-30 40 0
tr 7 5 4 11 10 8 1.516979020603368e11 5 1
tr 7 5 4 11 10 8 7.451269705248729e9 6 2
tr 7 5 4 11 10 8 1.6872972251994156e13 7 1
ann 7 5 4 11 10 10 2.4661509648248805e-30 40 0
tr 7 5 4 11 10 10 4.8263906045360855e10 6 2
tr 7 5 4 11 10 10 2.5726074976805712e14 7 1
tr 7 5 4 11 10 10 4.7080398650363414e13 8 2
tr 7 5 4 11 10 10 8.30142234412764e16 9 1
ann 7 5 4 13 12 2 2.135968448655427e-36 44 0
tr 7 5 4 13 12 2 1.8716860068035332e12 7 1
tr 7 5 4 13 12 2 2.247858194445431e12 8 2
tr 7 5 4 13 12 2 5.405364713494676e16 9 1
ann 7 5 4 13 12 4 3.857678848826076e-36 44 0
tr 7 5 4 13 12 4 8.556278888244762e12 7 1
tr 7 5 4 13 12 4 5.592339142643641e12 8 2
tr 7 5 4 13 12 4 7.16112680550636e16 9 1
ann 7 5 4 13 12 6 6.198157394252114e-36 44 0
tr 7 5 4 13 12 6 2.727313895628021e13 7 1
tr 7 5 4 13 12 6 8.987063762826537e12 8 2
tr 7 5 4 13 12 6 4.9499027731754e16 9 1
ann 7 5 4 13 12 8 8.73898121871174e-36 44 0
tr 7 5 4 13 12 8 6.281086547506967e13 7 1
tr 7 5 4 13 12 8 7.697409984689884e12 8 2
tr 7 5 4 13 12 8 4.586521524010004e15 9 1
ann 7 5 4 13 12 10 1.0301434400117287e-35 44 0
tr 7 5 4 13 12 10 9.30083969534686e13 7 1
tr 7 5 4 13 12 10 5.427660886640355e11 8 2
tr 7 5 4 13 12 10 3.2961801352551784e16 9 1
ann 7 5 4 13 12 12 8.453771784489433e-36 44 0
tr 7 5 4 13 12 12 1.9973792062836344e13 8 2
tr 7 5 4 13 12 12 1.3151086049844616e17 9 1
tr 7 5 4 13 12 12 1.3556250311543064e16 10 2
tr 7 5 4 13 12 12 3.002343418151433e19 11 1
ann 7 5 4 15 14 2 2.941350210165848e-42 48 0
tr 7 5 4 15 14 2 4.552205486293125e14 9 1
tr 7 5 4 15 14 2 3.403852980699304e14 10 2
tr 7 5 4 15 14 2 1.1437491764550658e19 11 1
ann 7 5 4 15 14 4 5.169606804509755e-42 48 0
tr 7 5 4 15 14 4 1.6122394430621508e15 9 1
tr 7 5 4 15 14 4 7.406784086001694e14 10 2
tr 7 5 4 15 14 4 1.4885918958377839e19 11 1
ann 7 5 4 15 14 6 8.282164312624434e-42 48 0
tr 7 5 4 15 14 6 4.4556435517354005e15 9 1
tr 7 5 4 15 14 6 1.1993940139264108e15 10 2
tr 7 5 4 15 14 6 1.2734904102115414e19 11 1
ann 7 5 4 15 14 8 1.204360730356632e-41 48 0
tr 7 5 4 15 14 8 9.896669812027666e15 9 1
tr 7 5 4 15 14 8 1.3531624772503148e15 10 2
tr 7 5 4 15 14 8 4.889356533388378e18 11 1
ann 7 5 4 15 14 10 1.5606877726706316e-41 48 0
tr 7 5 4 15 14 10 1.7342735670600882e16 9 1
tr 7 5 4 15 14 10 7.780684244189311e14 10 2
tr 7 5 4 15 14 10 8.750015582627768e16 11 1
ann 7 5 4 15 14 12 1.7086581751541354e-41 48 0
tr 7 5 4 15 14 12 2.072201872406356e16 9 1
tr 7 5 4 15 14 12 1.207348641357325e19 11 1
ann 7 5 4 15 14 14 1.2986633330032728e-41 48 0
tr 7 5 4 15 14 14 3.2881219793555375e15 10 2
tr 7 5 4 15 14 14 2.640202070273949e19 11 1
tr 7 5 4 15 14 14 1.67364494498456e18 12 2
tr 7 5 4 15 14 14 4.5561800587009935e21 13 1
ann 7 5 5 7 5 5 8.755640150243097e-19 30 0
ann 7 5 5 7 6 1 1.4010454693401924e-21 32 0
tr 7 5 5 7 6 1 362171.04377104255 4 2
tr 7 5 5 7 6 1 4.1180689193058004e9 5 1
ann 7 5 5 7 6 2 2.3754100925333693e-21 32 0
tr 7 5 5 7 6 2 339535.3535353501 3 1
tr 7 5 5 7 6 2 1.8108552188552152e6 4 2
ann 7 5 5 7 6 3 3.993402687222246e-21 32 0
tr 7 5 5 7 6 3 106.90909090909074 2 2
tr 7 5 5 7 6 3 2.0372121212121213e6 3 1
ann 7 5 5 7 6 4 6.792010739516327e-21 32 0
tr 7 5 5 7 6 4 801.8181818181814 2 2
tr 7 5 5 7 6 4 6.111636363636351e6 3 1
ann 7 5 5 7 6 5 1.1847259860700943e-20 32 0
tr 7 5 5 7 6 5 2940.000000000001 2 2
tr 7 5 5 7 6 5 1.120466666666666e7 3 1
ann 7 5 5 7 6 6 2.1255699976221957e-20 32 0
tr 7 5 5 7 6 6 5879.999999999995 2 2
tr 7 5 5 7 6 6 1.1204666666666638e7 3 1
ann 7 5 5 8 1 1 3.608770379166718e-13 22 0
tr 7 5 5 8 1 1 6.585042624701207e8 4 1
ann 7 5 5 8 2 1 3.5185516163618094e-14 24 0
tr 7 5 5 8 2 1 575528.134055131 4 2
tr 7 5 5 8 2 1 2.97050828224902e10 5 1
ann 7 5 5 8 2 2 6.394280888331948e-14 24 0
tr 7 5 5 8 2 2 5.395576256766845e6 3 1
tr 7 5 5 8 2 2 287764.0670275654 4 2
ann 7 5 5 8 3 1 1.2175479149058854e-15 26 0
tr 7 5 5 8 3 1 4.169100284448391e8 4 1
tr 7 5 5 8 3 1 1.2734706323406002e8 5 2
tr 7 5 5 8 3 1 1.6976767288463508e12 6 1
ann 7 5 5 8 3 2 2.337363574937726e-15 26 0
tr 7 5 5 8 3 2 5871.615077197098 3 2
tr 7 5 5 8 3 2 5.211375355560502e8 4 1
tr 7 5 5 8 3 2 7.074836846336667e7 5 2
ann 7 5 5 8 3 3 4.617713240471661e-15 26 0
tr 7 5 5 8 3 3 32881.04443230371 2 1
tr 7 5 5 8 3 3 5871.6150771971 3 2
tr 7 5 5 8 3 3 2.2334465809544927e8 4 1
ann 7 5 5 8 4 1 2.546642785962561e-17 28 0
tr 7 5 5 8 4 1 1.434634259697994e6 4 2
tr 7 5 5 8 4 1 5.0074050609334404e10 5 1
tr 7 5 5 8 4 1 1.2704514687682962e10 6 2
ann 7 5 5 8 4 2 4.43578350993704e-17 28 0
tr 7 5 5 8 4 2 2.988821374370814e6 3 1
tr 7 5 5 8 4 2 3.227927084320485e6 4 2
tr 7 5 5 8 4 2 5.007405060933433e10 5 1
ann 7 5 5 8 4 3 8.176260555103788e-17 28 0
tr 7 5 5 8 4 3 30.64133360007773 2 2
tr 7 5 5 8 4 3 6.973916540198593e6 3 1
tr 7 5 5 8 4 3 3.2279270843204865e6 4 2
tr 7 5 5 8 4 3 2.9209862855445053e10 5 1
ann 7 5 5 8 4 4 1.732766677967753e-16 28 0
tr 7 5 5 8 4 4 61.282667200155416 2 2
tr 7 5 5 8 4 4 5.579133232158861e6 3 1
tr 7 5 5 8 4 4 1.4346342596979914e6 4 2
tr 7 5 5 8 4 4 8.345675101555689e9 5 1
ann 7 5 5 8 5 1 3.2780963319302633e-19 30 0
tr 7 5 5 8 5 1 1.6766339755922735e8 4 1
tr 7 5 5 8 5 1 3.200846680676175e8 5 2
tr 7 5 5 8 5 1 3.187191798295488e12 6 1
ann 7 5 5 8 5 2 5.543404723915125e-19 30 0
tr 7 5 5 8 5 2 15062.623493754583 3 2
tr 7 5 5 8 5 2 5.868218914572985e8 4 1
tr 7 5 5 8 5 2 4.979094836607383e8 5 2
tr 7 5 5 8 5 2 2.9747123450758e12 6 1
ann 7 5 5 8 5 3 9.546504107784117e-19 30 0
tr 7 5 5 8 5 3 21087.672891256367 2 1
tr 7 5 5 8 5 3 60250.49397501835 3 2
tr 7 5 5 8 5 3 1.0059803853553677e9 4 1
ann 7 5 5 8 5 4 1.7552702875522062e-18 30 0
tr 7 5 5 8 5 4 94894.52801065406 2 1
tr 7 5 5 8 5 4 108450.88915503313 3 2
tr 7 5 5 8 5 4 1.005980385355369e9 4 1
ann 7 5 5 8 5 5 3.510540575104414e-18 30 0
tr 7 5 5 8 5 5 158157.54668442326 2 1
tr 7 5 5 8 5 5 90375.74096252755 3 2
tr 7 5 5 8 5 5 5.0299019267768335e8 4 1
ann 7 5 5 8 6 1 2.3158430033070794e-21 32 0
tr 7 5 5 8 6 1 882616.1129421844 4 2
tr 7 5 5 8 6 1 2.0401441257738148e10 5 1
tr 7 5 5 8 6 1 2.282678742124538e10 6 2
tr 7 5 5 8 6 1 1.0539813792655564e14 7 1
ann 7 5 5 8 6 2 3.926408512800233e-21 32 0
tr 7 5 5 8 6 2 827452.6058832923 3 1
tr 7 5 5 8 6 2 4.413080564710929e6 4 2
tr 7 5 5 8 6 2 4.5336536128306725e10 5 1
ann 7 5 5 8 6 3 6.600851951863692e-21 32 0
tr 7 5 5 8 6 3 154.8631776654265 2 2
tr 7 5 5 8 6 3 4.9647156352998065e6 3 1
tr 7 5 5 8 6 3 1.1347921452113844e7 4 2
tr 7 5 5 8 6 3 6.800480419246037e10 5 1
ann 7 5 5 8 6 4 1.1226781004179867e-20 32 0
tr 7 5 5 8 6 4 1161.4738324907005 2 2
tr 7 5 5 8 6 4 1.4894146905899383e7 3 1
tr 7 5 5 8 6 4 1.8913202420189705e7 4 2
tr 7 5 5 8 6 4 7.28622902062073e10 5 1
ann 7 5 5 8 6 5 1.9582800610966022e-20 32 0
tr 7 5 5 8 6 5 4258.737385799238 2 2
tr 7 5 5 8 6 5 2.73059359941489e7 3 1
tr 7 5 5 8 6 5 2.080452266220871e7 4 2
ann 7 5 5 8 6 6 3.513438037116721e-20 32 0
tr 7 5 5 8 6 6 8517.474771598467 2 2
tr 7 5 5 8 6 6 2.7305935994148858e7 3 1
tr 7 5 5 8 6 6 1.2482713597325208e7 4 2
ann 7 5 5 8 7 1 6.533414980985956e-24 34 0
tr 7 5 5 8 7 1 1.1808085841987003e7 4 1
tr 7 5 5 8 7 1 7.854881830403155e7 5 2
tr 7 5 5 8 7 1 6.75548459405588e11 6 1
ann 7 5 5 8 7 2 1.109466533101507e-23 34 0
tr 7 5 5 8 7 2 2091.244114033297 3 2
tr 7 5 5 8 7 2 7.970457943341438e7 4 1
tr 7 5 5 8 7 2 2.3564645491209447e8 5 2
tr 7 5 5 8 7 2 1.2159872269300605e12 6 1
ann 7 5 5 8 7 3 1.8453597502820003e-23 34 0
tr 7 5 5 8 7 3 1405.3160446303448 2 1
tr 7 5 5 8 7 3 17427.034283610963 3 2
tr 7 5 5 8 7 3 2.846592122621918e8 4 1
ann 7 5 5 8 7 4 3.0321795938376054e-23 34 0
tr 7 5 5 8 7 4 15458.476490934314 2 1
tr 7 5 5 8 7 4 76678.95084788851 3 2
tr 7 5 5 8 7 4 6.95833629974251e8 4 1
ann 7 5 5 8 7 5 4.955055031422189e-23 34 0
tr 7 5 5 8 7 5 92750.85894560571 2 1
tr 7 5 5 8 7 5 230036.8525436653 3 2
tr 7 5 5 8 7 5 1.2525005339536476e9 4 1
ann 7 5 5 8 7 6 8.088232755490619e-23 34 0
tr 7 5 5 8 7 6 401920.38876429223 2 1
tr 7 5 5 8 7 6 498413.18051127525 3 2
tr 7 5 5 8 7 6 1.6282506941397452e9 4 1
ann 7 5 5 8 7 7 1.321199792026999e-22 34 0
tr 7 5 5 8 7 7 1.4067213606750213e6 2 1
tr 7 5 5 8 7 7 697778.4527157852 3 2
tr 7 5 5 8 7 7 1.2664172065531332e9 4 1
ann 7 5 5 9 8 2 3.969565293339926e-26 36 0
tr 7 5 5 9 8 2 15317.138699589927 3 1
tr 7 5 5 9 8 2 250179.93209332466 4 2
tr 7 5 5 9 8 2 7.845528407914457e9 5 1
tr 7 5 5 9 8 2 1.5478319496362202e10 6 2
ann 7 5 5 9 8 4 1.0514658699118594e-25 36 0
tr 7 5 5 9 8 4 1.0109311541730169e6 3 1
tr 7 5 5 9 8 4 3.931398932895101e6 4 2
tr 7 5 5 9 8 4 4.6232578118067474e10 5 1
ann 7 5 5 9 8 6 2.59979791333294e-25 36 0
tr 7 5 5 9 8 6 1.5332455838290896e7 3 1
tr 7 5 5 9 8 6 2.1465438173607282e7 4 2
tr 7 5 5 9 8 6 1.1219105623317714e11 5 1
ann 7 5 5 9 8 8 6.127200310922972e-25 36 0
tr 7 5 5 9 8 8 1.2265964670632745e8 3 1
tr 7 5 5 9 8 8 4.088654890210912e7 4 2
tr 7 5 5 9 8 8 8.013646873798363e10 5 1
ann 7 5 5 11 10 2 2.3950561481186005e-31 40 0
tr 7 5 5 11 10 2 1.0296237696402727e8 5 1
tr 7 5 5 11 10 2 4.741333947061502e8 6 2
tr 7 5 5 11 10 2 1.7496483292980148e13 7 1
tr 7 5 5 11 10 2 1.889671020575178e13 8 2
ann 7 5 5 11 10 4 5.9671680935123365e-31 40 0
tr 7 5 5 11 10 4 1.5615960506211078e9 5 1
tr 7 5 5 11 10 4 3.3558108047535505e9 6 2
tr 7 5 5 11 10 4 6.604598434150152e13 7 1
ann 7 5 5 11 10 6 1.367601261659246e-30 40 0
tr 7 5 5 11 10 6 1.2492768404968872e10 5 1
tr 7 5 5 11 10 6 1.3697186958177752e10 6 2
tr 7 5 5 11 10 6 1.516361885391618e14 7 1
ann 7 5 5 11 10 8 2.923373041768074e-30 40 0
tr 7 5 5 11 10 8 6.826405592715153e10 5 1
tr 7 5 5 11 10 8 3.4927826743353264e10 6 2
tr 7 5 5 11 10 8 2.0622521641326e14 7 1
ann 7 5 5 11 10 10 5.8897497237909164e-30 40 0
tr 7 5 5 11 10 10 2.882260139146397e11 5 1
tr 7 5 5 11 10 10 4.021992170446737e10 6 2
tr 7 5 5 11 10 10 9.894644221848339e13 7 1
ann 7 5 5 13 12 2 6.050815493840741e-37 44 0
tr 7 5 5 13 12 2 9.358430034017589e10 7 1
tr 7 5 5 13 12 2 2.1025884471853387e11 8 2
tr 7 5 5 13 12 2 1.0423568318033822e16 9 1
tr 7 5 5 13 12 2 7.119549489832055e15 10 2
tr 7 5 5 13 12 2 8.822751166838338e19 11 1
ann 7 5 5 13 12 4 1.4167374146436973e-36 44 0
tr 7 5 5 13 12 4 7.486744027214152e11 7 1
tr 7 5 5 13 12 4 9.830283649178282e11 8 2
tr 7 5 5 13 12 4 3.0458478851397564e16 9 1
ann 7 5 5 13 12 6 3.076544161975882e-36 44 0
tr 7 5 5 13 12 6 4.090970843442031e12 7 1
tr 7 5 5 13 12 6 3.2494548729228228e12 8 2
tr 7 5 5 13 12 6 6.4436604147845496e16 9 1
ann 7 5 5 13 12 8 6.265498519716993e-36 44 0
tr 7 5 5 13 12 8 1.7272988005644174e13 7 1
tr 7 5 5 13 12 8 8.01813540071866e12 8 2
tr 7 5 5 13 12 8 9.937463302021634e16 9 1
ann 7 5 5 13 12 10 1.207161138500877e-35 44 0
tr 7 5 5 13 12 10 6.045545801975458e13 7 1
tr 7 5 5 13 12 10 1.4247609827430838e13 8 2
tr 7 5 5 13 12 10 1.0090347352821957e17 9 1
ann 7 5 5 13 12 12 2.215821749848971e-35 44 0
tr 7 5 5 13 12 12 1.8335941113683803e14 7 1
tr 7 5 5 13 12 12 1.2483620039272703e13 8 2
tr 7 5 5 13 12 12 3.867966485248399e16 9 1
ann 7 5 5 15 14 2 7.361581450513765e-43 48 0
tr 7 5 5 15 14 2 2.655453200337639e13 9 1
tr 7 5 5 15 14 2 3.54000709992727e13 10 2
tr 7 5 5 15 14 2 2.3687113121850506e18 11 1
tr 7 5 5 15 14 2 1.114783267410299e18 12 2
tr 7 5 5 15 14 2 1.9158732361939517e22 13 1
ann 7 5 5 15 14 4 1.6258000402912744e-42 48 0
tr 7 5 5 15 14 4 1.451015498755932e14 9 1
tr 7 5 5 15 14 4 1.2730410147815434e14 10 2
tr 7 5 5 15 14 4 5.841085917080491e18 11 1
ann 7 5 5 15 14 6 3.3645361678355666e-42 48 0
tr 7 5 5 15 14 6 6.126509883636174e14 9 1
tr 7 5 5 15 14 6 3.5981820417792456e14 10 2
tr 7 5 5 15 14 6 1.1464941366170388e19 11 1
ann 7 5 5 15 14 8 6.58422933902812e-42 48 0
tr 7 5 5 15 14 8 2.144278459272664e15 9 1
tr 7 5 5 15 14 8 8.288120173158191e14 10 2
tr 7 5 5 15 14 8 1.8108727901438362e19 11 1
ann 7 5 5 15 14 10 1.2274018200166287e-41 48 0
tr 7 5 5 15 14 10 6.503525876475329e15 9 1
tr 7 5 5 15 14 10 1.5561368488378612e15 10 2
tr 7 5 5 15 14 10 2.2312539735700824e19 11 1
ann 7 5 5 15 14 12 2.192607842438668e-41 48 0
tr 7 5 5 15 14 12 1.761371591545401e16 9 1
tr 7 5 5 15 14 12 2.2312256288484058e15 10 2
tr 7 5 5 15 14 12 1.89583670956935e19 11 1
ann 7 5 5 15 14 14 3.771923885674277e-41 48 0
tr 7 5 5 15 14 14 4.3516239320533416e16 9 1
tr 7 5 5 15 14 14 1.6440609896777682e15 10 2
tr 7 5 5 15 14 14 6.286195405414127e18 11 1
ann 7 6 1 7 6 1 1.1306143785157145e-23 34 0
ann 7 6 1 7 6 2 4.177981207515856e-23 34 0
tr 7 6 1 7 6 2 45718.21487603295 2 1
ann 7 6 1 7 6 3 3.2104842530212816e-23 34 0
tr 7 6 1 7 6 3 182872.85950413204 2 1
ann 7 6 1 7 6 4 2.1012431367510236e-23 34 0
tr 7 6 1 7 6 4 163279.33884297503 3 2
tr 7 6 1 7 6 4 2.0418421487603304e8 4 1
ann 7 6 1 7 6 5 1.2263304844409813e-23 34 0
tr 7 6 1 7 6 5 8.984105454545484e7 4 1
tr 7 6 1 7 6 5 1.7151474049586767e8 5 2
ann 7 6 1 7 6 6 5.865969466345895e-24 34 0
tr 7 6 1 7 6 6 2.28686320661157e7 5 2
tr 7 6 1 7 6 6 9.385912066793808e10 6 1
ann 7 6 1 8 1 1 5.995393435094304e-16 24 0
tr 7 6 1 8 1 1 3.865847615580895e9 5 1
tr 7 6 1 8 1 1 2.3735886284396893e8 6 2
ann 7 6 1 8 2 1 1.2560895634967662e-16 26 0
tr 7 6 1 8 2 1 4.98703751930181e7 4 1
tr 7 6 1 8 2 1 3.8082831965577444e6 5 2
ann 7 6 1 8 2 2 8.690554600432262e-17 26 0
tr 7 6 1 8 2 2 9.974075038603611e6 4 1
tr 7 6 1 8 2 2 4.569939835869289e6 5 2
tr 7 6 1 8 2 2 4.2219611886205194e11 6 1
ann 7 6 1 8 3 1 9.589163214393165e-18 28 0
tr 7 6 1 8 3 1 455126.6863479476 3 1
tr 7 6 1 8 3 1 42478.49072580841 4 2
tr 7 6 1 8 3 1 1.1584441137968724e9 5 1
ann 7 6 1 8 3 2 7.916491435304825e-18 28 0
tr 7 6 1 8 3 2 136538.00590438393 3 1
tr 7 6 1 8 3 2 102797.94755645614 4 2
tr 7 6 1 8 3 2 3.475332341390601e9 5 1
ann 7 6 1 8 3 3 4.4734704812842395e-18 28 0
tr 7 6 1 8 3 3 9102.533726958965 3 1
tr 7 6 1 8 3 3 22938.38499193649 4 2
tr 7 6 1 8 3 3 4.054554398289036e9 5 1
ann 7 6 1 8 4 1 3.697834867968288e-19 30 0
tr 7 6 1 8 4 1 3535.766095115156 2 1
tr 7 6 1 8 4 1 350.77044594396335 3 2
tr 7 6 1 8 4 1 3.3576061251347594e7 4 1
ann 7 6 1 8 4 2 3.0894147914675573e-19 30 0
tr 7 6 1 8 4 2 1178.588698371715 2 1
tr 7 6 1 8 4 2 1461.5435247665116 3 2
tr 7 6 1 8 4 2 3.0218455126212686e7 4 1
ann 7 6 1 8 4 3 2.0742831394033533e-19 30 0
tr 7 6 1 8 4 3 84.1849070265514 2 1
tr 7 6 1 8 4 3 482.7269470371686 3 2
tr 7 6 1 8 4 3 8.106220502111028e7 4 1
ann 7 6 1 8 4 4 1.0776527554665894e-19 30 0
tr 7 6 1 8 4 4 20.04402548251207 3 2
tr 7 6 1 8 4 4 1.3430424500538988e7 4 1
tr 7 6 1 8 4 4 2.2335202926956967e7 5 2
tr 7 6 1 8 4 4 4.994380694087266e11 6 1
ann 7 6 1 8 5 1 7.503373764324188e-21 32 0
tr 7 6 1 8 5 1 1.94490646989547 2 2
tr 7 6 1 8 5 1 847853.7263441852 3 1
tr 7 6 1 8 5 1 413429.6265602121 4 2
tr 7 6 1 8 5 1 2.3117735913546724e9 5 1
ann 7 6 1 8 5 2 6.541333119050534e-21 32 0
tr 7 6 1 8 5 2 15.003564196336479 2 2
tr 7 6 1 8 5 2 363365.88271893444 3 1
tr 7 6 1 8 5 2 357321.32009846845 4 2
tr 7 6 1 8 5 2 6.3408647077157e9 5 1
ann 7 6 1 8 5 3 4.60986534252455e-21 32 0
tr 7 6 1 8 5 3 4.445500502618216 2 2
tr 7 6 1 8 5 3 1.5503610996007891e6 3 1
tr 7 6 1 8 5 3 717595.7089580798 4 2
ann 7 6 1 8 5 4 2.789193169759783e-21 32 0
tr 7 6 1 8 5 4 290692.7061751479 3 1
tr 7 6 1 8 5 4 992231.1037445071 4 2
tr 7 6 1 8 5 4 1.0489672670771894e10 5 1
ann 7 6 1 8 5 5 1.4043595958811015e-21 32 0
tr 7 6 1 8 5 5 77518.05498003929 4 2
tr 7 6 1 8 5 5 3.901117935411045e9 5 1
tr 7 6 1 8 5 5 4.364887200459892e9 6 2
tr 7 6 1 8 5 5 2.824194906022174e13 7 1
ann 7 6 1 8 6 1 7.47534742588146e-23 34 0
tr 7 6 1 8 6 1 33957.49757748599 2 1
tr 7 6 1 8 6 1 11481.825047332526 3 2
tr 7 6 1 8 6 1 1.0876236905416325e8 4 1
ann 7 6 1 8 6 2 6.905949027799919e-23 34 0
tr 7 6 1 8 6 2 12055.916299699104 2 1
tr 7 6 1 8 6 2 21528.421963748468 3 2
tr 7 6 1 8 6 2 1.491765110708721e8 4 1
ann 7 6 1 8 6 3 5.306735362041068e-23 34 0
tr 7 6 1 8 6 3 48223.66519879645 2 1
tr 7 6 1 8 6 3 34445.47514199753 3 2
tr 7 6 1 8 6 3 1.5294708148241827e7 4 1
ann 7 6 1 8 6 4 3.4732272063002773e-23 34 0
tr 7 6 1 8 6 4 43056.84392749686 3 2
tr 7 6 1 8 6 4 2.7880978395232433e8 4 1
tr 7 6 1 8 6 4 2.1290928956359297e7 5 2
ann 7 6 1 8 6 5 2.0270497566521396e-23 34 0
tr 7 6 1 8 6 5 1.226763049390231e8 4 1
tr 7 6 1 8 6 5 2.342002185199522e8 5 2
tr 7 6 1 8 6 5 4.5814275425936346e11 6 1
ann 7 6 1 8 6 6 9.696090948668871e-24 34 0
tr 7 6 1 8 6 6 3.122669580266031e7 5 2
tr 7 6 1 8 6 6 3.733015034705925e11 6 1
tr 7 6 1 8 6 6 2.9074444020305743e11 7 2
ann 7 6 1 8 7 1 2.839768505214082e-25 36 0
tr 7 6 1 8 7 1 715.6425982454849 2 2
tr 7 6 1 8 7 1 6.145564540731272e6 3 1
tr 7 6 1 8 7 1 2.8845170814295555e6 4 2
ann 7 6 1 8 7 2 2.742029331584621e-25 36 0
tr 7 6 1 8 7 2 2862.570392981941 2 2
tr 7 6 1 8 7 2 5.784940553349285e6 3 1
tr 7 6 1 8 7 2 1.2926909883443548e6 4 2
ann 7 6 1 8 7 3 2.2996898256769116e-25 36 0
tr 7 6 1 8 7 3 8945.532478068557 2 2
tr 7 6 1 8 7 3 207732.71162558725 3 1
tr 7 6 1 8 7 3 8.984736538823169e6 4 2
ann 7 6 1 8 7 4 1.6772616984810086e-25 36 0
tr 7 6 1 8 7 4 1.3710358967288628e7 3 1
tr 7 6 1 8 7 4 1.6452430760746317e6 4 2
tr 7 6 1 8 7 4 6.779555864109885e9 5 1
ann 7 6 1 8 7 5 1.078276798080388e-25 36 0
tr 7 6 1 8 7 5 1.3161944608597057e7 4 2
tr 7 6 1 8 7 5 1.071337222970451e10 5 1
ann 7 6 1 8 7 6 6.134086543487907e-26 36 0
tr 7 6 1 8 7 6 1.088076867079364e10 5 1
tr 7 6 1 8 7 6 1.1903746921893888e10 6 2
tr 7 6 1 8 7 6 6.053482705168267e12 7 1
ann 7 6 1 8 7 7 2.693813220209015e-26 36 0
tr 7 6 1 8 7 7 2.550802911834399e9 6 2
tr 7 6 1 8 7 7 1.124218216674104e13 7 1
tr 7 6 1 8 7 7 6.300765495412049e12 8 2
ann 7 6 1 9 8 2 1.3489877260164743e-27 38 0
tr 7 6 1 9 8 2 283938.789085215 2 1
tr 7 6 1 9 8 2 31689.596996117776 3 2
tr 7 6 1 9 8 2 3.517439967279288e8 4 1
ann 7 6 1 9 8 4 9.655931735911462e-28 38 0
tr 7 6 1 9 8 4 232390.3779715301 3 2
tr 7 6 1 9 8 4 1.709823473400318e8 4 1
tr 7 6 1 9 8 4 2.8434882490972614e8 5 2
ann 7 6 1 9 8 6 4.401744245447734e-28 38 0
tr 7 6 1 9 8 6 6.336916669416746e8 5 2
tr 7 6 1 9 8 6 3.1505746015453424e11 6 1
tr 7 6 1 9 8 6 7.358656631650966e10 7 2
ann 7 6 1 9 8 8 9.631859464106588e-29 38 0
tr 7 6 1 9 8 8 1.687807822256426e11 7 2
tr 7 6 1 9 8 8 8.247647191940614e14 8 1
tr 7 6 1 9 8 8 3.425483080034891e14 9 2
tr 7 6 1 9 8 8 5.27004473478799e17 10 1
ann 7 6 1 11 10 2 1.492456455410535e-32 42 0
tr 7 6 1 11 10 2 3.482766300994938e8 4 1
tr 7 6 1 11 10 2 1.108152913952926e6 5 2
tr 7 6 1 11 10 2 4.1852080344443353e11 6 1
ann 7 6 1 11 10 4 1.2751089393031887e-32 42 0
tr 7 6 1 11 10 4 1.616998639747647e8 4 1
tr 7 6 1 11 10 4 1.304256402832816e8 5 2
tr 7 6 1 11 10 4 2.498312959336668e10 6 1
ann 7 6 1 11 10 6 8.117030594140617e-33 42 0
tr 7 6 1 11 10 6 8.574992786540522e7 5 2
tr 7 6 1 11 10 6 5.686395826638326e11 6 1
tr 7 6 1 11 10 6 2.829187003330456e10 7 2
tr 7 6 1 11 10 6 5.2600448728829794e14 8 1
ann 7 6 1 11 10 8 3.432722096789345e-33 42 0
tr 7 6 1 11 10 8 4.9641802958247906e11 7 2
tr 7 6 1 11 10 8 3.4003368395096773e13 8 1
tr 7 6 1 11 10 8 2.2327909022713222e14 9 2
tr 7 6 1 11 10 8 6.264907716802979e17 10 1
ann 7 6 1 11 10 10 5.856239431258793e-34 42 0
tr 7 6 1 11 10 10 2.3273416590421734e14 9 2
tr 7 6 1 11 10 10 1.4250987307913439e18 10 1
tr 7 6 1 11 10 10 3.494897174865592e17 11 2
tr 7 6 1 11 10 10 7.012422234083875e20 12 1
ann 7 6 1 13 12 2 6.592060012164187e-38 46 0
tr 7 6 1 13 12 2 1.7095462314175336e11 6 1
tr 7 6 1 13 12 2 1.7716917257994062e8 7 2
tr 7 6 1 13 12 2 1.6703581074788628e14 8 1
ann 7 6 1 13 12 4 6.092815523624449e-38 46 0
tr 7 6 1 13 12 4 1.266330541790771e11 6 1
tr 7 6 1 13 12 4 1.905552878415379e10 7 2
tr 7 6 1 13 12 4 7.67203100055099e13 8 1
ann 7 6 1 13 12 6 4.6200628832458294e-38 46 0
tr 7 6 1 13 12 6 3.7743228485841675e10 6 1
tr 7 6 1 13 12 6 4.138395763666034e10 7 2
tr 7 6 1 13 12 6 3.3763632472532684e13 8 1
ann 7 6 1 13 12 8 2.69442956938507e-38 46 0
tr 7 6 1 13 12 8 1.333931066277886e10 7 2
tr 7 6 1 13 12 8 2.941673804817141e14 8 1
tr 7 6 1 13 12 8 2.4933898366251826e12 9 2
tr 7 6 1 13 12 8 3.010769322649761e17 10 1
ann 7 6 1 13 12 10 1.032383633646764e-38 46 0
tr 7 6 1 13 12 10 1.3321825698540306e14 9 2
tr 7 6 1 13 12 10 1.1328666638469782e16 10 1
tr 7 6 1 13 12 10 9.764912589267432e16 11 2
tr 7 6 1 13 12 10 1.4689957684095612e20 12 1
ann 7 6 1 13 12 12 1.459886928857578e-39 46 0
tr 7 6 1 13 12 12 1.0041318156825424e17 11 2
tr 7 6 1 13 12 12 7.616918134439935e20 12 1
tr 7 6 1 13 12 12 1.1898617677468287e20 13 2
tr 7 6 1 13 12 12 3.0116060444551728e23 14 1
ann 7 6 1 15 14 2 1.3227403654322185e-43 50 0
tr 7 6 1 15 14 2 3.4611328271625492e13 8 1
tr 7 6 1 15 14 2 1.324743529460745e11 9 2
tr 7 6 1 15 14 2 2.8574034882658016e16 10 1
ann 7 6 1 15 14 4 1.2737410520655784e-43 50 0
tr 7 6 1 15 14 4 3.063531618091837e13 8 1
tr 7 6 1 15 14 4 1.1725622479772478e12 9 2
tr 7 6 1 15 14 4 2.319564904244019e16 10 1
ann 7 6 1 15 14 6 1.060438686250946e-43 50 0
tr 7 6 1 15 14 6 1.6583219585112398e13 8 1
tr 7 6 1 15 14 6 4.443042136210095e12 9 2
tr 7 6 1 15 14 6 3.911817476077633e14 10 1
ann 7 6 1 15 14 8 7.365812366472813e-44 50 0
tr 7 6 1 15 14 8 3.9089017593479263e12 8 1
tr 7 6 1 15 14 8 4.525782461705843e12 9 2
tr 7 6 1 15 14 8 2.4229574775341804e16 10 1
ann 7 6 1 15 14 10 3.9596126036545237e-44 50 0
tr 7 6 1 15 14 10 1.012085528626487e12 9 2
tr 7 6 1 15 14 10 5.2735272965558936e16 10 1
tr 7 6 1 15 14 10 2.9528544489894495e15 11 2
tr 7 6 1 15 14 10 4.556073197367764e19 12 1
ann 7 6 1 15 14 12 1.3840191453838698e-44 50 0
tr 7 6 1 15 14 12 1.5707340330738796e16 11 2
tr 7 6 1 15 14 12 1.4655899795728378e19 12 1
tr 7 6 1 15 14 12 1.4309014593462645e19 13 2
tr 7 6 1 15 14 12 8.847236199088301e21 14 1
ann 7 6 1 15 14 14 1.7073475246821922e-45 50 0
tr 7 6 1 15 14 14 1.7715922830001342e19 13 2
tr 7 6 1 15 14 14 1.6296454316571348e23 14 1
tr 7 6 1 15 14 14 1.7176308767506295e22 15 2
tr 7 6 1 15 14 14 5.320380237179656e25 16 1
ann 7 6 2 7 6 2 1.1788041866527882e-23 34 0
ann 7 6 2 7 6 3 4.3802448557614397e-23 34 0
tr 7 6 2 7 6 3 114295.537190083 2 1
ann 7 6 2 7 6 4 3.283074667859298e-23 34 0
tr 7 6 2 7 6 4 137154.64462809887 2 1
ann 7 6 2 7 6 5 2.0324024273824746e-23 34 0
tr 7 6 2 7 6 5 89803.63636363624 3 2
tr 7 6 2 7 6 5 2.2011058363636342e8 4 1
ann 7 6 2 7 6 6 1.0696785382652144e-23 34 0
tr 7 6 2 7 6 6 2.695231636363621e7 4 1
tr 7 6 2 7 6 6 9.147452826446265e7 5 2
ann 7 6 2 8 1 1 7.016627117214133e-16 24 0
tr 7 6 2 8 1 1 5.154463487441186e9 5 1
tr 7 6 2 8 1 1 2.2605605985139915e8 6 2
ann 7 6 2 8 2 1 1.3396759610216673e-16 26 0
tr 7 6 2 8 2 1 6.3834080247063205e7 4 1
tr 7 6 2 8 2 1 1.8279759343477178e6 5 2
ann 7 6 2 8 2 2 1.1541866327631504e-16 26 0
tr 7 6 2 8 2 2 1.9948150077207193e7 4 1
tr 7 6 2 8 2 2 6.093253114492393e6 5 2
tr 7 6 2 8 2 2 4.0209154177338324e11 6 1
ann 7 6 2 8 3 1 1.0028580129407843e-17 28 0
tr 7 6 2 8 3 1 546152.023617536 3 1
tr 7 6 2 8 3 1 3398.279258064662 4 2
tr 7 6 2 8 3 1 3.4753323413906097e9 5 1
ann 7 6 2 8 3 2 9.666405595894067e-18 28 0
tr 7 6 2 8 3 2 291281.079262686 3 1
tr 7 6 2 8 3 2 108744.93625806941 4 2
tr 7 6 2 8 3 2 1.1584441137968733e9 5 1
ann 7 6 2 8 3 3 6.604890799570618e-18 28 0
tr 7 6 2 8 3 3 36410.134907835585 3 1
tr 7 6 2 8 3 3 50974.18887097004 4 2
tr 7 6 2 8 3 3 5.792220568984339e9 5 1
ann 7 6 2 8 4 1 3.7631626622751625e-19 30 0
tr 7 6 2 8 4 1 3771.483834789496 2 1
tr 7 6 2 8 4 1 46.76939279252838 3 2
tr 7 6 2 8 4 1 6.715212250269501e7 4 1
ann 7 6 2 8 4 2 3.7701579810701875e-19 30 0
tr 7 6 2 8 4 2 2828.6128760921183 2 1
tr 7 6 2 8 4 2 1122.465427020681 3 2
ann 7 6 2 8 4 3 2.9010926428327874e-19 30 0
tr 7 6 2 8 4 3 538.7834049699281 2 1
tr 7 6 2 8 4 3 1129.1467688481869 3 2
tr 7 6 2 8 4 3 8.633844321775077e7 4 1
ann 7 6 2 8 4 4 1.717545536937303e-19 30 0
tr 7 6 2 8 4 4 16.836981405309718 2 1
tr 7 6 2 8 4 4 133.6268365500809 3 2
tr 7 6 2 8 4 4 3.8372641430111304e7 4 1
ann 7 6 2 8 5 1 7.254511381738465e-21 32 0
tr 7 6 2 8 5 1 4.66777552774913 2 2
tr 7 6 2 8 5 1 1.0174244716130202e6 3 1
tr 7 6 2 8 5 1 51678.70332002636 4 2
tr 7 6 2 8 5 1 6.935320774064054e9 5 1
ann 7 6 2 8 5 2 7.808518790395712e-21 32 0
tr 7 6 2 8 5 2 7.112800804189145 2 2
tr 7 6 2 8 5 2 193795.13745009922 3 1
tr 7 6 2 8 5 2 922833.9878576145 4 2
tr 7 6 2 8 5 2 8.256334254838248e8 5 1
ann 7 6 2 8 5 3 6.534301773612146e-21 32 0
tr 7 6 2 8 5 3 13.447639020420104 2 2
tr 7 6 2 8 5 3 1.1869952168818575e6 3 1
tr 7 6 2 8 5 3 11074.007854291325 4 2
tr 7 6 2 8 5 3 4.995082224177104e9 5 1
ann 7 6 2 8 5 4 4.3129029257528405e-21 32 0
tr 7 6 2 8 5 4 2.000475226178197 2 2
tr 7 6 2 8 5 4 1.090097648156806e6 3 1
tr 7 6 2 8 5 4 1.3399549503692554e6 4 2
tr 7 6 2 8 5 4 5.201490580548055e9 5 1
ann 7 6 2 8 5 5 2.3810290514622975e-21 32 0
tr 7 6 2 8 5 5 72673.17654378634 3 1
tr 7 6 2 8 5 5 387590.2749001973 4 2
tr 7 6 2 8 5 5 8.669150967580051e9 5 1
ann 7 6 2 8 6 1 6.905949027799926e-23 34 0
tr 7 6 2 8 6 1 12055.916299699104 2 1
tr 7 6 2 8 6 1 21528.421963748468 3 2
tr 7 6 2 8 6 1 1.491765110708721e8 4 1
ann 7 6 2 8 6 2 7.793966722545699e-23 34 0
tr 7 6 2 8 6 2 20093.19383283193 2 1
tr 7 6 2 8 6 2 35163.08920745582 3 2
ann 7 6 2 8 6 3 7.240278546302932e-23 34 0
tr 7 6 2 8 6 3 30139.790749247928 2 1
tr 7 6 2 8 6 3 2152.842196374843 3 2
tr 7 6 2 8 6 3 2.0193794351975563e8 4 1
ann 7 6 2 8 6 4 5.426722906428791e-23 34 0
tr 7 6 2 8 6 4 36167.748899097314 2 1
tr 7 6 2 8 6 4 58126.739302120775 3 2
tr 7 6 2 8 6 4 4.2140107345937096e7 4 1
ann 7 6 2 8 6 5 3.3594376950149636e-23 34 0
tr 7 6 2 8 6 5 23681.26416012327 3 2
tr 7 6 2 8 6 5 3.0055694710060525e8 4 1
tr 7 6 2 8 6 5 1.8736017481596175e8 5 2
ann 7 6 2 8 6 6 1.7681136051678257e-23 34 0
tr 7 6 2 8 6 6 3.68028914817066e7 4 1
tr 7 6 2 8 6 6 1.2490678321064109e8 5 2
tr 7 6 2 8 6 6 6.78730006310167e11 6 1
ann 7 6 2 8 7 1 2.5518192898225998e-25 36 0
tr 7 6 2 8 7 1 7454.610398390463 2 2
tr 7 6 2 8 7 1 1.4652080593324436e6 3 1
tr 7 6 2 8 7 1 4.672917671915874e6 4 2
ann 7 6 2 8 7 2 2.9248155809241715e-25 36 0
tr 7 6 2 8 7 2 2683.659743420567 2 2
tr 7 6 2 8 7 2 2.442936688716885e6 3 1
tr 7 6 2 8 7 2 7.713412343674569e6 4 2
ann 7 6 2 8 7 3 2.92010518383195e-25 36 0
tr 7 6 2 8 7 3 894.5532478068553 2 2
tr 7 6 2 8 7 3 8.508731868184017e6 3 1
tr 7 6 2 8 7 3 546989.9058118255 4 2
ann 7 6 2 8 7 4 2.4857739482897184e-25 36 0
tr 7 6 2 8 7 4 9840.085725875397 2 2
tr 7 6 2 8 7 4 914023.9311525824 3 1
tr 7 6 2 8 7 4 5.6878403487151535e6 4 2
ann 7 6 2 8 7 5 1.7828170332857799e-25 36 0
tr 7 6 2 8 7 5 1.2339323070559727e7 3 1
tr 7 6 2 8 7 5 8.061691072765695e6 4 2
ann 7 6 2 8 7 6 1.0852784673995548e-25 36 0
tr 7 6 2 8 7 6 8.555263995588077e6 4 2
tr 7 6 2 8 7 6 1.8388499053641247e10 5 1
tr 7 6 2 8 7 6 5.410794055406319e9 6 2
ann 7 6 2 8 7 7 5.376200252412343e-26 36 0
tr 7 6 2 8 7 7 3.8082690347777514e9 5 1
tr 7 6 2 8 7 7 8.50267637278135e9 6 2
tr 7 6 2 8 7 7 1.7295664871909281e13 7 1
ann 7 6 2 9 8 2 1.3788948304876772e-27 38 0
tr 7 6 2 9 8 2 266192.6147673891 2 1
tr 7 6 2 9 8 2 105631.98998705905 3 2
tr 7 6 2 9 8 2 7.505458883237806e7 4 1
ann 7 6 2 9 8 4 1.3256745835712613e-27 38 0
tr 7 6 2 9 8 4 195207.9174960854 2 1
tr 7 6 2 9 8 4 139434.22678291806 3 2
tr 7 6 2 9 8 4 2.6751409543829134e8 4 1
ann 7 6 2 9 8 6 7.6373615495106165e-28 38 0
tr 7 6 2 9 8 6 7.468508931812572e8 4 1
tr 7 6 2 9 8 6 1.5842291673541865e8 5 2
tr 7 6 2 9 8 6 1.432079364338793e11 6 1
ann 7 6 2 9 8 8 2.1193496464111923e-28 38 0
tr 7 6 2 9 8 8 3.1505746015453326e11 6 1
tr 7 6 2 9 8 8 4.8223080635897943e11 7 2
tr 7 6 2 9 8 8 1.0996862922587482e15 8 1
ann 7 6 2 11 10 2 1.4472496174474673e-32 42 0
tr 7 6 2 11 10 2 2.720911172652291e8 4 1
tr 7 6 2 11 10 2 8.311146854646985e7 5 2
tr 7 6 2 11 10 2 3.587321172380817e10 6 1
ann 7 6 2 11 10 4 1.5491894305998733e-32 42 0
tr 7 6 2 11 10 4 3.5371845244479656e8 4 1
tr 7 6 2 11 10 4 5.144995671924371e6 5 2
tr 7 6 2 11 10 4 4.441445261042933e11 6 1
ann 7 6 2 11 10 6 1.245810330927945e-32 42 0
tr 7 6 2 11 10 6 1.0106241498422751e8 4 1
tr 7 6 2 11 10 6 1.6806985861619443e8 5 2
tr 7 6 2 11 10 6 7.402408768404956e9 6 1
ann 7 6 2 11 10 8 6.695522975060768e-33 42 0
tr 7 6 2 11 10 8 9.266469885539589e11 6 1
tr 7 6 2 11 10 8 3.545843068446251e9 7 2
tr 7 6 2 11 10 8 6.375631574080659e14 8 1
ann 7 6 2 11 10 10 1.5513149043124164e-33 42 0
tr 7 6 2 11 10 10 6.460639995068376e14 8 1
tr 7 6 2 11 10 10 5.171870353427061e14 9 2
tr 7 6 2 11 10 10 1.5001039271487834e18 10 1
ann 7 6 2 13 12 2 6.174721257840037e-38 46 0
tr 7 6 2 13 12 2 1.246544127075286e11 6 1
tr 7 6 2 13 12 2 2.480368416119204e10 7 2
tr 7 6 2 13 12 2 6.69780484175083e12 8 1
ann 7 6 2 13 12 4 6.873270483527996e-38 46 0
tr 7 6 2 13 12 4 1.7807773243932687e11 6 1
tr 7 6 2 13 12 4 7.874185447997468e8 7 2
tr 7 6 2 13 12 4 1.5628211297418684e14 8 1
ann 7 6 2 13 12 6 6.35825443623665e-38 46 0
tr 7 6 2 13 12 6 1.2974234792008105e11 6 1
tr 7 6 2 13 12 6 1.9557635934149464e10 7 2
tr 7 6 2 13 12 6 1.1079567403205992e14 8 1
ann 7 6 2 13 12 8 4.625958765106979e-38 46 0
tr 7 6 2 13 12 8 2.49000465705206e10 6 1
tr 7 6 2 13 12 8 4.611590257703558e10 7 2
tr 7 6 2 13 12 8 3.5300085657805695e13 8 1
ann 7 6 2 13 12 10 2.2955646742871104e-38 46 0
tr 7 6 2 13 12 10 3.6981042117701106e14 8 1
tr 7 6 2 13 12 10 6.660912849270151e12 9 2
tr 7 6 2 13 12 10 3.7396524819201146e17 10 1
ann 7 6 2 13 12 12 4.537145971653487e-39 46 0
tr 7 6 2 13 12 12 3.908389990272043e17 10 1
tr 7 6 2 13 12 12 1.8256942103318954e17 11 2
tr 7 6 2 13 12 12 6.62340707342603e20 12 1
ann 7 6 2 15 14 2 1.2027238711058518e-43 50 0
tr 7 6 2 15 14 2 2.4336090190986758e13 8 1
tr 7 6 2 15 14 2 3.31185882365189e12 9 2
tr 7 6 2 15 14 2 5.291786110999363e14 10 1
ann 7 6 2 15 14 4 1.3656956166838384e-43 50 0
tr 7 6 2 15 14 4 3.5102966457302293e13 8 1
tr 7 6 2 15 14 4 5.583629752272615e11 9 2
tr 7 6 2 15 14 4 2.163327502492698e16 10 1
ann 7 6 2 15 14 6 1.3528721454929668e-43 50 0
tr 7 6 2 15 14 6 3.3684664782259527e13 8 1
tr 7 6 2 15 14 6 6.347203051728684e11 9 2
tr 7 6 2 15 14 6 3.168572155622853e16 10 1
ann 7 6 2 15 14 8 1.1382563716213934e-43 50 0
tr 7 6 2 15 14 8 1.8322976996943395e13 8 1
tr 7 6 2 15 14 8 4.488379300865283e12 9 2
tr 7 6 2 15 14 8 4.229818964779129e15 10 1
ann 7 6 2 15 14 10 7.638470495928503e-44 50 0
tr 7 6 2 15 14 10 2.8095231395313213e12 8 1
tr 7 6 2 15 14 10 5.060427643132435e12 9 2
tr 7 6 2 15 14 10 2.2590458942940744e16 10 1
ann 7 6 2 15 14 12 3.4928511797646346e-44 50 0
tr 7 6 2 15 14 12 6.113780159502959e16 10 1
tr 7 6 2 15 14 12 3.498453073664545e15 11 2
tr 7 6 2 15 14 12 7.038017967122603e19 12 1
ann 7 6 2 15 14 14 6.084737765411501e-45 50 0
tr 7 6 2 15 14 14 9.23321687130888e19 12 1
tr 7 6 2 15 14 14 2.7255265892309774e19 13 2
tr 7 6 2 15 14 14 1.207144764190468e23 14 1
ann 7 6 3 7 6 3 1.2751605649343314e-23 34 0
ann 7 6 3 7 6 4 4.746229600940006e-23 34 0
tr 7 6 3 7 6 4 186682.71074380173 2 1
ann 7 6 3 7 6 5 3.371429659014214e-23 34 0
tr 7 6 3 7 6 5 83816.72727272722 2 1
ann 7 6 3 7 6 6 1.9273438253383275e-23 34 0
tr 7 6 3 7 6 6 29934.545454545445 3 2
tr 7 6 3 7 6 6 1.2128542363636392e8 4 1
ann 7 6 3 8 1 1 8.111339725101358e-16 24 0
tr 7 6 3 8 1 1 6.627167340995815e9 5 1
tr 7 6 3 8 1 1 2.034504538662586e8 6 2
ann 7 6 3 8 2 1 1.3833971482784106e-16 26 0
tr 7 6 3 8 2 1 7.181334027794598e7 4 1
ann 7 6 3 8 2 2 1.4916089722584572e-16 26 0
tr 7 6 3 8 2 2 3.590667013897303e7 4 1
tr 7 6 3 8 2 2 7.311903737390863e6 5 2
tr 7 6 3 8 2 2 3.4464989294861395e11 6 1
ann 7 6 3 8 3 1 9.926176713924284e-18 28 0
tr 7 6 3 8 3 1 491536.8212557824 3 1
tr 7 6 3 8 3 1 15292.256661291012 4 2
tr 7 6 3 8 3 1 4.468284438930797e9 5 1
ann 7 6 3 8 3 2 1.1201106234248677e-17 28 0
tr 7 6 3 8 3 2 491536.8212557824 3 1
tr 7 6 3 8 3 2 76461.28330645496 4 2
ann 7 6 3 8 3 3 9.4833880637205e-18 28 0
tr 7 6 3 8 3 3 109230.40472350738 3 1
tr 7 6 3 8 3 3 91753.53996774614 4 2
tr 7 6 3 8 3 3 6.950664682781208e9 5 1
ann 7 6 3 8 4 1 3.3998845259794457e-19 30 0
tr 7 6 3 8 4 1 2121.45965706909 2 1
tr 7 6 3 8 4 1 1052.3113378318903 3 2
tr 7 6 3 8 4 1 3.357606125134765e7 4 1
ann 7 6 3 8 4 2 4.1850717896943967e-19 30 0
tr 7 6 3 8 4 2 4242.919314138175 2 1
tr 7 6 3 8 4 2 210.4622675663776 3 2
tr 7 6 3 8 4 2 3.357606125134765e7 4 1
ann 7 6 3 8 4 3 3.89472925464771e-19 30 0
tr 7 6 3 8 4 3 1818.3939917735054 2 1
tr 7 6 3 8 4 3 1623.5660640834863 3 2
tr 7 6 3 8 4 3 4.7965801787639245e7 4 1
ann 7 6 3 8 4 4 2.6915479843259817e-19 30 0
tr 7 6 3 8 4 4 151.53283264779253 2 1
tr 7 6 3 8 4 4 481.056611580292 3 2
tr 7 6 3 8 4 4 7.674528286022285e7 4 1
ann 7 6 3 8 5 1 5.9302610040326084e-21 32 0
tr 7 6 3 8 5 1 18.671102110996518 2 2
tr 7 6 3 8 5 1 930216.6597604747 4 2
tr 7 6 3 8 5 1 2.229210248806315e9 5 1
ann 7 6 3 8 5 2 7.936130207301237e-21 32 0
tr 7 6 3 8 5 2 0.6668250753927328 2 2
tr 7 6 3 8 5 2 1.3081171777881722e6 3 1
tr 7 6 3 8 5 2 265776.1885029927 4 2
tr 7 6 3 8 5 2 2.229210248806315e9 5 1
ann 7 6 3 8 5 3 8.411343062079985e-21 32 0
tr 7 6 3 8 5 3 13.503207776702823 2 2
tr 7 6 3 8 5 3 72673.17654378642 3 1
tr 7 6 3 8 5 3 498330.3534431116 4 2
tr 7 6 3 8 5 3 7.740313363910806e9 5 1
ann 7 6 3 8 5 4 6.5799815579274e-21 32 0
tr 7 6 3 8 5 4 9.391119811780985 2 2
tr 7 6 3 8 5 4 1.744156237050889e6 3 1
tr 7 6 3 8 5 4 797328.5655089773 4 2
ann 7 6 3 8 5 5 4.002848967188767e-21 32 0
tr 7 6 3 8 5 5 0.5556875628272762 2 2
tr 7 6 3 8 5 5 436039.05926272256 3 1
tr 7 6 3 8 5 5 996660.7068862234 4 2
tr 7 6 3 8 5 5 1.3003726451370134e10 5 1
ann 7 6 3 8 6 1 5.306735362041071e-23 34 0
tr 7 6 3 8 6 1 48223.66519879645 2 1
tr 7 6 3 8 6 1 34445.47514199753 3 2
tr 7 6 3 8 6 1 1.5294708148241807e7 4 1
ann 7 6 3 8 6 2 7.240278546302932e-23 34 0
tr 7 6 3 8 6 2 30139.79074924791 2 1
tr 7 6 3 8 6 2 2152.842196374843 3 2
tr 7 6 3 8 6 2 2.019379435197556e8 4 1
ann 7 6 3 8 6 3 8.431051671830449e-23 34 0
tr 7 6 3 8 6 3 5023.298458208018 2 1
tr 7 6 3 8 6 3 45927.300189330046 3 2
tr 7 6 3 8 6 3 7.742946000047426e7 4 1
ann 7 6 3 8 6 4 7.84522908838048e-23 34 0
tr 7 6 3 8 6 4 49228.324890438125 2 1
tr 7 6 3 8 6 4 7176.140654582796 3 2
tr 7 6 3 8 6 4 7.026006555598615e7 4 1
ann 7 6 3 8 6 5 5.572768336888611e-23 34 0
tr 7 6 3 8 6 5 22102.513216115058 2 1
tr 7 6 3 8 6 5 63150.037760328785 3 2
tr 7 6 3 8 6 5 2.5236268444598994e8 4 1
ann 7 6 3 8 6 6 3.18578220211791e-23 34 0
tr 7 6 3 8 6 6 7893.7547200410945 3 2
tr 7 6 3 8 6 6 1.6561301166768098e8 4 1
tr 7 6 3 8 6 6 2.4981356642128256e8 5 2
tr 7 6 3 8 6 6 8.144760075722025e11 6 1
ann 7 6 3 8 7 1 1.910258875591873e-25 36 0
tr 7 6 3 8 7 1 2683.6597434205623 2 2
tr 7 6 3 8 7 1 1.0532048479417196e7 3 1
tr 7 6 3 8 7 1 4.230981165983271e6 4 2
ann 7 6 3 8 7 2 2.56187475868768e-25 36 0
tr 7 6 3 8 7 2 7156.42598245484 2 2
tr 7 6 3 8 7 2 5.687721644308538e6 3 1
ann 7 6 3 8 7 3 3.085148512080681e-25 36 0
tr 7 6 3 8 7 3 5367.319486841139 2 2
tr 7 6 3 8 7 3 24927.925395070943 3 1
tr 7 6 3 8 7 3 7.408342018601579e6 4 2
ann 7 6 3 8 7 4 3.2120132654026353e-25 36 0
tr 7 6 3 8 7 4 7.403593842335884e6 3 1
tr 7 6 3 8 7 4 6.270204167706658e6 4 2
ann 7 6 3 8 7 5 2.764818578711219e-25 36 0
tr 7 6 3 8 7 5 9840.085725875406 2 2
tr 7 6 3 8 7 5 5.7126495697035985e6 3 1
ann 7 6 3 8 7 6 1.9003778297566611e-25 36 0
tr 7 6 3 8 7 6 8.911733328737624e6 3 1
tr 7 6 3 8 7 6 1.437759643702997e7 4 2
tr 7 6 3 8 7 6 7.834153442971434e9 5 1
ann 7 6 3 8 7 7 1.048641311880951e-25 36 0
tr 7 6 3 8 7 7 3.327047109395369e6 4 2
tr 7 6 3 8 7 7 1.3709768525199997e10 5 1
tr 7 6 3 8 7 7 1.3913470428187677e10 6 2
ann 7 6 3 9 8 2 1.167309354983637e-27 38 0
tr 7 6 3 9 8 2 78871.88585700419 2 1
tr 7 6 3 9 8 2 220066.6458063732 3 2
tr 7 6 3 9 8 2 2.73593961243707e8 4 1
ann 7 6 3 9 8 4 1.546530273402255e-27 38 0
tr 7 6 3 9 8 4 347036.29777081986 2 1
tr 7 6 3 9 8 4 38731.7296619217 3 2
tr 7 6 3 9 8 4 1.8065506298955473e8 4 1
ann 7 6 3 9 8 6 1.2391553874843852e-27 38 0
tr 7 6 3 9 8 6 352458.73992348765 3 2
tr 7 6 3 9 8 6 9.335636164765766e7 4 1
tr 7 6 3 9 8 6 1.4082037043148375e8 5 2
tr 7 6 3 9 8 6 6.873980948826201e11 6 1
ann 7 6 3 9 8 8 4.504041400568697e-28 38 0
tr 7 6 3 9 8 8 2.1123055564722463e8 5 2
tr 7 6 3 9 8 8 9.451723804636014e11 6 1
tr 7 6 3 9 8 8 6.677041934201254e11 7 2
tr 7 6 3 9 8 8 9.425882505075004e14 8 1
ann 7 6 3 11 10 2 1.1755568778090462e-32 42 0
tr 7 6 3 11 10 2 9.674350836096999e7 4 1
tr 7 6 3 11 10 2 1.357487319592341e8 5 2
tr 7 6 3 11 10 2 3.083387960070214e11 6 1
ann 7 6 3 11 10 4 1.5880520134462983e-32 42 0
tr 7 6 3 11 10 4 3.144164021731529e8 4 1
tr 7 6 3 11 10 4 8.103368183280812e7 5 2
tr 7 6 3 11 10 4 2.4983129593366688e10 6 1
ann 7 6 3 11 10 6 1.6590106217612592e-32 42 0
tr 7 6 3 11 10 6 3.59333031055032e8 4 1
tr 7 6 3 11 10 6 1.5434987015772985e7 5 2
tr 7 6 3 11 10 6 4.9966259186733466e11 6 1
ann 7 6 3 11 10 8 1.1852409200076126e-32 42 0
tr 7 6 3 11 10 8 2.1866231605678347e8 5 2
tr 7 6 3 11 10 8 8.580064708832779e9 6 1
tr 7 6 3 11 10 8 2.720904193889807e11 7 2
tr 7 6 3 11 10 8 5.464827063497705e14 8 1
ann 7 6 3 11 10 10 3.89699411312399e-33 42 0
tr 7 6 3 11 10 10 2.6199840450186368e11 7 2
tr 7 6 3 11 10 10 1.4536439988903875e15 8 1
tr 7 6 3 11 10 10 5.476098021275706e14 9 2
tr 7 6 3 11 10 10 1.0000692847658551e18 10 1
ann 7 6 3 13 12 2 4.823560242688767e-38 46 0
tr 7 6 3 13 12 2 4.748739531715377e10 6 1
tr 7 6 3 13 12 2 3.587675744743837e10 7 2
tr 7 6 3 13 12 2 1.3198189818567333e14 8 1
ann 7 6 3 13 12 4 6.519126138279893e-38 46 0
tr 7 6 3 13 12 4 1.266330541790771e11 6 1
tr 7 6 3 13 12 4 2.952819542999038e10 7 2
ann 7 6 3 13 12 6 7.434007568690504e-38 46 0
tr 7 6 3 13 12 6 1.922108858075276e11 6 1
tr 7 6 3 13 12 6 2.1513399527564507e9 7 2
tr 7 6 3 13 12 6 1.3434135216401748e14 8 1
ann 7 6 3 13 12 8 6.845435183524709e-38 46 0
tr 7 6 3 13 12 8 1.3280024837611009e11 6 1
tr 7 6 3 13 12 8 2.229570496493041e10 7 2
tr 7 6 3 13 12 8 1.5698265606024188e14 8 1
ann 7 6 3 13 12 10 4.513341712288462e-38 46 0
tr 7 6 3 13 12 10 5.135634605169869e10 7 2
tr 7 6 3 13 12 10 6.420319812100903e13 8 1
tr 7 6 3 13 12 10 8.916045434840052e13 9 2
tr 7 6 3 13 12 10 8.657486294241069e16 10 1
ann 7 6 3 13 12 12 1.3218727074975012e-38 46 0
tr 7 6 3 13 12 12 1.0213399702214233e14 9 2
tr 7 6 3 13 12 12 7.035101982489705e17 10 1
tr 7 6 3 13 12 12 1.564880751713053e17 11 2
tr 7 6 3 13 12 12 3.612767494596016e20 12 1
ann 7 6 3 15 14 2 9.016524426297381e-44 50 0
tr 7 6 3 15 14 2 9.614257853229361e12 8 1
tr 7 6 3 15 14 2 4.4526101962431e12 9 2
tr 7 6 3 15 14 2 2.4642738509220052e16 10 1
ann 7 6 3 15 14 4 1.2183742848840621e-43 50 0
tr 7 6 3 15 14 4 2.228759775066804e13 8 1
tr 7 6 3 15 14 4 4.1799672728818647e12 9 2
tr 7 6 3 15 14 4 1.5678958006851305e15 10 1
ann 7 6 3 15 14 6 1.4477300836254679e-43 50 0
tr 7 6 3 15 14 6 3.593030910107689e13 8 1
tr 7 6 3 15 14 6 1.3752273278745535e12 9 2
tr 7 6 3 15 14 6 1.1212546214593936e16 10 1
ann 7 6 3 15 14 8 1.485056590138565e-43 50 0
tr 7 6 3 15 14 8 3.80032115492159e13 8 1
tr 7 6 3 15 14 8 2.0779533800302493e11 9 2
tr 7 6 3 15 14 8 3.704750607127057e16 10 1
ann 7 6 3 15 14 10 1.2541327254261685e-43 50 0
tr 7 6 3 15 14 10 1.997883121444496e13 8 1
tr 7 6 3 15 14 10 4.779292774069525e12 9 2
tr 7 6 3 15 14 10 1.3093885442822142e16 10 1
ann 7 6 3 15 14 12 7.670378353349242e-44 50 0
tr 7 6 3 15 14 12 5.482129946726804e12 9 2
tr 7 6 3 15 14 12 2.7512010717763404e16 10 1
tr 7 6 3 15 14 12 1.0342365646343618e16 11 2
tr 7 6 3 15 14 12 2.102803014169743e18 12 1
ann 7 6 3 15 14 14 2.018077833839279e-44 50 0
tr 7 6 3 15 14 14 1.6492707347275746e16 11 2
tr 7 6 3 15 14 14 1.384982530696333e20 12 1
tr 7 6 3 15 14 14 1.9623791442463015e19 13 2
tr 7 6 3 15 14 14 5.571437373186792e22 14 1
ann 7 6 4 7 6 4 1.4620603888388147e-23 34 0
ann 7 6 4 7 6 5 5.408814627580858e-23 34 0
tr 7 6 4 7 6 5 226305.16363636355 2 1
ann 7 6 4 7 6 6 3.534176503296418e-23 34 0
tr 7 6 4 7 6 6 33526.690909090765 2 1
ann 7 6 4 8 1 1 9.27953125875599e-16 24 0
tr 7 6 4 8 1 1 8.2839591762447605e9 5 1
tr 7 6 4 8 1 1 1.695420448885495e8 6 2
ann 7 6 4 8 2 1 1.3911632251769151e-16 26 0
tr 7 6 4 8 2 1 6.83936574075676e7 4 1
tr 7 6 4 8 2 1 3.518300990517106e11 6 1
ann 7 6 4 8 2 2 1.882087536455486e-16 26 0
tr 7 6 4 8 2 2 5.984445023162162e7 4 1
tr 7 6 4 8 2 2 7.8341825757759325e6 5 2
tr 7 6 4 8 2 2 2.5848741971146008e11 6 1
ann 7 6 4 8 3 1 9.209113751507249e-18 28 0
tr 7 6 4 8 3 1 273076.01180876757 3 1
tr 7 6 4 8 3 1 91025.33726958922 4 2
tr 7 6 4 8 3 1 2.4823802438504395e9 5 1
ann 7 6 4 8 3 2 1.2274226859393774e-17 28 0
tr 7 6 4 8 3 2 655382.4283410434 3 1
tr 7 6 4 8 3 2 20389.675548388062 4 2
tr 7 6 4 8 3 2 1.489428146310262e9 5 1
ann 7 6 4 8 3 3 1.328112841480598e-17 28 0
tr 7 6 4 8 3 3 273076.01180876757 3 1
tr 7 6 4 8 3 3 137630.3099516192 4 2
tr 7 6 4 8 3 3 6.950664682781201e9 5 1
ann 7 6 4 8 4 1 2.7020462301303856e-19 30 0
tr 7 6 4 8 4 1 1894.1604080974016 3 2
tr 7 6 4 8 4 1 2.8779481072583534e6 4 1
tr 7 6 4 8 4 1 3.1646963913997356e7 5 2
ann 7 6 4 8 4 2 4.076362818792683e-19 30 0
tr 7 6 4 8 4 2 3535.766095115145 2 1
tr 7 6 4 8 4 2 280.61635675517 3 2
tr 7 6 4 8 4 2 8.05825470032342e7 4 1
ann 7 6 4 8 4 3 4.9017380330949435e-19 30 0
tr 7 6 4 8 4 3 4040.8755372744527 2 1
tr 7 6 4 8 4 3 1252.751592657012 3 2
tr 7 6 4 8 4 3 2.8779481072583552e6 4 1
ann 7 6 4 8 4 4 4.1811992599448614e-19 30 0
tr 7 6 4 8 4 4 757.664163238958 2 1
tr 7 6 4 8 4 4 1202.6415289507306 3 2
tr 7 6 4 8 4 4 1.151179242903341e8 4 1
ann 7 6 4 8 5 1 4.1593059854754975e-21 32 0
tr 7 6 4 8 5 1 2.0348489432260355e6 3 1
tr 7 6 4 8 5 1 434101.1078882214 4 2
tr 7 6 4 8 5 1 2.0929807336014721e9 5 1
ann 7 6 4 8 5 2 6.597289601693464e-21 32 0
tr 7 6 4 8 5 2 20.00475226178196 2 2
tr 7 6 4 8 5 2 436039.0592627231 3 1
tr 7 6 4 8 5 2 283494.6010698591 4 2
tr 7 6 4 8 5 2 8.322384928876885e9 5 1
ann 7 6 4 8 5 3 9.18480542192683e-21 32 0
tr 7 6 4 8 5 3 0.8335313442409161 2 2
tr 7 6 4 8 5 3 726731.7654378726 3 1
tr 7 6 4 8 5 3 1.0763935634371198e6 4 2
tr 7 6 4 8 5 3 2.0929807336014721e9 5 1
ann 7 6 4 8 5 4 9.540248622115568e-21 32 0
tr 7 6 4 8 5 4 17.78200201047288 2 2
tr 7 6 4 8 5 4 1.0900976481568052e6 3 1
tr 7 6 4 8 5 4 33222.02356287419 4 2
tr 7 6 4 8 5 4 2.9722803317417455e9 5 1
ann 7 6 4 8 5 5 6.808077062973431e-21 32 0
tr 7 6 4 8 5 5 4.167656721204577 2 2
tr 7 6 4 8 5 5 1.308117177788164e6 3 1
tr 7 6 4 8 5 5 1.6611011781437031e6 4 2
tr 7 6 4 8 5 5 1.393256405503938e10 5 1
ann 7 6 4 8 6 1 3.473227206300277e-23 34 0
tr 7 6 4 8 6 1 43056.84392749686 3 2
tr 7 6 4 8 6 1 2.7880978395232433e8 4 1
tr 7 6 4 8 6 1 2.1290928956359297e7 5 2
ann 7 6 4 8 6 2 5.426722906428787e-23 34 0
tr 7 6 4 8 6 2 36167.7488990973 2 1
tr 7 6 4 8 6 2 58126.739302120775 3 2
tr 7 6 4 8 6 2 4.2140107345937096e7 4 1
ann 7 6 4 8 6 3 7.84522908838048e-23 34 0
tr 7 6 4 8 6 3 49228.324890438125 2 1
tr 7 6 4 8 6 3 7176.140654582796 3 2
tr 7 6 4 8 6 3 7.026006555598615e7 4 1
ann 7 6 4 8 6 4 9.666787872411761e-23 34 0
tr 7 6 4 8 6 4 803.7277533132676 2 1
tr 7 6 4 8 6 4 25834.106356498116 3 2
tr 7 6 4 8 6 4 2.447153303718689e8 4 1
ann 7 6 4 8 6 5 8.940441870989422e-23 34 0
tr 7 6 4 8 6 5 59676.78568351067 2 1
tr 7 6 4 8 6 5 47362.52832024658 3 2
tr 7 6 4 8 6 5 2.628777962979045e7 4 1
ann 7 6 4 8 6 6 5.841778972366301e-23 34 0
tr 7 6 4 8 6 6 8841.005286445989 2 1
tr 7 6 4 8 6 6 39468.77360020544 3 2
tr 7 6 4 8 6 6 3.5488502500217235e8 4 1
ann 7 6 4 8 7 1 1.2130217263792235e-25 36 0
tr 7 6 4 8 7 1 2.804391606945386e6 3 1
tr 7 6 4 8 7 1 1.0806255658762932e7 4 2
tr 7 6 4 8 7 1 1.15731812225714e10 5 1
ann 7 6 4 8 7 2 1.825560104753109e-25 36 0
tr 7 6 4 8 7 2 1490.9220796780903 2 2
tr 7 6 4 8 7 2 8.863262362691619e6 3 1
tr 7 6 4 8 7 2 1.0284549791566094e7 4 2
ann 7 6 4 8 7 3 2.597145888529681e-25 36 0
tr 7 6 4 8 7 3 5844.4145523381185 2 2
tr 7 6 4 8 7 3 1.0104396070417318e7 3 1
tr 7 6 4 8 7 3 2.1811934720686446e6 4 2
ann 7 6 4 8 7 4 3.360798517036238e-25 36 0
tr 7 6 4 8 7 4 7872.068580700312 2 2
tr 7 6 4 8 7 4 2.339901263750588e6 3 1
ann 7 6 4 8 7 5 3.730672074824156e-25 36 0
tr 7 6 4 8 7 5 1312.01143011672 2 2
tr 7 6 4 8 7 5 2.562313753664393e6 3 1
tr 7 6 4 8 7 5 1.0361114133850966e7 4 2
ann 7 6 4 8 7 6 3.2302020053371396e-25 36 0
tr 7 6 4 8 7 6 8528.074295758679 2 2
tr 7 6 4 8 7 6 1.2674465178649023e7 3 1
tr 7 6 4 8 7 6 4.0739352359943246e6 4 2
ann 7 6 4 8 7 7 2.0593438975239426e-25 36 0
tr 7 6 4 8 7 7 4.1588088867442077e6 3 1
tr 7 6 4 8 7 7 1.2476426660232631e7 4 2
tr 7 6 4 8 7 7 2.2849614208666603e10 5 1
ann 7 6 4 9 8 2 8.102475870854783e-28 38 0
tr 7 6 4 9 8 2 5915.391439275285 2 1
tr 7 6 4 9 8 2 67604.47359171783 3 2
tr 7 6 4 9 8 2 4.576346227472553e8 4 1
ann 7 6 4 9 8 4 1.4556043000501149e-27 38 0
tr 7 6 4 9 8 4 156166.3339968686 2 1
tr 7 6 4 9 8 4 247883.0698362988 3 2
tr 7 6 4 9 8 4 2.1911794912452066e8 4 1
ann 7 6 4 9 8 6 1.7777407305527047e-27 38 0
tr 7 6 4 9 8 6 394753.7887143058 2 1
tr 7 6 4 9 8 6 3.5564328246726745e8 4 1
ann 7 6 4 9 8 8 9.472792933423089e-28 38 0
tr 7 6 4 9 8 8 3.319337303027809e8 4 1
tr 7 6 4 9 8 8 6.336916669416738e8 5 2
tr 7 6 4 9 8 8 1.2888714279049094e12 6 1
ann 7 6 4 11 10 2 7.77988760019769e-33 42 0
tr 7 6 4 11 10 2 1.451152625414561e7 4 1
tr 7 6 4 11 10 2 5.403564685179991e7 5 2
tr 7 6 4 11 10 2 5.264251466454107e11 6 1
ann 7 6 4 11 10 4 1.3271976318288555e-32 42 0
tr 7 6 4 11 10 4 1.1790615081493266e8 4 1
tr 7 6 4 11 10 4 1.4405987881388053e8 5 2
tr 7 6 4 11 10 4 3.886264603412579e11 6 1
ann 7 6 4 11 10 6 1.8396672739634146e-32 42 0
tr 7 6 4 11 10 6 3.7729968260778373e8 4 1
tr 7 6 4 11 10 6 8.780792613417482e7 5 2
tr 7 6 4 11 10 6 7.4024087684049635e9 6 1
ann 7 6 4 11 10 8 1.8556767253875507e-32 42 0
tr 7 6 4 11 10 8 3.436122109463743e8 4 1
tr 7 6 4 11 10 8 4.6647960758780405e7 5 2
tr 7 6 4 11 10 8 6.292047453144198e11 6 1
ann 7 6 4 11 10 10 9.405208225956907e-33 42 0
tr 7 6 4 11 10 10 6.520849178713048e11 6 1
tr 7 6 4 11 10 10 5.614251525039939e11 7 2
tr 7 6 4 11 10 10 1.4536439988903875e15 8 1
ann 7 6 4 13 12 2 3.010765086254342e-38 46 0
tr 7 6 4 13 12 2 8.903886621966335e9 6 1
tr 7 6 4 13 12 2 1.5748370895994877e10 7 2
tr 7 6 4 13 12 2 2.2226789400773047e14 8 1
ann 7 6 4 13 12 4 4.999893395579955e-38 46 0
tr 7 6 4 13 12 4 4.432156896267693e10 6 1
tr 7 6 4 13 12 4 3.52763508070285e10 7 2
tr 7 6 4 13 12 4 1.928967794424236e14 8 1
ann 7 6 4 13 12 6 7.145130236654238e-38 46 0
tr 7 6 4 13 12 6 1.2974234792008105e11 6 1
tr 7 6 4 13 12 6 3.671620186037667e10 7 2
tr 7 6 4 13 12 6 2.24913940364965e13 8 1
ann 7 6 4 13 12 8 8.513566977326206e-38 46 0
tr 7 6 4 13 12 8 2.1912040982058148e11 6 1
tr 7 6 4 13 12 8 5.284907843539048e9 7 2
tr 7 6 4 13 12 8 9.323705164220425e13 8 1
ann 7 6 4 13 12 10 7.713341236823483e-38 46 0
tr 7 6 4 13 12 10 1.2782023906200592e11 6 1
tr 7 6 4 13 12 10 3.1302915688654453e10 7 2
tr 7 6 4 13 12 10 2.366786695532879e14 8 1
ann 7 6 4 13 12 12 3.6339455119436163e-38 46 0
tr 7 6 4 13 12 12 3.7802843053649956e14 8 1
tr 7 6 4 13 12 12 1.702233283702372e14 9 2
tr 7 6 4 13 12 12 5.554027880912915e17 10 1
ann 7 6 4 15 14 2 5.298254464688763e-44 50 0
tr 7 6 4 15 14 2 2.018994149178156e12 8 1
tr 7 6 4 15 14 2 2.0553596578300225e12 9 2
tr 7 6 4 15 14 2 4.077762017071195e16 10 1
ann 7 6 4 15 14 4 8.638027110593753e-44 50 0
tr 7 6 4 15 14 4 7.52206424085045e12 8 1
tr 7 6 4 15 14 4 4.0946618183332505e12 9 2
tr 7 6 4 15 14 4 3.821729892920751e16 10 1
ann 7 6 4 15 14 6 1.251576209204943e-43 50 0
tr 7 6 4 15 14 6 1.9761670005592273e13 8 1
tr 7 6 4 15 14 6 5.029402799084067e12 9 2
tr 7 6 4 15 14 6 1.287254059661916e16 10 1
ann 7 6 4 15 14 8 1.5925984611647063e-43 50 0
tr 7 6 4 15 14 8 3.7053131260485516e13 8 1
tr 7 6 4 15 14 8 2.7927693427606304e12 9 2
tr 7 6 4 15 14 8 1.3357836592347342e15 10 1
ann 7 6 4 15 14 10 1.7212784346289866e-43 50 0
tr 7 6 4 15 14 10 4.4952370232501164e13 8 1
tr 7 6 4 15 14 10 3.5065540725894204e16 10 1
ann 7 6 4 15 14 12 1.4411856188157808e-43 50 0
tr 7 6 4 15 14 12 2.0291000452170645e13 8 1
tr 7 6 4 15 14 12 5.847605276508599e12 9 2
tr 7 6 4 15 14 12 3.127681218440472e16 10 1
ann 7 6 4 15 14 14 6.249535087037042e-44 50 0
tr 7 6 4 15 14 14 8.559292223304131e16 10 1
tr 7 6 4 15 14 14 2.2490055473557864e16 11 2
tr 7 6 4 15 14 14 9.03249476541088e19 12 1
ann 7 6 5 7 6 5 1.9009909748113835e-23 34 0
ann 7 6 5 7 6 6 6.74784185921261e-23 34 0
tr 7 6 5 7 6 6 184396.7999999998 2 1
ann 7 6 5 8 1 1 1.0521201718178018e-15 24 0
tr 7 6 5 8 1 1 1.0124838993188063e10 5 1
ann 7 6 5 8 2 1 1.3712364642371623e-16 26 0
tr 7 6 5 8 2 1 4.702063946770279e7 4 1
tr 7 6 5 8 2 1 3.590667013897302e6 5 2
tr 7 6 5 8 2 1 4.2650424252391e11 6 1
ann 7 6 5 8 2 2 2.3252993401280597e-16 26 0
tr 7 6 5 8 2 2 9.404127893540564e7 4 1
tr 7 6 5 8 2 2 7.181334027794606e6 5 2
ann 7 6 5 8 3 1 7.751047179561231e-18 28 0
tr 7 6 5 8 3 1 160204.5935944771 4 2
tr 7 6 5 8 3 1 8.978656329405637e8 6 2
ann 7 6 5 8 3 2 1.2618949450664733e-17 28 0
tr 7 6 5 8 3 2 600767.2259792906 3 1
tr 7 6 5 8 3 2 8010.229679723868 4 2
tr 7 6 5 8 3 2 5.461236536470954e9 5 1
ann 7 6 5 8 3 3 1.818525574208287e-17 28 0
tr 7 6 5 8 3 3 600767.2259792906 3 1
tr 7 6 5 8 3 3 168214.82327420116 4 2
tr 7 6 5 8 3 3 5.461236536470946e9 5 1
ann 7 6 5 8 4 1 1.9010919697910837e-19 30 0
tr 7 6 5 8 4 1 1.2662971671936753e8 4 1
tr 7 6 5 8 4 1 1.7190943360689912e7 5 2
ann 7 6 5 8 4 2 3.328921240486274e-19 30 0
tr 7 6 5 8 4 2 2315.084943230158 3 2
tr 7 6 5 8 4 2 3.165742917984196e7 4 1
tr 7 6 5 8 4 2 4.297735840172472e6 5 2
tr 7 6 5 8 4 2 3.844071438014689e11 6 1
ann 7 6 5 8 4 3 5.487678949821525e-19 30 0
tr 7 6 5 8 4 3 5556.203863752385 2 1
tr 7 6 5 8 4 3 110.24214015381686 3 2
tr 7 6 5 8 4 3 3.165742917984196e7 4 1
ann 7 6 5 8 4 4 6.4745560078433575e-19 30 0
tr 7 6 5 8 4 4 2778.10193187619 2 1
tr 7 6 5 8 4 4 2204.8428030763416 3 2
tr 7 6 5 8 4 4 1.2662971671936753e8 4 1
ann 7 6 5 8 5 1 2.6224589523126413e-21 32 0
tr 7 6 5 8 5 1 1.1937780466926089e6 4 2
tr 7 6 5 8 5 1 1.1034590731591192e10 5 1
tr 7 6 5 8 5 1 6.999090263128111e8 6 2
ann 7 6 5 8 5 2 4.491454159114583e-21 32 0
tr 7 6 5 8 5 2 1.5988098839633137e6 3 1
tr 7 6 5 8 5 2 1.3643177676486957e6 4 2
tr 7 6 5 8 5 2 1.9072132128676207e9 5 1
ann 7 6 5 8 5 3 7.707599454345094e-21 32 0
tr 7 6 5 8 5 3 18.337689573300143 2 2
tr 7 6 5 8 5 3 1.598809883963316e6 3 1
tr 7 6 5 8 5 3 146176.90367664615 4 2
tr 7 6 5 8 5 3 1.9072132128676207e9 5 1
ann 7 6 5 8 5 4 1.2044263109880385e-20 32 0
tr 7 6 5 8 5 4 9.168844786650078 2 2
tr 7 6 5 8 5 4 584707.6147065843 4 2
tr 7 6 5 8 5 4 1.1034590731591198e10 5 1
ann 7 6 5 8 5 5 1.1875284265926177e-20 32 0
tr 7 6 5 8 5 5 15.281407977750117 2 2
tr 7 6 5 8 5 5 2.3982148259449713e6 3 1
tr 7 6 5 8 5 5 1.8272112959580752e6 4 2
tr 7 6 5 8 5 5 1.0217213640362255e10 5 1
ann 7 6 5 8 6 1 2.02704975665214e-23 34 0
tr 7 6 5 8 6 1 1.2267630493902317e8 4 1
tr 7 6 5 8 6 1 2.342002185199522e8 5 2
tr 7 6 5 8 6 1 4.5814275425936346e11 6 1
ann 7 6 5 8 6 2 3.359437695014964e-23 34 0
tr 7 6 5 8 6 2 23681.26416012327 3 2
tr 7 6 5 8 6 2 3.0055694710060525e8 4 1
tr 7 6 5 8 6 2 1.873601748159618e8 5 2
ann 7 6 5 8 6 3 5.57276833688861e-23 34 0
tr 7 6 5 8 6 3 22102.51321611508 2 1
tr 7 6 5 8 6 3 63150.037760328785 3 2
tr 7 6 5 8 6 3 2.5236268444598994e8 4 1
ann 7 6 5 8 6 4 8.940441870989424e-23 34 0
tr 7 6 5 8 6 4 59676.78568351064 2 1
tr 7 6 5 8 6 4 47362.52832024658 3 2
tr 7 6 5 8 6 4 2.628777962979045e7 4 1
ann 7 6 5 8 6 5 1.2568890201482057e-22 34 0
tr 7 6 5 8 6 5 24312.764537726547 2 1
tr 7 6 5 8 6 5 1.1566623037107816e8 4 1
ann 7 6 5 8 6 6 1.1153772512863086e-22 34 0
tr 7 6 5 8 6 6 48625.529075453116 2 1
tr 7 6 5 8 6 6 86831.30192045202 3 2
tr 7 6 5 8 6 6 4.337483638915451e8 4 1
ann 7 6 5 8 7 1 6.621568802447871e-26 36 0
tr 7 6 5 8 7 1 1.645243076074631e6 4 2
tr 7 6 5 8 7 1 1.0127484685892546e10 5 1
tr 7 6 5 8 7 1 1.0655102139877054e10 6 2
ann 7 6 5 8 7 2 1.0715954292349907e-25 36 0
tr 7 6 5 8 7 2 1.1425299139407224e6 3 1
tr 7 6 5 8 7 2 6.718075893971401e6 4 2
tr 7 6 5 8 7 2 1.6070058344556747e10 5 1
ann 7 6 5 8 7 3 1.7053889684810437e-25 36 0
tr 7 6 5 8 7 3 656.0057150583601 2 2
tr 7 6 5 8 7 3 5.49937731910132e6 3 1
tr 7 6 5 8 7 3 1.2241391935079101e7 4 2
ann 7 6 5 8 7 4 2.6416298795400985e-25 36 0
tr 7 6 5 8 7 4 3816.7605239759164 2 2
tr 7 6 5 8 7 4 1.1327803253417589e7 3 1
tr 7 6 5 8 7 4 1.0772424902869608e7 4 2
ann 7 6 5 8 7 5 3.85103275647691e-25 36 0
tr 7 6 5 8 7 5 8945.532478068555 2 2
tr 7 6 5 8 7 5 9.853177977824736e6 3 1
tr 7 6 5 8 7 5 2.15448498057392e6 4 2
ann 7 6 5 8 7 6 4.889971712823147e-25 36 0
tr 7 6 5 8 7 6 6202.235851460863 2 2
tr 7 6 5 8 7 6 435684.74051606393 3 1
tr 7 6 5 8 7 6 2.8008304747461006e6 4 2
ann 7 6 5 8 7 7 4.182666219281881e-25 36 0
tr 7 6 5 8 7 7 5426.956370028254 2 2
tr 7 6 5 8 7 7 1.5248965918062128e7 3 1
tr 7 6 5 8 7 7 1.9605813323222682e7 4 2
ann 7 6 5 9 8 2 4.5362361507217275e-28 38 0
tr 7 6 5 9 8 2 3873.172966192163 3 2
tr 7 6 5 9 8 2 9.586410274197774e7 4 1
tr 7 6 5 9 8 2 3.03305413237041e8 5 2
tr 7 6 5 9 8 2 8.328092303385581e11 6 1
ann 7 6 5 9 8 4 1.0505157593667856e-27 38 0
tr 7 6 5 9 8 4 18929.252605680977 2 1
tr 7 6 5 9 8 4 103519.35018731792 3 2
tr 7 6 5 9 8 4 5.1766941161329705e8 4 1
ann 7 6 5 9 8 6 2.0142448584403017e-27 38 0
tr 7 6 5 9 8 6 287093.6645194953 2 1
tr 7 6 5 9 8 6 288375.33266467135 3 2
tr 7 6 5 9 8 6 2.445047566962458e8 4 1
ann 7 6 5 9 8 8 2.020772043823751e-27 38 0
tr 7 6 5 9 8 8 256333.62903526347 3 2
tr 7 6 5 9 8 8 9.128177583326502e8 4 1
tr 7 6 5 9 8 8 7.745120373731586e8 5 2
tr 7 6 5 9 8 8 9.451723804636006e11 6 1
ann 7 6 5 11 10 2 3.923785738983588e-33 42 0
tr 7 6 5 11 10 2 753845.5196958572 4 1
tr 7 6 5 11 10 2 6.652515382788855e6 5 2
tr 7 6 5 11 10 2 1.5944943782433002e11 6 1
tr 7 6 5 11 10 2 2.33340047033806e11 7 2
ann 7 6 5 11 10 4 8.486728050873393e-33 42 0
tr 7 6 5 11 10 4 1.714998557308114e7 4 1
tr 7 6 5 11 10 4 5.243997861368916e7 5 2
tr 7 6 5 11 10 4 5.15224473937274e11 6 1
ann 7 6 5 11 10 6 1.5834670373720824e-32 42 0
tr 7 6 5 11 10 6 1.371998845846485e8 4 1
tr 7 6 5 11 10 6 1.5759277652063954e8 5 2
tr 7 6 5 11 10 6 5.686395826638326e11 6 1
ann 7 6 5 11 10 8 2.3990447986430966e-32 42 0
tr 7 6 5 11 10 8 4.9979957955836314e8 4 1
tr 7 6 5 11 10 8 1.1688494712853548e8 5 2
tr 7 6 5 11 10 8 8.580064708832788e9 6 1
ann 7 6 5 11 10 10 2.2108964642182434e-32 42 0
tr 7 6 5 11 10 10 2.5179297000478113e8 5 2
tr 7 6 5 11 10 10 1.195489016097392e12 6 1
tr 7 6 5 11 10 10 4.750520521187643e11 7 2
tr 7 6 5 11 10 10 7.61432570847345e14 8 1
ann 7 6 5 13 12 2 1.3705071346667506e-38 46 0
tr 7 6 5 13 12 2 7.195059896538318e8 6 1
tr 7 6 5 13 12 2 2.513475786752816e9 7 2
tr 7 6 5 13 12 2 7.879223195781866e13 8 1
tr 7 6 5 13 12 2 6.678502220298093e13 9 2
ann 7 6 5 13 12 4 2.842460893133773e-38 46 0
tr 7 6 5 13 12 4 6.907257500676879e9 6 1
tr 7 6 5 13 12 4 1.2033187034621576e10 7 2
tr 7 6 5 13 12 4 1.9810618320823e14 8 1
ann 7 6 5 13 12 6 5.216956463373198e-38 46 0
tr 7 6 5 13 12 6 3.7743228485841675e10 6 1
tr 7 6 5 13 12 6 3.2895943641239468e10 7 2
tr 7 6 5 13 12 6 2.6518759281156794e14 8 1
ann 7 6 5 13 12 8 8.342415296531313e-38 46 0
tr 7 6 5 13 12 8 1.3280024837611003e11 6 1
tr 7 6 5 13 12 8 4.772932396196223e10 7 2
tr 7 6 5 13 12 8 1.20188386882529e14 8 1
ann 7 6 5 13 12 10 1.0988825209941543e-37 46 0
tr 7 6 5 13 12 10 2.7888052158983093e11 6 1
tr 7 6 5 13 12 10 1.4450919884677176e10 7 2
tr 7 6 5 13 12 10 2.3729502025524855e13 8 1
ann 7 6 5 13 12 12 9.475160536099583e-38 46 0
tr 7 6 5 13 12 12 8.590516066829602e10 7 2
tr 7 6 5 13 12 12 5.197890919876878e14 8 1
tr 7 6 5 13 12 12 1.1014450659250647e14 9 2
tr 7 6 5 13 12 12 2.2627520996311882e17 10 1
ann 7 6 5 15 14 2 2.204139858342893e-44 50 0
tr 7 6 5 15 14 2 2.002308247118825e11 8 1
tr 7 6 5 15 14 2 3.755264715744114e11 9 2
tr 7 6 5 15 14 2 1.5774706401254302e16 10 1
tr 7 6 5 15 14 2 8.700500687548361e15 11 2
ann 7 6 5 15 14 4 4.404560994690648e-44 50 0
tr 7 6 5 15 14 4 1.21568715003643e12 8 1
tr 7 6 5 15 14 4 1.3447241653389844e12 9 2
tr 7 6 5 15 14 4 3.394810384968011e16 10 1
ann 7 6 5 15 14 6 7.962815356272336e-44 50 0
tr 7 6 5 15 14 6 5.132901300153835e12 8 1
tr 7 6 5 15 14 6 3.3201916915828384e12 9 2
tr 7 6 5 15 14 6 4.800478623729827e16 10 1
ann 7 6 5 15 14 8 1.2968504822081076e-43 50 0
tr 7 6 5 15 14 8 1.6168639095484615e13 8 1
tr 7 6 5 15 14 8 5.569670677891951e12 9 2
tr 7 6 5 15 14 8 3.799787370026627e16 10 1
ann 7 6 5 15 14 10 1.8665725757529904e-43 50 0
tr 7 6 5 15 14 10 3.814140504575855e13 8 1
tr 7 6 5 15 14 10 5.213773935348577e12 9 2
tr 7 6 5 15 14 10 6.171535167757391e15 10 1
ann 7 6 5 15 14 12 2.2428312570679106e-43 50 0
tr 7 6 5 15 14 12 5.902836495176924e13 8 1
tr 7 6 5 15 14 12 5.648255096627637e11 9 2
tr 7 6 5 15 14 12 1.7343828978800498e16 10 1
ann 7 6 5 15 14 14 1.807586312085957e-43 50 0
tr 7 6 5 15 14 14 1.2559061332501414e13 9 2
tr 7 6 5 15 14 14 9.415221445634565e16 10 1
tr 7 6 5 15 14 14 1.1780505248054086e16 11 2
tr 7 6 5 15 14 14 3.0108315884702826e19 12 1
ann 7 6 6 7 6 6 3.3739209296063007e-23 34 0
ann 7 6 6 8 1 1 1.1836351103367445e-15 24 0
tr 7 6 6 8 1 1 1.2149806791825663e10 5 1
ann 7 6 6 8 2 1 1.3362313105892275e-16 26 0
tr 7 6 6 8 2 1 1.1968890046324344e7 5 2
tr 7 6 6 8 2 1 3.475219753898525e11 6 1
ann 7 6 6 8 2 2 2.8198333548974737e-16 26 0
tr 7 6 6 8 2 2 1.4106191840310818e8 4 1
tr 7 6 6 8 2 2 4.787556018529732e6 5 2
ann 7 6 6 8 3 1 5.2979412380825555e-18 28 0
tr 7 6 6 8 3 1 8.191854804706407e9 5 1
tr 7 6 6 8 3 1 1.646086993724368e9 6 2
tr 7 6 6 8 3 1 1.3718637529169271e13 7 1
ann 7 6 6 8 3 2 1.1977508787784318e-17 28 0
tr 7 6 6 8 3 2 192245.51231337263 4 2
tr 7 6 6 8 3 2 8.191854804706425e9 5 1
tr 7 6 6 8 3 2 7.482213607838032e8 6 2
ann 7 6 6 8 3 3 2.4393002696381492e-17 28 0
tr 7 6 6 8 3 3 1.2015344519585792e6 3 1
tr 7 6 6 8 3 3 144184.1342350294 4 2
tr 7 6 6 8 3 3 2.7306182682354665e9 5 1
ann 7 6 6 8 4 1 1.1576458225230126e-19 30 0
tr 7 6 6 8 4 1 3.223301880129355e7 5 2
tr 7 6 6 8 4 1 6.606997784087745e11 6 1
tr 7 6 6 8 4 1 1.166855966577503e11 7 2
ann 7 6 6 8 4 2 2.335418435106191e-19 30 0
tr 7 6 6 8 4 2 8.441981114624487e7 4 1
tr 7 6 6 8 4 2 5.8019433842328444e7 5 2
tr 7 6 6 8 4 2 5.4057254597081433e11 6 1
ann 7 6 6 8 4 3 4.701271341610349e-19 30 0
tr 7 6 6 8 4 3 1984.3585227687058 3 2
tr 7 6 6 8 4 3 1.4773466950592893e8 4 1
tr 7 6 6 8 4 3 4.512622632181102e7 5 2
tr 7 6 6 8 4 3 2.522671881197142e11 6 1
ann 7 6 6 8 4 4 1.0021125340309396e-18 30 0
tr 7 6 6 8 4 4 8334.30579562856 2 1
tr 7 6 6 8 4 4 2645.811363691605 3 2
tr 7 6 6 8 4 4 8.441981114624487e7 4 1
ann 7 6 6 8 5 1 1.437482608674116e-21 32 0
tr 7 6 6 8 5 1 4.086885456144883e9 5 1
tr 7 6 6 8 5 1 5.132666192960612e9 6 2
tr 7 6 6 8 5 1 3.0567998800604387e13 7 1
ann 7 6 6 8 5 2 2.702057622309796e-21 32 0
tr 7 6 6 8 5 2 511619.16286826035 4 2
tr 7 6 6 8 5 2 1.1443279277205711e10 5 1
tr 7 6 6 8 5 2 6.532484245586233e9 6 2
ann 7 6 6 8 5 3 5.07209340662048e-21 32 0
tr 7 6 6 8 5 3 799404.9419816554 3 1
tr 7 6 6 8 5 3 1.5348574886047817e6 4 2
tr 7 6 6 8 5 3 1.5257705702940916e10 5 1
ann 7 6 6 8 5 4 9.989145150851145e-21 32 0
tr 7 6 6 8 5 4 12.225126382200102 2 2
tr 7 6 6 8 5 4 2.3982148259449727e6 3 1
tr 7 6 6 8 5 4 1.973388199634719e6 4 2
tr 7 6 6 8 5 4 1.1443279277205715e10 5 1
ann 7 6 6 8 5 5 2.130597984130136e-20 32 0
tr 7 6 6 8 5 5 30.562815955500223 2 2
tr 7 6 6 8 5 5 2.3982148259449666e6 3 1
tr 7 6 6 8 5 5 1.0963267775748437e6 4 2
tr 7 6 6 8 5 5 4.086885456144884e9 5 1
ann 7 6 6 8 6 1 9.696090948668871e-24 34 0
tr 7 6 6 8 6 1 3.122669580266031e7 5 2
tr 7 6 6 8 6 1 3.733015034705925e11 6 1
tr 7 6 6 8 6 1 2.9074444020305743e11 7 2
ann 7 6 6 8 6 2 1.768113605167824e-23 34 0
tr 7 6 6 8 6 2 3.68028914817066e7 4 1
tr 7 6 6 8 6 2 1.2490678321064109e8 5 2
tr 7 6 6 8 6 2 6.78730006310167e11 6 1
ann 7 6 6 8 6 3 3.1857822021179124e-23 34 0
tr 7 6 6 8 6 3 7893.7547200410945 3 2
tr 7 6 6 8 6 3 1.6561301166768098e8 4 1
tr 7 6 6 8 6 3 2.4981356642128256e8 5 2
tr 7 6 6 8 6 3 8.144760075722029e11 6 1
ann 7 6 6 8 6 4 5.8417789723663e-23 34 0
tr 7 6 6 8 6 4 8841.005286445992 2 1
tr 7 6 6 8 6 4 39468.77360020544 3 2
tr 7 6 6 8 6 4 3.5488502500217235e8 4 1
ann 7 6 6 8 6 5 1.1153772512863098e-22 34 0
tr 7 6 6 8 6 5 48625.529075453116 2 1
tr 7 6 6 8 6 5 86831.30192045202 3 2
tr 7 6 6 8 6 5 4.3374836389154494e8 4 1
ann 7 6 6 8 6 6 2.230754502572615e-22 34 0
tr 7 6 6 8 6 6 97251.05815090613 2 1
tr 7 6 6 8 6 6 86831.3019204519 3 2
tr 7 6 6 8 6 6 2.6024901833492672e8 4 1
ann 7 6 6 8 7 1 2.7027659928269393e-26 36 0
tr 7 6 6 8 7 1 6.277366540842373e8 5 1
tr 7 6 6 8 7 1 2.747018520437052e9 6 2
tr 7 6 6 8 7 1 9.933920336686352e12 7 1
ann 7 6 6 8 7 2 4.876598005210716e-26 36 0
tr 7 6 6 8 7 2 365609.5724610295 4 2
tr 7 6 6 8 7 2 3.389777932054938e9 5 1
tr 7 6 6 8 7 2 6.74268182289094e9 6 2
tr 7 6 6 8 7 2 1.4900880505029553e13 7 1
ann 7 6 6 8 7 3 8.6257820874986e-26 36 0
tr 7 6 6 8 7 3 274207.1793457692 3 1
tr 7 6 6 8 7 3 2.285059827881432e6 4 2
tr 7 6 6 8 7 3 9.416049811263697e9 5 1
ann 7 6 6 8 7 4 1.5184793343910775e-25 36 0
tr 7 6 6 8 7 4 178.9106495613709 2 2
tr 7 6 6 8 7 4 2.0108526485356702e6 3 1
tr 7 6 6 8 7 4 7.18161660191308e6 4 2
tr 7 6 6 8 7 4 1.7262757987316837e10 5 1
ann 7 6 6 8 7 5 2.6945197807800195e-25 36 0
tr 7 6 6 8 7 5 1610.1958460523374 2 2
tr 7 6 6 8 7 5 7.239069534728375e6 3 1
tr 7 6 6 8 7 5 1.4363233203826154e7 4 2
ann 7 6 6 8 7 6 4.856658695332497e-25 36 0
tr 7 6 6 8 7 6 6977.51533289347 2 2
tr 7 6 6 8 7 6 1.5684650658578172e7 3 1
tr 7 6 6 8 7 6 1.8672203164973974e7 4 2
ann 7 6 6 8 7 7 8.900613551636219e-25 36 0
tr 7 6 6 8 7 7 16280.869110084745 2 2
tr 7 6 6 8 7 7 1.829875910167454e7 3 1
tr 7 6 6 8 7 7 1.3070542215481807e7 4 2
ann 7 6 6 9 8 2 1.7878652849123512e-28 38 0
tr 7 6 6 9 8 2 2.7357175574404257e6 4 1
tr 7 6 6 9 8 2 2.843488249097252e7 5 2
tr 7 6 6 9 8 2 2.3133589731626495e11 6 1
ann 7 6 6 9 8 4 5.372712075276012e-28 38 0
tr 7 6 6 9 8 4 394.359429285007 2 1
tr 7 6 6 9 8 4 7042.132665803956 3 2
tr 7 6 6 9 8 4 9.672715649521758e7 4 1
ann 7 6 6 9 8 6 1.5518368631547581e-27 38 0
tr 7 6 6 9 8 6 35886.70806493682 2 1
tr 7 6 6 9 8 6 128166.81451763166 3 2
tr 7 6 6 9 8 6 5.868114160709883e8 4 1
ann 7 6 6 9 8 8 4.450488685739804e-27 38 0
tr 7 6 6 9 8 8 717734.1612987383 2 1
tr 7 6 6 9 8 8 512667.2580705273 3 2
tr 7 6 6 9 8 8 7.824152214279839e8 4 1
ann 7 6 6 11 10 2 1.2152730185490346e-33 42 0
tr 7 6 6 11 10 2 7852.557496831923 4 1
tr 7 6 6 11 10 2 194286.54984888472 5 2
tr 7 6 6 11 10 2 1.048243199721663e10 6 1
tr 7 6 6 11 10 2 3.4223206898291405e10 7 2
tr 7 6 6 11 10 2 3.417847027165269e14 8 1
ann 7 6 6 11 10 4 3.435501485932232e-33 42 0
tr 7 6 6 11 10 4 714582.7322117012 4 1
tr 7 6 6 11 10 4 4.583723416805303e6 5 2
tr 7 6 6 11 10 4 9.892309899595613e10 6 1
tr 7 6 6 11 10 4 1.5854678395790347e11 7 2
ann 7 6 6 11 10 6 8.969349798495032e-33 42 0
tr 7 6 6 11 10 6 1.4291654644234167e7 4 1
tr 7 6 6 11 10 6 3.928905785833117e7 5 2
tr 7 6 6 11 10 6 4.239561385540984e11 6 1
ann 7 6 6 11 10 8 2.1999686499510125e-32 42 0
tr 7 6 6 11 10 8 1.4577487737118903e8 4 1
tr 7 6 6 11 10 8 1.7174931006641904e8 5 2
tr 7 6 6 11 10 8 9.266469885539589e11 6 1
ann 7 6 6 11 10 10 5.131200308372347e-32 42 0
tr 7 6 6 11 10 10 9.891866678759269e8 4 1
tr 7 6 6 11 10 10 3.0215156400573707e8 5 2
tr 7 6 6 11 10 10 6.520849178713047e11 6 1
ann 7 6 6 13 12 2 3.5532514302886905e-39 46 0
tr 7 6 6 13 12 2 1.798764974134637e7 6 1
tr 7 6 6 13 12 2 1.1811278171995829e8 7 2
tr 7 6 6 13 12 2 7.003753951806095e12 8 1
tr 7 6 6 13 12 2 1.2058406786649285e13 9 2
tr 7 6 6 13 12 2 1.6320488982564704e17 10 1
ann 7 6 6 13 12 4 9.422674506014375e-39 46 0
tr 7 6 6 13 12 4 3.5975299482692325e8 6 1
tr 7 6 6 13 12 4 1.159652765977804e9 7 2
tr 7 6 6 13 12 4 3.820229428257879e13 8 1
tr 7 6 6 13 12 4 3.9752989406536234e13 9 2
tr 7 6 6 13 12 4 3.458816346383415e17 10 1
ann 7 6 6 13 12 6 2.308534240509077e-38 46 0
tr 7 6 6 13 12 6 3.66948054723461e9 6 1
tr 7 6 6 13 12 6 6.571365673874225e9 7 2
tr 7 6 6 13 12 6 1.2988780056076797e14 8 1
ann 7 6 6 13 12 8 5.288202868067493e-38 46 0
tr 7 6 6 13 12 8 2.49000465705206e10 6 1
tr 7 6 6 13 12 8 2.4773005516589394e10 7 2
tr 7 6 6 13 12 8 2.9379383460173675e14 8 1
ann 7 6 6 13 12 10 1.1432945383944584e-37 46 0
tr 7 6 6 13 12 10 1.2782023906200592e11 6 1
tr 7 6 6 13 12 10 6.242797390180523e10 7 2
tr 7 6 6 13 12 10 4.113113684424316e14 8 1
ann 7 6 6 13 12 12 2.350347583306199e-37 46 0
tr 7 6 6 13 12 12 5.345209997138423e11 6 1
tr 7 6 6 13 12 12 7.363299485853943e10 7 2
tr 7 6 6 13 12 12 2.0791563679507438e14 8 1
ann 7 6 6 15 14 2 4.999061883053381e-45 50 0
tr 7 6 6 15 14 2 6.952459191384685e9 8 1
tr 7 6 6 15 14 2 2.21398826778563e10 9 2
tr 7 6 6 15 14 2 1.651037266631809e15 10 1
tr 7 6 6 15 14 2 1.7756123852139482e15 11 2
tr 7 6 6 15 14 2 3.2414750020798136e19 12 1
ann 7 6 6 15 14 4 1.2451323670694493e-44 50 0
tr 7 6 6 15 14 4 7.091508375212517e10 8 1
tr 7 6 6 15 14 4 1.3648872727777512e11 9 2
tr 7 6 6 15 14 4 6.543239528433293e15 10 1
tr 7 6 6 15 14 4 4.74342165764298e15 11 2
tr 7 6 6 15 14 4 6.0615582538892526e19 12 1
ann 7 6 6 15 14 6 2.888547775469416e-44 50 0
tr 7 6 6 15 14 6 4.812094968894211e11 8 1
tr 7 6 6 15 14 6 5.893831405176667e11 9 2
tr 7 6 6 15 14 6 1.883659864245949e16 10 1
ann 7 6 6 15 14 8 6.301752668830596e-44 50 0
tr 7 6 6 15 14 8 2.4702087506990356e12 8 1
tr 7 6 6 15 14 8 1.925318259024378e12 9 2
tr 7 6 6 15 14 8 4.102192593246728e16 10 1
ann 7 6 6 15 14 10 1.3029424206283823e-43 50 0
tr 7 6 6 15 14 10 1.0329963866559607e13 8 1
tr 7 6 6 15 14 10 4.866189006325348e12 9 2
tr 7 6 6 15 14 10 6.665257981177966e16 10 1
ann 7 6 6 15 14 12 2.5693216831975725e-43 50 0
tr 7 6 6 15 14 12 3.689272809485575e13 8 1
tr 7 6 6 15 14 12 9.037208154604209e12 9 2
tr 7 6 6 15 14 12 7.220696146276126e16 10 1
ann 7 6 6 15 14 14 4.857500772947787e-43 50 0
tr 7 6 6 15 14 14 1.1621209349879552e14 8 1
tr 7 6 6 15 14 14 8.372707555000944e12 9 2
tr 7 6 6 15 14 14 2.973227824937216e16 10 1
ann 8 1 1 8 1 1 2.8501688633309752e-8 16 0
ann 8 1 1 8 2 1 1.1734640710987124e-8 16 0
tr 8 1 1 8 2 1 1843.1999999999994 2 2
tr 8 1 1 8 2 1 1.8579455999999958e8 3 1
ann 8 1 1 8 2 2 7.334114004609202e-9 16 0
tr 8 1 1 8 2 2 1228.799999999999 2 2
tr 8 1 1 8 2 2 6.193151999999985e7 3 1
ann 8 1 1 8 3 1 8.613818795151945e-10 18 0
tr 8 1 1 8 3 1 2.3171657142857127e6 2 1
tr 8 1 1 8 3 1 229877.551020408 3 2
tr 8 1 1 8 3 1 2.1799895039999954e10 4 1
ann 8 1 1 8 3 2 9.003984877399638e-10 18 0
tr 8 1 1 8 3 2 3.8619428571428554e6 2 1
tr 8 1 1 8 3 2 191564.6258503401 3 2
tr 8 1 1 8 3 2 1.0899947519999952e10 4 1
ann 8 1 1 8 3 3 9.003975839391283e-10 18 0
tr 8 1 1 8 3 3 5.792914285714278e6 2 1
tr 8 1 1 8 3 3 114938.77551020398 3 2
tr 8 1 1 8 3 3 3.6333158399999895e9 4 1
ann 8 1 1 8 4 1 2.029005243781528e-11 20 0
tr 8 1 1 8 4 1 2.2885587301587287e8 3 1
tr 8 1 1 8 4 1 2.135988148148148e7 4 2
tr 8 1 1 8 4 1 1.6573205053439973e12 5 1
ann 8 1 1 8 4 2 2.3134245733699552e-11 20 0
tr 8 1 1 8 4 2 3.4328380952380925e8 3 1
tr 8 1 1 8 4 2 1.9223893333333306e7 4 2
tr 8 1 1 8 4 2 9.943923032063975e11 5 1
ann 8 1 1 8 4 3 2.5920578699202166e-11 20 0
tr 8 1 1 8 4 3 4.8059733333333254e8 3 1
tr 8 1 1 8 4 3 1.495191703703708e7 4 2
tr 8 1 1 8 4 3 4.971961516031981e11 5 1
ann 8 1 1 8 4 4 2.8649051334323198e-11 20 0
tr 8 1 1 8 4 4 6.407964444444435e8 3 1
tr 8 1 1 8 4 4 8.543952592592556e6 4 2
tr 8 1 1 8 4 4 1.6573205053439938e11 5 1
ann 8 1 1 8 5 1 2.103852806335083e-13 22 0
tr 8 1 1 8 5 1 1.63577856e10 4 1
tr 8 1 1 8 5 1 1.2491399912727273e9 5 2
tr 8 1 1 8 5 1 7.792788661862392e13 6 1
ann 8 1 1 8 5 2 2.4536332501184067e-13 22 0
tr 8 1 1 8 5 2 2.290089983999999e10 4 1
tr 8 1 1 8 5 2 1.165863991854545e9 5 2
tr 8 1 1 8 5 2 5.1951924412415984e13 6 1
ann 8 1 1 8 5 3 2.8224690712842215e-13 22 0
tr 8 1 1 8 5 3 3.0534533119999954e10 4 1
tr 8 1 1 8 5 3 9.993119930181808e8 5 2
tr 8 1 1 8 5 3 3.1171154647449527e13 6 1
ann 8 1 1 8 5 4 3.2103602698325275e-13 22 0
tr 8 1 1 8 5 4 3.925868543999992e10 4 1
tr 8 1 1 8 5 4 7.494839947636361e8 5 2
tr 8 1 1 8 5 4 1.5585577323724855e13 6 1
ann 8 1 1 8 5 5 3.617306845763322e-13 22 0
tr 8 1 1 8 5 5 4.9073356799999886e10 4 1
tr 8 1 1 8 5 5 4.1637999709090835e8 5 2
ann 8 1 1 8 6 1 9.91002096419094e-16 24 0
tr 8 1 1 8 6 1 6.629282021376003e11 5 1
tr 8 1 1 8 6 1 4.0703074682092316e10 6 2
tr 8 1 1 8 6 1 2.0572962067316695e15 7 1
ann 8 1 1 8 6 2 1.1598058176732295e-15 24 0
tr 8 1 1 8 6 2 8.839042695167993e11 5 1
tr 8 1 1 8 6 2 3.876483303056413e10 6 2
tr 8 1 1 8 6 2 1.469497290522624e15 7 1
ann 8 1 1 8 6 3 1.340755158846331e-15 24 0
tr 8 1 1 8 6 3 1.1364483465215999e12 5 1
tr 8 1 1 8 6 3 3.488834972750761e10 6 2
tr 8 1 1 8 6 3 9.796648603484122e14 7 1
ann 8 1 1 8 6 4 1.5338501199384016e-15 24 0
tr 8 1 1 8 6 4 1.4205604331519983e12 5 1
tr 8 1 1 8 6 4 2.907362477292312e10 6 2
tr 8 1 1 8 6 4 5.877989162090476e14 7 1
ann 8 1 1 8 6 5 1.7390907009494376e-15 24 0
tr 8 1 1 8 6 5 1.7362405294080015e12 5 1
tr 8 1 1 8 6 5 2.132065816681028e10 6 2
tr 8 1 1 8 6 5 2.938994581045245e14 7 1
ann 8 1 1 8 6 6 1.956476901879443e-15 24 0
tr 8 1 1 8 6 6 2.0834886352895999e12 5 1
tr 8 1 1 8 6 6 1.1629449909169214e10 6 2
ann 8 1 1 8 7 1 1.72768753018101e-18 26 0
tr 8 1 1 8 7 1 1.128831937850027e13 6 1
tr 8 1 1 8 7 1 5.615362956141716e11 7 2
tr 8 1 1 8 7 1 2.330705942266818e16 8 1
ann 8 1 1 8 7 2 2.014943676218219e-18 26 0
tr 8 1 1 8 7 2 1.451355348664317e13 6 1
tr 8 1 1 8 7 2 5.414814279136648e11 7 2
tr 8 1 1 8 7 2 1.7480294567001156e16 8 1
ann 8 1 1 8 7 3 2.3238708196081865e-18 26 0
tr 8 1 1 8 7 3 1.814194185830401e13 6 1
tr 8 1 1 8 7 3 5.01371692512653e11 7 2
tr 8 1 1 8 7 3 1.2485924690715086e16 8 1
ann 8 1 1 8 7 4 2.6544689603509077e-18 26 0
tr 8 1 1 8 7 4 2.217348449348267e13 6 1
tr 8 1 1 8 7 4 4.412070894111341e11 7 2
tr 8 1 1 8 7 4 8.32394979381005e15 8 1
ann 8 1 1 8 7 5 3.0067380984463884e-18 26 0
tr 8 1 1 8 7 5 2.6608181392179168e13 6 1
tr 8 1 1 8 7 5 3.609876186091101e11 7 2
tr 8 1 1 8 7 5 4.994369876286017e15 8 1
ann 8 1 1 8 7 6 3.3806782338946245e-18 26 0
tr 8 1 1 8 7 6 3.1446032554393574e13 6 1
tr 8 1 1 8 7 6 2.607132801065795e11 7 2
ann 8 1 1 8 7 7 3.776289366695617e-18 26 0
tr 8 1 1 8 7 7 3.668703798012581e13 6 1
tr 8 1 1 8 7 7 1.4038407390354245e11 7 2
ann 8 1 1 9 8 2 4.3957370860551776e-21 28 0
tr 8 1 1 9 8 2 7.774645809254076e15 7 1
tr 8 1 1 9 8 2 2.4701579822430347e14 8 2
tr 8 1 1 9 8 2 8.458809116392082e18 9 1
ann 8 1 1 9 8 4 5.737281277010148e-21 28 0
tr 8 1 1 9 8 4 1.140281385357267e16 7 1
tr 8 1 1 9 8 4 2.11727827049403e14 8 2
tr 8 1 1 9 8 4 4.5315048837814554e18 9 1
ann 8 1 1 9 8 6 7.258214253108983e-21 28 0
tr 8 1 1 9 8 6 1.5722061525380456e16 7 1
tr 8 1 1 9 8 6 1.482094789345819e14 8 2
tr 8 1 1 9 8 6 1.8126019535125821e18 9 1
ann 8 1 1 9 8 8 8.958536014351713e-21 28 0
tr 8 1 1 9 8 8 2.073238882467757e16 7 1
tr 8 1 1 9 8 8 5.646075387984091e13 8 2
ann 8 1 1 11 10 2 1.0467078296465133e-26 32 0
tr 8 1 1 11 10 2 2.1521251839194684e20 9 1
tr 8 1 1 11 10 2 5.055888808160268e18 10 2
tr 8 1 1 11 10 2 2.4144702558028636e23 11 1
ann 8 1 1 11 10 4 1.335274365537262e-26 32 0
tr 8 1 1 11 10 4 2.967324117222299e20 9 1
tr 8 1 1 11 10 4 4.5877509555528233e18 10 2
tr 8 1 1 11 10 4 1.5023370480551132e23 11 1
ann 8 1 1 11 10 6 1.6595416416481073e-26 32 0
tr 8 1 1 11 10 6 3.9129548798535736e20 9 1
tr 8 1 1 11 10 6 3.7451028208594534e18 10 2
tr 8 1 1 11 10 6 8.048234186009522e22 11 1
ann 8 1 1 11 10 8 2.019509657979052e-26 32 0
tr 8 1 1 11 10 8 4.989017471813313e20 9 1
tr 8 1 1 11 10 8 2.527944404080148e18 10 2
tr 8 1 1 11 10 8 3.21929367440377e22 11 1
ann 8 1 1 11 10 10 2.4151784145300857e-26 32 0
tr 8 1 1 11 10 10 6.195511893101501e20 9 1
tr 8 1 1 11 10 10 9.362757052148614e17 10 2
tr 8 1 1 11 10 10 5.365489457339668e21 11 1
ann 8 1 1 13 12 2 1.1507971970224119e-32 36 0
tr 8 1 1 13 12 2 9.414580081045062e23 11 1
tr 8 1 1 13 12 2 1.6864634929986214e22 12 2
tr 8 1 1 13 12 2 1.1615014080699188e27 13 1
ann 8 1 1 13 12 4 1.4357761732789623e-32 36 0
tr 8 1 1 13 12 4 1.2414830876103416e24 11 1
tr 8 1 1 13 12 4 1.5769528765701377e22 12 2
tr 8 1 1 13 12 4 7.919327782294896e26 13 1
ann 8 1 1 13 12 6 1.7528311897468873e-32 36 0
tr 8 1 1 13 12 6 1.582890936703186e24 11 1
tr 8 1 1 13 12 6 1.3798337669988738e22 12 2
tr 8 1 1 13 12 6 4.9275817312057206e26 13 1
ann 8 1 1 13 12 8 2.1019622464261868e-32 36 0
tr 8 1 1 13 12 8 1.965681555383044e24 11 1
tr 8 1 1 13 12 8 1.0951061642848173e22 12 2
tr 8 1 1 13 12 8 2.639775927431638e26 13 1
ann 8 1 1 13 12 10 2.483169343316858e-32 36 0
tr 8 1 1 13 12 10 2.389854943649911e24 11 1
tr 8 1 1 13 12 10 7.227700684279854e21 12 2
tr 8 1 1 13 12 10 1.0559103709726541e26 13 1
ann 8 1 1 13 12 12 2.8964524804189084e-32 36 0
tr 8 1 1 13 12 12 2.8554111015037845e24 11 1
tr 8 1 1 13 12 12 2.628254794283543e21 12 2
tr 8 1 1 13 12 12 1.7598506182877362e25 13 1
ann 8 1 1 15 14 2 6.62993400233415e-39 40 0
tr 8 1 1 15 14 2 1.2141076545526523e27 13 1
tr 8 1 1 15 14 2 1.7060733037373188e25 14 2
tr 8 1 1 15 14 2 1.6513288085782183e30 15 1
ann 8 1 1 15 14 4 8.110538846834113e-39 40 0
tr 8 1 1 15 14 4 1.5479872595546345e27 13 1
tr 8 1 1 15 14 4 1.6240505487499541e25 14 2
tr 8 1 1 15 14 4 1.1976670479798062e30 15 1
ann 8 1 1 15 14 6 9.742779467997443e-39 40 0
tr 8 1 1 15 14 6 1.922337119708367e27 13 1
tr 8 1 1 15 14 6 1.4764095897726809e25 14 2
tr 8 1 1 15 14 6 8.165911690771421e29 15 1
ann 8 1 1 15 14 8 1.1526655865824156e-38 40 0
tr 8 1 1 15 14 8 2.3371572350138557e27 13 1
tr 8 1 1 15 14 8 1.263150426805525e25 14 2
tr 8 1 1 15 14 8 5.0810117187022376e29 15 1
ann 8 1 1 15 14 10 1.3462168040314244e-38 40 0
tr 8 1 1 15 14 10 2.7924476054711004e27 13 1
tr 8 1 1 15 14 10 9.84273059848463e24 14 2
tr 8 1 1 15 14 10 2.72197056359047e29 15 1
ann 8 1 1 15 14 12 1.5549315991467703e-38 40 0
tr 8 1 1 15 14 12 3.288208231080101e27 13 1
tr 8 1 1 15 14 12 6.397774889015e24 14 2
tr 8 1 1 15 14 12 1.0887882254361891e29 15 1
ann 8 1 1 15 14 14 1.7788099719284567e-38 40 0
tr 8 1 1 15 14 14 3.8244391118408523e27 13 1
tr 8 1 1 15 14 14 2.2966371396463903e24 14 2
tr 8 1 1 15 14 14 1.814647042393593e28 15 1
ann 8 2 1 8 2 1 3.667074448702025e-10 18 0
ann 8 2 1 8 2 2 4.583811639556673e-10 18 0
tr 8 2 1 8 2 2 3.0697931755102025e6 2 1
ann 8 2 1 8 3 1 6.364736614356087e-11 20 0
tr 8 2 1 8 3 1 1930.97142857143 2 2
tr 8 2 1 8 3 1 2.746815371126247e7 3 1
ann 8 2 1 8 3 2 6.806976765982555e-11 20 0
tr 8 2 1 8 3 2 2.060111528344672e8 3 1
tr 8 2 1 8 3 2 3.204617932980606e7 4 2
ann 8 2 1 8 3 3 5.456951510272213e-11 20 0
tr 8 2 1 8 3 3 4827.428571428568 2 2
tr 8 2 1 8 3 3 3.4335192139077795e8 3 1
ann 8 2 1 8 4 1 2.0094856247514295e-12 22 0
tr 8 2 1 8 4 1 2.2068244897959223e6 2 1
tr 8 2 1 8 4 1 218931.00097181727 3 2
ann 8 2 1 8 4 2 2.093128483833811e-12 22 0
tr 8 2 1 8 4 2 2.942432653061223e6 2 1
tr 8 2 1 8 4 2 36488.50016196965 3 2
ann 8 2 1 8 4 3 2.148566859752198e-12 22 0
tr 8 2 1 8 4 3 2.5746285714285676e6 2 1
tr 8 2 1 8 4 3 51083.90022675736 3 2
tr 8 2 1 8 4 3 2.5336047376623356e10 4 1
ann 8 2 1 8 4 4 2.2955972335737445e-12 22 0
tr 8 2 1 8 4 4 613006.8027210879 3 2
tr 8 2 1 8 4 4 2.8376373061818134e10 4 1
ann 8 2 1 8 5 1 3.089587665321955e-14 24 0
tr 8 2 1 8 5 1 1.8031068783068824e8 3 1
tr 8 2 1 8 5 1 1.682899753086421e7 4 2
ann 8 2 1 8 5 2 3.2400794916748815e-14 24 0
tr 8 2 1 8 5 2 2.3665777777777794e8 3 1
tr 8 2 1 8 5 2 5.890149135802468e6 4 2
ann 8 2 1 8 5 3 3.3094681777502486e-14 24 0
tr 8 2 1 8 5 3 2.5243496296296287e8 3 1
tr 8 2 1 8 5 3 1.098870886734172e12 5 1
ann 8 2 1 8 5 4 3.3700269990443985e-14 24 0
tr 8 2 1 8 5 4 1.8932622222222197e8 3 1
tr 8 2 1 8 5 4 1.009739851851851e7 4 2
tr 8 2 1 8 5 4 1.6153402034992341e12 5 1
ann 8 2 1 8 5 5 3.5268746689556465e-14 24 0
tr 8 2 1 8 5 5 5.0486992592592545e7 4 2
tr 8 2 1 8 5 5 1.4834756970911345e12 5 1
ann 8 2 1 8 6 1 2.0762397121504346e-16 26 0
tr 8 2 1 8 6 1 9.341858909090914e9 4 1
tr 8 2 1 8 6 1 7.13378316694215e8 5 2
ann 8 2 1 8 6 2 2.214402948552778e-16 26 0
tr 8 2 1 8 6 2 1.1957579403636374e10 4 1
tr 8 2 1 8 6 2 3.4242159201322335e8 5 2
ann 8 2 1 8 6 3 2.2866714146350727e-16 26 0
tr 8 2 1 8 6 3 1.3452276829090899e10 4 1
ann 8 2 1 8 6 4 2.299508267370913e-16 26 0
tr 8 2 1 8 6 4 1.2811692218181808e10 4 1
tr 8 2 1 8 6 4 4.409611886908987e13 6 1
ann 8 2 1 8 6 5 2.2665705404348506e-16 26 0
tr 8 2 1 8 6 5 8.808038400000006e9 4 1
tr 8 2 1 8 6 5 6.726138414545456e8 5 2
tr 8 2 1 8 6 5 5.345529511885584e13 6 1
ann 8 2 1 8 6 6 2.208709144202387e-16 26 0
tr 8 2 1 8 6 6 2.2420461381818194e9 5 2
tr 8 2 1 8 6 6 4.355616639314179e13 6 1
ann 8 2 1 8 7 1 4.917771297769825e-19 28 0
tr 8 2 1 8 7 1 2.0397790835003085e11 5 1
tr 8 2 1 8 7 1 1.2524022979105333e10 6 2
ann 8 2 1 8 7 2 5.312131563555788e-19 28 0
tr 8 2 1 8 7 2 2.5497238543753824e11 5 1
tr 8 2 1 8 7 2 7.15658455948875e9 6 2
ann 8 2 1 8 7 3 5.562584443432356e-19 28 0
tr 8 2 1 8 7 3 2.913970119286159e11 5 1
tr 8 2 1 8 7 3 2.2364326748402386e9 6 2
ann 8 2 1 8 7 4 5.64942783302441e-19 28 0
tr 8 2 1 8 7 4 3.0050316855138464e11 5 1
ann 8 2 1 8 7 5 5.557226828245185e-19 28 0
tr 8 2 1 8 7 5 2.6711392760123047e11 5 1
tr 8 2 1 8 7 5 3.280101256432334e9 6 2
tr 8 2 1 8 7 5 6.726929512031359e14 7 1
ann 8 2 1 8 7 6 5.274813725296329e-19 28 0
tr 8 2 1 8 7 6 1.7362405294079987e11 5 1
tr 8 2 1 8 7 6 1.5505933212225636e10 6 2
tr 8 2 1 8 7 6 7.25751723074438e14 7 1
ann 8 2 1 8 7 7 4.795288020667853e-19 28 0
tr 8 2 1 8 7 7 4.070307468209227e10 6 2
tr 8 2 1 8 7 7 5.458132793369751e14 7 1
ann 8 2 1 9 8 2 1.5326077739195448e-21 30 0
tr 8 2 1 9 8 2 1.4601332017100988e14 6 1
tr 8 2 1 9 8 2 3.7830300586398457e12 7 2
tr 8 2 1 9 8 2 3.9439215028698184e16 8 1
ann 8 2 1 9 8 4 1.6689855134308082e-21 30 0
tr 8 2 1 9 8 4 1.7846072465345734e14 6 1
tr 8 2 1 9 8 4 2.2193776344020523e11 7 2
tr 8 2 1 9 8 4 1.840496701339262e17 8 1
ann 8 2 1 9 8 6 1.5993573914967125e-21 30 0
tr 8 2 1 9 8 6 1.4763569039513225e14 6 1
tr 8 2 1 9 8 6 2.754045882689812e12 7 2
tr 8 2 1 9 8 6 3.181430012314997e17 8 1
ann 8 2 1 9 8 8 1.2561211201117722e-21 30 0
tr 8 2 1 9 8 8 1.977263710649091e13 7 2
tr 8 2 1 9 8 8 2.2536694302113306e17 8 1
tr 8 2 1 9 8 8 1.9102309859101218e15 9 2
ann 8 2 1 11 10 2 5.7877534076517704e-27 34 0
tr 8 2 1 11 10 2 4.0593554821648466e18 8 1
tr 8 2 1 11 10 2 8.45910071414994e16 9 2
tr 8 2 1 11 10 2 6.348069220580238e20 10 1
ann 8 2 1 11 10 4 6.494080486825829e-27 34 0
tr 8 2 1 11 10 4 5.037291121050009e18 8 1
tr 8 2 1 11 10 4 2.1422397912457464e16 9 2
tr 8 2 1 11 10 4 3.1361551848998463e21 10 1
ann 8 2 1 11 10 6 6.613543153169001e-27 34 0
tr 8 2 1 11 10 6 5.166452431846162e18 8 1
tr 8 2 1 11 10 6 3.13881288094624e15 9 2
tr 8 2 1 11 10 6 6.321945478931821e21 10 1
ann 8 2 1 11 10 8 5.877987342987856e-27 34 0
tr 8 2 1 11 10 8 3.764129628916493e18 8 1
tr 8 2 1 11 10 8 1.0004966058015885e17 9 2
tr 8 2 1 11 10 8 7.935086525725388e21 10 1
ann 8 2 1 11 10 10 3.986683143436774e-27 34 0
tr 8 2 1 11 10 10 4.025527519813463e17 9 2
tr 8 2 1 11 10 10 4.7153353675503803e21 10 1
tr 8 2 1 11 10 10 2.3599671389361963e19 11 2
ann 8 2 1 13 12 2 9.216868768782372e-33 38 0
tr 8 2 1 13 12 2 1.7232208973230145e22 10 1
tr 8 2 1 13 12 2 2.8525559724595754e20 11 2
tr 8 2 1 13 12 2 1.9021358872606026e24 12 1
ann 8 2 1 13 12 4 1.0468892515525473e-32 38 0
tr 8 2 1 13 12 4 2.1208872582437176e22 10 1
tr 8 2 1 13 12 4 1.1609914417824837e20 11 2
tr 8 2 1 13 12 4 9.6836008805995e24 12 1
ann 8 2 1 13 12 6 1.1064742033241507e-32 38 0
tr 8 2 1 13 12 6 2.3178267893663456e22 10 1
tr 8 2 1 13 12 6 5.921056353090705e18 11 2
tr 8 2 1 13 12 6 2.092349475986669e25 12 1
ann 8 2 1 13 12 8 1.0680973946245844e-32 38 0
tr 8 2 1 13 12 8 2.15876024499807e22 10 1
tr 8 2 1 13 12 8 6.617651218160212e19 11 2
tr 8 2 1 13 12 8 3.0878829338646225e25 12 1
ann 8 2 1 13 12 10 8.950720846344545e-33 38 0
tr 8 2 1 13 12 10 1.4581099900425554e22 10 1
tr 8 2 1 13 12 10 4.380420709845311e20 11 2
tr 8 2 1 13 12 10 3.2698621681003773e25 12 1
ann 8 2 1 13 12 12 5.463691292834276e-33 38 0
tr 8 2 1 13 12 12 1.292415672992263e21 11 2
tr 8 2 1 13 12 12 1.7423894101486774e25 12 1
tr 8 2 1 13 12 12 5.5547736297458165e22 13 2
tr 8 2 1 13 12 12 2.4467580899218936e26 14 1
ann 8 2 1 15 14 2 7.236532126971501e-39 42 0
tr 8 2 1 15 14 2 2.1488893673590224e25 12 1
tr 8 2 1 15 14 2 2.8554039087242158e23 13 2
tr 8 2 1 15 14 2 1.819885208103127e27 14 1
ann 8 2 1 15 14 4 8.244115415132026e-39 42 0
tr 8 2 1 15 14 4 2.6093656603645348e25 12 1
tr 8 2 1 15 14 4 1.4743087536987308e23 13 2
tr 8 2 1 15 14 4 9.431905068919126e27 14 1
ann 8 2 1 15 14 6 8.887115435570755e-39 42 0
tr 8 2 1 15 14 6 2.916349855701525e25 12 1
tr 8 2 1 15 14 6 3.3627690660594885e22 13 2
tr 8 2 1 15 14 6 2.1173664440430635e28 14 1
ann 8 2 1 15 14 8 8.981318439863725e-39 42 0
tr 8 2 1 15 14 8 2.954722880118651e25 12 1
tr 8 2 1 15 14 8 3.3685375246139623e28 14 1
ann 8 2 1 15 14 10 8.317992930083541e-39 42 0
tr 8 2 1 15 14 10 2.5889000473420575e25 12 1
tr 8 2 1 15 14 10 1.3569068161292777e23 13 2
tr 8 2 1 15 14 10 4.21140102644379e28 14 1
ann 8 2 1 15 14 12 6.663889658799409e-39 42 0
tr 8 2 1 15 14 12 1.662831058075434e25 12 1
tr 8 2 1 15 14 12 5.1768944832758446e23 13 2
tr 8 2 1 15 14 12 4.0113303128606555e28 14 1
ann 8 2 1 15 14 14 3.76124162907711e-39 42 0
tr 8 2 1 15 14 14 1.256259727941604e24 13 2
tr 8 2 1 15 14 14 1.9843748326816873e28 14 1
tr 8 2 1 15 14 14 4.268392472411768e25 15 2
tr 8 2 1 15 14 14 2.239661913497882e29 16 1
ann 8 2 2 8 2 2 2.2919058197783396e-10 18 0
ann 8 2 2 8 3 1 5.297793833512463e-11 20 0
tr 8 2 2 8 3 1 2896.457142857141 2 2
tr 8 2 2 8 3 1 3.296178445351473e8 3 1
ann 8 2 2 8 3 2 6.622231142011994e-11 20 0
tr 8 2 2 8 3 2 4827.428571428569 2 2
tr 8 2 2 8 3 2 2.746815371126223e8 3 1
ann 8 2 2 8 3 3 8.952790405491592e-11 20 0
tr 8 2 2 8 3 3 4827.428571428569 2 2
tr 8 2 2 8 3 3 1.3734076855631134e8 3 1
ann 8 2 2 8 4 1 1.7941577042981421e-12 22 0
tr 8 2 2 8 4 1 367804.0816326515 2 1
tr 8 2 2 8 4 1 291908.00129575643 3 2
tr 8 2 2 8 4 1 2.8955482716140987e10 4 1
ann 8 2 2 8 4 2 2.3541570344451433e-12 22 0
tr 8 2 2 8 4 2 1.1034122448979586e6 2 1
tr 8 2 2 8 4 2 437862.0019436343 3 2
tr 8 2 2 8 4 2 2.6059934444526848e10 4 1
ann 8 2 2 8 4 3 2.999576587316621e-12 22 0
tr 8 2 2 8 4 3 2.5746285714285676e6 2 1
tr 8 2 2 8 4 3 510839.002267574 3 2
ann 8 2 2 8 4 4 3.7035559410594895e-12 22 0
tr 8 2 2 8 4 4 5.149257142857138e6 2 1
tr 8 2 2 8 4 4 408671.201814058 3 2
ann 8 2 2 8 5 1 2.443967555001201e-14 24 0
tr 8 2 2 8 5 1 3.380825396825388e7 3 1
tr 8 2 2 8 5 1 2.1036246913580235e7 4 2
tr 8 2 2 8 5 1 1.648306330101258e12 5 1
ann 8 2 2 8 5 2 3.253960369802337e-14 24 0
tr 8 2 2 8 5 2 7.888592592592587e7 3 1
tr 8 2 2 8 5 2 2.9450745679012343e7 4 2
tr 8 2 2 8 5 2 1.538419241427842e12 5 1
ann 8 2 2 8 5 3 4.196638507382418e-14 24 0
tr 8 2 2 8 5 3 1.5777185185185173e8 3 1
tr 8 2 2 8 5 3 3.534089481481476e7 4 2
tr 8 2 2 8 5 3 1.230735393142272e12 5 1
ann 8 2 2 8 5 4 5.256393728682041e-14 24 0
tr 8 2 2 8 5 4 2.839893333333329e8 3 1
tr 8 2 2 8 5 4 3.53408948148148e7 4 2
ann 8 2 2 8 5 5 6.409406435166309e-14 24 0
tr 8 2 2 8 5 5 4.733155555555548e8 3 1
tr 8 2 2 8 5 5 2.524349629629627e7 4 2
ann 8 2 2 8 6 1 1.436495857281439e-16 26 0
tr 8 2 2 8 6 1 1.868371781818181e9 4 1
tr 8 2 2 8 6 1 8.560539800330571e8 5 2
tr 8 2 2 8 6 1 5.291534264290776e13 6 1
ann 8 2 2 8 6 2 1.907800357686123e-16 26 0
tr 8 2 2 8 6 2 3.736743563636356e9 4 1
tr 8 2 2 8 6 2 1.1414053067107441e9 5 2
tr 8 2 2 8 6 2 5.039556442181698e13 6 1
ann 8 2 2 8 6 3 2.465538979343179e-16 26 0
tr 8 2 2 8 6 3 6.726138414545456e9 4 1
tr 8 2 2 8 6 3 1.3696863680528915e9 5 2
tr 8 2 2 8 6 3 4.3196198075843086e13 6 1
ann 8 2 2 8 6 4 3.110976316703895e-16 26 0
tr 8 2 2 8 6 4 1.1210230690909077e10 4 1
tr 8 2 2 8 6 4 1.4675211086280994e9 5 2
tr 8 2 2 8 6 4 3.239714855688226e13 6 1
ann 8 2 2 8 6 5 3.8435784950443333e-16 26 0
tr 8 2 2 8 6 5 1.7616076800000027e10 4 1
tr 8 2 2 8 6 5 1.3452276829090917e9 5 2
ann 8 2 2 8 6 6 4.661013170465303e-16 26 0
tr 8 2 2 8 6 6 2.6424115199999977e10 4 1
tr 8 2 2 8 6 6 8.968184552727265e8 5 2
ann 8 2 2 8 7 1 3.0266808686399884e-19 28 0
tr 8 2 2 8 7 1 4.2495397572923035e10 5 1
tr 8 2 2 8 7 1 1.4611360142289543e10 6 2
tr 8 2 2 8 7 1 7.23444819949599e14 7 1
ann 8 2 2 8 7 2 3.9835336986744684e-19 28 0
tr 8 2 2 8 7 2 7.649171563126126e10 5 1
tr 8 2 2 8 7 2 1.8786034468657974e10 6 2
tr 8 2 2 8 7 2 6.976075049513999e14 7 1
ann 8 2 2 8 7 3 5.123222584302212e-19 28 0
tr 8 2 2 8 7 3 1.2748619271876915e11 5 1
tr 8 2 2 8 7 3 2.2364326748402378e10 6 2
tr 8 2 2 8 7 3 6.228638437066065e14 7 1
ann 8 2 2 8 7 4 6.458265577891017e-19 28 0
tr 8 2 2 8 7 4 2.0033544570092307e11 5 1
tr 8 2 2 8 7 4 2.4600759423242577e10 6 2
tr 8 2 2 8 7 4 5.075186874646421e14 7 1
ann 8 2 2 8 7 5 8.000113931736595e-19 28 0
tr 8 2 2 8 7 5 3.0050316855138403e11 5 1
tr 8 2 2 8 7 5 2.4600759423242588e10 6 2
ann 8 2 2 8 7 6 9.759152098062594e-19 28 0
tr 8 2 2 8 7 6 4.3406013235199994e11 5 1
tr 8 2 2 8 7 6 2.132065816681028e10 6 2
ann 8 2 2 8 7 7 1.1744697729020478e-18 28 0
tr 8 2 2 8 7 7 6.076841852927988e11 5 1
tr 8 2 2 8 7 7 1.3567691560697407e10 6 2
ann 8 2 2 9 8 2 1.022339850948456e-21 30 0
tr 8 2 2 9 8 2 4.258721838321114e13 6 1
tr 8 2 2 9 8 2 8.473987331353256e12 7 2
tr 8 2 2 9 8 2 3.155137202295863e17 8 1
ann 8 2 2 9 8 4 1.6356807270719031e-21 30 0
tr 8 2 2 9 8 4 1.0038415761756933e14 6 1
tr 8 2 2 9 8 4 1.1096888172010203e13 7 2
tr 8 2 2 9 8 4 2.4790363732324598e17 8 1
ann 8 2 2 9 8 6 2.4632022821752185e-21 30 0
tr 8 2 2 9 8 6 2.0299907429330678e14 6 1
tr 8 2 2 9 8 6 1.1016183530759229e13 7 2
tr 8 2 2 9 8 6 1.3672261209948712e17 8 1
ann 8 2 2 9 8 8 3.538194007808122e-21 30 0
tr 8 2 2 9 8 8 3.6908922598783094e14 6 1
tr 8 2 2 9 8 8 5.649324887568839e12 7 2
ann 8 2 2 11 10 2 3.226381059994342e-27 34 0
tr 8 2 2 11 10 2 1.141693729358861e18 8 1
tr 8 2 2 11 10 2 1.5537123760683507e17 9 2
tr 8 2 2 11 10 2 7.758751269598141e21 10 1
ann 8 2 2 11 10 4 4.989768696427334e-27 34 0
tr 8 2 2 11 10 4 2.308758430481254e18 8 1
tr 8 2 2 11 10 4 1.999423805162707e17 9 2
tr 8 2 2 11 10 4 6.656329372032335e21 10 1
ann 8 2 2 11 10 6 7.359106871439178e-27 34 0
tr 8 2 2 11 10 6 4.1977426008749993e18 8 1
tr 8 2 2 11 10 6 2.1971690166623203e17 9 2
tr 8 2 2 11 10 6 4.702273496726137e21 10 1
ann 8 2 2 11 10 8 1.0448112711156362e-26 34 0
tr 8 2 2 11 10 8 7.05774305421842e18 8 1
tr 8 2 2 11 10 8 1.920953483139059e17 9 2
tr 8 2 2 11 10 8 2.3981594833303167e21 10 1
ann 8 2 2 11 10 10 1.4378647303993507e-26 34 0
tr 8 2 2 11 10 10 1.1174759835845829e19 8 1
tr 8 2 2 11 10 10 8.945616710696566e16 9 2
tr 8 2 2 11 10 10 4.9635109132109165e20 10 1
ann 8 2 2 13 12 2 4.519154497088324e-33 38 0
tr 8 2 2 13 12 2 4.738857467638284e21 10 1
tr 8 2 2 13 12 2 4.648609732897069e20 11 2
tr 8 2 2 13 12 2 3.2970355379183796e25 12 1
ann 8 2 2 13 12 4 6.751862014429668e-33 38 0
tr 8 2 2 13 12 4 8.616104486615074e21 10 1
tr 8 2 2 13 12 4 5.8513968665837234e20 11 2
tr 8 2 2 13 12 4 2.9643676165100336e25 12 1
ann 8 2 2 13 12 6 9.704512645704272e-33 38 0
tr 8 2 2 13 12 6 1.4486417433539643e22 10 1
tr 8 2 2 13 12 6 6.631583115461561e20 11 2
tr 8 2 2 13 12 6 2.3517316424312963e25 12 1
ann 8 2 2 13 12 8 1.3511688058436067e-32 38 0
tr 8 2 2 13 12 8 2.2936827603104477e22 10 1
tr 8 2 2 13 12 8 6.617651218160176e20 11 2
tr 8 2 2 13 12 8 1.5645273531580765e25 12 1
ann 8 2 2 13 12 10 1.831882592827637e-32 38 0
tr 8 2 2 13 12 10 3.4630112263510736e22 10 1
tr 8 2 2 13 12 10 5.363780461035105e20 11 2
tr 8 2 2 13 12 10 7.608543549042414e24 12 1
ann 8 2 2 13 12 12 2.428221993900386e-32 38 0
tr 8 2 2 13 12 12 5.030479465646812e22 10 1
tr 8 2 2 13 12 12 2.349846678167744e20 11 2
tr 8 2 2 13 12 12 1.51512122621623e24 12 1
ann 8 2 2 15 14 2 3.2259151975306505e-39 42 0
tr 8 2 2 15 14 2 5.819908703264016e24 12 1
tr 8 2 2 15 14 2 4.294905052791805e23 13 2
tr 8 2 2 15 14 2 4.246398818907313e28 14 1
ann 8 2 2 15 14 4 4.669702843323746e-39 42 0
tr 8 2 2 15 14 4 9.785121226366965e24 12 1
tr 8 2 2 15 14 4 5.2954763398158327e23 13 2
tr 8 2 2 15 14 4 3.926752314407147e28 14 1
ann 8 2 2 15 14 6 6.544770520222416e-39 42 0
tr 8 2 2 15 14 6 1.5493108608414359e25 12 1
tr 8 2 2 15 14 6 6.052984318907139e23 13 2
tr 8 2 2 15 14 6 3.324790284034575e28 14 1
ann 8 2 2 15 14 8 8.927901508998992e-39 42 0
tr 8 2 2 15 14 8 2.3391556134272665e25 12 1
tr 8 2 2 15 14 8 6.359763251249439e23 13 2
tr 8 2 2 15 14 8 2.515174685045109e28 14 1
ann 8 2 2 15 14 10 1.19020085278017e-38 42 0
tr 8 2 2 15 14 10 3.3979313121364537e25 12 1
tr 8 2 2 15 14 10 5.970389990968858e23 13 2
tr 8 2 2 15 14 10 1.6098984533220061e28 14 1
ann 8 2 2 15 14 12 1.5556133732154617e-38 42 0
tr 8 2 2 15 14 12 4.78063929196687e25 12 1
tr 8 2 2 15 14 12 4.601683985134099e23 13 2
tr 8 2 2 15 14 12 7.582855033763064e27 14 1
ann 8 2 2 15 14 14 1.9985448714957637e-38 42 0
tr 8 2 2 15 14 14 6.547397291172009e25 12 1
tr 8 2 2 15 14 14 1.9327072737563113e23 13 2
tr 8 2 2 15 14 14 1.469907283467896e27 14 1
ann 8 3 1 8 3 1 9.690265733996852e-13 22 0
ann 8 3 1 8 3 2 2.739333733686964e-12 22 0
tr 8 3 1 8 3 2 1.4786560000000002e6 2 1
ann 8 3 1 8 3 3 2.2057503964393407e-12 22 0
tr 8 3 1 8 3 3 985770.6666666656 2 1
tr 8 3 1 8 3 3 704121.9047619044 3 2
ann 8 3 1 8 4 1 1.1584215972076233e-13 24 0
tr 8 3 1 8 4 1 1755.4285714285722 2 2
tr 8 3 1 8 4 1 6.043482543430635e7 3 1
ann 8 3 1 8 4 2 1.1599908884815134e-13 24 0
tr 8 3 1 8 4 2 585.1428571428584 2 2
tr 8 3 1 8 4 2 1.611595344914828e8 3 1
ann 8 3 1 8 4 3 8.8289311634271e-14 24 0
tr 8 3 1 8 4 3 8192.000000000002 2 2
tr 8 3 1 8 4 3 5.6405837072018944e7 3 1
ann 8 3 1 8 4 4 7.301233956398732e-14 24 0
tr 8 3 1 8 4 4 1.6921751121605626e8 3 1
tr 8 3 1 8 4 4 8.122440538370715e7 4 2
ann 8 3 1 8 5 1 1.9617803767384558e-15 26 0
tr 8 3 1 8 5 1 1.6596779220779252e6 2 1
tr 8 3 1 8 5 1 164650.5875077304 3 2
ann 8 3 1 8 5 2 2.045265817078348e-15 26 0
tr 8 3 1 8 5 2 1.93629090909091e6 2 1
ann 8 3 1 8 5 3 1.926171628541739e-15 26 0
tr 8 3 1 8 5 3 1.2908606060606046e6 2 1
tr 8 3 1 8 5 3 230510.8225108225 3 2
ann 8 3 1 8 5 4 1.6153814111113097e-15 26 0
tr 8 3 1 8 5 4 691532.4675324672 3 2
tr 8 3 1 8 5 4 8.383719533799506e8 4 1
ann 8 3 1 8 5 5 1.2204279967046006e-15 26 0
tr 8 3 1 8 5 5 1.6767439067599045e10 4 1
tr 8 3 1 8 5 5 5.121690478830257e9 5 2
ann 8 3 1 8 6 1 1.5850304063429637e-17 28 0
tr 8 3 1 8 6 1 9.829397000306109e7 3 1
tr 8 3 1 8 6 1 9.174103866952363e6 4 2
ann 8 3 1 8 6 2 1.6576633522455003e-17 28 0
tr 8 3 1 8 6 2 1.1795276400367306e8 3 1
ann 8 3 1 8 6 3 1.6407366897615583e-17 28 0
tr 8 3 1 8 6 3 1.0615748760330574e8 3 1
tr 8 3 1 8 6 3 3.302677392102847e6 4 2
ann 8 3 1 8 6 4 1.5222105389392193e-17 28 0
tr 8 3 1 8 6 4 5.897638200183644e7 3 1
tr 8 3 1 8 6 4 1.9658794000612162e7 4 2
ann 8 3 1 8 6 5 1.2812009939913566e-17 28 0
tr 8 3 1 8 6 5 3.459947744107742e7 4 2
ann 8 3 1 8 6 6 8.757174876995718e-18 28 0
tr 8 3 1 8 6 6 8.441833648432638e11 5 1
tr 8 3 1 8 6 6 1.6963182213491055e11 6 2
ann 8 3 1 8 7 1 4.6145602423969104e-20 30 0
tr 8 3 1 8 7 1 2.7437627565162096e9 4 1
tr 8 3 1 8 7 1 2.0952370140669256e8 5 2
ann 8 3 1 8 7 2 4.842297797321146e-20 30 0
tr 8 3 1 8 7 2 3.29251530781945e9 4 1
tr 8 3 1 8 7 2 4.19047402813385e7 5 2
ann 8 3 1 8 7 3 4.8732465162677223e-20 30 0
tr 8 3 1 8 7 3 3.2925153078194594e9 4 1
ann 8 3 1 8 7 4 4.685302864275086e-20 30 0
tr 8 3 1 8 7 4 2.5869763132867136e9 4 1
tr 8 3 1 8 7 4 1.9755091846916696e8 5 2
ann 8 3 1 8 7 5 4.237969689433063e-20 30 0
tr 8 3 1 8 7 5 1.2934881566433537e9 4 1
tr 8 3 1 8 7 5 5.377775002771766e8 5 2
ann 8 3 1 8 7 6 3.450211959566701e-20 30 0
tr 8 3 1 8 7 6 7.133783166942143e8 5 2
tr 8 3 1 8 7 6 3.996301877878186e11 6 1
ann 8 3 1 8 7 7 2.1727217409135183e-20 30 0
tr 8 3 1 8 7 7 1.6784467887088252e13 6 1
tr 8 3 1 8 7 7 2.312146086486645e12 7 2
ann 8 3 1 9 8 2 1.7052857320130444e-22 32 0
tr 8 3 1 9 8 2 1.9633805258403394e12 5 1
tr 8 3 1 9 8 2 3.0998427678663338e10 6 2
tr 8 3 1 9 8 2 1.9635460400997262e15 7 1
ann 8 3 1 9 8 4 1.6977452502647698e-22 32 0
tr 8 3 1 9 8 4 1.8511873529351829e12 5 1
tr 8 3 1 9 8 4 3.7886967162810715e10 6 2
tr 8 3 1 9 8 4 3.282186491329118e15 7 1
ann 8 3 1 9 8 6 1.391877028759187e-22 32 0
tr 8 3 1 9 8 6 6.239187004337075e11 5 1
tr 8 3 1 9 8 6 2.820856918758367e11 6 2
tr 8 3 1 9 8 6 4.17665892532536e14 7 1
ann 8 3 1 9 8 8 6.427191586042218e-23 32 0
tr 8 3 1 9 8 8 7.918249212595939e15 7 1
tr 8 3 1 9 8 8 7.762989424113665e14 8 2
tr 8 3 1 9 8 8 3.978144987582155e18 9 1
ann 8 3 1 11 10 2 9.316333974441211e-28 36 0
tr 8 3 1 11 10 2 5.307060388036582e16 7 1
tr 8 3 1 11 10 2 8.602844544358499e14 8 2
tr 8 3 1 11 10 2 3.351207165141842e19 9 1
ann 8 3 1 11 10 4 9.644018108787544e-28 36 0
tr 8 3 1 11 10 4 5.74931542037295e16 7 1
tr 8 3 1 11 10 4 4.270139201108861e13 8 2
tr 8 3 1 11 10 4 7.032002876702549e19 9 1
ann 8 3 1 11 10 6 8.732785783966363e-28 36 0
tr 8 3 1 11 10 6 4.181320305725783e16 7 1
tr 8 3 1 11 10 6 2.1460186754290655e15 8 2
tr 8 3 1 11 10 6 5.007425534079158e19 9 1
ann 8 3 1 11 10 8 6.404671428893694e-28 36 0
tr 8 3 1 11 10 8 1.1716886570989828e16 7 1
tr 8 3 1 11 10 8 5.392575791114595e15 8 2
ann 8 3 1 11 10 10 2.512218140966903e-28 36 0
tr 8 3 1 11 10 10 1.9725419476192163e20 9 1
tr 8 3 1 11 10 10 1.0731373429314466e19 10 2
tr 8 3 1 11 10 10 6.03039906471626e22 11 1
ann 8 3 1 13 12 2 2.043789233368221e-33 40 0
tr 8 3 1 13 12 2 2.1519489631648743e20 9 1
tr 8 3 1 13 12 2 3.0582502002603725e18 10 2
tr 8 3 1 13 12 2 1.0638000230309599e23 11 1
ann 8 3 1 13 12 4 2.1694187858405775e-33 40 0
tr 8 3 1 13 12 4 2.4345281199441098e20 9 1
tr 8 3 1 13 12 4 7.681633156070069e16 10 2
tr 8 3 1 13 12 4 2.4165649561640977e23 11 1
ann 8 3 1 13 12 6 2.0788069454490123e-33 40 0
tr 8 3 1 13 12 6 2.1927951472808968e20 9 1
tr 8 3 1 13 12 6 2.098731915854829e18 10 2
tr 8 3 1 13 12 6 2.611461011207705e23 11 1
ann 8 3 1 13 12 8 1.7436133557581114e-33 40 0
tr 8 3 1 13 12 8 1.3887702599445702e20 9 1
tr 8 3 1 13 12 8 9.46075426382404e18 10 2
tr 8 3 1 13 12 8 1.049826688250425e23 11 1
ann 8 3 1 13 12 10 1.1699081257666999e-33 40 0
tr 8 3 1 13 12 10 3.4946179743703196e19 9 1
tr 8 3 1 13 12 10 1.5262444876966545e19 10 2
tr 8 3 1 13 12 10 1.6877596519241102e22 11 1
ann 8 3 1 13 12 12 4.08927696986427e-34 40 0
tr 8 3 1 13 12 12 8.302839843215604e23 11 1
tr 8 3 1 13 12 12 2.7512368711246996e22 12 2
tr 8 3 1 13 12 12 1.822252698776313e26 13 1
ann 8 3 1 15 14 2 2.1188278302204306e-39 44 0
tr 8 3 1 15 14 2 2.572458308727911e23 11 1
tr 8 3 1 15 14 2 3.084778490790523e21 12 2
tr 8 3 1 15 14 2 1.0849126675264073e26 13 1
ann 8 3 1 15 14 4 2.282970348640114e-39 44 0
tr 8 3 1 15 14 4 2.9489469623029946e23 11 1
tr 8 3 1 15 14 4 4.162002725669825e20 12 2
tr 8 3 1 15 14 4 2.5260475732216384e26 13 1
ann 8 3 1 15 14 6 2.269439890880269e-39 44 0
tr 8 3 1 15 14 6 2.9052588591577455e23 11 1
tr 8 3 1 15 14 6 4.6516501051602934e20 12 2
tr 8 3 1 15 14 6 3.2636534646023525e26 13 1
ann 8 3 1 15 14 8 2.048440576919476e-39 44 0
tr 8 3 1 15 14 8 2.3498417243187648e23 11 1
tr 8 3 1 15 14 8 4.241570424836995e21 12 2
tr 8 3 1 15 14 8 2.4408553805561193e26 13 1
ann 8 3 1 15 14 10 1.6176278175304083e-39 44 0
tr 8 3 1 15 14 10 1.3653817177094311e23 11 1
tr 8 3 1 15 14 10 1.0323398917592636e22 12 2
tr 8 3 1 15 14 10 5.267651206024866e25 13 1
ann 8 3 1 15 14 12 1.0137792398839449e-39 44 0
tr 8 3 1 15 14 12 3.2016526569665502e22 11 1
tr 8 3 1 15 14 12 1.2996057530645313e22 12 2
tr 8 3 1 15 14 12 6.954060378045449e25 13 1
ann 8 3 1 15 14 14 3.2575248005958564e-40 44 0
tr 8 3 1 15 14 14 1.0546991573368925e27 13 1
tr 8 3 1 15 14 14 2.2801096490773706e25 14 2
tr 8 3 1 15 14 14 1.789475930754859e29 15 1
ann 8 3 2 8 3 2 1.1695731153756227e-12 22 0
ann 8 3 2 8 3 3 3.006125402310774e-12 22 0
tr 8 3 2 8 3 3 2.464426666666663e6 2 1
ann 8 3 2 8 4 1 8.92103720776124e-14 24 0
tr 8 3 2 8 4 1 5734.4000000000015 2 2
tr 8 3 2 8 4 1 1.289276275931861e8 3 1
ann 8 3 2 8 4 2 1.2458925948131397e-13 24 0
tr 8 3 2 8 4 2 5617.371428571433 2 2
tr 8 3 2 8 4 2 1.2086965086861148e7 3 1
ann 8 3 2 8 4 3 1.5232734499659832e-13 24 0
tr 8 3 2 8 4 3 819.2000000000008 2 2
tr 8 3 2 8 4 3 5.640583707201894e7 3 1
ann 8 3 2 8 4 4 1.1648759644475667e-13 24 0
tr 8 3 2 8 4 4 6553.599999999998 2 2
tr 8 3 2 8 4 4 2.82029185360094e8 3 1
ann 8 3 2 8 5 1 1.6209516402385253e-15 26 0
tr 8 3 2 8 5 1 442580.7792207787 2 1
tr 8 3 2 8 5 1 444556.5862708719 3 2
ann 8 3 2 8 5 2 2.0373044860911352e-15 26 0
tr 8 3 2 8 5 2 1.1617745454545454e6 2 1
tr 8 3 2 8 5 2 461021.64502164506 3 2
ann 8 3 2 8 5 3 2.4094733467715756e-15 26 0
tr 8 3 2 8 5 3 2.0653769696969674e6 2 1
tr 8 3 2 8 5 3 230510.8225108225 3 2
ann 8 3 2 8 5 4 2.5918742732508044e-15 26 0
tr 8 3 2 8 5 4 2.3235490909090876e6 2 1
ann 8 3 2 8 5 5 2.3428925636048183e-15 26 0
tr 8 3 2 8 5 5 691532.4675324672 3 2
tr 8 3 2 8 5 5 2.0959298834498863e10 4 1
ann 8 3 2 8 6 1 1.3085479249285612e-17 28 0
tr 8 3 2 8 6 1 2.948819100091825e7 3 1
tr 8 3 2 8 6 1 2.2201331358024683e7 4 2
ann 8 3 2 8 6 2 1.5977981020904383e-17 28 0
tr 8 3 2 8 6 2 6.290814080195903e7 3 1
tr 8 3 2 8 6 2 2.348570589939802e7 4 2
ann 8 3 2 8 6 3 1.8514747917315634e-17 28 0
tr 8 3 2 8 6 3 1.0615748760330574e8 3 1
tr 8 3 2 8 6 3 1.6513386960514216e7 4 2
ann 8 3 2 8 6 4 2.0288551097901055e-17 28 0
tr 8 3 2 8 6 4 1.4154331680440772e8 3 1
tr 8 3 2 8 6 4 4.4035698561371425e6 4 2
ann 8 3 2 8 6 5 2.0858356585263914e-17 28 0
tr 8 3 2 8 6 5 1.297480404040406e8 3 1
ann 8 3 2 8 6 6 1.9798094129523953e-17 28 0
tr 8 3 2 8 6 6 4.151937292929291e7 4 2
tr 8 3 2 8 6 6 8.441833648432656e11 5 1
ann 8 3 2 8 7 1 3.674973443161143e-20 30 0
tr 8 3 2 8 7 1 8.780040820851886e8 4 1
tr 8 3 2 8 7 1 4.7212674050308055e8 5 2
ann 8 3 2 8 7 2 4.458365691133661e-20 30 0
tr 8 3 2 8 7 2 1.6462576539097242e9 4 1
tr 8 3 2 8 7 2 5.028568833760613e8 5 2
ann 8 3 2 8 7 3 5.166611917366576e-20 30 0
tr 8 3 2 8 7 3 2.6340122462555685e9 4 1
tr 8 3 2 8 7 3 4.106664547571174e8 5 2
ann 8 3 2 8 7 4 5.717967810073389e-20 30 0
tr 8 3 2 8 7 4 3.621766838601399e9 4 1
tr 8 3 2 8 7 4 2.1072097970044458e8 5 2
ann 8 3 2 8 7 5 6.029335281957642e-20 30 0
tr 8 3 2 8 7 5 4.139162101258737e9 4 1
ann 8 3 2 8 7 6 6.026150819656652e-20 30 0
tr 8 3 2 8 7 6 3.363069207272725e9 4 1
tr 8 3 2 8 7 6 1.1414053067107432e8 5 2
ann 8 3 2 8 7 7 5.654510136387874e-20 30 0
tr 8 3 2 8 7 7 9.987296433719006e8 5 2
tr 8 3 2 8 7 7 1.3987056572573555e13 6 1
ann 8 3 2 9 8 2 1.4878128421955157e-22 32 0
tr 8 3 2 9 8 2 9.424226524033641e11 5 1
tr 8 3 2 9 8 2 2.3145492666735315e11 6 2
tr 8 3 2 9 8 2 1.2550056866963218e15 7 1
ann 8 3 2 9 8 4 1.9389867104604825e-22 32 0
tr 8 3 2 9 8 4 1.9745998431308633e12 5 1
tr 8 3 2 9 8 4 1.3639308178611882e11 6 2
ann 8 3 2 9 8 6 2.1404313647173953e-22 32 0
tr 8 3 2 9 8 6 2.495674801734834e12 5 1
tr 8 3 2 9 8 6 3.197754489702214e15 7 1
ann 8 3 2 9 8 8 1.8913528495046334e-22 32 0
tr 8 3 2 9 8 8 5.014856744459315e11 6 2
tr 8 3 2 9 8 8 5.655892294711398e15 7 1
tr 8 3 2 9 8 8 2.58766314137123e14 8 2
ann 8 3 2 11 10 2 7.312482794091551e-28 36 0
tr 8 3 2 11 10 2 2.4260847488167216e16 7 1
tr 8 3 2 11 10 2 3.9641907660403865e15 8 2
tr 8 3 2 11 10 2 3.2270992222629913e19 9 1
ann 8 3 2 11 10 4 9.733127690379632e-28 36 0
tr 8 3 2 11 10 4 4.599452336298367e16 7 1
tr 8 3 2 11 10 4 3.1314354141464775e15 8 2
ann 8 3 2 11 10 6 1.1495949740848384e-27 36 0
tr 8 3 2 11 10 6 6.690112489161259e16 7 1
tr 8 3 2 11 10 6 9.109630295698818e14 8 2
tr 8 3 2 11 10 6 2.3283544172171514e19 9 1
ann 8 3 2 11 10 8 1.1677956688077216e-27 36 0
tr 8 3 2 11 10 8 6.561456479754316e16 7 1
tr 8 3 2 11 10 8 3.8290478990162506e14 8 2
tr 8 3 2 11 10 8 9.8525315030723e19 9 1
ann 8 3 2 11 10 10 9.093308679877538e-28 36 0
tr 8 3 2 11 10 10 9.700254677507914e15 8 2
tr 8 3 2 11 10 10 1.0958566375662313e20 9 1
tr 8 3 2 11 10 10 2.82404563929328e18 10 2
tr 8 3 2 11 10 10 1.0050665107860373e22 11 1
ann 8 3 2 13 12 2 1.4672194658514403e-33 40 0
tr 8 3 2 13 12 2 9.564217614066113e19 9 1
tr 8 3 2 13 12 2 1.0984735413180099e19 10 2
tr 8 3 2 13 12 2 1.3713047171883466e23 11 1
ann 8 3 2 13 12 4 1.9610744623798316e-33 40 0
tr 8 3 2 13 12 4 1.6693907108188163e20 9 1
tr 8 3 2 13 12 4 9.786400640833147e18 10 2
tr 8 3 2 13 12 4 1.9179086953683e22 11 1
ann 8 3 2 13 12 6 2.3986274962102544e-33 40 0
tr 8 3 2 13 12 6 2.4559305649546032e20 9 1
tr 8 3 2 13 12 6 5.372753704588387e18 10 2
tr 8 3 2 13 12 6 2.1736298547507643e22 11 1
ann 8 3 2 13 12 8 2.6459915725503715e-33 40 0
tr 8 3 2 13 12 8 2.962709887881751e20 9 1
tr 8 3 2 13 12 8 5.316787520165545e17 10 2
tr 8 3 2 13 12 8 1.952157064928473e23 11 1
ann 8 3 2 13 12 10 2.5151903728764726e-33 40 0
tr 8 3 2 13 12 10 2.5161249415466343e20 9 1
tr 8 3 2 13 12 10 3.210922659237245e18 10 2
tr 8 3 2 13 12 10 4.395207426885746e23 11 1
ann 8 3 2 13 12 12 1.7559591318258383e-33 40 0
tr 8 3 2 13 12 12 2.91517978272856e19 10 2
tr 8 3 2 13 12 12 3.774018110552554e23 11 1
tr 8 3 2 13 12 12 5.980949719836317e21 12 2
tr 8 3 2 13 12 12 2.5309065260782142e25 13 1
ann 8 3 2 15 14 2 1.4154701428998817e-39 44 0
tr 8 3 2 15 14 2 1.1225272619903646e23 11 1
tr 8 3 2 15 14 2 9.505687793843437e21 12 2
tr 8 3 2 15 14 2 1.745211597097633e26 13 1
ann 8 3 2 15 14 4 1.8816332084018873e-39 44 0
tr 8 3 2 15 14 4 1.8349003320996328e23 11 1
tr 8 3 2 15 14 4 8.989925887446708e21 12 2
tr 8 3 2 15 14 4 4.445843728870085e25 13 1
ann 8 3 2 15 14 6 2.3353327685583547e-39 44 0
tr 8 3 2 15 14 6 2.6562366712299395e23 11 1
tr 8 3 2 15 14 6 6.32624414301804e21 12 2
tr 8 3 2 15 14 6 2.0327253412748398e24 13 1
ann 8 3 2 15 14 8 2.6879372113241136e-39 44 0
tr 8 3 2 15 14 8 3.3837720830190226e23 11 1
tr 8 3 2 15 14 8 2.3878470539823e21 12 2
tr 8 3 2 15 14 8 1.046516744413433e26 13 1
ann 8 3 2 15 14 10 2.8115526183798166e-39 44 0
tr 8 3 2 15 14 10 3.6410179138918176e23 11 1
tr 8 3 2 15 14 10 3.388430308650598e26 13 1
ann 8 3 2 15 14 12 2.531487638317515e-39 44 0
tr 8 3 2 15 14 12 2.8174543381305742e23 11 1
tr 8 3 2 15 14 12 4.880152215589268e21 12 2
tr 8 3 2 15 14 12 5.5787017699431394e26 13 1
ann 8 3 2 15 14 14 1.6182036130636305e-39 44 0
tr 8 3 2 15 14 14 2.673474692018466e22 12 2
tr 8 3 2 15 14 14 4.056535220526521e26 13 1
tr 8 3 2 15 14 14 4.222425276069176e24 14 2
tr 8 3 2 15 14 14 2.1303284889938697e28 15 1
ann 8 3 3 8 3 3 1.5030627011553902e-12 22 0
ann 8 3 3 8 4 1 6.836871255581305e-14 24 0
tr 8 3 3 8 4 1 702.1714285714264 2 2
tr 8 3 3 8 4 1 1.2086965086861171e8 3 1
ann 8 3 3 8 4 2 9.749174786114446e-14 24 0
tr 8 3 3 8 4 2 3159.7714285714237 2 2
tr 8 3 3 8 4 2 2.1756537156350115e8 3 1
ann 8 3 3 8 4 3 1.4654886966235747e-13 24 0
tr 8 3 3 8 4 3 7372.800000000003 2 2
tr 8 3 3 8 4 3 2.538262668240846e8 3 1
ann 8 3 3 8 4 4 2.3673268931516054e-13 24 0
tr 8 3 3 8 4 4 9830.399999999989 2 2
tr 8 3 3 8 4 4 1.692175112160564e8 3 1
ann 8 3 3 8 5 1 1.066691865130947e-15 26 0
tr 8 3 3 8 5 1 18440.865800865697 2 1
tr 8 3 3 8 5 1 82325.29375386507 3 2
tr 8 3 3 8 5 1 9.62416783216781e9 4 1
ann 8 3 3 8 5 2 1.5697310965220302e-15 26 0
tr 8 3 3 8 5 2 129086.06060606029 2 1
tr 8 3 3 8 5 2 230510.82251082227 3 2
tr 8 3 3 8 5 2 1.497092773892774e10 4 1
ann 8 3 3 8 5 3 2.273503547203903e-15 26 0
tr 8 3 3 8 5 3 516344.2424242417 2 1
tr 8 3 3 8 5 3 461021.64502164454 3 2
ann 8 3 3 8 5 4 3.2571900813022863e-15 26 0
tr 8 3 3 8 5 4 1.549032727272725e6 2 1
tr 8 3 3 8 5 4 691532.4675324667 3 2
ann 8 3 3 8 5 5 4.628636357848492e-15 26 0
tr 8 3 3 8 5 5 3.872581818181811e6 2 1
tr 8 3 3 8 5 5 691532.4675324674 3 2
ann 8 3 3 8 6 1 7.394374826480237e-18 28 0
tr 8 3 3 8 6 1 1.9658794000612246e6 3 1
tr 8 3 3 8 6 1 4.954016088154265e6 4 2
tr 8 3 3 8 6 1 4.178281300739394e11 5 1
ann 8 3 3 8 6 2 1.0917483085995678e-17 28 0
tr 8 3 3 8 6 2 7.863517600244836e6 3 1
tr 8 3 3 8 6 2 1.1008924640342828e7 4 2
tr 8 3 3 8 6 2 5.968973286770562e11 5 1
ann 8 3 3 8 6 3 1.5675464141275385e-17 28 0
tr 8 3 3 8 6 3 2.359055280073465e7 3 1
tr 8 3 3 8 6 3 1.9816064352617104e7 4 2
tr 8 3 3 8 6 3 7.162767944124681e11 5 1
ann 8 3 3 8 6 4 2.195289816281912e-17 28 0
tr 8 3 3 8 6 4 5.897638200183644e7 3 1
tr 8 3 3 8 6 4 2.9724096528925646e7 4 2
ann 8 3 3 8 6 5 3.005912262903743e-17 28 0
tr 8 3 3 8 6 5 1.297480404040406e8 3 1
tr 8 3 3 8 6 5 3.6329451313131325e7 4 2
ann 8 3 3 8 6 6 4.032015112855093e-17 28 0
tr 8 3 3 8 6 6 2.594960808080807e8 3 1
tr 8 3 3 8 6 6 3.1139529696969688e7 4 2
ann 8 3 3 8 7 1 1.8253943992044355e-20 30 0
tr 8 3 3 8 7 1 7.316700684043205e7 4 1
tr 8 3 3 8 7 1 1.1733327278774764e8 5 2
tr 8 3 3 8 7 1 7.46924826507423e12 6 1
ann 8 3 3 8 7 2 2.670000501009423e-20 30 0
tr 8 3 3 8 7 2 2.1950102052129605e8 4 1
tr 8 3 3 8 7 2 2.2628559751922765e8 5 2
tr 8 3 3 8 7 2 1.0083485157850219e13 6 1
ann 8 3 3 8 7 3 3.79677891377372e-20 30 0
tr 8 3 3 8 7 3 5.487525513032413e8 4 1
tr 8 3 3 8 7 3 3.771426625320461e8 5 2
tr 8 3 3 8 7 3 1.2004148997440734e13 6 1
ann 8 3 3 8 7 4 5.264004337859446e-20 30 0
tr 8 3 3 8 7 4 1.2072556128671327e9 4 1
tr 8 3 3 8 7 4 5.531425717136679e8 5 2
ann 8 3 3 8 7 5 7.132940434888766e-20 30 0
tr 8 3 3 8 7 5 2.414511225734262e9 4 1
tr 8 3 3 8 7 5 7.111833064890006e8 5 2
ann 8 3 3 8 7 6 9.466019995483735e-20 30 0
tr 8 3 3 8 7 6 4.484092276363636e9 4 1
tr 8 3 3 8 7 6 7.704485820297525e8 5 2
ann 8 3 3 8 7 7 1.2324652389805605e-19 30 0
tr 8 3 3 8 7 7 7.847161483636354e9 4 1
tr 8 3 3 8 7 7 5.992377860231392e8 5 2
ann 8 3 3 9 8 2 7.909848289400562e-23 32 0
tr 8 3 3 9 8 2 1.3089203505602228e11 5 1
tr 8 3 3 9 8 2 1.01261530416967e11 6 2
tr 8 3 3 9 8 2 4.216819107299614e15 7 1
ann 8 3 3 9 8 4 1.5261915545607825e-22 32 0
tr 8 3 3 9 8 4 5.759249542464993e11 5 1
tr 8 3 3 9 8 4 2.2732180297686487e11 6 2
tr 8 3 3 9 8 4 5.32480984212579e15 7 1
ann 8 3 3 9 8 6 2.7081049659891895e-22 32 0
tr 8 3 3 9 8 6 1.8717561013011226e12 5 1
tr 8 3 3 9 8 6 3.4477140118157794e11 6 2
tr 8 3 3 9 8 6 4.3071795167417455e15 7 1
ann 8 3 3 9 8 8 4.485569723763591e-22 32 0
tr 8 3 3 9 8 8 4.991349603469671e12 5 1
tr 8 3 3 9 8 8 2.50742837222966e11 6 2
tr 8 3 3 9 8 8 1.305205914164164e15 7 1
ann 8 3 3 11 10 2 3.2113269286280433e-28 36 0
tr 8 3 3 11 10 2 3.5380402586910475e15 7 1
tr 8 3 3 11 10 2 1.6723929794232838e15 8 2
tr 8 3 3 11 10 2 8.890987653173482e19 9 1
ann 8 3 3 11 10 4 5.9104625469803985e-28 36 0
tr 8 3 3 11 10 4 1.1498630840745916e16 7 1
tr 8 3 3 11 10 4 3.288007184853805e15 8 2
tr 8 3 3 11 10 4 1.1187277303844957e20 9 1
ann 8 3 3 11 10 6 1.017360009625817e-27 36 0
tr 8 3 3 11 10 6 3.0663015575322404e16 7 1
tr 8 3 3 11 10 6 5.124167041330619e15 8 2
tr 8 3 3 11 10 6 1.0896698672576263e20 9 1
ann 8 3 3 11 10 8 1.6576457765564922e-27 36 0
tr 8 3 3 11 10 8 7.1082445197338376e16 7 1
tr 8 3 3 11 10 8 6.030750440950653e15 8 2
tr 8 3 3 11 10 8 7.328329217161159e19 9 1
ann 8 3 3 11 10 10 2.5802261255309002e-27 36 0
tr 8 3 3 11 10 10 1.4841389656587136e17 7 1
tr 8 3 3 11 10 10 3.637595504065464e15 8 2
tr 8 3 3 11 10 10 1.9338646545286406e19 9 1
ann 8 3 3 13 12 2 5.591585395438475e-34 40 0
tr 8 3 3 13 12 2 1.4346326421099104e19 9 1
tr 8 3 3 13 12 2 4.531203357936777e18 10 2
tr 8 3 3 13 12 2 3.3520781975715166e23 11 1
ann 8 3 3 13 12 4 9.825892982362885e-34 40 0
tr 8 3 3 13 12 4 3.825687045626447e19 9 1
tr 8 3 3 13 12 4 8.088759713341698e18 10 2
tr 8 3 3 13 12 4 4.155468839964697e23 11 1
ann 8 3 3 13 12 6 1.63523114407964e-33 40 0
tr 8 3 3 13 12 6 8.868638151224962e19 9 1
tr 8 3 3 13 12 6 1.2340543665226443e19 10 2
tr 8 3 3 13 12 6 4.3472597095015324e23 11 1
ann 8 3 3 13 12 8 2.6012708710004126e-33 40 0
tr 8 3 3 13 12 8 1.851693679926092e20 9 1
tr 8 3 3 13 12 8 1.5950362560496773e19 10 2
tr 8 3 3 13 12 8 3.6874077893093385e23 11 1
ann 8 3 3 13 12 10 3.983812661887643e-33 40 0
tr 8 3 3 13 12 10 3.564510333857728e20 9 1
tr 8 3 3 13 12 10 1.6255295962388648e19 10 2
tr 8 3 3 13 12 10 2.2269050962887742e23 11 1
ann 8 3 3 13 12 12 5.906894071823553e-33 40 0
tr 8 3 3 13 12 12 6.430097072841384e20 9 1
tr 8 3 3 13 12 12 8.745539348185658e18 10 2
tr 8 3 3 13 12 12 5.391454443646474e22 11 1
ann 8 3 3 15 14 2 4.841810697221467e-40 44 0
tr 8 3 3 15 14 2 1.7149722058186031e22 11 1
tr 8 3 3 15 14 2 3.8616856662488887e21 12 2
tr 8 3 3 15 14 2 3.9375435207244113e26 13 1
ann 8 3 3 15 14 4 8.15689932159588e-40 44 0
tr 8 3 3 15 14 4 3.975617386215858e22 11 1
tr 8 3 3 15 14 4 6.409484197531442e21 12 2
tr 8 3 3 15 14 4 4.8015112271797e26 13 1
ann 8 3 3 15 14 6 1.3134619324618326e-39 44 0
tr 8 3 3 15 14 6 8.30073959759357e22 11 1
tr 8 3 3 15 14 6 9.489366214527095e21 12 2
tr 8 3 3 15 14 6 5.183449620250816e26 13 1
ann 8 3 3 15 14 8 2.036064788198054e-39 44 0
tr 8 3 3 15 14 8 1.5978923725367616e23 11 1
tr 8 3 3 15 14 8 1.2536197033407145e22 12 2
tr 8 3 3 15 14 8 4.8695064842094834e26 13 1
ann 8 3 3 15 14 10 3.055510401891219e-39 44 0
tr 8 3 3 15 14 10 2.8824725151643556e23 11 1
tr 8 3 3 15 14 10 1.4452758484629787e22 12 2
tr 8 3 3 15 14 10 3.789427978313389e26 13 1
ann 8 3 3 15 14 12 4.458988508249294e-39 44 0
tr 8 3 3 15 14 12 4.9305450917285036e23 11 1
tr 8 3 3 15 14 12 1.34204185928705e22 12 2
tr 8 3 3 15 14 12 2.1325785159339422e26 13 1
ann 8 3 3 15 14 14 6.350686112523538e-39 44 0
tr 8 3 3 15 14 14 8.06816469555572e23 11 1
tr 8 3 3 15 14 14 6.683686730046156e21 12 2
tr 8 3 3 15 14 14 4.867842264631779e25 13 1
ann 8 4 1 8 4 1 9.801517233933584e-16 26 0
ann 8 4 1 8 4 2 3.3475013824863395e-15 26 0
tr 8 4 1 8 4 2 762385.3228537702 2 1
ann 8 4 1 8 4 3 2.2285527517086556e-15 26 0
tr 8 4 1 8 4 3 1.1859327244391954e6 2 1
ann 8 4 1 8 4 4 1.6755584601621632e-15 26 0
tr 8 4 1 8 4 4 282364.9343902848 3 2
tr 8 4 1 8 4 4 1.6986931200000013e10 4 1
ann 8 4 1 8 5 1 6.971141506778522e-17 28 0
tr 8 4 1 8 5 1 1452.218181818183 2 2
tr 8 4 1 8 5 1 5.743271256743282e7 3 1
ann 8 4 1 8 5 2 6.789304940065955e-17 28 0
tr 8 4 1 8 5 2 1694.2545454545452 2 2
tr 8 4 1 8 5 2 9.503178293706301e7 3 1
ann 8 4 1 8 5 3 5.364331226696148e-17 28 0
tr 8 4 1 8 5 3 10165.527272727264 2 2
tr 8 4 1 8 5 3 5.568268531468517e6 3 1
ann 8 4 1 8 5 4 3.701661663650299e-17 28 0
tr 8 4 1 8 5 4 1.503432503496505e8 3 1
tr 8 4 1 8 5 4 5.011441678321678e7 4 2
ann 8 4 1 8 5 5 2.5526668053683327e-17 28 0
tr 8 4 1 8 5 5 4.009153342657342e7 4 2
tr 8 4 1 8 5 5 1.227824321830115e12 5 1
ann 8 4 1 8 6 1 6.112296322683507e-19 30 0
tr 8 4 1 8 6 1 995226.4462809933 2 1
tr 8 4 1 8 6 1 98732.78236914604 3 2
ann 8 4 1 8 6 2 6.220279196527677e-19 30 0
tr 8 4 1 8 6 2 1.0615748760330589e6 2 1
ann 8 4 1 8 6 3 5.619802515220369e-19 30 0
tr 8 4 1 8 6 3 597135.8677685951 2 1
tr 8 4 1 8 6 3 296198.3471074382 3 2
ann 8 4 1 8 6 4 4.466318220264138e-19 30 0
tr 8 4 1 8 6 4 533157.0247933886 3 2
tr 8 4 1 8 6 4 2.2020095999999988e8 4 1
ann 8 4 1 8 6 5 3.14238949654776e-19 30 0
tr 8 4 1 8 6 5 9.688842239999987e9 4 1
tr 8 4 1 8 6 5 1.315333734399999e9 5 2
ann 8 4 1 8 6 6 1.9135181850671579e-19 30 0
tr 8 4 1 8 6 6 2.4662507519999957e9 5 2
tr 8 4 1 8 6 6 4.492654838389119e13 6 1
ann 8 4 1 8 7 1 2.0039986146944777e-21 32 0
tr 8 4 1 8 7 1 3.175651338560431e7 3 1
tr 8 4 1 8 7 1 2.9639412493230724e6 4 2
ann 8 4 1 8 7 2 2.0674048952783315e-21 32 0
tr 8 4 1 8 7 2 3.5726077558804795e7 3 1
ann 8 4 1 8 7 3 1.9794650910480947e-21 32 0
tr 8 4 1 8 7 3 2.858086204704393e7 3 1
tr 8 4 1 8 7 3 3.5567294991876776e6 4 2
ann 8 4 1 8 7 4 1.740179754737506e-21 32 0
tr 8 4 1 8 7 4 1.3099561771561772e7 3 1
tr 8 4 1 8 7 4 1.1178292711732706e7 4 2
ann 8 4 1 8 7 5 1.3787324538548756e-21 32 0
tr 8 4 1 8 7 5 1.257557930069929e7 4 2
tr 8 4 1 8 7 5 3.2917627328919403e10 5 1
ann 8 4 1 8 7 6 9.498927159667837e-22 32 0
tr 8 4 1 8 7 6 2.3773841959775235e11 5 1
tr 8 4 1 8 7 6 1.194290333929052e10 6 2
ann 8 4 1 8 7 7 5.1817248408092535e-22 32 0
tr 8 4 1 8 7 7 5.573354891668907e10 6 2
tr 8 4 1 8 7 7 6.606131675676138e14 7 1
ann 8 4 1 9 8 2 8.368486829801191e-24 34 0
tr 8 4 1 9 8 2 2.0808157126057896e10 4 1
tr 8 4 1 9 8 2 6.6207772673820496e7 5 2
tr 8 4 1 9 8 2 3.792794635073737e13 6 1
ann 8 4 1 9 8 4 7.61309081726586e-24 34 0
tr 8 4 1 9 8 4 1.3079413050664991e10 4 1
tr 8 4 1 9 8 4 3.0587990975305104e9 5 2
tr 8 4 1 9 8 4 1.9479722755174066e13 6 1
ann 8 4 1 9 8 6 5.0789608739774766e-24 34 0
tr 8 4 1 9 8 6 4.733855746178172e9 5 2
tr 8 4 1 9 8 6 2.636452471326276e13 6 1
tr 8 4 1 9 8 6 1.1919910702385684e13 7 2
ann 8 4 1 9 8 8 1.6871373462245457e-24 34 0
tr 8 4 1 9 8 8 2.0338347635945535e13 7 2
tr 8 4 1 9 8 8 2.1662906781598678e17 8 1
tr 8 4 1 9 8 8 2.0401866112395004e16 9 2
ann 8 4 1 11 10 2 6.088883395635698e-29 38 0
tr 8 4 1 11 10 2 5.171224841236866e14 6 1
tr 8 4 1 11 10 2 4.823288475962299e12 7 2
tr 8 4 1 11 10 2 5.825183706322706e17 8 1
ann 8 4 1 11 10 4 5.938239722625048e-29 38 0
tr 8 4 1 11 10 4 4.668466870561042e14 6 1
tr 8 4 1 11 10 4 1.4514525506368105e13 7 2
tr 8 4 1 11 10 4 6.588350042400892e17 8 1
ann 8 4 1 11 10 6 4.826478818934533e-29 38 0
tr 8 4 1 11 10 6 2.037149179881181e14 6 1
tr 8 4 1 11 10 6 7.135868539858027e13 7 2
tr 8 4 1 11 10 6 2.5227704137786316e16 8 1
ann 8 4 1 11 10 8 2.89184589392772e-29 38 0
tr 8 4 1 11 10 8 5.2179211694501164e13 7 2
tr 8 4 1 11 10 8 9.279192838729165e17 8 1
tr 8 4 1 11 10 8 8.739032662396816e16 9 2
tr 8 4 1 11 10 8 2.963801921719558e20 10 1
ann 8 4 1 11 10 10 7.900580721558502e-30 38 0
tr 8 4 1 11 10 10 3.1363417221712896e17 9 2
tr 8 4 1 11 10 10 3.5664416458025263e21 10 1
tr 8 4 1 11 10 10 1.983288905233849e20 11 2
tr 8 4 1 11 10 10 7.141128108532896e23 12 1
ann 8 4 1 13 12 2 1.7526637233916718e-34 42 0
tr 8 4 1 13 12 2 1.9583838078171197e18 8 1
tr 8 4 1 13 12 2 2.0821348314105148e16 9 2
tr 8 4 1 13 12 2 1.7078310849859279e21 10 1
ann 8 4 1 13 12 4 1.7698566351448247e-34 42 0
tr 8 4 1 13 12 4 1.9939907861410737e18 8 1
tr 8 4 1 13 12 4 8.479967313380923e15 9 2
tr 8 4 1 13 12 4 2.5274337969540715e21 10 1
ann 8 4 1 13 12 6 1.5689252050343176e-34 42 0
tr 8 4 1 13 12 6 1.396889149631795e18 8 1
tr 8 4 1 13 12 6 1.026881442128611e17 9 2
tr 8 4 1 13 12 6 1.0564536735828582e21 10 1
ann 8 4 1 13 12 8 1.1640148684718042e-34 42 0
tr 8 4 1 13 12 8 5.0554083510484e17 8 1
tr 8 4 1 13 12 8 1.9403250169587146e17 9 2
tr 8 4 1 13 12 8 1.3930792285971118e20 10 1
ann 8 4 1 13 12 10 6.319362261235316e-35 42 0
tr 8 4 1 13 12 10 9.859709247817728e16 9 2
tr 8 4 1 13 12 10 4.19326345304298e21 10 1
tr 8 4 1 13 12 10 9.735872468990591e19 11 2
tr 8 4 1 13 12 10 2.895869330588629e24 12 1
ann 8 4 1 13 12 12 1.5039928509901538e-35 42 0
tr 8 4 1 13 12 12 8.797056195195054e20 11 2
tr 8 4 1 13 12 12 1.1669711658376209e25 12 1
tr 8 4 1 13 12 12 4.13369812799221e23 13 2
tr 8 4 1 13 12 12 1.7941891614738224e27 14 1
ann 8 4 1 15 14 2 2.3264414464790573e-40 46 0
tr 8 4 1 15 14 2 2.2189354939845056e21 10 1
tr 8 4 1 15 14 2 2.2220251005382816e19 11 2
tr 8 4 1 15 14 2 1.642764428815707e24 12 1
ann 8 4 1 15 14 4 2.401244475447274e-40 46 0
tr 8 4 1 15 14 4 2.374105808249179e21 10 1
tr 8 4 1 15 14 4 2.729933672890716e24 12 1
ann 8 4 1 15 14 6 2.2394275898199214e-40 46 0
tr 8 4 1 15 14 6 2.004800460299291e21 10 1
tr 8 4 1 15 14 6 4.148340424246008e19 11 2
tr 8 4 1 15 14 6 2.0183380992386847e24 12 1
ann 8 4 1 15 14 8 1.8440150957477985e-40 46 0
tr 8 4 1 15 14 8 1.2161473380492024e21 10 1
tr 8 4 1 15 14 8 1.197129103910499e20 11 2
tr 8 4 1 15 14 8 2.686782525706795e23 12 1
ann 8 4 1 15 14 10 1.2704098539235066e-40 46 0
tr 8 4 1 15 14 10 3.92580895089568e20 10 1
tr 8 4 1 15 14 10 1.5043144813298926e20 11 2
tr 8 4 1 15 14 10 8.359637124683505e23 12 1
ann 8 4 1 15 14 12 6.370556454844183e-41 46 0
tr 8 4 1 15 14 12 6.146199166576406e19 11 2
tr 8 4 1 15 14 12 5.253560753316561e24 12 1
tr 8 4 1 15 14 12 2.4752434954432787e22 13 2
tr 8 4 1 15 14 12 5.327615638948531e27 14 1
ann 8 4 1 15 14 14 1.3717889513719057e-41 46 0
tr 8 4 1 15 14 14 7.910605187700492e23 13 2
tr 8 4 1 15 14 14 1.2372355032983496e28 14 1
tr 8 4 1 15 14 14 2.956994382033346e26 15 2
tr 8 4 1 15 14 14 1.537391733878544e30 16 1
ann 8 4 2 8 4 2 1.087209863422815e-15 26 0
ann 8 4 2 8 4 3 3.68266756981225e-15 26 0
tr 8 4 2 8 4 3 1.647128783943328e6 2 1
ann 8 4 2 8 4 4 2.5676069533399796e-15 26 0
tr 8 4 2 8 4 4 527081.2108618644 2 1
tr 8 4 2 8 4 4 847094.8031708542 3 2
ann 8 4 2 8 5 1 5.778590015698614e-17 28 0
tr 8 4 2 8 5 1 7745.163636363638 2 2
tr 8 4 2 8 5 1 4.902727864135858e7 3 1
ann 8 4 2 8 5 2 7.368897593208096e-17 28 0
tr 8 4 2 8 5 2 5082.763636363633 2 2
tr 8 4 2 8 5 2 2.2273074125874257e6 3 1
ann 8 4 2 8 5 3 7.8338699157873e-17 28 0
tr 8 4 2 8 5 3 9.020595020979027e7 3 1
tr 8 4 2 8 5 3 3.8977879720279746e7 4 2
ann 8 4 2 8 5 4 6.286834365918174e-17 28 0
tr 8 4 2 8 5 4 10165.527272727262 2 2
tr 8 4 2 8 5 4 8.90922965034965e7 3 1
ann 8 4 2 8 5 5 4.4462762632025993e-17 28 0
tr 8 4 2 8 5 5 8.352402797202775e7 3 1
tr 8 4 2 8 5 5 9.020595020979017e7 4 2
ann 8 4 2 8 6 1 5.106614912221133e-19 30 0
tr 8 4 2 8 6 1 331742.14876033016 2 1
tr 8 4 2 8 6 1 411386.5932047745 3 2
ann 8 4 2 8 6 2 6.231842034806465e-19 30 0
tr 8 4 2 8 6 2 796181.1570247925 2 1
tr 8 4 2 8 6 2 315944.90358126693 3 2
ann 8 4 2 8 6 3 6.917669344513614e-19 30 0
tr 8 4 2 8 6 3 1.1942717355371888e6 2 1
ann 8 4 2 8 6 4 6.737980022690239e-19 30 0
tr 8 4 2 8 6 4 995226.4462809904 2 1
tr 8 4 2 8 6 4 78986.22589531666 3 2
ann 8 4 2 8 6 5 5.502504518275756e-19 30 0
tr 8 4 2 8 6 5 651636.3636363636 3 2
tr 8 4 2 8 6 5 2.422210560000002e9 4 1
ann 8 4 2 8 6 6 3.8603047444118443e-19 30 0
tr 8 4 2 8 6 6 6.459228159999979e9 4 1
tr 8 4 2 8 6 6 4.439251353599995e9 5 2
ann 8 4 2 8 7 1 1.6775998048523595e-21 32 0
tr 8 4 2 8 7 1 1.190869251960161e7 3 1
tr 8 4 2 8 7 1 1.0670188497563045e7 4 2
ann 8 4 2 8 7 2 1.993310192118476e-21 32 0
tr 8 4 2 8 7 2 2.3817385039203208e7 3 1
tr 8 4 2 8 7 2 8.8918237479692e6 4 2
ann 8 4 2 8 7 3 2.2220782946843197e-21 32 0
tr 8 4 2 8 7 3 3.5726077558804885e7 3 1
tr 8 4 2 8 7 3 3.556729499187674e6 4 2
ann 8 4 2 8 7 4 2.2968625542629014e-21 32 0
tr 8 4 2 8 7 4 3.929868531468532e7 3 1
ann 8 4 2 8 7 5 2.157041260997018e-21 32 0
tr 8 4 2 8 7 5 2.6199123543123502e7 3 1
tr 8 4 2 8 7 5 5.589146355866354e6 4 2
ann 8 4 2 8 7 6 1.775096666250781e-21 32 0
tr 8 4 2 8 7 6 1.8164725656565648e7 4 2
tr 8 4 2 8 7 6 2.1132303964244583e10 5 1
ann 8 4 2 8 7 7 1.1978801156158104e-21 32 0
tr 8 4 2 8 7 7 1.8490765968714044e11 5 1
tr 8 4 2 8 7 7 8.360032337503365e10 6 2
ann 8 4 2 9 8 2 7.839459308289529e-24 34 0
tr 8 4 2 9 8 2 1.3005098203786158e10 4 1
tr 8 4 2 9 8 2 3.9724663604292307e9 5 2
ann 8 4 2 9 8 4 9.248179857615575e-24 34 0
tr 8 4 2 9 8 4 2.2888972838663727e10 4 1
tr 8 4 2 9 8 4 3.329305140169266e8 5 2
tr 8 4 2 9 8 4 2.8845581884081426e13 6 1
ann 8 4 2 9 8 6 8.419228195637973e-24 34 0
tr 8 4 2 9 8 6 1.2398193620942812e10 4 1
tr 8 4 2 9 8 6 3.787084596942537e9 5 2
tr 8 4 2 9 8 6 3.834839958292775e13 6 1
ann 8 4 2 9 8 8 4.400788020986005e-24 34 0
tr 8 4 2 9 8 8 8.436647908244058e13 6 1
tr 8 4 2 9 8 8 2.6149304103358516e13 7 2
tr 8 4 2 9 8 8 1.2997744068959195e17 8 1
ann 8 4 2 11 10 2 5.382023417537029e-29 38 0
tr 8 4 2 11 10 2 3.016547824054826e14 6 1
tr 8 4 2 11 10 2 6.002314547864195e13 7 2
tr 8 4 2 11 10 2 5.622573395489201e16 8 1
ann 8 4 2 11 10 4 6.527347159382531e-29 38 0
tr 8 4 2 11 10 4 5.252025229381167e14 6 1
tr 8 4 2 11 10 4 2.0900916729169957e13 7 2
tr 8 4 2 11 10 4 2.248480278762511e17 8 1
ann 8 4 2 11 10 6 6.745198041084989e-29 38 0
tr 8 4 2 11 10 6 5.6021602446732506e14 6 1
tr 8 4 2 11 10 6 3.377925936027499e12 7 2
tr 8 4 2 11 10 6 8.79405620138229e17 8 1
ann 8 4 2 11 10 8 5.560561865704554e-29 38 0
tr 8 4 2 11 10 8 2.1644710036237553e14 6 1
tr 8 4 2 11 10 8 8.282414554682725e13 7 2
tr 8 4 2 11 10 8 3.261931163427092e17 8 1
ann 8 4 2 11 10 10 2.525459363032388e-29 38 0
tr 8 4 2 11 10 10 1.9347562571835848e18 8 1
tr 8 4 2 11 10 10 3.136341722171287e17 9 2
tr 8 4 2 11 10 10 1.689367095380146e21 10 1
ann 8 4 2 13 12 2 1.4621283690376245e-34 42 0
tr 8 4 2 13 12 2 1.10159089189713e18 8 1
tr 8 4 2 13 12 2 1.4991370786155667e17 9 2
tr 8 4 2 13 12 2 2.8592463349110312e20 10 1
ann 8 4 2 13 12 4 1.8038970379102205e-34 42 0
tr 8 4 2 13 12 4 1.8278248872959836e18 8 1
tr 8 4 2 13 12 4 8.076159346077096e16 9 2
tr 8 4 2 13 12 4 2.9242292061590628e20 10 1
ann 8 4 2 13 12 6 1.9755308872666763e-34 42 0
tr 8 4 2 13 12 6 2.2699448681516685e18 8 1
tr 8 4 2 13 12 6 4.752509153653098e15 9 2
tr 8 4 2 13 12 6 2.1453202320662234e21 10 1
ann 8 4 2 13 12 8 1.8727776055846706e-34 42 0
tr 8 4 2 13 12 8 1.8957781316431544e18 8 1
tr 8 4 2 13 12 8 5.159867081109053e16 9 2
tr 8 4 2 13 12 8 2.909693751826586e21 10 1
ann 8 4 2 13 12 10 1.4158761158884323e-34 42 0
tr 8 4 2 13 12 10 6.082288172355118e17 8 1
tr 8 4 2 13 12 10 2.3858061883608387e17 9 2
tr 8 4 2 13 12 10 3.3431187915883204e20 10 1
ann 8 4 2 13 12 12 5.681364674732366e-35 42 0
tr 8 4 2 13 12 12 7.609077666271272e21 10 1
tr 8 4 2 13 12 12 7.197591432432322e20 11 2
tr 8 4 2 13 12 12 4.566408909799382e24 12 1
ann 8 4 2 15 14 2 1.8420839131807727e-40 46 0
tr 8 4 2 15 14 2 1.220414521691484e21 10 1
tr 8 4 2 15 14 2 1.197172707228797e20 11 2
tr 8 4 2 15 14 2 3.941106976513569e23 12 1
ann 8 4 2 15 14 4 2.29069070488111e-40 46 0
tr 8 4 2 15 14 4 1.9289609692024493e21 10 1
tr 8 4 2 15 14 4 7.924704904017733e19 11 2
tr 8 4 2 15 14 4 9.843039863538788e22 12 1
ann 8 4 2 15 14 6 2.594335046199802e-40 46 0
tr 8 4 2 15 14 6 2.506000575374112e21 10 1
tr 8 4 2 15 14 6 2.107093548823374e19 11 2
tr 8 4 2 15 14 6 1.4794757580134262e24 12 1
ann 8 4 2 15 14 8 2.6424698274971504e-40 46 0
tr 8 4 2 15 14 8 2.584313093354554e21 10 1
tr 8 4 2 15 14 8 2.9824669716801556e18 11 2
tr 8 4 2 15 14 8 3.132465069364001e24 12 1
ann 8 4 2 15 14 10 2.3409071143743893e-40 46 0
tr 8 4 2 15 14 10 1.8647592516754473e21 10 1
tr 8 4 2 15 14 10 8.023010567092738e19 11 2
tr 8 4 2 15 14 10 2.496744954572141e24 12 1
ann 8 4 2 15 14 12 1.6443528868745862e-40 46 0
tr 8 4 2 15 14 12 5.316199621004553e20 10 1
tr 8 4 2 15 14 12 2.0114833636068278e20 11 2
tr 8 4 2 15 14 12 2.8453164904377613e22 12 1
ann 8 4 2 15 14 14 5.972873318112325e-41 46 0
tr 8 4 2 15 14 14 9.161919099209463e24 12 1
tr 8 4 2 15 14 14 5.476572822254194e23 13 2
tr 8 4 2 15 14 14 4.1241183443278373e27 14 1
ann 8 4 3 8 4 3 1.3953095383172156e-15 26 0
ann 8 4 3 8 4 4 4.3517039396956095e-15 26 0
tr 8 4 3 8 4 4 1.8447842380165257e6 2 1
ann 8 4 3 8 5 1 3.865485497563115e-17 28 0
tr 8 4 3 8 5 1 1694.2545454545434 2 2
tr 8 4 3 8 5 1 1.1229341538461553e8 3 1
ann 8 4 3 8 5 2 5.730568402364781e-17 28 0
tr 8 4 3 8 5 2 6050.909090909089 2 2
tr 8 4 3 8 5 2 1.2732774041958047e8 3 1
ann 8 4 3 8 5 3 8.222849970365579e-17 28 0
tr 8 4 3 8 5 3 8713.309090909088 2 2
tr 8 4 3 8 5 3 4.67734556643357e7 3 1
ann 8 4 3 8 5 4 1.0284989188154616e-16 28 0
tr 8 4 3 8 5 4 2904.4363636363623 2 2
tr 8 4 3 8 5 4 7.795575944055918e6 3 1
ann 8 4 3 8 5 5 8.195601353786346e-17 28 0
tr 8 4 3 8 5 5 7261.090909090905 2 2
tr 8 4 3 8 5 5 1.9488939860139886e8 3 1
ann 8 4 3 8 6 1 3.4286639766683277e-19 30 0
tr 8 4 3 8 6 1 23695.867768595104 2 1
tr 8 4 3 8 6 1 135875.11478420574 3 2
ann 8 4 3 8 6 2 4.7953298444537645e-19 30 0
tr 8 4 3 8 6 2 151653.55371900843 2 1
tr 8 4 3 8 6 2 317825.52800734644 3 2
ann 8 4 3 8 6 3 6.437750781879342e-19 30 0
tr 8 4 3 8 6 3 511830.7438016531 2 1
tr 8 4 3 8 6 3 456991.73553718993 3 2
ann 8 4 3 8 6 4 8.102275094208268e-19 30 0
tr 8 4 3 8 6 4 1.137401652892561e6 2 1
tr 8 4 3 8 6 4 352617.0798898073 3 2
ann 8 4 3 8 6 5 9.070799818408288e-19 30 0
tr 8 4 3 8 6 5 1.5639272727272746e6 2 1
ann 8 4 3 8 6 6 7.770915841166917e-19 30 0
tr 8 4 3 8 6 6 558545.4545454545 3 2
tr 8 4 3 8 6 6 1.130364927999999e10 4 1
ann 8 4 3 8 7 1 1.0978187291898358e-21 32 0
tr 8 4 3 8 7 1 1.3609934308116147e6 3 1
tr 8 4 3 8 7 1 4.234201784747241e6 4 2
ann 8 4 3 8 7 2 1.4973344463359506e-21 32 0
tr 8 4 3 8 7 2 5.103725365543529e6 3 1
tr 8 4 3 8 7 2 8.129667426714689e6 4 2
ann 8 4 3 8 7 3 1.952016863156988e-21 32 0
tr 8 4 3 8 7 3 1.3609934308116151e7 3 1
tr 8 4 3 8 7 3 1.1432344818817556e7 4 2
ann 8 4 3 8 7 4 2.4180208694363205e-21 32 0
tr 8 4 3 8 7 4 2.807048951048952e7 3 1
tr 8 4 3 8 7 4 1.1178292711732691e7 4 2
ann 8 4 3 8 7 5 2.8079388054775936e-21 32 0
tr 8 4 3 8 7 5 4.491278321678318e7 3 1
tr 8 4 3 8 7 5 5.589146355866357e6 4 2
ann 8 4 3 8 7 6 2.9681822990811058e-21 32 0
tr 8 4 3 8 7 6 4.865551515151514e7 3 1
ann 8 4 3 8 7 7 2.6490064782242e-21 32 0
tr 8 4 3 8 7 7 1.8164725656565648e7 4 2
tr 8 4 3 8 7 7 2.5887072356199695e11 5 1
ann 8 4 3 9 8 2 5.644232242448578e-24 34 0
tr 8 4 3 9 8 2 2.972593875151131e9 4 1
tr 8 4 3 9 8 2 3.414429419321321e9 5 2
tr 8 4 3 9 8 2 5.5518023941647516e13 6 1
ann 8 4 3 9 8 4 8.970285589387634e-24 34 0
tr 8 4 3 9 8 4 1.3079413050664999e10 4 1
tr 8 4 3 9 8 4 5.035574024506013e9 5 2
tr 8 4 3 9 8 4 1.8436730568715184e13 6 1
ann 8 4 3 9 8 6 1.1640370803743767e-23 34 0
tr 8 4 3 9 8 6 2.8338728276440735e10 4 1
tr 8 4 3 9 8 6 1.217277191874386e9 5 2
ann 8 4 3 9 8 8 1.068593630863959e-23 34 0
tr 8 4 3 9 8 8 9.01686808795842e9 5 2
tr 8 4 3 9 8 8 9.842755892951423e13 6 1
tr 8 4 3 9 8 8 1.4080394517193088e13 7 2
ann 8 4 3 11 10 2 3.497040284303091e-29 38 0
tr 8 4 3 11 10 2 7.387464058909788e13 6 1
tr 8 4 3 11 10 2 4.78500840869275e13 7 2
tr 8 4 3 11 10 2 9.99708923942101e17 8 1
ann 8 4 3 11 10 4 5.509528516266064e-29 38 0
tr 8 4 3 11 10 4 2.400925819145683e14 6 1
tr 8 4 3 11 10 4 7.190910636583456e13 7 2
tr 8 4 3 11 10 4 5.508776682968143e17 8 1
ann 8 4 3 11 10 6 7.537563700963815e-29 38 0
tr 8 4 3 11 10 6 5.3353907092126194e14 6 1
tr 8 4 3 11 10 6 5.3745214446437016e13 7 2
ann 8 4 3 11 10 8 8.652254985437017e-29 38 0
tr 8 4 3 11 10 8 7.42104344099574e14 6 1
tr 8 4 3 11 10 8 1.538162703012534e12 7 2
tr 8 4 3 11 10 8 6.112302333549756e17 8 1
ann 8 4 3 11 10 10 7.300375203228254e-29 38 0
tr 8 4 3 11 10 10 1.5736587653897194e14 7 2
tr 8 4 3 11 10 10 1.6929117250356383e18 8 1
tr 8 4 3 11 10 10 1.2914348267764131e17 9 2
tr 8 4 3 11 10 10 4.379840617652222e20 10 1
ann 8 4 3 13 12 2 8.627610313548438e-35 42 0
tr 8 4 3 13 12 2 2.7976911540244547e17 8 1
tr 8 4 3 13 12 2 1.1433894702774266e17 9 2
tr 8 4 3 13 12 2 3.371230131756045e21 10 1
ann 8 4 3 13 12 4 1.3448489202066986e-34 42 0
tr 8 4 3 13 12 4 7.46050974406523e17 8 1
tr 8 4 3 13 12 4 1.6783989726722374e17 9 2
tr 8 4 3 13 12 4 2.3062421005907452e21 10 1
ann 8 4 3 13 12 6 1.8870818841143712e-34 42 0
tr 8 4 3 13 12 6 1.55653362387543e18 8 1
tr 8 4 3 13 12 6 1.65489158028991e17 9 2
tr 8 4 3 13 12 6 5.20487805284287e20 10 1
ann 8 4 3 13 12 8 2.353197362838033e-34 42 0
tr 8 4 3 13 12 8 2.527704175524205e18 8 1
tr 8 4 3 13 12 8 7.524806159950678e16 9 2
tr 8 4 3 13 12 8 2.421861624588109e20 10 1
ann 8 4 3 13 12 10 2.4946375603213263e-34 42 0
tr 8 4 3 13 12 10 2.7804745930766264e18 8 1
tr 8 4 3 13 12 10 2.956173848552011e15 9 2
tr 8 4 3 13 12 10 3.3183065818069776e21 10 1
ann 8 4 3 13 12 12 1.916164981597106e-34 42 0
tr 8 4 3 13 12 12 4.319491670472539e17 9 2
tr 8 4 3 13 12 12 5.326354366389894e21 10 1
tr 8 4 3 13 12 12 2.3991971441441086e20 11 2
tr 8 4 3 13 12 12 9.686321929877484e23 12 1
ann 8 4 3 15 14 2 1.001762884540335e-40 46 0
tr 8 4 3 15 14 2 3.1699078485493036e20 10 1
tr 8 4 3 15 14 2 8.868665780282581e19 11 2
tr 8 4 3 15 14 2 3.648282214993626e24 12 1
ann 8 4 3 15 14 4 1.5368135696097598e-40 46 0
tr 8 4 3 15 14 4 7.34842273981883e20 10 1
tr 8 4 3 15 14 4 1.2629854040178632e20 11 2
tr 8 4 3 15 14 4 2.799963773892078e24 12 1
ann 8 4 3 15 14 6 2.1726255620004828e-40 46 0
tr 8 4 3 15 14 6 1.432000328785209e21 10 1
tr 8 4 3 15 14 6 1.3827801414153342e20 11 2
tr 8 4 3 15 14 6 1.1618597711822868e24 12 1
ann 8 4 3 15 14 8 2.816480847108196e-40 46 0
tr 8 4 3 15 14 8 2.362800542495595e21 10 1
tr 8 4 3 15 14 8 1.0200747154329795e20 11 2
tr 8 4 3 15 14 8 1.894948004924009e22 12 1
ann 8 4 3 15 14 10 3.2861637948200843e-40 46 0
tr 8 4 3 15 14 10 3.1967301457293334e21 10 1
tr 8 4 3 15 14 10 2.7220928709779096e19 11 2
tr 8 4 3 15 14 10 1.0704793992728066e24 12 1
ann 8 4 3 15 14 12 3.2746149859328876e-40 46 0
tr 8 4 3 15 14 12 3.03782835485975e21 10 1
tr 8 4 3 15 14 12 1.6762361363390226e19 11 2
tr 8 4 3 15 14 12 4.564361870077192e24 12 1
ann 8 4 3 15 14 14 2.3084176270310977e-40 46 0
tr 8 4 3 15 14 14 3.687719499945848e20 11 2
tr 8 4 3 15 14 14 5.344452807872205e24 12 1
tr 8 4 3 15 14 14 1.533440390231168e23 13 2
tr 8 4 3 15 14 14 7.402263694947381e26 14 1
ann 8 4 4 8 4 4 2.175851969847806e-15 26 0
ann 8 4 4 8 5 1 2.4285643721096137e-17 28 0
tr 8 4 4 8 5 1 1.1136537062936965e7 3 1
tr 8 4 4 8 5 1 3.3409611188811153e7 4 2
ann 8 4 4 8 5 2 3.8125468555855266e-17 28 0
tr 8 4 4 8 5 2 484.07272727272635 2 2
tr 8 4 4 8 5 2 5.197050629370637e7 3 1
ann 8 4 4 8 5 3 6.066533601900502e-17 28 0
tr 8 4 4 8 5 3 2904.4363636363605 2 2
tr 8 4 4 8 5 3 1.247292151048949e8 3 1
ann 8 4 4 8 5 4 1.0030212094082735e-16 28 0
tr 8 4 4 8 5 4 8713.309090909088 2 2
tr 8 4 4 8 5 4 1.870938226573428e8 3 1
ann 8 4 4 8 5 5 1.736865505526827e-16 28 0
tr 8 4 4 8 5 5 14522.181818181803 2 2
tr 8 4 4 8 5 5 1.5591151888111874e8 3 1
ann 8 4 4 8 6 1 1.7812945082133372e-19 30 0
tr 8 4 4 8 6 1 5641.873278236882 3 2
tr 8 4 4 8 6 1 1.027604479999999e9 4 1
ann 8 4 4 8 6 2 2.838998390824439e-19 30 0
tr 8 4 4 8 6 2 4739.1735537188615 2 1
tr 8 4 4 8 6 2 37612.48852157935 3 2
tr 8 4 4 8 6 2 2.93601279999999e9 4 1
ann 8 4 4 8 6 3 4.448965250087735e-19 30 0
tr 8 4 4 8 6 3 42652.5619834712 2 1
tr 8 4 4 8 6 3 135404.95867768585 3 2
ann 8 4 4 8 6 4 6.911268289681448e-19 30 0
tr 8 4 4 8 6 4 213262.80991735464 2 1
tr 8 4 4 8 6 4 338512.39669421484 3 2
ann 8 4 4 8 6 5 1.0702047636228084e-18 30 0
tr 8 4 4 8 6 5 781963.6363636367 2 1
tr 8 4 4 8 6 5 620606.060606061 3 2
ann 8 4 4 8 6 6 1.6564311226350408e-18 30 0
tr 8 4 4 8 6 6 2.3458909090909073e6 2 1
tr 8 4 4 8 6 6 744727.272727272 3 2
ann 8 4 4 8 7 1 4.868297803697121e-22 32 0
tr 8 4 4 8 7 1 28354.029808574094 3 1
tr 8 4 4 8 7 1 296394.12493230624 4 2
tr 8 4 4 8 7 1 3.003731783366329e10 5 1
ann 8 4 4 8 7 2 7.744109056117462e-22 32 0
tr 8 4 4 8 7 2 255186.2682771763 3 1
tr 8 4 4 8 7 2 1.1432344818817507e6 4 2
tr 8 4 4 8 7 2 6.7583965125742676e10 5 1
ann 8 4 4 8 7 3 1.2006662873890133e-21 32 0
tr 8 4 4 8 7 3 1.2759313413858782e6 3 1
tr 8 4 4 8 7 3 3.1756513385604257e6 4 2
ann 8 4 4 8 7 4 1.821656598639179e-21 32 0
tr 8 4 4 8 7 4 4.678414918414917e6 3 1
tr 8 4 4 8 7 4 6.986432944832939e6 4 2
ann 8 4 4 8 7 5 2.7131701503442998e-21 32 0
tr 8 4 4 8 7 5 1.403524475524472e7 3 1
tr 8 4 4 8 7 5 1.2575579300699284e7 4 2
ann 8 4 4 8 7 6 3.976733115823172e-21 32 0
tr 8 4 4 8 7 6 3.649163636363634e7 3 1
tr 8 4 4 8 7 6 1.816472565656567e7 4 2
ann 8 4 4 8 7 7 5.747035299288457e-21 32 0
tr 8 4 4 8 7 7 8.514715151515137e7 3 1
tr 8 4 4 8 7 7 1.8164725656565625e7 4 2
ann 8 4 4 9 8 2 2.5761767869306717e-24 34 0
tr 8 4 4 9 8 2 1.8578711719694385e8 4 1
tr 8 4 4 9 8 2 5.2966218139056396e8 5 2
tr 8 4 4 9 8 2 2.6280721392495766e13 6 1
ann 8 4 4 9 8 4 5.89055070047587e-24 34 0
tr 8 4 4 9 8 4 2.0436582891663918e9 4 1
tr 8 4 4 9 8 4 2.4969788551269474e9 5 2
tr 8 4 4 9 8 4 6.194741471088304e13 6 1
ann 8 4 4 9 8 6 1.234548732417285e-23 34 0
tr 8 4 4 9 8 6 1.2398193620942812e10 4 1
tr 8 4 4 9 8 6 6.492145023330059e9 5 2
tr 8 4 4 9 8 6 8.05316391241478e13 6 1
ann 8 4 4 9 8 8 2.408344609143565e-23 34 0
tr 8 4 4 9 8 8 5.313511551832644e10 4 1
tr 8 4 4 9 8 8 7.213494470366734e9 5 2
tr 8 4 4 9 8 8 3.579183961073233e13 6 1
ann 8 4 4 11 10 2 1.3037175604853704e-29 38 0
tr 8 4 4 11 10 2 5.77145629602323e12 6 1
tr 8 4 4 11 10 2 8.268494530221046e12 7 2
tr 8 4 4 11 10 2 4.842880600411536e17 8 1
ann 8 4 4 11 10 4 2.814473077558514e-29 38 0
tr 8 4 4 11 10 4 3.5013501529207844e13 6 1
tr 8 4 4 11 10 4 2.7867888972226594e13 7 2
tr 8 4 4 11 10 4 9.793380769721124e17 8 1
ann 8 4 4 11 10 6 5.610598633757012e-29 38 0
tr 8 4 4 11 10 6 1.5005786369660453e14 6 1
tr 8 4 4 11 10 6 6.6352116600539586e13 7 2
tr 8 4 4 11 10 6 1.399054395674446e18 8 1
ann 8 4 4 11 10 8 1.046153916920941e-28 38 0
tr 8 4 4 11 10 8 5.101967365684567e14 6 1
tr 8 4 4 11 10 8 1.1074771461690062e14 7 2
tr 8 4 4 11 10 8 1.2973049850799393e18 8 1
ann 8 4 4 11 10 10 1.8426417582954044e-28 38 0
tr 8 4 4 11 10 10 1.4687481810304068e15 6 1
tr 8 4 4 11 10 10 8.992335802226956e13 7 2
tr 8 4 4 11 10 10 4.5144312667616934e17 8 1
ann 8 4 4 13 12 2 2.766075548069147e-35 42 0
tr 8 4 4 13 12 2 2.4479797597713776e16 8 1
tr 8 4 4 13 12 2 2.094032744732846e16 9 2
tr 8 4 4 13 12 2 1.6512147584111249e21 10 1
ann 8 4 4 13 12 4 5.645523701789991e-35 42 0
tr 8 4 4 13 12 4 1.0491341827591715e17 8 1
tr 8 4 4 13 12 4 5.710998394725963e16 9 2
tr 8 4 4 13 12 4 3.0022086516565994e21 10 1
ann 8 4 4 13 12 6 1.077549645269887e-34 42 0
tr 8 4 4 13 12 6 3.567056221381187e17 8 1
tr 8 4 4 13 12 6 1.235652379949799e17 9 2
tr 8 4 4 13 12 6 4.3304585399652707e21 10 1
ann 8 4 4 13 12 8 1.9436604924350926e-34 42 0
tr 8 4 4 13 12 8 1.0268798213067076e18 8 1
tr 8 4 4 13 12 8 2.149944617128773e17 9 2
tr 8 4 4 13 12 8 4.843723249176231e21 10 1
ann 8 4 4 13 12 10 3.340636939124644e-34 42 0
tr 8 4 4 13 12 10 2.6066949310093384e18 8 1
tr 8 4 4 13 12 10 2.837926894609983e17 9 2
tr 8 4 4 13 12 10 3.7296669018656887e21 10 1
ann 8 4 4 13 12 12 5.506990470539338e-34 42 0
tr 8 4 4 13 12 12 5.995398341321466e18 8 1
tr 8 4 4 13 12 12 1.919774075765568e17 9 2
tr 8 4 4 13 12 12 1.1213377613452356e21 10 1
ann 8 4 4 15 14 2 2.860823981627727e-41 46 0
tr 8 4 4 15 14 2 2.971788608014957e19 10 1
tr 8 4 4 15 14 2 1.6843338954517656e19 11 2
tr 8 4 4 15 14 2 1.7978734755488596e24 12 1
ann 8 4 4 15 14 4 5.546176647558408e-41 46 0
tr 8 4 4 15 14 4 1.0104081267250876e20 10 1
tr 8 4 4 15 14 4 3.9646628616018625e19 11 2
tr 8 4 4 15 14 4 3.022798261087642e24 12 1
ann 8 4 4 15 14 6 1.016329927839353e-40 46 0
tr 8 4 4 15 14 6 2.9087506678449534e20 10 1
tr 8 4 4 15 14 6 7.901600808087642e19 11 2
tr 8 4 4 15 14 6 4.3031843377121797e24 12 1
ann 8 4 4 15 14 8 1.7752701023257313e-40 46 0
tr 8 4 4 15 14 8 7.383751695298733e20 10 1
tr 8 4 4 15 14 8 1.3520516938283323e20 11 2
tr 8 4 4 15 14 8 5.154258573393034e24 12 1
ann 8 4 4 15 14 10 2.9757025804111747e-40 46 0
tr 8 4 4 15 14 10 1.6982628899187102e21 10 1
tr 8 4 4 15 14 10 1.959906867104093e20 11 2
tr 8 4 4 15 14 10 4.981006184371417e24 12 1
ann 8 4 4 15 14 12 4.812363566325064e-40 46 0
tr 8 4 4 15 14 12 3.6074211713959545e21 10 1
tr 8 4 4 15 14 12 2.2349815151187054e20 11 2
tr 8 4 4 15 14 12 3.408056862990967e24 12 1
ann 8 4 4 15 14 14 7.542118749764134e-40 46 0
tr 8 4 4 15 14 14 7.176869488356153e21 10 1
tr 8 4 4 15 14 14 1.340988909071219e20 11 2
tr 8 4 4 15 14 14 9.29470053542986e23 12 1
ann 8 5 1 8 5 1 3.316238812017964e-19 30 0
ann 8 5 1 8 5 2 1.1970651101136141e-18 30 0
tr 8 5 1 8 5 2 402358.0781065096 2 1
ann 8 5 1 8 5 3 8.618062435370815e-19 30 0
tr 8 5 1 8 5 3 1.0729548749506888e6 2 1
ann 8 5 1 8 5 4 5.444569755028671e-19 30 0
tr 8 5 1 8 5 4 574797.25443787 3 2
tr 8 5 1 8 5 4 1.0563524216173569e10 4 1
ann 8 5 1 8 5 5 3.285850572997743e-19 30 0
tr 8 5 1 8 5 5 2.1127048432347014e9 4 1
tr 8 5 1 8 5 5 4.033345609811727e9 5 2
ann 8 5 1 8 6 1 1.2402620847725305e-20 32 0
tr 8 5 1 8 6 1 1052.6433566433568 2 2
tr 8 5 1 8 6 1 3.928383320383332e7 3 1
ann 8 5 1 8 6 2 1.1991266455149427e-20 32 0
tr 8 5 1 8 6 2 2526.344055944058 2 2
tr 8 5 1 8 6 2 4.71405998445999e7 3 1
ann 8 5 1 8 6 3 9.802361063673984e-21 32 0
tr 8 5 1 8 6 3 10105.376223776228 2 2
ann 8 5 1 8 6 4 6.875080039997015e-21 32 0
tr 8 5 1 8 6 4 9.428119968919957e7 3 1
ann 8 5 1 8 6 5 4.33476527607091e-21 32 0
tr 8 5 1 8 6 5 5.5311637150997095e7 4 2
tr 8 5 1 8 6 5 4.3063842501495905e11 5 1
ann 8 5 1 8 6 6 2.376071378729767e-21 32 0
tr 8 5 1 8 6 6 1.5949571296850333e11 5 1
tr 8 5 1 8 6 6 2.0030858771554584e11 6 2
ann 8 5 1 8 7 1 4.405025781035135e-23 34 0
tr 8 5 1 8 7 1 388668.3162990857 2 1
ann 8 5 1 8 7 2 4.4099879582721946e-23 34 0
tr 8 5 1 8 7 2 388668.3162990852 2 1
ann 8 5 1 8 7 3 3.940699098577969e-23 34 0
tr 8 5 1 8 7 3 194334.1581495427 2 1
tr 8 5 1 8 7 3 188935.98708983327 3 2
ann 8 5 1 8 7 4 3.123706590521622e-23 34 0
tr 8 5 1 8 7 4 254485.20710059156 3 2
tr 8 5 1 8 7 4 3.8307149254437774e8 4 1
ann 8 5 1 8 7 5 2.1955519141013346e-23 34 0
tr 8 5 1 8 7 5 3.0645719403550234e9 4 1
ann 8 5 1 8 7 6 1.358127009346285e-23 34 0
tr 8 5 1 8 7 6 1.6901578580139856e9 5 2
tr 8 5 1 8 7 6 6.387695309295755e12 6 1
ann 8 5 1 8 7 7 6.642649941555547e-24 34 0
tr 8 5 1 8 7 7 4.1919250467253193e12 6 1
tr 8 5 1 8 7 7 3.6091191409943867e12 7 2
ann 8 5 1 9 8 2 1.9886557110607468e-25 36 0
tr 8 5 1 9 8 2 1.807269208703206e8 3 1
tr 8 5 1 9 8 2 1.1245230631931084e6 4 2
tr 8 5 1 9 8 2 4.8662333324180945e11 5 1
ann 8 5 1 9 8 4 1.608312086118264e-25 36 0
tr 8 5 1 9 8 4 5.301323012196076e7 3 1
tr 8 5 1 9 8 4 8.552801126343006e7 4 2
ann 8 5 1 9 8 6 8.741266355118426e-26 36 0
tr 8 5 1 9 8 6 9.664880090774739e11 5 1
tr 8 5 1 9 8 6 1.430020568895018e15 7 1
ann 8 5 1 9 8 8 2.3038336209563776e-26 36 0
tr 8 5 1 9 8 8 1.4164013253817258e15 7 1
tr 8 5 1 9 8 8 8.678929689839006e14 8 2
tr 8 5 1 9 8 8 4.0974161827189786e18 9 1
ann 8 5 1 11 10 2 1.819957774758983e-30 40 0
tr 8 5 1 11 10 2 3.699037970107558e12 5 1
tr 8 5 1 11 10 2 6.489055171701937e9 6 2
tr 8 5 1 11 10 2 6.226249096871344e15 7 1
ann 8 5 1 11 10 4 1.6677835293742127e-30 40 0
tr 8 5 1 11 10 4 2.5761157291820405e12 5 1
tr 8 5 1 11 10 4 4.745121594307067e11 6 2
tr 8 5 1 11 10 4 2.900339989584413e15 7 1
ann 8 5 1 11 10 6 1.2024899313896637e-30 40 0
tr 8 5 1 11 10 6 4.5797612963236096e11 5 1
tr 8 5 1 11 10 6 9.228223006302185e11 6 2
tr 8 5 1 11 10 6 2.2161234193142835e15 7 1
ann 8 5 1 11 10 8 5.980665526202652e-31 40 0
tr 8 5 1 11 10 8 1.2236798083328422e16 7 1
tr 8 5 1 11 10 8 5.331938162670359e14 8 2
tr 8 5 1 11 10 8 2.0831375030094758e19 9 1
ann 8 5 1 11 10 10 1.2526197875495499e-31 40 0
tr 8 5 1 11 10 10 2.5205747018724336e19 9 1
tr 8 5 1 11 10 10 8.570549163391514e18 10 2
tr 8 5 1 11 10 10 4.642438455031005e22 11 1
ann 8 5 1 13 12 2 6.597297464147776e-36 44 0
tr 8 5 1 13 12 2 1.2644890615622646e16 7 1
tr 8 5 1 13 12 2 7.379137847585612e13 8 2
tr 8 5 1 13 12 2 1.614135812855295e19 9 1
ann 8 5 1 13 12 4 6.375895538159687e-36 44 0
tr 8 5 1 13 12 4 1.1239902769442386e16 7 1
tr 8 5 1 13 12 4 4.090576616924198e14 8 2
tr 8 5 1 13 12 4 1.4791353630528584e19 9 1
ann 8 5 1 13 12 6 5.2368005460733927e-36 44 0
tr 8 5 1 13 12 6 5.583458193911313e15 7 1
tr 8 5 1 13 12 6 1.6901493820600458e15 8 2
tr 8 5 1 13 12 6 2.9240422317458394e17 9 1
ann 8 5 1 13 12 8 3.440038621631283e-36 44 0
tr 8 5 1 13 12 8 7.771846570279484e14 7 1
tr 8 5 1 13 12 8 1.5429401279231298e15 8 2
tr 8 5 1 13 12 8 1.7604561761504903e19 9 1
ann 8 5 1 13 12 10 1.5483638477336274e-36 44 0
tr 8 5 1 13 12 10 3.030160597739627e19 9 1
tr 8 5 1 13 12 10 2.930705503740622e18 10 2
tr 8 5 1 13 12 10 5.03206368792105e22 11 1
ann 8 5 1 13 12 12 2.752237574497144e-37 44 0
tr 8 5 1 13 12 12 8.9813905682118e22 11 1
tr 8 5 1 13 12 12 1.8600513011089549e22 12 2
tr 8 5 1 13 12 12 1.2073664243212655e26 13 1
ann 8 5 1 15 14 2 1.0901241635810645e-41 48 0
tr 8 5 1 15 14 2 1.3373937518765111e19 9 1
tr 8 5 1 15 14 2 9.697153365304954e16 10 2
tr 8 5 1 15 14 2 1.4226615888584351e22 11 1
ann 8 5 1 15 14 4 1.0854149069131932e-41 48 0
tr 8 5 1 15 14 4 1.3152880700273265e19 9 1
tr 8 5 1 15 14 4 1.0375275978263387e17 10 2
tr 8 5 1 15 14 4 1.7113982754612192e22 11 1
ann 8 5 1 15 14 6 9.559900885554357e-42 48 0
tr 8 5 1 15 14 6 9.15401953498865e18 9 1
tr 8 5 1 15 14 6 7.885209743480191e17 10 2
tr 8 5 1 15 14 6 5.056221066037784e21 11 1
ann 8 5 1 15 14 8 7.22481535220627e-42 48 0
tr 8 5 1 15 14 8 3.7760330581828224e18 9 1
tr 8 5 1 15 14 8 1.3286964947653473e18 10 2
tr 8 5 1 15 14 8 1.9790835263486265e21 11 1
ann 8 5 1 15 14 10 4.378833785987065e-42 48 0
tr 8 5 1 15 14 10 4.5411116516708454e17 9 1
tr 8 5 1 15 14 10 8.406686032845194e17 10 2
tr 8 5 1 15 14 10 2.5267493212633426e22 11 1
ann 8 5 1 15 14 12 1.8080424034762194e-42 48 0
tr 8 5 1 15 14 12 2.4980504400835597e22 11 1
tr 8 5 1 15 14 12 3.3110254353770207e21 12 2
tr 8 5 1 15 14 12 3.612269593850256e25 13 1
ann 8 5 1 15 14 14 2.8552297483814065e-43 48 0
tr 8 5 1 15 14 14 1.0356538533093041e26 13 1
tr 8 5 1 15 14 14 1.3993352557029305e25 14 2
tr 8 5 1 15 14 14 1.0846700929986068e29 15 1
ann 8 5 2 8 5 2 3.528734455178887e-19 30 0
ann 8 5 2 8 5 3 1.2789514799599252e-18 30 0
tr 8 5 2 8 5 3 957995.4240631154 2 1
ann 8 5 2 8 5 4 8.828814841049821e-19 30 0
tr 8 5 2 8 5 4 689756.7053254448 2 1
ann 8 5 2 8 5 5 5.556517504304929e-19 30 0
tr 8 5 2 8 5 5 205284.73372781035 3 2
tr 8 5 2 8 5 5 7.39446695132149e9 4 1
ann 8 5 2 8 6 1 1.0812426131980098e-20 32 0
tr 8 5 2 8 6 1 8120.391608391607 2 2
tr 8 5 2 8 6 1 1.683592851592847e7 3 1
ann 8 5 2 8 6 2 1.2907007032498634e-20 32 0
tr 8 5 2 8 6 2 3849.6671328671323 2 2
tr 8 5 2 8 6 2 8.979161875161892e6 3 1
ann 8 5 2 8 6 3 1.3117940949955256e-20 32 0
tr 8 5 2 8 6 3 360.9062937062938 2 2
tr 8 5 2 8 6 3 6.060934265734289e7 3 1
ann 8 5 2 8 6 4 1.0904918800431279e-20 32 0
tr 8 5 2 8 6 4 10827.188811188802 2 2
tr 8 5 2 8 6 4 2.0203114219114248e7 3 1
ann 8 5 2 8 6 5 7.424100785737924e-21 32 0
tr 8 5 2 8 6 5 7.407808547008538e7 3 1
tr 8 5 2 8 6 5 6.321329960113958e7 4 2
ann 8 5 2 8 6 6 4.466337028007106e-21 32 0
tr 8 5 2 8 6 6 2.3704987350427322e7 4 2
tr 8 5 2 8 6 6 4.465879963118104e11 5 1
ann 8 5 2 8 7 1 3.79724087627525e-23 34 0
tr 8 5 2 8 7 1 148064.1204948899 2 1
tr 8 5 2 8 7 1 222169.62524654836 3 2
ann 8 5 2 8 7 2 4.475766418839416e-23 34 0
tr 8 5 2 8 7 2 333144.2711135016 2 1
tr 8 5 2 8 7 2 132200.10758472292 3 2
ann 8 5 2 8 7 3 4.7632975535985514e-23 34 0
tr 8 5 2 8 7 3 444192.3614846701 2 1
ann 8 5 2 8 7 4 4.4733712269304286e-23 34 0
tr 8 5 2 8 7 4 305382.24852071004 2 1
tr 8 5 2 8 7 4 96946.74556213015 3 2
ann 8 5 2 8 7 5 3.6174863337053737e-23 34 0
tr 8 5 2 8 7 5 327195.266272189 3 2
tr 8 5 2 8 7 5 5.472449893491162e7 4 1
ann 8 5 2 8 7 6 2.4828171922269738e-23 34 0
tr 8 5 2 8 7 6 2.8456739446153884e9 4 1
tr 8 5 2 8 7 6 1.1831105006097875e9 5 2
ann 8 5 2 8 7 7 1.4048650509813563e-23 34 0
tr 8 5 2 8 7 7 8.450789290069911e8 5 2
tr 8 5 2 8 7 7 9.781158442359113e12 6 1
ann 8 5 2 9 8 2 1.9469241799430203e-25 36 0
tr 8 5 2 9 8 2 1.3769670161548254e8 3 1
tr 8 5 2 9 8 2 5.140676860311339e7 4 2
ann 8 5 2 9 8 4 2.096877589937255e-25 36 0
tr 8 5 2 9 8 4 1.8175964613243738e8 3 1
tr 8 5 2 9 8 4 5.654744546342475e6 4 2
tr 8 5 2 9 8 4 5.3528566656598865e11 5 1
ann 8 5 2 9 8 6 1.509966094884807e-25 36 0
tr 8 5 2 9 8 6 1.1026751865367827e8 4 2
tr 8 5 2 9 8 6 1.3806971558249592e10 5 1
tr 8 5 2 9 8 6 2.837453838144645e11 6 2
ann 8 5 2 9 8 8 5.45800010925066e-26 36 0
tr 8 5 2 9 8 8 2.77439930840809e11 6 2
tr 8 5 2 9 8 8 2.832802650763455e15 7 1
tr 8 5 2 9 8 8 8.100334377183072e14 8 2
ann 8 5 2 11 10 2 1.699868426352576e-30 40 0
tr 8 5 2 11 10 2 2.536483179502314e12 5 1
tr 8 5 2 11 10 2 6.229492964833868e11 6 2
ann 8 5 2 11 10 4 1.9349461268866835e-30 40 0
tr 8 5 2 11 10 4 3.925509682563095e12 5 1
tr 8 5 2 11 10 4 3.0127756154330486e10 6 2
tr 8 5 2 11 10 4 5.494590526696613e15 7 1
ann 8 5 2 11 10 6 1.7734569942148577e-30 40 0
tr 8 5 2 11 10 6 2.617006455042067e12 5 1
tr 8 5 2 11 10 6 5.141803717005729e11 6 2
tr 8 5 2 11 10 6 4.70156412337571e15 7 1
ann 8 5 2 11 10 8 1.1745918445389958e-30 40 0
tr 8 5 2 11 10 8 1.0057192781700114e12 6 2
tr 8 5 2 11 10 8 3.1216321641143865e15 7 1
tr 8 5 2 11 10 8 2.764990790070486e15 8 2
ann 8 5 2 11 10 10 3.618034774734523e-31 40 0
tr 8 5 2 11 10 10 3.618100896097731e15 8 2
tr 8 5 2 11 10 10 3.920893980690455e19 9 1
tr 8 5 2 11 10 10 6.315141488814789e18 10 2
tr 8 5 2 11 10 10 2.1664712790144662e22 11 1
ann 8 5 2 13 12 2 5.9197086834884424e-36 44 0
tr 8 5 2 13 12 2 8.257887748978049e15 7 1
tr 8 5 2 13 12 2 1.349328063558511e15 8 2
ann 8 5 2 13 12 4 6.901046732379491e-36 44 0
tr 8 5 2 13 12 4 1.2845603165076996e16 7 1
tr 8 5 2 13 12 4 3.1484321483031775e14 8 2
tr 8 5 2 13 12 4 1.006214532689019e19 9 1
ann 8 5 2 13 12 6 6.933813174651396e-36 44 0
tr 8 5 2 13 12 6 1.2762190157511552e16 7 1
tr 8 5 2 13 12 6 1.7377709909465612e14 8 2
tr 8 5 2 13 12 6 2.0534086572435198e19 9 1
ann 8 5 2 13 12 8 5.761361862782638e-36 44 0
tr 8 5 2 13 12 8 6.217477256223585e15 7 1
tr 8 5 2 13 12 8 1.7778733984299438e15 8 2
tr 8 5 2 13 12 8 3.888976168221996e18 9 1
ann 8 5 2 13 12 10 3.4981729159862126e-36 44 0
tr 8 5 2 13 12 10 1.6762806328053732e15 8 2
tr 8 5 2 13 12 10 1.9479603842611892e19 9 1
tr 8 5 2 13 12 10 4.2975876524542346e18 10 2
ann 8 5 2 13 12 12 9.367831641963002e-37 44 0
tr 8 5 2 13 12 12 9.027619632058156e18 10 2
tr 8 5 2 13 12 12 1.1430860723178668e23 11 1
tr 8 5 2 13 12 12 1.1322051398054502e22 12 2
tr 8 5 2 13 12 12 4.6953138723604765e25 13 1
ann 8 5 2 15 14 2 9.418292690474914e-42 48 0
tr 8 5 2 15 14 2 8.491388900803286e18 9 1
tr 8 5 2 15 14 2 9.752565670249596e17 10 2
tr 8 5 2 15 14 2 1.5959150992548404e20 11 1
ann 8 5 2 15 14 4 1.113410632283985e-41 48 0
tr 8 5 2 15 14 4 1.2884454563532962e19 9 1
tr 8 5 2 15 14 4 3.8536739347835526e17 10 2
tr 8 5 2 15 14 4 6.05608182888704e21 11 1
ann 8 5 2 15 14 6 1.174104489413925e-41 48 0
tr 8 5 2 15 14 6 1.4646431255981814e19 9 1
tr 8 5 2 15 14 6 1.8504430971359473e22 11 1
ann 8 5 2 15 14 8 1.0833785889034581e-41 48 0
tr 8 5 2 15 14 8 1.1507910272557158e19 9 1
tr 8 5 2 15 14 8 5.162934951088231e17 10 2
tr 8 5 2 15 14 8 1.4794091119171525e22 11 1
ann 8 5 2 15 14 10 8.326852870320545e-42 48 0
tr 8 5 2 15 14 10 4.670857698861441e18 9 1
tr 8 5 2 15 14 10 1.4901647545101693e18 10 2
tr 8 5 2 15 14 10 1.069523522227871e20 11 1
ann 8 5 2 15 14 12 4.664822046627039e-42 48 0
tr 8 5 2 15 14 12 9.558622602943508e17 10 2
tr 8 5 2 15 14 12 2.741367041390408e22 11 1
tr 8 5 2 15 14 12 2.0154067867512335e21 12 2
tr 8 5 2 15 14 12 6.798138114030275e24 13 1
ann 8 5 2 15 14 14 1.1172802286434765e-42 48 0
tr 8 5 2 15 14 14 7.449807229598304e21 12 2
tr 8 5 2 15 14 14 1.1153195343330972e26 13 1
tr 8 5 2 15 14 14 7.255812436978152e24 14 2
tr 8 5 2 15 14 14 3.6155669766620322e28 15 1
ann 8 5 3 8 5 3 4.002776819184165e-19 30 0
ann 8 5 3 8 5 4 1.438416852000954e-18 30 0
tr 8 5 3 8 5 4 1.4082532733727803e6 2 1
ann 8 5 3 8 5 5 9.56908614780701e-19 30 0
tr 8 5 3 8 5 5 287398.6272189339 2 1
ann 8 5 3 8 6 1 7.619827277430225e-21 32 0
tr 8 5 3 8 6 1 2406.0419580419575 2 2
tr 8 5 3 8 6 1 7.183329500129493e7 3 1
ann 8 5 3 8 6 2 1.0800803748060053e-20 32 0
tr 8 5 3 8 6 2 7278.27692307692 2 2
tr 8 5 3 8 6 2 5.4997366485366575e7 3 1
ann 8 5 3 8 6 3 1.3903438920860202e-20 32 0
tr 8 5 3 8 6 3 7308.352447552444 2 2
tr 8 5 3 8 6 3 3.3671857031856687e6 3 1
ann 8 5 3 8 6 4 1.5181925194373982e-20 32 0
tr 8 5 3 8 6 4 451.1328671328674 2 2
tr 8 5 3 8 6 4 3.367185703185713e7 3 1
ann 8 5 3 8 6 5 1.2740193514952966e-20 32 0
tr 8 5 3 8 6 5 9924.923076923074 2 2
tr 8 5 3 8 6 5 7.407808547008547e7 3 1
ann 8 5 3 8 6 6 8.383862164362731e-21 32 0
tr 8 5 3 8 6 6 3.70390427350426e7 3 1
tr 8 5 3 8 6 6 7.111496205128196e7 4 2
ann 8 5 3 8 7 1 2.6759524036680705e-23 34 0
tr 8 5 3 8 7 1 13881.011296395867 2 1
tr 8 5 3 8 7 1 99425.49757934357 3 2
ann 8 5 3 8 7 2 3.62484868281333e-23 34 0
tr 8 5 3 8 7 2 83286.06777837516 2 1
tr 8 5 3 8 7 2 202431.41473910687 3 2
ann 8 5 3 8 7 3 4.5924409548161555e-23 34 0
tr 8 5 3 8 7 3 249858.2033351269 2 1
tr 8 5 3 8 7 3 223087.6815492199 3 2
ann 8 5 3 8 7 4 5.295684228461343e-23 34 0
tr 8 5 3 8 7 4 458073.3727810653 2 1
tr 8 5 3 8 7 4 90887.57396449689 3 2
ann 8 5 3 8 7 5 5.331012259812736e-23 34 0
tr 8 5 3 8 7 5 458073.37278106424 2 1
ann 8 5 3 8 7 6 4.395375226462763e-23 34 0
tr 8 5 3 8 7 6 354461.53846153826 3 2
tr 8 5 3 8 7 6 1.482121846153844e9 4 1
ann 8 5 3 8 7 7 2.897703866338069e-23 34 0
tr 8 5 3 8 7 7 1.6599764676923065e9 4 1
tr 8 5 3 8 7 7 2.0281894296167815e9 5 2
ann 8 5 3 9 8 2 1.5441025705069645e-25 36 0
tr 8 5 3 9 8 2 3.872719732935438e7 3 1
tr 8 5 3 9 8 2 6.964010684203026e7 4 2
tr 8 5 3 9 8 2 4.895199007015793e11 5 1
ann 8 5 3 9 8 4 2.2438146777134826e-25 36 0
tr 8 5 3 9 8 4 1.703996682491601e8 3 1
tr 8 5 3 9 8 4 5.1952965519521594e7 4 2
ann 8 5 3 9 8 6 2.3193832177583734e-25 36 0
tr 8 5 3 9 8 6 1.7229299789637238e8 3 1
tr 8 5 3 9 8 6 2.0675159747564733e7 4 2
tr 8 5 3 9 8 6 6.627346347959855e11 5 1
ann 8 5 3 9 8 8 1.2369872648189656e-25 36 0
tr 8 5 3 9 8 8 6.903485779124808e11 5 1
tr 8 5 3 9 8 8 5.548798616816179e11 6 2
tr 8 5 3 9 8 8 2.614894754550881e15 7 1
ann 8 5 3 11 10 2 1.2820544547194202e-30 40 0
tr 8 5 3 11 10 2 7.926509935944733e11 5 1
tr 8 5 3 11 10 2 7.35580754106499e11 6 2
tr 8 5 3 11 10 2 6.861415586623315e15 7 1
ann 8 5 3 11 10 4 1.8414262804579192e-30 40 0
tr 8 5 3 11 10 4 2.5761157291820396e12 5 1
tr 8 5 3 11 10 4 7.637386185122764e11 6 2
tr 8 5 3 11 10 4 5.3034788380971956e14 7 1
ann 8 5 3 11 10 6 2.186850930312718e-30 40 0
tr 8 5 3 11 10 6 4.416198392883492e12 5 1
tr 8 5 3 11 10 6 9.038326846299084e10 6 2
tr 8 5 3 11 10 6 3.953094350089544e15 7 1
ann 8 5 3 11 10 8 1.9845044411330136e-30 40 0
tr 8 5 3 11 10 8 2.502512422633979e12 5 1
tr 8 5 3 11 10 8 6.844478420879247e11 6 2
tr 8 5 3 11 10 8 7.687219308757645e15 7 1
ann 8 5 3 11 10 10 9.753471198667455e-31 40 0
tr 8 5 3 11 10 10 1.3839235927573806e16 7 1
tr 8 5 3 11 10 10 5.427151344146593e15 8 2
tr 8 5 3 11 10 10 2.767689868722678e19 9 1
ann 8 5 3 13 12 2 4.204520922061857e-36 44 0
tr 8 5 3 13 12 2 2.709619417633427e15 7 1
tr 8 5 3 13 12 2 1.4775845070998752e15 8 2
tr 8 5 3 13 12 2 1.9923047747242435e19 9 1
ann 8 5 3 13 12 4 6.022120194021143e-36 44 0
tr 8 5 3 13 12 4 7.225651780355818e15 7 1
tr 8 5 3 13 12 4 1.6913452463354872e15 8 2
tr 8 5 3 13 12 4 4.519580275994798e18 9 1
ann 8 5 3 13 12 6 7.517952385327977e-36 44 0
tr 8 5 3 13 12 6 1.3161008599933804e16 7 1
tr 8 5 3 13 12 6 7.917719077500292e14 8 2
tr 8 5 3 13 12 6 2.375784313293518e18 9 1
ann 8 5 3 13 12 8 7.974295225358116e-36 44 0
tr 8 5 3 13 12 8 1.515510081204501e16 7 1
tr 8 5 3 13 12 8 1.5873869628838863e13 8 2
tr 8 5 3 13 12 8 2.1875490946248704e19 9 1
ann 8 5 3 13 12 10 6.625841680178139e-36 44 0
tr 8 5 3 13 12 10 6.411773420480578e15 7 1
tr 8 5 3 13 12 10 2.1128120475984442e15 8 2
tr 8 5 3 13 12 10 1.3750308594784895e19 9 1
ann 8 5 3 13 12 12 2.9366835411889732e-36 44 0
tr 8 5 3 13 12 12 4.978120982000805e19 9 1
tr 8 5 3 13 12 12 1.083314355846979e19 10 2
tr 8 5 3 13 12 12 6.531920413244948e22 11 1
ann 8 5 3 15 14 2 6.307976330492121e-42 48 0
tr 8 5 3 15 14 2 2.865843754021109e18 9 1
tr 8 5 3 15 14 2 1.0182011033570263e18 10 2
tr 8 5 3 15 14 2 1.9489710140785854e22 11 1
ann 8 5 3 15 14 4 8.998481338730592e-42 48 0
tr 8 5 3 15 14 4 6.643546884321655e18 9 1
tr 8 5 3 15 14 4 1.2042731046198607e18 10 2
tr 8 5 3 15 14 4 6.952672275038645e21 11 1
ann 8 5 3 15 14 6 1.1534065884332667e-41 48 0
tr 8 5 3 15 14 6 1.1900225395485237e19 9 1
tr 8 5 3 15 14 6 8.448439010871631e17 10 2
ann 8 5 3 15 14 8 1.313656959693878e-41 48 0
tr 8 5 3 15 14 8 1.6182998820783497e19 9 1
tr 8 5 3 15 14 8 1.5488804853264637e17 10 2
tr 8 5 3 15 14 8 1.0844317501072651e22 11 1
ann 8 5 3 15 14 10 1.2878328556000218e-41 48 0
tr 8 5 3 15 14 10 1.4888358915120826e19 9 1
tr 8 5 3 15 14 10 2.095544186029908e17 10 2
tr 8 5 3 15 14 10 2.4469806918971857e22 11 1
ann 8 5 3 15 14 12 9.936811055336902e-42 48 0
tr 8 5 3 15 14 12 5.270933167117937e18 9 1
tr 8 5 3 15 14 12 1.7922417380519096e18 10 2
tr 8 5 3 15 14 12 6.696999788350205e21 11 1
ann 8 5 3 15 14 14 3.996544668007137e-42 48 0
tr 8 5 3 15 14 14 5.620613490188002e22 11 1
tr 8 5 3 15 14 14 7.449807229598316e21 12 2
tr 8 5 3 15 14 14 5.353533764798876e25 13 1
ann 8 5 4 8 5 4 5.18579993825372e-19 30 0
ann 8 5 4 8 5 5 1.7594223434811216e-18 30 0
tr 8 5 4 8 5 5 1.293293822485208e6 2 1
ann 8 5 4 8 6 1 4.610366806749313e-21 32 0
tr 8 5 4 8 6 1 1.3468742812742805e7 3 1
tr 8 5 4 8 6 1 4.597330880082884e7 4 2
ann 8 5 4 8 6 2 7.128966446342622e-21 32 0
tr 8 5 4 8 6 2 1082.7188811188807 2 2
tr 8 5 4 8 6 2 5.050778554778551e7 3 1
ann 8 5 4 8 6 3 1.087630965898946e-20 32 0
tr 8 5 4 8 6 3 5082.7636363636375 2 2
tr 8 5 4 8 6 3 8.081245687645689e7 3 1
ann 8 5 4 8 6 4 1.5769451211148916e-20 32 0
tr 8 5 4 8 6 4 9624.16783216784 2 2
tr 8 5 4 8 6 4 5.050778554778551e7 3 1
ann 8 5 4 8 6 5 1.9908434972805198e-20 32 0
tr 8 5 4 8 6 5 4962.461538461542 2 2
ann 8 5 4 8 6 6 1.651144991323038e-20 32 0
tr 8 5 4 8 6 6 6616.615384615388 2 2
tr 8 5 4 8 6 6 1.1111712820512813e8 3 1
ann 8 5 4 8 7 1 1.551032130422219e-23 34 0
tr 8 5 4 8 7 1 7436.256051640657 3 2
tr 8 5 4 8 7 1 6.579377258310916e8 4 1
ann 8 5 4 8 7 2 2.3313591751284037e-23 34 0
tr 8 5 4 8 7 2 4627.003765465282 2 1
tr 8 5 4 8 7 2 44433.92504930963 3 2
ann 8 5 4 8 7 3 3.395914958675545e-23 34 0
tr 8 5 4 8 7 3 37016.03012372241 2 1
tr 8 5 4 8 7 3 132659.13573605896 3 2
ann 8 5 4 8 7 4 4.743718513183808e-23 34 0
tr 8 5 4 8 7 4 152691.12426035502 2 1
tr 8 5 4 8 7 4 242366.8639053253 3 2
ann 8 5 4 8 7 5 6.193581717080893e-23 34 0
tr 8 5 4 8 7 5 407176.33136094623 2 1
tr 8 5 4 8 7 5 247416.1735700196 3 2
ann 8 5 4 8 7 6 7.132072817963475e-23 34 0
tr 8 5 4 8 7 6 661661.5384615384 2 1
ann 8 5 4 8 7 7 6.053011122466217e-23 34 0
tr 8 5 4 8 7 7 275692.30769230745 3 2
tr 8 5 4 8 7 7 3.7349470523076954e9 4 1
ann 8 5 4 9 8 2 9.565400640751244e-26 36 0
tr 8 5 4 9 8 2 3.442417540387083e6 3 1
tr 8 5 4 9 8 2 1.8099466445679527e7 4 2
tr 8 5 4 9 8 2 4.967613193510092e11 5 1
ann 8 5 4 9 8 4 1.8543480967897802e-25 36 0
tr 8 5 4 9 8 4 5.048879059234366e7 3 1
tr 8 5 4 9 8 4 7.539659395123306e7 4 2
tr 8 5 4 9 8 4 6.425552148262343e11 5 1
ann 8 5 4 9 8 6 2.9160977090774786e-25 36 0
tr 8 5 4 9 8 6 2.2972399719516337e8 3 1
tr 8 5 4 9 8 6 6.4322719214645736e7 4 2
ann 8 5 4 9 8 8 2.7487313494876007e-25 36 0
tr 8 5 4 9 8 8 1.2251946517075367e8 4 2
tr 8 5 4 9 8 8 1.2426274402424688e12 5 1
tr 8 5 4 9 8 8 4.5399261410314343e11 6 2
ann 8 5 4 11 10 2 7.200753094872068e-31 40 0
tr 8 5 4 11 10 2 1.0065409442469505e11 5 1
tr 8 5 4 11 10 2 2.2325439816926862e11 6 2
tr 8 5 4 11 10 2 7.057507254600419e15 7 1
ann 8 5 4 11 10 4 1.336900837679172e-30 40 0
tr 8 5 4 11 10 4 6.869641944485453e11 5 1
tr 8 5 4 11 10 4 6.748617378570001e11 6 2
tr 8 5 4 11 10 4 9.429730391136346e15 7 1
ann 8 5 4 11 10 6 2.1336296404163967e-30 40 0
tr 8 5 4 11 10 6 2.617006455042067e12 5 1
tr 8 5 4 11 10 6 9.841733677081272e11 6 2
tr 8 5 4 11 10 6 3.8066962363295555e15 7 1
ann 8 5 4 11 10 8 2.7950962056289097e-30 40 0
tr 8 5 4 11 10 8 5.561138716964401e12 5 1
tr 8 5 4 11 10 8 2.7315832246593054e11 6 2
tr 8 5 4 11 10 8 1.1670101782766218e15 7 1
ann 8 5 4 11 10 10 2.4719845531111264e-30 40 0
tr 8 5 4 11 10 10 1.7693209523361318e12 6 2
tr 8 5 4 11 10 10 1.7793303335452056e16 7 1
tr 8 5 4 11 10 10 3.2562908064879605e15 8 2
tr 8 5 4 11 10 10 1.0378837007710013e19 9 1
ann 8 5 4 13 12 2 2.1410209937238784e-36 44 0
tr 8 5 4 13 12 2 4.0142509890865356e14 7 1
tr 8 5 4 13 12 2 4.8210367270892475e14 8 2
tr 8 5 4 13 12 2 2.0461093018194194e19 9 1
ann 8 5 4 13 12 4 3.8668040336827895e-36 44 0
tr 8 5 4 13 12 4 1.835086166439568e15 7 1
tr 8 5 4 13 12 4 1.1994027231631172e15 8 2
tr 8 5 4 13 12 4 2.710723317461746e19 9 1
ann 8 5 4 13 12 6 6.212818895548593e-36 44 0
tr 8 5 4 13 12 6 5.849337155526129e15 7 1
tr 8 5 4 13 12 6 1.927477657458228e15 8 2
tr 8 5 4 13 12 6 1.873701895084142e19 9 1
ann 8 5 4 13 12 8 8.759652950587844e-36 44 0
tr 8 5 4 13 12 8 1.3471200721817774e16 7 1
tr 8 5 4 13 12 8 1.6508824413992308e15 8 2
tr 8 5 4 13 12 8 1.7361500750991076e18 9 1
ann 8 5 4 13 12 10 1.0325802060882272e-35 44 0
tr 8 5 4 13 12 10 1.9947739530384016e16 7 1
tr 8 5 4 13 12 10 1.1640837727815203e14 8 2
tr 8 5 4 13 12 10 1.247713187304554e19 9 1
ann 8 5 4 13 12 12 8.473768838054026e-36 44 0
tr 8 5 4 13 12 12 4.2838282838359595e15 8 2
tr 8 5 4 13 12 12 4.978120982000815e19 9 1
tr 8 5 4 13 12 12 5.131489054012004e18 10 2
tr 8 5 4 13 12 12 1.9595761239734834e22 11 1
ann 8 5 4 15 14 2 2.94830784506027e-42 48 0
tr 8 5 4 15 14 2 4.6316666731654106e17 9 1
tr 8 5 4 15 14 2 3.4632690590374944e17 10 2
tr 8 5 4 15 14 2 1.9921735642402318e22 11 1
ann 8 5 4 15 14 4 5.1818352873685397e-42 48 0
tr 8 5 4 15 14 4 1.6403819467460856e18 9 1
tr 8 5 4 15 14 4 7.536073472465596e17 10 2
tr 8 5 4 15 14 4 2.5928179743234013e22 11 1
ann 8 5 4 15 14 6 8.301755424173437e-42 48 0
tr 8 5 4 15 14 6 4.5334191982800927e18 9 1
tr 8 5 4 15 14 6 1.2203300793481224e18 10 2
tr 8 5 4 15 14 6 2.21815585249215e22 11 1
ann 8 5 4 15 14 8 1.2072095960907526e-41 48 0
tr 8 5 4 15 14 8 1.0069421488487508e19 9 1
tr 8 5 4 15 14 8 1.3767826536235277e18 10 2
tr 8 5 4 15 14 8 8.516243799318933e21 11 1
ann 8 5 4 15 14 10 1.5643795164430863e-41 48 0
tr 8 5 4 15 14 10 1.7645462417920987e19 9 1
tr 8 5 4 15 14 10 7.916500258335286e17 10 2
tr 8 5 4 15 14 10 1.5240710191747147e20 11 1
ann 8 5 4 15 14 12 1.712699937058645e-41 48 0
tr 8 5 4 15 14 12 2.108373266847178e19 9 1
tr 8 5 4 15 14 12 2.1029506255805533e22 11 1
ann 8 5 4 15 14 14 1.3017352647194231e-41 48 0
tr 8 5 4 15 14 14 3.34551791103023e18 10 2
tr 8 5 4 15 14 14 4.598683764699289e22 11 1
tr 8 5 4 15 14 14 2.9151419594080277e21 12 2
tr 8 5 4 15 14 14 1.3383834411997151e25 13 1
ann 8 5 5 8 5 5 8.797111717405614e-19 30 0
ann 8 5 5 8 6 1 2.321321053041936e-21 32 0
tr 8 5 5 8 6 1 3.591664750064736e6 4 2
tr 8 5 5 8 6 1 1.522459078335721e11 5 1
ann 8 5 5 8 6 2 3.935696310406623e-21 32 0
tr 8 5 5 8 6 2 3.3671857031856687e6 3 1
tr 8 5 5 8 6 2 1.7958323750323717e7 4 2
ann 8 5 5 8 6 3 6.616466078571824e-21 32 0
tr 8 5 5 8 6 3 300.75524475524423 2 2
tr 8 5 5 8 6 3 2.020311421911422e7 3 1
ann 8 5 5 8 6 4 1.1253337660509278e-20 32 0
tr 8 5 5 8 6 4 2255.6643356643353 2 2
tr 8 5 5 8 6 4 6.060934265734253e7 3 1
ann 8 5 5 8 6 5 1.962912324980563e-20 32 0
tr 8 5 5 8 6 5 8270.769230769232 2 2
tr 8 5 5 8 6 5 1.111171282051281e8 3 1
ann 8 5 5 8 6 6 3.5217489932681914e-20 32 0
tr 8 5 5 8 6 6 16541.538461538454 2 2
tr 8 5 5 8 6 6 1.1111712820512791e8 3 1
ann 8 5 5 8 7 1 6.548869537260621e-24 34 0
tr 8 5 5 8 7 1 2.4874772243140936e7 4 1
tr 8 5 5 8 7 1 1.6547000008528516e8 5 2
ann 8 5 5 8 7 2 1.1120909376178621e-23 34 0
tr 8 5 5 8 7 2 1377.0844540075138 3 2
tr 8 5 5 8 7 2 1.679047126412057e8 4 1
ann 8 5 5 8 7 3 1.8497248877231144e-23 34 0
tr 8 5 5 8 7 3 925.4007530930287 2 1
tr 8 5 5 8 7 3 11475.70378339605 3 2
ann 8 5 5 8 7 4 3.0393521198773636e-23 34 0
tr 8 5 5 8 7 4 10179.40828402366 2 1
tr 8 5 5 8 7 4 50493.096646942795 3 2
ann 8 5 5 8 7 5 4.966776068428792e-23 34 0
tr 8 5 5 8 7 5 61076.44970414185 2 1
tr 8 5 5 8 7 5 151479.28994082822 3 2
ann 8 5 5 8 7 6 8.107365246673892e-23 34 0
tr 8 5 5 8 7 6 264664.6153846152 2 1
tr 8 5 5 8 7 6 328205.1282051281 3 2
ann 8 5 5 8 7 7 1.3243250557193017e-22 34 0
tr 8 5 5 8 7 7 926326.1538461525 2 1
tr 8 5 5 8 7 7 459487.1794871791 3 2
ann 8 5 5 9 8 2 3.9789551516377106e-26 36 0
tr 8 5 5 9 8 2 57373.6256731125 3 1
tr 8 5 5 9 8 2 937102.5526609219 4 2
tr 8 5 5 9 8 2 6.758657406136157e10 5 1
ann 8 5 5 9 8 4 1.053953075805293e-25 36 0
tr 8 5 5 9 8 4 3.786659294425731e6 3 1
tr 8 5 5 9 8 4 1.4725897256100196e7 4 2
tr 8 5 5 9 8 4 3.98278025718739e11 5 1
ann 8 5 5 9 8 6 2.6059476524607524e-25 36 0
tr 8 5 5 9 8 6 5.743099929879077e7 3 1
tr 8 5 5 9 8 6 8.04033990183072e7 4 2
tr 8 5 5 9 8 6 9.664880090774739e11 5 1
ann 8 5 5 9 8 8 6.141694027278735e-25 36 0
tr 8 5 5 9 8 8 4.594479943903272e8 3 1
tr 8 5 5 9 8 8 1.531493314634423e8 4 2
tr 8 5 5 9 8 8 6.903485779124808e11 5 1
ann 8 5 5 11 10 2 2.4007215555507713e-31 40 0
tr 8 5 5 11 10 2 3.774528540925983e9 5 1
tr 8 5 5 11 10 2 1.7381397781344387e10 6 2
tr 8 5 5 11 10 2 1.2101349887860742e15 7 1
ann 8 5 5 11 10 4 5.981283195039032e-31 40 0
tr 8 5 5 11 10 4 5.724701620404507e10 5 1
tr 8 5 5 11 10 4 1.2302167096351602e11 6 2
tr 8 5 5 11 10 4 4.568035483595445e15 7 1
ann 8 5 5 11 10 6 1.3708362710807073e-30 40 0
tr 8 5 5 11 10 6 4.579761296323609e11 5 1
tr 8 5 5 11 10 6 5.0212926923884076e11 6 2
tr 8 5 5 11 10 6 1.0487836569479348e16 7 1
ann 8 5 5 11 10 8 2.930288176736512e-30 40 0
tr 8 5 5 11 10 8 2.50251242263398e12 5 1
tr 8 5 5 11 10 8 1.2804296365590437e12 6 2
tr 8 5 5 11 10 8 1.426345773449191e16 7 1
ann 8 5 5 11 10 10 5.903681730551583e-30 40 0
tr 8 5 5 11 10 10 1.0566163562232352e13 5 1
tr 8 5 5 11 10 10 1.4744341269467766e12 6 2
tr 8 5 5 11 10 10 6.843578205943091e15 7 1
ann 8 5 5 13 12 2 6.06512843530911e-37 44 0
tr 8 5 5 13 12 2 2.0071254945432516e13 7 1
tr 8 5 5 13 12 2 4.5094731290800484e13 8 2
tr 8 5 5 13 12 2 3.9456653203129334e18 9 1
ann 8 5 5 13 12 4 1.420088647055048e-36 44 0
tr 8 5 5 13 12 4 1.6057003956346188e14 7 1
tr 8 5 5 13 12 4 2.1083250993101678e14 8 2
tr 8 5 5 13 12 4 1.1529541520394953e19 9 1
ann 8 5 5 13 12 6 3.083821600549637e-36 44 0
tr 8 5 5 13 12 6 8.774005733289191e14 7 1
tr 8 5 5 13 12 6 6.969185744941949e14 8 2
tr 8 5 5 13 12 6 2.4391385616479973e19 9 1
ann 8 5 5 13 12 8 6.280319306325354e-36 44 0
tr 8 5 5 13 12 8 3.704580198499891e15 7 1
tr 8 5 5 13 12 8 1.7196692097908722e15 8 2
tr 8 5 5 13 12 8 3.76165849604805e19 9 1
ann 8 5 5 13 12 10 1.2100166316174322e-35 44 0
tr 8 5 5 13 12 10 1.2966030694749612e16 7 1
tr 8 5 5 13 12 10 3.05571990355147e15 8 2
tr 8 5 5 13 12 10 3.819530165218017e19 9 1
ann 8 5 5 13 12 12 2.2210631940472942e-35 44 0
tr 8 5 5 13 12 12 3.93255436456142e16 7 1
tr 8 5 5 13 12 12 2.677392677397472e15 8 2
tr 8 5 5 13 12 12 1.4641532300002337e19 9 1
ann 8 5 5 15 14 2 7.378994935815592e-43 48 0
tr 8 5 5 15 14 2 2.7018055593464716e16 9 1
tr 8 5 5 15 14 2 3.6017998213989884e16 10 2
tr 8 5 5 15 14 2 4.1258032395507823e21 11 1
ann 8 5 5 15 14 4 1.629645797499511e-42 48 0
tr 8 5 5 15 14 4 1.476343752071473e17 9 1
tr 8 5 5 15 14 4 1.2952626280800267e17 10 2
tr 8 5 5 15 14 4 1.017395875774939e22 11 1
ann 8 5 5 15 14 6 3.372494830279245e-42 48 0
tr 8 5 5 15 14 6 6.233451397635123e17 9 1
tr 8 5 5 15 14 6 3.660990238044381e17 10 2
tr 8 5 5 15 14 6 1.9969547148475043e22 11 1
ann 8 5 5 15 14 8 6.599804049747293e-42 48 0
tr 8 5 5 15 14 8 2.1817079891722977e18 9 1
tr 8 5 5 15 14 8 8.432793753444122e17 10 2
tr 8 5 5 15 14 8 3.1541643701181097e22 11 1
ann 8 5 5 15 14 10 1.2303051872069563e-41 48 0
tr 8 5 5 15 14 10 6.617048406720371e18 9 1
tr 8 5 5 15 14 10 1.5833000516670566e18 10 2
tr 8 5 5 15 14 10 3.886381098895525e22 11 1
ann 8 5 5 15 14 12 2.19779436577791e-41 48 0
tr 8 5 5 15 14 12 1.7921172768200997e19 9 1
tr 8 5 5 15 14 12 2.27017286819909e18 10 2
tr 8 5 5 15 14 12 3.30215387487855e22 11 1
ann 8 5 5 15 14 14 3.780846219663529e-41 48 0
tr 8 5 5 15 14 14 4.427583860379066e19 9 1
tr 8 5 5 15 14 14 1.6727589555151142e18 10 2
tr 8 5 5 15 14 14 1.0949247058807764e22 11 1
ann 8 6 1 8 6 1 3.08907374828108e-23 34 0
ann 8 6 1 8 6 2 1.1415114048090045e-22 34 0
tr 8 6 1 8 6 2 205950.9421487599 2 1
ann 8 6 1 8 6 3 8.771711051451261e-23 34 0
tr 8 6 1 8 6 3 823803.7685950404 2 1
ann 8 6 1 8 6 4 5.741033493742598e-23 34 0
tr 8 6 1 8 6 4 735539.0791027148 3 2
tr 8 6 1 8 6 4 4.493897142857143e9 4 1
ann 8 6 1 8 6 5 3.350590047361113e-23 34 0
tr 8 6 1 8 6 5 1.9773147428571494e9 4 1
ann 8 6 1 8 6 6 1.6027048934406196e-23 34 0
tr 8 6 1 8 6 6 5.033164799999998e8 5 2
tr 8 6 1 8 6 6 8.919406548166982e12 6 1
ann 8 6 1 8 7 1 4.693964747190028e-25 36 0
tr 8 6 1 8 7 1 567.1384615384619 2 2
tr 8 6 1 8 7 1 1.782810132413031e7 3 1
ann 8 6 1 8 7 2 4.532407833424707e-25 36 0
tr 8 6 1 8 7 2 2268.55384615385 2 2
tr 8 6 1 8 7 2 1.678194178185449e7 3 1
ann 8 6 1 8 7 3 3.801247513778923e-25 36 0
tr 8 6 1 8 7 3 7089.230769230773 2 2
tr 8 6 1 8 7 3 602626.4644446527 3 1
ann 8 6 1 8 7 4 2.7724116472041605e-25 36 0
tr 8 6 1 8 7 4 3.9773346653346695e7 3 1
ann 8 6 1 8 7 5 1.7823260086954982e-25 36 0
tr 8 6 1 8 7 5 3.818241278721276e7 4 2
tr 8 6 1 8 7 5 8.027465893350288e10 5 1
ann 8 6 1 8 7 6 1.0139272186435992e-25 36 0
tr 8 6 1 8 7 6 8.152895047933887e10 5 1
tr 8 6 1 8 7 6 8.919406548166978e10 6 2
ann 8 6 1 8 7 7 4.452709485435236e-26 36 0
tr 8 6 1 8 7 7 1.9113014031786346e10 6 2
tr 8 6 1 8 7 7 1.8350365765767022e14 7 1
ann 8 6 1 9 8 2 2.229794718864989e-27 38 0
tr 8 6 1 9 8 2 1.4308321438926624e6 2 1
tr 8 6 1 9 8 2 159691.08748802048 3 2
tr 8 6 1 9 8 2 4.299639876036704e9 4 1
ann 8 6 1 9 8 4 1.5960668249127336e-27 38 0
tr 8 6 1 9 8 4 1.1710679749121491e6 3 2
tr 8 6 1 9 8 4 2.090049938478982e9 4 1
tr 8 6 1 9 8 4 3.475816382537173e9 5 2
ann 8 6 1 9 8 6 7.27581566233565e-28 38 0
tr 8 6 1 9 8 6 7.746105081082833e9 5 2
tr 8 6 1 9 8 6 8.147351490319925e12 6 1
ann 8 6 1 9 8 8 1.5920878087118686e-28 38 0
tr 8 6 1 9 8 8 4.364652584099942e12 7 2
tr 8 6 1 9 8 8 4.1424300111420696e16 8 1
tr 8 6 1 9 8 8 1.7204693148443392e16 9 2
ann 8 6 1 11 10 2 2.466939797793528e-32 42 0
tr 8 6 1 11 10 2 1.812756953486143e10 4 1
tr 8 6 1 11 10 2 5.767863033819498e7 5 2
tr 8 6 1 11 10 2 4.191697152932977e13 6 1
ann 8 6 1 11 10 4 2.1076775638091165e-32 42 0
tr 8 6 1 11 10 4 8.416371569757078e9 4 1
tr 8 6 1 11 10 4 6.788568795697231e9 5 2
tr 8 6 1 11 10 4 2.5021865657814185e12 6 1
ann 8 6 1 11 10 6 1.341695811250967e-32 42 0
tr 8 6 1 11 10 6 4.4632273475984335e9 5 2
tr 8 6 1 11 10 6 5.695212520095068e13 6 1
tr 8 6 1 11 10 6 2.833573626298787e12 7 2
tr 8 6 1 11 10 6 9.656432481197026e16 8 1
ann 8 6 1 11 10 8 5.6740809194994026e-33 42 0
tr 8 6 1 11 10 8 4.971877202137087e13 7 2
tr 8 6 1 11 10 8 6.242365587663793e15 8 1
tr 8 6 1 11 10 8 4.0989754105646504e16 9 2
tr 8 6 1 11 10 8 2.0329351926598717e20 10 1
ann 8 6 1 11 10 10 9.680007685989179e-34 42 0
tr 8 6 1 11 10 10 4.272552446667651e16 9 2
tr 8 6 1 11 10 10 4.6243831414631996e20 10 1
tr 8 6 1 11 10 10 1.1340788695826948e20 11 2
tr 8 6 1 11 10 10 3.910399242093092e23 12 1
ann 8 6 1 13 12 2 1.0896274442582431e-37 46 0
tr 8 6 1 13 12 2 5.2857471751563914e13 6 1
tr 8 6 1 13 12 2 5.477894872212415e10 7 2
tr 8 6 1 13 12 2 9.213848236184083e16 8 1
ann 8 6 1 13 12 4 1.0071053649246844e-37 46 0
tr 8 6 1 13 12 4 3.91536827789364e13 6 1
tr 8 6 1 13 12 4 5.891780262557406e12 7 2
tr 8 6 1 13 12 4 4.231962534613009e16 8 1
ann 8 6 1 13 12 6 7.636683059301552e-38 46 0
tr 8 6 1 13 12 6 1.1669831425669965e13 6 1
tr 8 6 1 13 12 6 1.2795508723586172e13 7 2
tr 8 6 1 13 12 6 1.862432876586912e16 8 1
ann 8 6 1 13 12 8 4.4537282543727494e-38 46 0
tr 8 6 1 13 12 8 4.124382386304487e12 7 2
tr 8 6 1 13 12 8 1.622654200712246e17 8 1
tr 8 6 1 13 12 8 1.3753766599776252e15 9 2
tr 8 6 1 13 12 8 2.8876449776045615e20 10 1
ann 8 6 1 13 12 10 1.7064673718116061e-38 46 0
tr 8 6 1 13 12 10 7.34844101188048e16 9 2
tr 8 6 1 13 12 10 1.0865384828865907e19 10 1
tr 8 6 1 13 12 10 9.365579947629167e19 11 2
tr 8 6 1 13 12 10 2.3994722841939555e23 12 1
ann 8 6 1 13 12 12 2.413104316680038e-39 46 0
tr 8 6 1 13 12 12 9.630682007403812e19 11 2
tr 8 6 1 13 12 12 1.2441549763176293e24 12 1
tr 8 6 1 13 12 12 1.9435320340109694e23 13 2
tr 8 6 1 13 12 12 8.235825973271094e26 14 1
ann 8 6 1 15 14 2 2.1864094022324823e-43 50 0
tr 8 6 1 15 14 2 5.106833000386406e16 8 1
tr 8 6 1 15 14 2 1.9546328647677666e14 9 2
tr 8 6 1 15 14 2 7.267715091743254e19 10 1
ann 8 6 1 15 14 4 2.1054165159349422e-43 50 0
tr 8 6 1 15 14 4 4.5201802838131304e16 8 1
tr 8 6 1 15 14 4 1.7300923951787565e15 9 2
tr 8 6 1 15 14 4 5.8997397217722204e19 10 1
ann 8 6 1 15 14 6 1.7528406725117018e-43 50 0
tr 8 6 1 15 14 6 2.4468212362521064e16 8 1
tr 8 6 1 15 14 6 6.555620756660262e15 9 2
tr 8 6 1 15 14 6 9.949583607560086e17 10 1
ann 8 6 1 15 14 8 1.2175239974859053e-43 50 0
tr 8 6 1 15 14 8 5.767507199737114e15 8 1
tr 8 6 1 15 14 8 6.677702469730719e15 9 2
tr 8 6 1 15 14 8 6.162715450737656e19 10 1
ann 8 6 1 15 14 10 6.544998863441181e-44 50 0
tr 8 6 1 15 14 10 1.4933121711600028e15 9 2
tr 8 6 1 15 14 10 1.3413049321627365e20 10 1
tr 8 6 1 15 14 10 7.510491581175508e18 11 2
tr 8 6 1 15 14 10 1.9655043839210074e23 12 1
ann 8 6 1 15 14 12 2.2876994849820194e-44 50 0
tr 8 6 1 15 14 12 3.9951121653505425e19 11 2
tr 8 6 1 15 14 12 6.3226015147108925e22 12 1
tr 8 6 1 15 14 12 6.1729541415816514e22 13 2
tr 8 6 1 15 14 12 6.38598346227164e25 14 1
ann 8 6 1 15 14 14 2.822141626605356e-45 50 0
tr 8 6 1 15 14 14 7.64270512767251e22 13 2
tr 8 6 1 15 14 14 1.1762869829338809e27 14 1
tr 8 6 1 15 14 14 1.2397953582777612e26 15 2
tr 8 6 1 15 14 14 6.35110475084184e29 16 1
ann 8 6 2 8 6 2 3.220738331690045e-23 34 0
ann 8 6 2 8 6 3 1.196774042416893e-22 34 0
tr 8 6 2 8 6 3 514877.3553719026 2 1
ann 8 6 2 8 6 4 8.970043170648016e-23 34 0
tr 8 6 2 8 6 4 617852.8264462795 2 1
ann 8 6 2 8 6 5 5.552946343024393e-23 34 0
tr 8 6 2 8 6 5 404546.49350649305 3 2
tr 8 6 2 8 6 5 4.844421119999994e9 4 1
ann 8 6 2 8 6 6 2.922584317574152e-23 34 0
tr 8 6 2 8 6 6 5.931944228571393e8 4 1
tr 8 6 2 8 6 6 2.0132659199999964e9 5 2
ann 8 6 2 8 7 1 4.218002194729027e-25 36 0
tr 8 6 2 8 7 1 5907.69230769231 2 2
tr 8 6 2 8 7 1 4.250525329216192e6 3 1
ann 8 6 2 8 7 2 4.834542394435158e-25 36 0
tr 8 6 2 8 7 2 2126.7692307692314 2 2
tr 8 6 2 8 7 2 7.086887221869053e6 3 1
ann 8 6 2 8 7 3 4.826756394251656e-25 36 0
tr 8 6 2 8 7 3 708.9230769230769 2 2
tr 8 6 2 8 7 3 2.468357998365287e7 3 1
ann 8 6 2 8 7 4 4.1088332588347583e-25 36 0
tr 8 6 2 8 7 4 7798.153846153837 2 2
tr 8 6 2 8 7 4 2.6515564435564675e6 3 1
ann 8 6 2 8 7 5 2.9468881999411923e-25 36 0
tr 8 6 2 8 7 5 3.579601198801192e7 3 1
tr 8 6 2 8 7 5 2.338672783216781e7 4 2
ann 8 6 2 8 7 6 1.7938993411823057e-25 36 0
tr 8 6 2 8 7 6 2.4818568311688267e7 4 2
tr 8 6 2 8 7 6 1.377839263100826e11 5 1
ann 8 6 2 8 7 7 8.886532196852898e-26 36 0
tr 8 6 2 8 7 7 2.853513266776843e10 5 1
tr 8 6 2 8 7 7 6.371004677262128e10 6 2
ann 8 6 2 9 8 2 2.2792293447930448e-27 38 0
tr 8 6 2 9 8 2 1.3414051348993708e6 2 1
tr 8 6 2 9 8 2 532303.6249600673 3 2
ann 8 6 2 9 8 4 2.191259510888101e-27 38 0
tr 8 6 2 9 8 4 983697.0989262059 2 1
tr 8 6 2 9 8 4 702640.7849472894 3 2
tr 8 6 2 9 8 4 3.270032418031706e9 4 1
ann 8 6 2 9 8 6 1.2624094406504817e-27 38 0
tr 8 6 2 9 8 6 9.129338131276173e9 4 1
tr 8 6 2 9 8 6 1.9365262702707083e9 5 2
ann 8 6 2 9 8 8 3.5031561176201146e-28 38 0
tr 8 6 2 9 8 8 8.1473514903199e12 6 1
tr 8 6 2 9 8 8 1.247043595457128e13 7 2
tr 8 6 2 9 8 8 5.523240014856092e16 8 1
ann 8 6 2 11 10 2 2.392215641997917e-32 42 0
tr 8 6 2 11 10 2 1.4162163699110468e10 4 1
tr 8 6 2 11 10 2 4.325897275364645e9 5 2
tr 8 6 2 11 10 2 3.5928832739425103e12 6 1
ann 8 6 2 11 10 4 2.5607159569472814e-32 42 0
tr 8 6 2 11 10 4 1.841081280884354e10 4 1
tr 8 6 2 11 10 4 2.677936408559091e8 5 2
tr 8 6 2 11 10 4 4.448331672500267e13 6 1
ann 8 6 2 11 10 6 2.0592487441526864e-32 42 0
tr 8 6 2 11 10 6 5.260232231098152e9 4 1
tr 8 6 2 11 10 6 8.747925601292942e9 5 2
tr 8 6 2 11 10 6 7.413886120833848e11 6 1
ann 8 6 2 11 10 8 1.1067292419802128e-32 42 0
tr 8 6 2 11 10 8 9.28083744398921e13 6 1
tr 8 6 2 11 10 8 3.5513408586693207e11 7 2
tr 8 6 2 11 10 8 1.1704435476869635e17 8 1
ann 8 6 2 11 10 10 2.564229211148176e-33 42 0
tr 8 6 2 11 10 10 1.1860494616561186e17 8 1
tr 8 6 2 11 10 10 9.494560992594792e16 9 2
tr 8 6 2 11 10 10 4.8677717278560014e20 10 1
ann 8 6 2 13 12 2 1.0206438848573764e-37 46 0
tr 8 6 2 13 12 2 3.854190648551538e13 6 1
tr 8 6 2 13 12 2 7.669052821097488e12 7 2
tr 8 6 2 13 12 2 3.694570466725623e15 8 1
ann 8 6 2 13 12 4 1.1361098255840124e-37 46 0
tr 8 6 2 13 12 4 5.5059866407879234e13 6 1
tr 8 6 2 13 12 4 2.43461994320555e11 7 2
tr 8 6 2 13 12 4 8.620664422359832e16 8 1
ann 8 6 2 13 12 6 1.0509808033769865e-37 46 0
tr 8 6 2 13 12 6 4.01150455257406e13 6 1
tr 8 6 2 13 12 6 6.047026806987784e12 7 2
tr 8 6 2 13 12 6 6.111590809098642e16 8 1
ann 8 6 2 13 12 8 7.64642859060582e-38 46 0
tr 8 6 2 13 12 8 7.698847121101731e12 6 1
tr 8 6 2 13 12 8 1.4258579106938398e13 7 2
tr 8 6 2 13 12 8 1.9471850408546948e16 8 1
ann 8 6 2 13 12 10 3.794428830235192e-38 46 0
tr 8 6 2 13 12 10 2.039908138038247e17 8 1
tr 8 6 2 13 12 10 3.674220505940238e15 9 2
tr 8 6 2 13 12 10 3.5867207182445616e20 10 1
ann 8 6 2 13 12 12 7.49962639311106e-39 46 0
tr 8 6 2 13 12 12 3.7485577659587074e20 10 1
tr 8 6 2 13 12 12 1.7510330922552387e20 11 2
tr 8 6 2 13 12 12 1.0818738924501123e24 12 1
ann 8 6 2 15 14 2 1.988029433008758e-43 50 0
tr 8 6 2 15 14 2 3.5907419533967036e16 8 1
tr 8 6 2 15 14 2 4.886582161919458e15 9 2
tr 8 6 2 15 14 2 1.345949003671471e18 10 1
ann 8 6 2 15 14 4 2.2574118208329775e-43 50 0
tr 8 6 2 15 14 4 5.179373241869212e16 8 1
tr 8 6 2 15 14 4 8.238535215136945e14 9 2
tr 8 6 2 15 14 4 5.5023548486642336e19 10 1
ann 8 6 2 15 14 6 2.236215402358683e-43 50 0
tr 8 6 2 15 14 6 4.9701056361370856e16 8 1
tr 8 6 2 15 14 6 9.365172509514625e14 9 2
tr 8 6 2 15 14 6 8.059162722123591e19 10 1
ann 8 6 2 15 14 8 1.881468575088944e-43 50 0
tr 8 6 2 15 14 8 2.7035189998767696e16 8 1
tr 8 6 2 15 14 8 6.622514846013916e15 9 2
tr 8 6 2 15 14 8 1.0758410302188132e19 10 1
ann 8 6 2 15 14 10 1.2625927281593104e-43 50 0
tr 8 6 2 15 14 10 4.1453957998110495e15 8 1
tr 8 6 2 15 14 10 7.466560855800011e15 9 2
tr 8 6 2 15 14 10 5.745811540555673e19 10 1
ann 8 6 2 15 14 12 5.773470607862114e-44 50 0
tr 8 6 2 15 14 12 1.555020581282599e20 10 1
tr 8 6 2 15 14 12 8.89820436828074e18 11 2
tr 8 6 2 15 14 12 3.0362232056513816e23 12 1
ann 8 6 2 15 14 14 1.0057701497095258e-44 50 0
tr 8 6 2 15 14 14 3.983238954267864e23 12 1
tr 8 6 2 15 14 14 1.1758007888726942e23 13 2
tr 8 6 2 15 14 14 8.713236910621325e26 14 1
ann 8 6 3 8 6 3 3.4840040074058775e-23 34 0
ann 8 6 3 8 6 4 1.2967686906040393e-22 34 0
tr 8 6 3 8 6 4 840966.3471074384 2 1
ann 8 6 3 8 6 5 9.211447391047942e-23 34 0
tr 8 6 3 8 6 5 377576.72727272706 2 1
ann 8 6 3 8 6 6 5.265904352872599e-23 34 0
tr 8 6 3 8 6 6 134848.8311688311 3 2
tr 8 6 3 8 6 6 2.6693749028571486e9 4 1
ann 8 6 3 8 7 1 3.1575418208904475e-25 36 0
tr 8 6 3 8 7 1 2126.7692307692278 2 2
tr 8 6 3 8 7 1 3.055316174734366e7 3 1
ann 8 6 3 8 7 2 4.2346232735216e-25 36 0
tr 8 6 3 8 7 2 5671.3846153846125 2 2
tr 8 6 3 8 7 2 1.6499912596494475e7 3 1
ann 8 6 3 8 7 3 5.099562985077794e-25 36 0
tr 8 6 3 8 7 3 4253.538461538466 2 2
tr 8 6 3 8 7 3 72315.17573335969 3 1
ann 8 6 3 8 7 4 5.309262711706957e-25 36 0
tr 8 6 3 8 7 4 2.1477607192807294e7 3 1
tr 8 6 3 8 7 4 1.8189677202797208e7 4 2
ann 8 6 3 8 7 5 4.57007707333745e-25 36 0
tr 8 6 3 8 7 5 7798.153846153842 2 2
tr 8 6 3 8 7 5 1.6572227772227801e7 3 1
ann 8 6 3 8 7 6 3.1412090503023384e-25 36 0
tr 8 6 3 8 7 6 2.5852675324675396e7 3 1
tr 8 6 3 8 7 6 4.170898285714281e7 4 2
ann 8 6 3 8 7 7 1.7333403459805355e-25 36 0
tr 8 6 3 8 7 7 9.651665454545453e6 4 2
tr 8 6 3 8 7 7 1.0272647760396703e11 5 1
ann 8 6 3 9 8 2 1.9294914130307587e-27 38 0
tr 8 6 3 9 8 2 397453.37330351735 2 1
tr 8 6 3 9 8 2 1.1089658853334745e6 3 2
tr 8 6 3 9 8 2 3.3443513366233354e9 4 1
ann 8 6 3 9 8 4 2.556320543054611e-27 38 0
tr 8 6 3 9 8 4 1.748794842535484e6 2 1
tr 8 6 3 9 8 4 195177.9958186916 3 2
tr 8 6 3 9 8 4 2.2082870492843776e9 4 1
ann 8 6 3 9 8 6 2.0482485371075676e-27 38 0
tr 8 6 3 9 8 6 1.7761197619500943e6 3 2
tr 8 6 3 9 8 6 1.1411672664095275e9 4 1
tr 8 6 3 9 8 6 1.7213566846850796e9 5 2
ann 8 6 3 9 8 8 7.4449066242525785e-28 38 0
tr 8 6 3 9 8 8 2.582035027027609e9 5 2
tr 8 6 3 9 8 8 2.444205447095974e13 6 1
tr 8 6 3 9 8 8 1.726675747556023e13 7 2
ann 8 6 3 11 10 2 1.9431240567332985e-32 42 0
tr 8 6 3 11 10 2 5.035435981905925e9 4 1
tr 8 6 3 11 10 2 7.065632216428921e9 5 2
tr 8 6 3 11 10 2 3.0881687187934797e13 6 1
ann 8 6 3 11 10 4 2.624953443728891e-32 42 0
tr 8 6 3 11 10 4 1.636516694119428e10 4 1
tr 8 6 3 11 10 4 4.21774984348053e9 5 2
tr 8 6 3 11 10 4 2.50218656578142e12 6 1
ann 8 6 3 11 10 6 2.7422437097289877e-32 42 0
tr 8 6 3 11 10 6 1.870304793279347e10 4 1
tr 8 6 3 11 10 6 8.033809225677205e8 5 2
tr 8 6 3 11 10 6 5.00437313156285e13 6 1
ann 8 6 3 11 10 8 1.959131187829262e-32 42 0
tr 8 6 3 11 10 8 1.1381229736376017e10 5 2
tr 8 6 3 11 10 8 8.593368003693538e11 6 1
tr 8 6 3 11 10 8 2.725122925566963e13 7 2
tr 8 6 3 11 10 8 1.0032373265888254e17 8 1
ann 8 6 3 11 10 10 6.441494327906653e-33 42 0
tr 8 6 3 11 10 10 2.6240463011279043e13 7 2
tr 8 6 3 11 10 10 2.6686112887262723e17 8 1
tr 8 6 3 11 10 10 1.0053064580394478e17 9 2
tr 8 6 3 11 10 10 3.2451811519039976e20 10 1
ann 8 6 3 13 12 2 7.973051823545164e-38 46 0
tr 8 6 3 13 12 2 1.4682631042101107e13 6 1
tr 8 6 3 13 12 2 1.1092737116230262e13 7 2
tr 8 6 3 13 12 2 7.280242328644978e16 8 1
ann 8 6 3 13 12 4 1.0775719177327698e-37 46 0
tr 8 6 3 13 12 4 3.91536827789364e13 6 1
tr 8 6 3 13 12 4 9.129824787020775e12 7 2
ann 8 6 3 13 12 6 1.228796256816589e-37 46 0
tr 8 6 3 13 12 6 5.942969707517128e13 6 1
tr 8 6 3 13 12 6 6.651729487686592e11 7 2
tr 8 6 3 13 12 6 7.410391970086456e16 8 1
ann 8 6 3 13 12 8 1.1315088189260195e-37 46 0
tr 8 6 3 13 12 8 4.10605179792093e13 6 1
tr 8 6 3 13 12 8 6.89361055996608e12 7 2
tr 8 6 3 13 12 8 8.659307020308853e16 8 1
ann 8 6 3 13 12 10 7.460279442743193e-38 46 0
tr 8 6 3 13 12 10 1.5878872187272299e13 7 2
tr 8 6 3 13 12 10 3.541507184094187e16 8 1
tr 8 6 3 13 12 10 4.9181722850755656e16 9 2
tr 8 6 3 13 12 10 8.303441458691164e19 10 1
ann 8 6 3 13 12 12 2.184975207076352e-38 46 0
tr 8 6 3 13 12 12 5.6338047757750344e16 9 2
tr 8 6 3 13 12 12 6.7474039787257e20 10 1
tr 8 6 3 13 12 12 1.5008855076473478e20 11 2
tr 8 6 3 13 12 12 5.9011303224551575e23 12 1
ann 8 6 3 15 14 2 1.4903766651749528e-43 50 0
tr 8 6 3 15 14 2 1.4185647223295658e16 8 1
tr 8 6 3 15 14 2 6.569738239913942e15 9 2
tr 8 6 3 15 14 2 6.267802335260581e19 10 1
ann 8 6 3 15 14 4 2.0138986150460176e-43 50 0
tr 8 6 3 15 14 4 3.2884909472185344e16 8 1
tr 8 6 3 15 14 4 6.167459001331694e15 9 2
tr 8 6 3 15 14 4 3.98789321134202e18 10 1
ann 8 6 3 15 14 6 2.3930098068978663e-43 50 0
tr 8 6 3 15 14 6 5.301446011879566e16 8 1
tr 8 6 3 15 14 6 2.0291207103948432e15 9 2
tr 8 6 3 15 14 6 2.851875546289412e19 10 1
ann 8 6 3 15 14 8 2.4547082527143216e-43 50 0
tr 8 6 3 15 14 8 5.607298666411074e16 8 1
tr 8 6 3 15 14 8 3.0659790953768494e14 9 2
tr 8 6 3 15 14 8 9.422915597721028e19 10 1
ann 8 6 3 15 14 10 2.0730051424230324e-43 50 0
tr 8 6 3 15 14 10 2.9478370131989704e16 8 1
tr 8 6 3 15 14 10 7.051751919366686e15 9 2
tr 8 6 3 15 14 10 3.3303882084959343e19 10 1
ann 8 6 3 15 14 12 1.2678669022153102e-43 50 0
tr 8 6 3 15 14 12 8.088774260450014e15 9 2
tr 8 6 3 15 14 12 6.9975926157717185e19 10 1
tr 8 6 3 15 14 12 2.6305478803022467e19 11 2
tr 8 6 3 15 14 12 9.071558695020061e21 12 1
ann 8 6 3 15 14 14 3.335759938764797e-44 50 0
tr 8 6 3 15 14 14 4.194867773618073e19 11 2
tr 8 6 3 15 14 14 5.9748584314017986e23 12 1
tr 8 6 3 15 14 14 8.465765679883392e22 13 2
tr 8 6 3 15 14 14 4.021493958748314e26 14 1
ann 8 6 4 8 6 4 3.9946532169416414e-23 34 0
ann 8 6 4 8 6 5 1.477800707773386e-22 34 0
tr 8 6 4 8 6 5 1.0194571636363631e6 2 1
ann 8 6 4 8 6 6 9.65610561050087e-23 34 0
tr 8 6 4 8 6 6 151030.69090909022 2 1
ann 8 6 4 8 7 1 2.005051186434827e-25 36 0
tr 8 6 4 8 7 1 8.135457270002692e6 3 1
tr 8 6 4 8 7 1 3.1348628680410504e7 4 2
ann 8 6 4 8 7 2 3.017539899616257e-25 36 0
tr 8 6 4 8 7 2 1181.5384615384596 2 2
tr 8 6 4 8 7 2 2.5712062482971545e7 3 1
ann 8 6 4 8 7 3 4.292924307198271e-25 36 0
tr 8 6 4 8 7 3 4631.6307692307655 2 2
tr 8 6 4 8 7 3 2.931255473254027e7 3 1
ann 8 6 4 8 7 4 5.555195690054085e-25 36 0
tr 8 6 4 8 7 4 6238.523076923065 2 2
tr 8 6 4 8 7 4 6.787984495504489e6 3 1
ann 8 6 4 8 7 5 6.166574200825919e-25 36 0
tr 8 6 4 8 7 5 1039.7538461538454 2 2
tr 8 6 4 8 7 5 7.433196563436594e6 3 1
ann 8 6 4 8 7 6 5.339327592526631e-25 36 0
tr 8 6 4 8 7 6 6758.399999999992 2 2
tr 8 6 4 8 7 6 3.676824935064934e7 3 1
ann 8 6 4 8 7 7 3.403970292885004e-25 36 0
tr 8 6 4 8 7 7 1.2064581818181807e7 3 1
tr 8 6 4 8 7 7 3.6193745454545446e7 4 2
ann 8 6 4 9 8 2 1.3392900114388715e-27 38 0
tr 8 6 4 9 8 2 29809.00299776366 2 1
tr 8 6 4 9 8 2 340674.3199744432 3 2
tr 8 6 4 9 8 2 5.5940231842566e9 4 1
ann 8 6 4 9 8 4 2.406025434877521e-27 38 0
tr 8 6 4 9 8 4 786957.679140966 2 1
tr 8 6 4 9 8 4 1.249139173239626e6 3 2
tr 8 6 4 9 8 4 2.6784487592545877e9 4 1
ann 8 6 4 9 8 6 2.9384973751330667e-27 38 0
tr 8 6 4 9 8 6 1.9892541333841041e6 2 1
tr 8 6 4 9 8 6 4.347303872036298e9 4 1
ann 8 6 4 9 8 8 1.5657950887213367e-27 38 0
tr 8 6 4 9 8 8 4.057483613900519e9 4 1
tr 8 6 4 9 8 8 7.746105081082826e9 5 2
tr 8 6 4 9 8 8 3.3330074278581426e13 6 1
ann 8 6 4 11 10 2 1.285968123611677e-32 42 0
tr 8 6 4 11 10 2 7.553153972858946e8 4 1
tr 8 6 4 11 10 2 2.8125198793481793e9 5 2
tr 8 6 4 11 10 2 5.2724136297775766e13 6 1
ann 8 6 4 11 10 4 2.1937770050176205e-32 42 0
tr 8 6 4 11 10 4 6.136937602947871e9 4 1
tr 8 6 4 11 10 4 7.498221943965358e9 5 2
tr 8 6 4 11 10 4 3.892290213437747e13 6 1
ann 8 6 4 11 10 6 3.040858174397498e-32 42 0
tr 8 6 4 11 10 6 1.9638200329433144e10 4 1
tr 8 6 4 11 10 6 4.570344803940791e9 5 2
tr 8 6 4 11 10 6 7.413886120833856e11 6 1
ann 8 6 4 11 10 8 3.0673208228017563e-32 42 0
tr 8 6 4 11 10 8 1.788478958573375e10 4 1
tr 8 6 4 11 10 8 2.4279956770935464e9 5 2
tr 8 6 4 11 10 8 6.301803202708754e13 6 1
ann 8 6 4 11 10 10 1.5546237384548983e-32 42 0
tr 8 6 4 11 10 10 6.5309596828072266e13 6 1
tr 8 6 4 11 10 10 5.6229563595597984e13 7 2
tr 8 6 4 11 10 10 2.6686112887262723e17 8 1
ann 8 6 4 13 12 2 4.976611632938771e-38 46 0
tr 8 6 4 13 12 2 2.752993320393959e12 6 1
tr 8 6 4 13 12 2 4.869239886411082e12 7 2
tr 8 6 4 13 12 2 1.226050051180054e17 8 1
ann 8 6 4 13 12 4 8.264519802814626e-38 46 0
tr 8 6 4 13 12 4 1.3703788972627727e13 6 1
tr 8 6 4 13 12 4 1.090709734556082e13 7 2
tr 8 6 4 13 12 4 1.0640362944169776e17 8 1
ann 8 6 4 13 12 6 1.1810465892736879e-37 46 0
tr 8 6 4 13 12 6 4.01150455257406e13 6 1
tr 8 6 4 13 12 6 1.1352284992318424e13 7 2
tr 8 6 4 13 12 6 1.240645885122672e16 8 1
ann 8 6 4 13 12 8 1.407240863989346e-37 46 0
tr 8 6 4 13 12 8 6.774985466569526e13 6 1
tr 8 6 4 13 12 8 1.6340410216215857e12 7 2
tr 8 6 4 13 12 8 5.14304112378129e16 8 1
ann 8 6 4 13 12 10 1.274968412593788e-37 46 0
tr 8 6 4 13 12 10 3.952074855498892e13 6 1
tr 8 6 4 13 12 10 9.67855066652788e12 7 2
tr 8 6 4 13 12 10 1.3055412083444821e17 8 1
ann 8 6 4 13 12 12 6.006690974307406e-38 46 0
tr 8 6 4 13 12 12 2.0852394299946483e17 8 1
tr 8 6 4 13 12 12 9.389674626291723e16 9 2
tr 8 6 4 13 12 12 5.3268978779413335e20 10 1
ann 8 6 4 15 14 2 8.757692470377538e-44 50 0
tr 8 6 4 15 14 2 2.9789859168920735e15 8 1
tr 8 6 4 15 14 2 3.0326425053366825e15 9 2
tr 8 6 4 15 14 2 1.0371658281271384e20 10 1
ann 8 6 4 15 14 4 1.4278133596787755e-43 50 0
tr 8 6 4 15 14 4 1.1098656946862536e16 8 1
tr 8 6 4 15 14 4 6.041592491100428e15 9 2
tr 8 6 4 15 14 4 9.720448698760307e19 10 1
ann 8 6 4 15 14 6 2.0687793766403386e-43 50 0
tr 8 6 4 15 14 6 2.9157953065337584e16 8 1
tr 8 6 4 15 14 6 7.420784312301123e15 9 2
tr 8 6 4 15 14 6 3.2740898493095203e19 10 1
ann 8 6 4 15 14 8 2.6324684267388806e-43 50 0
tr 8 6 4 15 14 8 5.467116199750801e16 8 1
tr 8 6 4 15 14 8 4.1206759041864495e15 9 2
tr 8 6 4 15 14 8 3.397523345719819e18 10 1
ann 8 6 4 15 14 10 2.845168599589547e-43 50 0
tr 8 6 4 15 14 10 6.632633279697682e16 8 1
tr 8 6 4 15 14 10 8.918809001958238e19 10 1
ann 8 6 4 15 14 12 2.3821922015446595e-43 50 0
tr 8 6 4 15 14 12 2.9938969665302012e16 8 1
tr 8 6 4 15 14 12 8.628025877813359e15 9 2
tr 8 6 4 15 14 12 7.955157921087852e19 10 1
ann 8 6 4 15 14 14 1.0330101476295371e-43 50 0
tr 8 6 4 15 14 14 2.1770288137956357e20 10 1
tr 8 6 4 15 14 14 5.720274236751926e19 11 2
tr 8 6 4 15 14 14 3.896646803088136e23 12 1
ann 8 6 5 8 6 5 5.193902910052799e-23 34 0
ann 8 6 5 8 6 6 1.8436508125757438e-22 34 0
tr 8 6 5 8 6 6 830668.7999999993 2 1
ann 8 6 5 8 7 1 1.0945050735164752e-25 36 0
tr 8 6 5 8 7 1 4.772801598401592e6 4 2
tr 8 6 5 8 7 1 7.588463852307697e10 5 1
ann 8 6 5 8 7 2 1.7712821109863855e-25 36 0
tr 8 6 5 8 7 2 3.3144455544455685e6 3 1
tr 8 6 5 8 7 2 1.948893986013981e7 4 2
ann 8 6 5 8 7 3 2.818904313115075e-25 36 0
tr 8 6 5 8 7 3 519.8769230769228 2 2
tr 8 6 5 8 7 3 1.5953531268731264e7 3 1
ann 8 6 5 8 7 4 4.366453639715192e-25 36 0
tr 8 6 5 8 7 4 3024.7384615384613 2 2
tr 8 6 5 8 7 4 3.2861622857142918e7 3 1
ann 8 6 5 8 7 5 6.365523092693491e-25 36 0
tr 8 6 5 8 7 5 7089.230769230768 2 2
tr 8 6 5 8 7 5 2.858377846153842e7 3 1
ann 8 6 5 8 7 6 8.0828260419597205e-25 36 0
tr 8 6 5 8 7 6 4915.200000000001 2 2
tr 8 6 5 8 7 6 1.2639085714285816e6 3 1
ann 8 6 5 8 7 7 6.91369304752668e-25 36 0
tr 8 6 5 8 7 7 4300.799999999997 2 2
tr 8 6 5 8 7 7 4.4236800000000045e7 3 1
ann 8 6 5 9 8 2 7.498122605291369e-28 38 0
tr 8 6 5 9 8 2 19517.799581869123 3 2
tr 8 6 5 9 8 2 1.1718213321738815e9 4 1
tr 8 6 5 9 8 2 3.7075374747063155e9 5 2
tr 8 6 5 9 8 2 2.153635568769881e13 6 1
ann 8 6 5 9 8 4 1.7364386962045865e-27 38 0
tr 8 6 5 9 8 4 95388.80959284405 2 1
tr 8 6 5 9 8 4 521657.5524608663 3 2
tr 8 6 5 9 8 4 6.327875004213991e9 4 1
ann 8 6 5 9 8 6 3.329424323606905e-27 38 0
tr 8 6 5 9 8 6 1.4467302788248037e6 2 1
tr 8 6 5 9 8 6 1.4531888961409845e6 3 2
tr 8 6 5 9 8 6 2.9887714120249476e9 4 1
ann 8 6 5 9 8 8 3.340213358717123e-27 38 0
tr 8 6 5 9 8 8 1.291723463236431e6 3 2
tr 8 6 5 9 8 8 1.1158079938226461e10 4 1
tr 8 6 5 9 8 8 9.467461765767918e9 5 2
ann 8 6 5 11 10 2 6.485779268673244e-33 42 0
tr 8 6 5 11 10 2 3.923716349537017e7 4 1
tr 8 6 5 11 10 2 3.4625905030948997e8 5 2
tr 8 6 5 11 10 2 1.5969666240348455e13 6 1
ann 8 6 5 11 10 4 1.4028045526036382e-32 42 0
tr 8 6 5 11 10 4 8.92645469519692e8 4 1
tr 8 6 5 11 10 4 2.729466397026787e9 5 2
tr 8 6 5 11 10 4 5.160233237512168e13 6 1
ann 8 6 5 11 10 6 2.6173747534229576e-32 42 0
tr 8 6 5 11 10 6 7.141163756157503e9 4 1
tr 8 6 5 11 10 6 8.202600369004554e9 5 2
tr 8 6 5 11 10 6 5.695212520095065e13 6 1
ann 8 6 5 11 10 8 3.965475219450018e-32 42 0
tr 8 6 5 11 10 8 2.601423939743094e10 4 1
tr 8 6 5 11 10 8 6.083784622717379e9 5 2
ann 8 6 5 11 10 10 3.6544774483445653e-32 42 0
tr 8 6 5 11 10 10 1.3105658484311785e10 5 2
tr 8 6 5 11 10 10 1.1973426085146583e14 6 1
tr 8 6 5 11 10 10 4.7578861503967555e13 7 2
tr 8 6 5 11 10 10 1.3978440083804272e17 8 1
ann 8 6 5 13 12 2 2.2653649619115523e-38 46 0
tr 8 6 5 13 12 2 2.2246410669849753e11 6 1
tr 8 6 5 13 12 2 7.771417523254952e11 7 2
tr 8 6 5 13 12 2 4.346251646273052e16 8 1
ann 8 6 5 13 12 4 4.698415032192899e-38 46 0
tr 8 6 5 13 12 4 2.1356554243056062e12 6 1
tr 8 6 5 13 12 4 3.720541931389571e12 7 2
tr 8 6 5 13 12 4 1.0927718424915115e17 8 1
ann 8 6 5 13 12 6 8.623311852861527e-38 46 0
tr 8 6 5 13 12 6 1.1669831425669965e13 6 1
tr 8 6 5 13 12 6 1.0171099089353473e13 7 2
tr 8 6 5 13 12 6 1.462799038927458e17 8 1
ann 8 6 5 13 12 8 1.3789505303954142e-37 46 0
tr 8 6 5 13 12 8 4.1060517979209266e13 6 1
tr 8 6 5 13 12 8 1.4757432976520006e13 7 2
tr 8 6 5 13 12 8 6.629701448624323e16 8 1
ann 8 6 5 13 12 10 1.816386001733972e-37 46 0
tr 8 6 5 13 12 10 8.622708775633944e13 6 1
tr 8 6 5 13 12 10 4.468080918496552e12 7 2
tr 8 6 5 13 12 10 1.3089410552412068e16 8 1
ann 8 6 5 13 12 12 1.5661864279913058e-37 46 0
tr 8 6 5 13 12 12 2.656102256780094e13 7 2
tr 8 6 5 13 12 12 2.867204216242647e17 8 1
tr 8 6 5 13 12 12 6.075671817012294e16 9 2
tr 8 6 5 13 12 12 2.1702176539760994e20 10 1
ann 8 6 5 15 14 2 3.6433091570477663e-44 50 0
tr 8 6 5 15 14 2 2.9543661985706406e14 8 1
tr 8 6 5 15 14 2 5.5408187819450175e14 9 2
tr 8 6 5 15 14 2 4.012246511597672e19 10 1
ann 8 6 5 15 14 4 7.280471501085268e-44 50 0
tr 8 6 5 15 14 4 1.7937223348464608e15 8 1
tr 8 6 5 15 14 4 1.9841138976454762e15 9 2
tr 8 6 5 15 14 4 8.634592478716697e19 10 1
ann 8 6 5 15 14 6 1.3162049613734998e-43 50 0
tr 8 6 5 15 14 6 7.573494302685086e15 8 1
tr 8 6 5 15 14 6 4.898877143667533e15 9 2
tr 8 6 5 15 14 6 1.220986503465301e20 10 1
ann 8 6 5 15 14 8 2.143614996095691e-43 50 0
tr 8 6 5 15 14 8 2.3856507053458076e16 8 1
tr 8 6 5 15 14 8 8.21793887709913e15 9 2
tr 8 6 5 15 14 8 9.664638588132444e19 10 1
ann 8 6 5 15 14 10 3.0853309798050484e-43 50 0
tr 8 6 5 15 14 10 5.627688843379848e16 8 1
tr 8 6 5 15 14 10 7.692820275672751e15 9 2
tr 8 6 5 15 14 10 1.569710384344653e19 10 1
ann 8 6 5 15 14 12 3.707263705037391e-43 50 0
tr 8 6 5 15 14 12 8.70951844808787e16 8 1
tr 8 6 5 15 14 12 8.333888631978831e14 9 2
tr 8 6 5 15 14 12 4.411347859533267e19 10 1
ann 8 6 5 15 14 14 2.987830264132378e-43 50 0
tr 8 6 5 15 14 14 1.853064648757641e16 9 2
tr 8 6 5 15 14 14 2.3947316951752045e20 10 1
tr 8 6 5 15 14 14 2.996334124012905e19 11 2
tr 8 6 5 15 14 14 1.2988822676960402e23 12 1
ann 8 6 6 8 6 6 9.218254062878705e-23 34 0
ann 8 6 6 8 7 1 4.4675078763817705e-26 36 0
tr 8 6 6 8 7 1 4.703593296884852e9 5 1
tr 8 6 6 8 7 1 2.0583245880385338e10 6 2
ann 8 6 6 8 7 2 8.060720054198934e-26 36 0
tr 8 6 6 8 7 2 1.0606225774225772e6 4 2
tr 8 6 6 8 7 2 2.5399403803178608e10 5 1
ann 8 6 6 8 7 3 1.4257893459601046e-25 36 0
tr 8 6 6 8 7 3 795466.9330669245 3 1
tr 8 6 6 8 7 3 6.628891108891101e6 4 2
ann 8 6 6 8 7 4 2.509954042161698e-25 36 0
tr 8 6 6 8 7 4 141.78461538461525 2 2
tr 8 6 6 8 7 4 5.833424175824197e6 3 1
ann 8 6 6 8 7 5 4.45387742559259e-25 36 0
tr 8 6 6 8 7 5 1276.0615384615369 2 2
tr 8 6 6 8 7 5 2.1000327032966994e7 3 1
ann 8 6 6 8 7 6 8.027761649004999e-25 36 0
tr 8 6 6 8 7 6 5529.599999999997 2 2
tr 8 6 6 8 7 6 4.5500708571428575e7 3 1
ann 8 6 6 8 7 7 1.4712173257874956e-24 36 0
tr 8 6 6 8 7 7 12902.399999999985 2 2
tr 8 6 6 8 7 7 5.308416000000001e7 3 1
ann 8 6 6 9 8 2 2.9552326220191158e-28 38 0
tr 8 6 6 9 8 2 3.344079901566269e7 4 1
tr 8 6 6 9 8 2 3.475816382537162e8 5 2
tr 8 6 6 9 8 2 5.982321024360748e12 6 1
ann 8 6 6 9 8 4 8.880766452777188e-28 38 0
tr 8 6 6 9 8 4 1987.266866517517 2 1
tr 8 6 6 9 8 4 35486.90833067125 3 2
tr 8 6 6 9 8 4 1.182371108053819e9 4 1
ann 8 6 6 9 8 6 2.565092007131404e-27 38 0
tr 8 6 6 9 8 6 180841.2848531 2 1
tr 8 6 6 9 8 6 645861.7316182152 3 2
tr 8 6 6 9 8 6 7.173051388859853e9 4 1
ann 8 6 6 9 8 8 7.356387296956444e-27 38 0
tr 8 6 6 9 8 8 3.6168256970620104e6 2 1
tr 8 6 6 9 8 8 2.5834469264728636e6 3 2
tr 8 6 6 9 8 8 9.564068518479801e9 4 1
ann 8 6 6 11 10 2 2.0087724079929842e-33 42 0
tr 8 6 6 11 10 2 408720.4530767767 4 1
tr 8 6 6 11 10 2 1.0112487137215748e7 5 2
tr 8 6 6 11 10 2 1.0498684891390409e12 6 1
tr 8 6 6 11 10 2 3.427626959978596e12 7 2
tr 8 6 6 11 10 2 6.274510930320659e16 8 1
ann 8 6 6 11 10 4 5.678675079853441e-33 42 0
tr 8 6 6 11 10 4 3.71935612299865e7 4 1
tr 8 6 6 11 10 4 2.385797891261711e8 5 2
tr 8 6 6 11 10 4 9.907647816023312e12 6 1
ann 8 6 6 11 10 6 1.482578991823321e-32 42 0
tr 8 6 6 11 10 6 7.43871224599737e8 4 1
tr 8 6 6 11 10 6 2.044969621081467e9 5 2
tr 8 6 6 11 10 6 4.246134778295713e13 6 1
ann 8 6 6 11 10 8 3.6364144383497756e-32 42 0
tr 8 6 6 11 10 8 7.587486490917348e9 4 1
tr 8 6 6 11 10 8 8.93943862929898e9 5 2
tr 8 6 6 11 10 8 9.28083744398921e13 6 1
ann 8 6 6 11 10 10 8.481562196691263e-32 42 0
tr 8 6 6 11 10 10 5.148651547408207e10 4 1
tr 8 6 6 11 10 10 1.5726790181174122e10 5 2
tr 8 6 6 11 10 10 6.530959682807224e13 6 1
ann 8 6 6 13 12 2 5.8733085512245325e-39 46 0
tr 8 6 6 13 12 2 5.561602667462617e9 6 1
tr 8 6 6 13 12 2 3.651929914808211e10 7 2
tr 8 6 6 13 12 2 3.863334796687152e15 8 1
tr 8 6 6 13 12 2 6.651527573931607e15 9 2
tr 8 6 6 13 12 2 1.5653068366286075e20 10 1
ann 8 6 6 13 12 4 1.557510801279249e-38 46 0
tr 8 6 6 13 12 4 1.1123205334925105e11 6 1
tr 8 6 6 13 12 4 3.585531189084522e11 7 2
tr 8 6 6 13 12 4 2.1072735254657244e16 8 1
ann 8 6 6 13 12 6 3.8158667345831703e-38 46 0
tr 8 6 6 13 12 6 1.134566944162359e12 6 1
tr 8 6 6 13 12 6 2.031801007147897e12 7 2
tr 8 6 6 13 12 6 7.164729986583469e16 8 1
ann 8 6 6 13 12 8 8.741077818003657e-38 46 0
tr 8 6 6 13 12 8 7.698847121101731e12 6 1
tr 8 6 6 13 12 8 7.659567288851215e12 7 2
tr 8 6 6 13 12 8 1.6205936874414966e17 8 1
ann 8 6 6 13 12 10 1.8897963629227606e-37 46 0
tr 8 6 6 13 12 10 3.952074855498892e13 6 1
tr 8 6 6 13 12 10 1.930210956790505e13 7 2
tr 8 6 6 13 12 10 2.268831162418096e17 8 1
ann 8 6 6 13 12 12 3.8849816682652405e-37 46 0
tr 8 6 6 13 12 12 1.652685848663172e14 6 1
tr 8 6 6 13 12 12 2.2766590772400805e13 7 2
tr 8 6 6 13 12 12 1.1468816864970549e17 8 1
ann 8 6 6 15 14 2 8.263145296070812e-45 50 0
tr 8 6 6 15 14 2 1.0258215967258986e13 8 1
tr 8 6 6 15 14 2 3.26669588051178e13 9 2
tr 8 6 6 15 14 2 4.1993608914550093e18 10 1
tr 8 6 6 15 14 2 4.51621375213539e18 11 2
tr 8 6 6 15 14 2 1.3983825656354916e23 12 1
ann 8 6 6 15 14 4 2.0581280873549923e-44 50 0
tr 8 6 6 15 14 4 1.0463380286604366e14 8 1
tr 8 6 6 15 14 4 2.013864163700144e14 9 2
tr 8 6 6 15 14 4 1.6642522088662768e19 10 1
ann 8 6 6 15 14 6 4.774593827619764e-44 50 0
tr 8 6 6 15 14 6 7.100150908767255e14 8 1
tr 8 6 6 15 14 6 8.696231615977916e14 9 2
tr 8 6 6 15 14 6 4.791029086130194e19 10 1
ann 8 6 6 15 14 8 1.0416413979279686e-43 50 0
tr 8 6 6 15 14 8 3.644744133167201e15 8 1
tr 8 6 6 15 14 8 2.840768994552785e15 9 2
tr 8 6 6 15 14 8 1.0433796676461298e20 10 1
ann 8 6 6 15 14 10 2.1536845975121537e-43 50 0
tr 8 6 6 15 14 10 1.5241657284153762e16 8 1
tr 8 6 6 15 14 10 7.179965590627916e15 9 2
tr 8 6 6 15 14 10 1.6952872150922206e20 10 1
ann 8 6 6 15 14 12 4.24693252327588e-43 50 0
tr 8 6 6 15 14 12 5.4434490300549144e16 8 1
tr 8 6 6 15 14 12 1.3334221811166116e16 9 2
tr 8 6 6 15 14 12 1.8365611496832385e20 10 1
ann 8 6 6 15 14 14 8.029153444510979e-43 50 0
tr 8 6 6 15 14 14 1.7146864444672973e17 8 1
tr 8 6 6 15 14 14 1.2353764325050938e16 9 2
tr 8 6 6 15 14 14 7.562310616342716e19 10 1
ann 8 7 1 8 7 1 4.755337496612883e-28 38 0
ann 8 7 1 8 7 2 1.7808791521311497e-27 38 0
tr 8 7 1 8 7 2 95410.13964497004 2 1
ann 8 7 1 8 7 3 1.4303762424192191e-27 38 0
tr 8 7 1 8 7 3 530056.3313609468 2 1
ann 8 7 1 8 7 4 9.903045347557567e-28 38 0
tr 8 7 1 8 7 4 694121.386306001 3 2
tr 8 7 1 8 7 4 1.2237952816414366e9 4 1
ann 8 7 1 8 7 5 6.002576259725627e-28 38 0
tr 8 7 1 8 7 5 8.81132602781831e8 4 1
ann 8 7 1 8 7 6 3.1669331090810144e-28 38 0
tr 8 7 1 8 7 6 4.859579809281631e8 5 2
tr 8 7 1 8 7 6 2.490572751526627e12 6 1
ann 8 7 1 8 7 7 1.2260110038287013e-28 38 0
tr 8 7 1 8 7 7 2.371974049072967e11 6 1
ann 8 7 1 9 8 2 9.411867685384501e-30 40 0
tr 8 7 1 9 8 2 7190.506365479548 2 2
tr 8 7 1 9 8 2 2.141916151838481e7 3 1
tr 8 7 1 9 8 2 1.1731701448158009e7 4 2
ann 8 7 1 9 8 4 6.083235722669226e-30 40 0
tr 8 7 1 9 8 4 5.8085198785247125e7 3 1
tr 8 7 1 9 8 4 3.097877268546516e6 4 2
tr 8 7 1 9 8 4 9.3244064847697e10 5 1
ann 8 7 1 9 8 6 2.416018473365336e-30 40 0
tr 8 7 1 9 8 6 1.4430629083572165e11 5 1
tr 8 7 1 9 8 6 1.3612566210353784e11 6 2
ann 8 7 1 9 8 8 4.424921630245371e-31 40 0
tr 8 7 1 9 8 8 4.837871993015089e13 7 1
tr 8 7 1 9 8 8 1.0329225606001733e14 8 2
tr 8 7 1 9 8 8 4.284764421304853e17 9 1
ann 8 7 1 11 10 2 1.2225301491276344e-34 44 0
tr 8 7 1 11 10 2 4.94516623808969e7 3 1
tr 8 7 1 11 10 2 2.7692930933302236e6 4 2
tr 8 7 1 11 10 2 1.428412080837121e11 5 1
ann 8 7 1 11 10 4 9.711375731575634e-35 44 0
tr 8 7 1 11 10 4 1.0714526849194316e7 3 1
tr 8 7 1 11 10 4 4.12866434588954e7 4 2
tr 8 7 1 11 10 4 1.2167122010278603e10 5 1
ann 8 7 1 11 10 6 5.486267178616431e-35 44 0
tr 8 7 1 11 10 6 2.4060959053529507e11 5 1
tr 8 7 1 11 10 6 4.834855194429797e10 6 2
tr 8 7 1 11 10 6 4.876749873244303e14 7 1
ann 8 7 1 11 10 8 2.0164089911049047e-35 44 0
tr 8 7 1 11 10 8 9.984166525612255e14 7 1
tr 8 7 1 11 10 8 2.202389674767405e14 8 2
tr 8 7 1 11 10 8 1.4434929901946285e17 9 1
ann 8 7 1 11 10 10 2.9004500339011522e-36 44 0
tr 8 7 1 11 10 10 5.180535953698496e17 9 1
tr 8 7 1 11 10 10 6.137864746464621e17 10 2
tr 8 7 1 11 10 10 3.141657000878877e21 11 1
ann 8 7 1 13 12 2 6.4091433565131985e-40 48 0
tr 8 7 1 13 12 2 1.1030063581234149e11 5 1
tr 8 7 1 13 12 2 1.9349542152423146e8 6 2
tr 8 7 1 13 12 2 2.526981617341611e14 7 1
ann 8 7 1 13 12 4 5.651079847022074e-40 48 0
tr 8 7 1 13 12 4 6.302893474990963e10 5 1
tr 8 7 1 13 12 4 3.2249236920704876e10 6 2
tr 8 7 1 13 12 4 3.1587270216770457e13 7 1
ann 8 7 1 13 12 6 3.946454451031582e-40 48 0
tr 8 7 1 13 12 6 7.65351350534615e9 5 1
tr 8 7 1 13 12 6 3.5927325214700165e10 6 2
tr 8 7 1 13 12 6 2.239368810605928e14 7 1
ann 8 7 1 13 12 8 2.0541860449488495e-40 48 0
tr 8 7 1 13 12 8 2.97281127040114e14 7 1
tr 8 7 1 13 12 8 1.5867946868154256e14 8 2
tr 8 7 1 13 12 8 2.91865583725521e17 9 1
ann 8 7 1 13 12 10 6.849033784180103e-41 48 0
tr 8 7 1 13 12 10 1.8685071837237842e18 9 1
tr 8 7 1 13 12 10 7.0592951451193784e16 10 2
tr 8 7 1 13 12 10 1.1735953969917633e21 11 1
ann 8 7 1 13 12 12 8.041435081760826e-42 48 0
tr 8 7 1 13 12 12 1.439361113623545e21 11 1
tr 8 7 1 13 12 12 1.0386868890948111e21 12 2
tr 8 7 1 13 12 12 6.539056190659035e24 13 1
ann 8 7 1 15 14 2 1.5286178321300126e-45 52 0
tr 8 7 1 15 14 2 9.421265380397738e13 7 1
tr 8 7 1 15 14 2 6.108819237211817e10 8 2
tr 8 7 1 15 14 2 1.736937666205099e17 9 1
ann 8 7 1 15 14 4 1.423690023040507e-45 52 0
tr 8 7 1 15 14 4 7.280068703034667e13 7 1
tr 8 7 1 15 14 4 9.137935315009305e12 8 2
tr 8 7 1 15 14 4 8.128271723277272e16 9 1
ann 8 7 1 15 14 6 1.1190995418825625e-45 52 0
tr 8 7 1 15 14 6 2.794369805205214e13 7 1
tr 8 7 1 15 14 6 2.1337099756940227e13 8 2
tr 8 7 1 15 14 6 1.9982900949070596e16 9 1
ann 8 7 1 15 14 8 7.150284885256233e-46 52 0
tr 8 7 1 15 14 8 2.533357240982753e12 7 1
tr 8 7 1 15 14 8 1.1597422445784309e13 8 2
tr 8 7 1 15 14 8 2.592809508798761e17 9 1
ann 8 7 1 15 14 10 3.4379718848018768e-46 52 0
tr 8 7 1 15 14 10 1.4616744384685923e17 9 1
tr 8 7 1 15 14 10 1.0691104464227403e17 10 2
tr 8 7 1 15 14 10 1.2731656589701974e19 11 1
ann 8 7 1 15 14 12 1.0407833445747907e-46 52 0
tr 8 7 1 15 14 12 1.316569033707802e21 11 1
tr 8 7 1 15 14 12 1.2118321151813934e18 12 2
tr 8 7 1 15 14 12 1.43407242753871e24 13 1
ann 8 7 1 15 14 14 1.0489462079676644e-47 52 0
tr 8 7 1 15 14 14 1.4381697773316736e24 13 1
tr 8 7 1 15 14 14 6.770969434425898e23 14 2
tr 8 7 1 15 14 14 5.15165703419871e27 15 1
ann 8 7 2 8 7 2 4.901254728672741e-28 38 0
ann 8 7 2 8 7 3 1.8449294086428775e-27 38 0
tr 8 7 2 8 7 3 245396.44970414272 2 1
ann 8 7 2 8 7 4 1.4617570700313116e-27 38 0
tr 8 7 2 8 7 4 431897.7514792896 2 1
ann 8 7 2 8 7 5 9.717387292609371e-28 38 0
tr 8 7 2 8 7 5 462747.5908706668 3 2
tr 8 7 2 8 7 5 1.5990925013448079e9 4 1
ann 8 7 2 8 7 6 5.460687339643272e-28 38 0
tr 8 7 2 8 7 6 4.242490309690299e8 4 1
ann 8 7 2 8 7 7 2.3699528533226143e-28 38 0
tr 8 7 2 8 7 7 1.2598910616655996e8 5 2
tr 8 7 2 8 7 7 1.067388322082838e12 6 1
ann 8 7 2 9 8 2 9.96470440703197e-30 40 0
tr 8 7 2 9 8 2 4601.924073906905 2 2
tr 8 7 2 9 8 2 1.4464583508945815e7 3 1
tr 8 7 2 9 8 2 3.767072401448988e7 4 2
ann 8 7 2 9 8 4 8.545791280254224e-30 40 0
tr 8 7 2 9 8 4 21092.15200540666 2 2
tr 8 7 2 9 8 4 717101.2195709614 3 1
tr 8 7 2 9 8 4 4.263269193380686e7 4 2
ann 8 7 2 9 8 6 4.134549397973667e-30 40 0
tr 8 7 2 9 8 6 6.264596254171838e7 4 2
tr 8 7 2 9 8 6 1.5392671022477014e11 5 1
ann 8 7 2 9 8 8 9.255958443889648e-31 40 0
tr 8 7 2 9 8 8 2.1479394414759346e10 6 2
tr 8 7 2 9 8 8 1.8660363401629628e14 7 1
tr 8 7 2 9 8 8 1.859260609080312e14 8 2
ann 8 7 2 11 10 2 1.2231697581692863e-34 44 0
tr 8 7 2 11 10 2 4.395703322746396e7 3 1
tr 8 7 2 11 10 2 1.641062573825316e7 4 2
tr 8 7 2 11 10 2 3.58499911595926e10 5 1
ann 8 7 2 11 10 4 1.2233998199653145e-34 44 0
tr 8 7 2 11 10 4 4.2858107396777265e7 3 1
tr 8 7 2 11 10 4 1.2000270071097637e7 4 2
tr 8 7 2 11 10 4 1.260556615303182e11 5 1
ann 8 7 2 11 10 6 8.619601060488136e-35 44 0
tr 8 7 2 11 10 6 3.809609546380192e7 4 2
tr 8 7 2 11 10 6 8.733236989799632e10 5 1
tr 8 7 2 11 10 6 1.1867371840873154e11 6 2
ann 8 7 2 11 10 8 3.8606384963569624e-35 44 0
tr 8 7 2 11 10 8 2.739751276843551e11 6 2
tr 8 7 2 11 10 8 3.380881786450715e14 7 1
tr 8 7 2 11 10 8 4.2966907235212484e13 8 2
tr 8 7 2 11 10 8 1.1741211594133158e18 9 1
ann 8 7 2 11 10 10 7.160552452440181e-36 44 0
tr 8 7 2 11 10 10 1.530696070254435e14 8 2
tr 8 7 2 11 10 10 1.55416078610955e18 9 1
tr 8 7 2 11 10 10 8.722228850239197e17 10 2
tr 8 7 2 11 10 10 2.8274913007909884e21 11 1
ann 8 7 2 13 12 2 6.190081957811482e-40 48 0
tr 8 7 2 13 12 2 8.824050864987308e10 5 1
tr 8 7 2 13 12 2 2.167148721071377e10 6 2
tr 8 7 2 13 12 2 3.685181525289822e13 7 1
ann 8 7 2 13 12 4 6.589000527965293e-40 48 0
tr 8 7 2 13 12 4 1.1205143955539478e11 5 1
tr 8 7 2 13 12 4 8.599796512187963e8 6 2
tr 8 7 2 13 12 4 2.632272518064179e14 7 1
ann 8 7 2 13 12 6 5.596425307113927e-40 48 0
tr 8 7 2 13 12 6 5.102342336897435e10 5 1
tr 8 7 2 13 12 6 4.009962259397361e10 6 2
tr 8 7 2 13 12 6 2.1825451498985164e13 7 1
ann 8 7 2 13 12 8 3.570197884265964e-40 48 0
tr 8 7 2 13 12 8 2.7055853312695248e10 6 2
tr 8 7 2 13 12 8 3.5390610361918394e14 7 1
tr 8 7 2 13 12 8 3.1735893736308562e13 8 2
tr 8 7 2 13 12 8 5.3969227759896755e17 9 1
ann 8 7 2 13 12 10 1.4841728610118883e-40 48 0
tr 8 7 2 13 12 10 3.324712677137078e14 8 2
tr 8 7 2 13 12 10 1.2302927958675128e17 9 1
tr 8 7 2 13 12 10 2.4274067516550864e17 10 2
tr 8 7 2 13 12 10 2.0806123381571424e21 11 1
ann 8 7 2 13 12 12 2.3121303027779416e-41 48 0
tr 8 7 2 13 12 12 2.8864673482265824e17 10 2
tr 8 7 2 13 12 12 3.5329772788941655e21 11 1
tr 8 7 2 13 12 12 1.219328087198256e21 12 2
tr 8 7 2 13 12 12 4.904292142994269e24 13 1
ann 8 7 2 15 14 2 1.4378164664680417e-45 52 0
tr 8 7 2 15 14 2 7.178106956493534e13 7 1
tr 8 7 2 15 14 2 1.1728932935446941e13 8 2
tr 8 7 2 15 14 2 1.6783289639857498e16 9 1
ann 8 7 2 15 14 4 1.5758284651232815e-45 52 0
tr 8 7 2 15 14 4 9.706758270712912e13 7 1
tr 8 7 2 15 14 4 2.6434526881026218e11 8 2
tr 8 7 2 15 14 4 1.6709905406946058e17 9 1
ann 8 7 2 15 14 6 1.469409068709539e-45 52 0
tr 8 7 2 15 14 6 7.451652813880564e13 7 1
tr 8 7 2 15 14 6 9.131927467990914e12 8 2
tr 8 7 2 15 14 6 1.0860783026111592e17 9 1
ann 8 7 2 15 14 8 1.1282077121838438e-45 52 0
tr 8 7 2 15 14 8 2.3644667582505684e13 7 1
tr 8 7 2 15 14 8 2.331902907004822e13 8 2
tr 8 7 2 15 14 8 1.7369700725017928e16 9 1
ann 8 7 2 15 14 10 6.649783082282595e-46 52 0
tr 8 7 2 15 14 10 8.4629217926802e12 8 2
tr 8 7 2 15 14 10 3.181999086213522e17 9 1
tr 8 7 2 15 14 10 6.162121789415715e20 11 1
ann 8 7 2 15 14 12 2.5470366906628848e-46 52 0
tr 8 7 2 15 14 12 1.5953209140835197e17 10 2
tr 8 7 2 15 14 12 2.0485231581849204e20 12 2
tr 8 7 2 15 14 12 1.0755543206540332e24 13 1
ann 8 7 2 15 14 14 3.4467255368883287e-47 52 0
tr 8 7 2 15 14 14 2.0358779535047623e20 12 2
tr 8 7 2 15 14 14 2.986967999073485e24 13 1
tr 8 7 2 15 14 14 6.770969434425894e23 14 2
tr 8 7 2 15 14 14 3.3117795219848764e27 15 1
ann 8 7 3 8 7 3 5.1775691325311685e-28 38 0
ann 8 7 3 8 7 4 1.95530426075242e-27 38 0
tr 8 7 3 8 7 4 423259.79644970637 2 1
ann 8 7 3 8 7 5 1.5044031286128167e-27 38 0
tr 8 7 3 8 7 5 310966.3810650881 2 1
ann 8 7 3 8 7 6 9.286020228023091e-28 38 0
tr 8 7 3 8 7 6 240628.74725274663 3 2
tr 8 7 3 8 7 6 1.3745668603396604e9 4 1
ann 8 7 3 8 7 7 4.470815706945826e-28 38 0
tr 8 7 3 8 7 7 1.1878972867132741e8 4 1
ann 8 7 3 9 8 2 8.975628998614114e-30 40 0
tr 8 7 3 9 8 2 16202.607676880589 2 2
tr 8 7 3 9 8 2 1.754420729190327e7 3 1
ann 8 7 3 9 8 4 1.0564762401613873e-29 40 0
tr 8 7 3 9 8 4 421.84304010813315 2 2
tr 8 7 3 9 8 4 3.580342969073877e7 3 1
tr 8 7 3 9 8 4 1.784967378543473e7 4 2
ann 8 7 3 9 8 6 6.778998677785614e-30 40 0
tr 8 7 3 9 8 6 4.698447190628876e7 3 1
tr 8 7 3 9 8 6 6.2645962541718446e7 4 2
ann 8 7 3 9 8 8 1.8762715997422384e-30 40 0
tr 8 7 3 9 8 8 2.5654451704128246e10 5 1
tr 8 7 3 9 8 8 8.949747672816423e10 6 2
tr 8 7 3 9 8 8 3.588531423390315e14 7 1
ann 8 7 3 11 10 2 1.0466766482855767e-34 44 0
tr 8 7 3 11 10 2 1.648388746029889e7 3 1
tr 8 7 3 11 10 2 3.70264743219337e7 4 2
tr 8 7 3 11 10 2 7.586719723446484e10 5 1
ann 8 7 3 11 10 4 1.330578042135605e-34 44 0
tr 8 7 3 11 10 4 5.3572634245971486e7 3 1
tr 8 7 3 11 10 4 8.333520882706674e6 4 2
tr 8 7 3 11 10 4 6.653894849371126e10 5 1
ann 8 7 3 11 10 6 1.212694275100817e-34 44 0
tr 8 7 3 11 10 6 2.857207159785147e7 3 1
tr 8 7 3 11 10 6 3.0857837325679637e7 4 2
tr 8 7 3 11 10 6 9.069100253625061e10 5 1
ann 8 7 3 11 10 8 6.932059199729855e-35 44 0
tr 8 7 3 11 10 8 3.272290431280013e11 5 1
tr 8 7 3 11 10 8 6.575403064424521e10 6 2
tr 8 7 3 11 10 8 1.1743687936108852e14 7 1
ann 8 7 3 11 10 10 1.6907656154362444e-35 44 0
tr 8 7 3 11 10 10 2.8103579849871494e14 7 1
tr 8 7 3 11 10 10 4.7834252195451225e14 8 2
tr 8 7 3 11 10 10 2.2855305678081633e18 9 1
ann 8 7 3 13 12 2 5.124971105830297e-40 48 0
tr 8 7 3 13 12 2 3.676687860411388e10 5 1
tr 8 7 3 13 12 2 4.0311546150881165e10 6 2
tr 8 7 3 13 12 2 1.3161362590320825e14 7 1
ann 8 7 3 13 12 4 6.6159789166505364e-40 48 0
tr 8 7 3 13 12 4 9.80450096109705e10 5 1
tr 8 7 3 13 12 4 2.081150755949492e10 6 2
tr 8 7 3 13 12 4 3.158727021677048e13 7 1
ann 8 7 3 13 12 6 6.924101832284023e-40 48 0
tr 8 7 3 13 12 6 1.1480270258019246e11 5 1
tr 8 7 3 13 12 6 2.349587261365638e9 6 2
tr 8 7 3 13 12 6 2.841183035370853e14 7 1
ann 8 7 3 13 12 8 5.5333805727470616e-40 48 0
tr 8 7 3 13 12 8 3.231483480035052e10 5 1
tr 8 7 3 13 12 8 5.2127610715793015e10 6 2
tr 8 7 3 13 12 8 7.361246955279062e12 7 1
ann 8 7 3 13 12 10 2.9438736259897293e-40 48 0
tr 8 7 3 13 12 10 6.104172475223671e14 7 1
tr 8 7 3 13 12 10 6.649425354274174e12 8 2
tr 8 7 3 13 12 10 7.164827207227858e17 9 1
ann 8 7 3 13 12 12 6.298732365530937e-41 48 0
tr 8 7 3 13 12 12 7.64011826233723e17 9 1
tr 8 7 3 13 12 12 7.216168370566472e17 10 2
tr 8 7 3 13 12 12 4.205925332016867e21 11 1
ann 8 7 3 15 14 2 1.1543279771952636e-45 52 0
tr 8 7 3 15 14 2 3.1404217934659348e13 7 1
tr 8 7 3 15 14 2 1.956858428986898e13 8 2
tr 8 7 3 15 14 2 9.580110410788517e16 9 1
ann 8 7 3 15 14 4 1.49594485299144e-45 52 0
tr 8 7 3 15 14 4 7.280068703034667e13 7 1
tr 8 7 3 15 14 4 1.3642104051101107e13 8 2
tr 8 7 3 15 14 4 3.0946012949069675e15 9 1
ann 8 7 3 15 14 6 1.6652494705213396e-45 52 0
tr 8 7 3 15 14 6 1.024602261908579e14 7 1
tr 8 7 3 15 14 6 6.848945600993228e11 8 2
tr 8 7 3 15 14 6 1.540339804021313e17 9 1
ann 8 7 3 15 14 8 1.5496465150899823e-45 52 0
tr 8 7 3 15 14 8 7.684516964314344e13 7 1
tr 8 7 3 15 14 8 9.73925918260887e12 8 2
tr 8 7 3 15 14 8 1.4217223422638219e17 9 1
ann 8 7 3 15 14 10 1.134024392919032e-45 52 0
tr 8 7 3 15 14 10 1.5537924411360875e13 7 1
tr 8 7 3 15 14 10 2.644663060212566e13 8 2
tr 8 7 3 15 14 10 2.211441597779875e16 9 1
ann 8 7 3 15 14 12 5.613979191498678e-46 52 0
tr 8 7 3 15 14 12 4.222615044464822e17 9 1
tr 8 7 3 15 14 12 2.552513462533612e15 10 2
tr 8 7 3 15 14 12 7.448019104975554e20 11 1
ann 8 7 3 15 14 14 1.0660795543872014e-46 52 0
tr 8 7 3 15 14 14 7.372786588763689e20 11 1
tr 8 7 3 15 14 14 4.2414124031349287e20 12 2
tr 8 7 3 15 14 14 2.986967999073481e24 13 1
ann 8 7 4 8 7 4 5.657394063157854e-28 38 0
ann 8 7 4 8 7 5 2.1383765825570547e-27 38 0
tr 8 7 4 8 7 5 572460.837869823 2 1
ann 8 7 4 8 7 6 1.5503339969719493e-27 38 0
tr 8 7 4 8 7 6 183752.86153846217 2 1
ann 8 7 4 8 7 7 8.390270388224077e-28 38 0
tr 8 7 4 8 7 7 76563.69230769234 3 2
tr 8 7 4 8 7 7 6.533435076923083e8 4 1
ann 8 7 4 9 8 2 6.804410468226824e-30 40 0
tr 8 7 4 9 8 2 4218.430401081335 2 2
tr 8 7 4 9 8 2 4.144845049120106e7 3 1
tr 8 7 4 9 8 2 4.4874965004373856e7 4 2
ann 8 7 4 9 8 4 1.1039470775010637e-29 40 0
tr 8 7 4 9 8 4 14726.15703650211 2 2
tr 8 7 4 9 8 4 1.8086596577978642e6 3 1
tr 8 7 4 9 8 4 2.6821448212523937e7 4 2
ann 8 7 4 9 8 6 1.0296910027273164e-29 40 0
tr 8 7 4 9 8 6 20938.75453627645 2 2
tr 8 7 4 9 8 6 3.488241096072962e7 3 1
ann 8 7 4 9 8 8 3.756965411567496e-30 40 0
tr 8 7 4 9 8 8 1.3668210009102196e7 4 2
tr 8 7 4 9 8 8 1.1287958749816457e11 5 1
tr 8 7 4 9 8 8 1.7899495345632837e11 6 2
ann 8 7 4 11 10 2 7.56997133660203e-35 44 0
tr 8 7 4 11 10 2 2.3976563578616767e6 3 1
tr 8 7 4 11 10 2 1.6783594505031586e7 4 2
tr 8 7 4 11 10 2 1.9743987189155444e11 5 1
ann 8 7 4 11 10 4 1.2180488631587165e-34 44 0
tr 8 7 4 11 10 4 2.5974610543501396e7 3 1
tr 8 7 4 11 10 4 3.878875174496197e7 4 2
tr 8 7 4 11 10 4 5.657070829323287e10 5 1
ann 8 7 4 11 10 6 1.4759678279967418e-34 44 0
tr 8 7 4 11 10 6 6.233906530440327e7 3 1
tr 8 7 4 11 10 6 1.9394375872480923e6 4 2
tr 8 7 4 11 10 6 1.078622279348715e11 5 1
ann 8 7 4 11 10 8 1.1498072518146603e-34 44 0
tr 8 7 4 11 10 8 6.358584661049117e7 4 2
tr 8 7 4 11 10 8 2.6773285346836716e10 5 1
tr 8 7 4 11 10 8 6.955798283027618e10 6 2
tr 8 7 4 11 10 8 6.436678785742702e14 7 1
ann 8 7 4 11 10 10 3.8702649309714887e-35 44 0
tr 8 7 4 11 10 10 9.464595320004993e10 6 2
tr 8 7 4 11 10 10 8.832553667102484e14 7 1
tr 8 7 4 11 10 10 7.015690321999505e14 8 2
tr 8 7 4 11 10 10 2.095069687157482e18 9 1
ann 8 7 4 13 12 2 3.567504586048835e-40 48 0
tr 8 7 4 13 12 2 7.639870878776883e9 5 1
tr 8 7 4 13 12 2 2.1167226415226307e10 6 2
tr 8 7 4 13 12 2 3.370106481460933e14 7 1
ann 8 7 4 13 12 4 5.599033210229111e-40 48 0
tr 8 7 4 13 12 4 4.278327692115069e10 5 1
tr 8 7 4 13 12 4 4.202955095411132e10 6 2
tr 8 7 4 13 12 4 1.608079211035564e14 7 1
ann 8 7 4 13 12 6 7.2993674307618e-40 48 0
tr 8 7 4 13 12 6 1.1132383280503494e11 5 1
tr 8 7 4 13 12 6 2.1359884194233124e10 6 2
tr 8 7 4 13 12 6 2.1825451498985164e13 7 1
ann 8 7 4 13 12 8 7.486514135499605e-40 48 0
tr 8 7 4 13 12 8 1.1750849018309265e11 5 1
tr 8 7 4 13 12 8 5.771915373374992e9 6 2
tr 8 7 4 13 12 8 3.2389486603227706e14 7 1
ann 8 7 4 13 12 10 5.2994258514133506e-40 48 0
tr 8 7 4 13 12 10 6.8180750347992065e10 6 2
tr 8 7 4 13 12 10 3.9637483605348667e12 7 1
tr 8 7 4 13 12 10 1.7427539360338566e14 8 2
tr 8 7 4 13 12 10 8.17366729983921e17 9 1
ann 8 7 4 13 12 12 1.6397991239801997e-40 48 0
tr 8 7 4 13 12 12 1.668401270708789e14 8 2
tr 8 7 4 13 12 12 1.8675844641268846e18 9 1
tr 8 7 4 13 12 12 8.35556337644537e17 10 2
tr 8 7 4 13 12 12 3.084345243479035e21 11 1
ann 8 7 4 15 14 2 7.708752153720846e-46 52 0
tr 8 7 4 15 14 2 7.613143741735565e12 7 1
tr 8 7 4 15 14 2 1.0967737035343438e13 8 2
tr 8 7 4 15 14 2 2.379986944299023e17 9 1
ann 8 7 4 15 14 4 1.1893661696661682e-45 52 0
tr 8 7 4 15 14 4 3.0254830973650477e13 7 1
tr 8 7 4 15 14 4 1.9774399329183305e13 8 2
tr 8 7 4 15 14 4 1.4410909454971218e17 9 1
ann 8 7 4 15 14 6 1.594996804034128e-45 52 0
tr 8 7 4 15 14 6 7.451652813880564e13 7 1
tr 8 7 4 15 14 6 1.6437469442383605e13 8 2
tr 8 7 4 15 14 6 1.7279243148704762e15 9 1
ann 8 7 4 15 14 8 1.820531920968835e-45 52 0
tr 8 7 4 15 14 8 1.1177479220820855e14 7 1
tr 8 7 4 15 14 8 1.521987911331802e12 8 2
tr 8 7 4 15 14 8 1.3037207975843856e17 9 1
ann 8 7 4 15 14 10 1.6816458050788778e-45 52 0
tr 8 7 4 15 14 10 7.91021606396554e13 7 1
tr 8 7 4 15 14 10 1.1540347899109361e13 8 2
tr 8 7 4 15 14 10 1.8913856865375578e17 9 1
ann 8 7 4 15 14 12 1.105229391188586e-45 52 0
tr 8 7 4 15 14 12 3.0004904537684363e13 8 2
tr 8 7 4 15 14 12 5.331584652102074e16 9 1
tr 8 7 4 15 14 12 1.0319970697803448e17 10 2
tr 8 7 4 15 14 12 2.8889286225359795e20 11 1
ann 8 7 4 15 14 14 3.1217677920515273e-46 52 0
tr 8 7 4 15 14 14 1.0964205554974011e17 10 2
tr 8 7 4 15 14 14 1.4745573177527364e21 11 1
tr 8 7 4 15 14 14 4.0570031682160126e20 12 2
tr 8 7 4 15 14 14 1.8253693327671317e24 13 1
ann 8 7 5 8 7 5 6.532791615125463e-28 38 0
ann 8 7 5 8 7 6 2.4583066823770385e-27 38 0
tr 8 7 5 8 7 6 617613.7846153837 2 1
ann 8 7 5 8 7 7 1.5946908724812341e-27 38 0
tr 8 7 5 8 7 7 71459.44615384612 2 1
ann 8 7 5 9 8 2 4.326883996026436e-30 40 0
tr 8 7 5 9 8 2 7.74469317136626e6 3 1
tr 8 7 5 9 8 2 4.997908659921711e7 4 2
tr 8 7 5 9 8 2 1.5229863925123898e11 5 1
ann 8 7 5 9 8 4 9.331093234321803e-30 40 0
tr 8 7 5 9 8 4 11082.967144659142 2 2
tr 8 7 5 9 8 4 4.7250972795889355e7 3 1
tr 8 7 5 9 8 4 2.962428955073271e7 4 2
ann 8 7 5 9 8 6 1.3604510721971988e-29 40 0
tr 8 7 5 9 8 6 5234.688634069111 2 2
tr 8 7 5 9 8 6 4.556070003034097e6 3 1
tr 8 7 5 9 8 6 5.206937146324653e7 4 2
ann 8 7 5 9 8 8 7.575752309888223e-30 40 0
tr 8 7 5 9 8 8 1.4237718759481426e7 3 1
tr 8 7 5 9 8 8 6.1506945040959865e7 4 2
tr 8 7 5 9 8 8 2.2575917499632898e11 5 1
ann 8 7 5 11 10 2 4.533117204135381e-35 44 0
tr 8 7 5 11 10 2 99902.34824423418 3 1
tr 8 7 5 11 10 2 2.239144631980805e6 4 2
tr 8 7 5 11 10 2 7.604586971062679e10 5 1
ann 8 7 5 11 10 4 9.096464834144623e-35 44 0
tr 8 7 5 11 10 4 4.870239476906523e6 3 1
tr 8 7 5 11 10 4 2.209140626724781e7 4 2
tr 8 7 5 11 10 4 2.1056552700600864e11 5 1
ann 8 7 5 11 10 6 1.4798757426910947e-34 44 0
tr 8 7 5 11 10 6 3.896191581525202e7 3 1
tr 8 7 5 11 10 6 4.097061903061605e7 4 2
tr 8 7 5 11 10 6 5.084180564451329e10 5 1
ann 8 7 5 11 10 8 1.6890118575911731e-34 44 0
tr 8 7 5 11 10 8 6.623525688592849e7 3 1
tr 8 7 5 11 10 8 883136.7584790445 4 2
tr 8 7 5 11 10 8 1.7635845848492395e11 5 1
ann 8 7 5 11 10 10 8.71303308024383e-35 44 0
tr 8 7 5 11 10 10 1.5700383382404114e11 5 1
tr 8 7 5 11 10 10 2.8393785960015e11 6 2
tr 8 7 5 11 10 10 1.222968969291114e15 7 1
ann 8 7 5 13 12 2 2.009700690358507e-40 48 0
tr 8 7 5 13 12 2 7.162378948853266e8 5 1
tr 8 7 5 13 12 2 4.2363770318562346e9 6 2
tr 8 7 5 13 12 2 1.633604277877396e14 7 1
ann 8 7 5 13 12 4 3.846282800704092e-40 48 0
tr 8 7 5 13 12 4 8.913182691906374e9 5 1
tr 8 7 5 13 12 4 2.140567531851882e10 6 2
tr 8 7 5 13 12 4 3.4745997238446994e14 7 1
ann 8 7 5 13 12 6 6.3032686885271946e-40 48 0
tr 8 7 5 13 12 6 4.870417685220286e10 5 1
tr 8 7 5 13 12 6 4.519751495499732e10 6 2
tr 8 7 5 13 12 6 2.239368810605928e14 7 1
ann 8 7 5 13 12 8 8.497084827884772e-40 48 0
tr 8 7 5 13 12 8 1.3219705145597934e11 5 1
tr 8 7 5 13 12 8 2.435026798142573e10 6 2
tr 8 7 5 13 12 8 7.361246955279066e12 7 1
ann 8 7 5 13 12 10 8.431784582442504e-40 48 0
tr 8 7 5 13 12 10 1.1310192180122672e11 5 1
tr 8 7 5 13 12 10 1.578258109907226e10 6 2
tr 8 7 5 13 12 10 4.122298294956251e14 7 1
ann 8 7 5 13 12 12 4.1147857823458456e-40 48 0
tr 8 7 5 13 12 12 4.254423240307397e14 7 1
tr 8 7 5 13 12 12 3.7539028590947725e14 8 2
tr 8 7 5 13 12 12 1.9774423737814044e18 9 1
ann 8 7 5 15 14 2 4.079672402162398e-46 52 0
tr 8 7 5 15 14 2 9.516429677169395e11 7 1
tr 8 7 5 15 14 2 2.630023383002637e12 8 2
tr 8 7 5 15 14 2 1.2922724034131062e17 9 1
ann 8 7 5 15 14 4 7.561353348884726e-46 52 0
tr 8 7 5 15 14 4 6.618244275486017e12 7 1
tr 8 7 5 15 14 4 9.479524331199184e12 8 2
tr 8 7 5 15 14 4 2.3846480854774874e17 9 1
ann 8 7 5 15 14 6 1.2369697965580601e-45 52 0
tr 8 7 5 15 14 6 2.794369805205214e13 7 1
tr 8 7 5 15 14 6 1.9731486136194594e13 8 2
tr 8 7 5 15 14 6 2.1101839350832195e17 9 1
ann 8 7 5 15 14 8 1.761560646534901e-45 52 0
tr 8 7 5 15 14 8 7.684516964314344e13 7 1
tr 8 7 5 15 14 8 2.0603911349654504e13 8 2
tr 8 7 5 15 14 8 3.1277175477252344e16 9 1
ann 8 7 5 15 14 10 2.1031476188113835e-45 52 0
tr 8 7 5 15 14 10 1.2854101103943994e14 7 1
tr 8 7 5 15 14 10 3.3659348039069233e12 8 2
tr 8 7 5 15 14 10 8.807166683230997e16 9 1
ann 8 7 5 15 14 12 1.9035580547797112e-45 52 0
tr 8 7 5 15 14 12 7.651250657109519e13 7 1
tr 8 7 5 15 14 12 1.687775880244747e13 8 2
tr 8 7 5 15 14 12 2.732280322889007e17 9 1
ann 8 7 5 15 14 14 8.696288421935573e-46 52 0
tr 8 7 5 15 14 14 4.030677996989141e17 9 1
tr 8 7 5 15 14 14 1.9735569998953238e17 10 2
tr 8 7 5 15 14 14 1.26390627235949e21 11 1
ann 8 7 6 8 7 6 8.513214243591053e-28 38 0
ann 8 7 6 8 7 7 3.106018539798895e-27 38 0
tr 8 7 6 8 7 7 464486.40000000043 2 1
ann 8 7 6 9 8 2 2.2810380455336548e-30 40 0
tr 8 7 6 9 8 2 5.369653932147301e6 4 2
tr 8 7 6 9 8 2 7.183246477155899e10 5 1
tr 8 7 6 9 8 2 1.378261141613727e11 6 2
ann 8 7 6 9 8 4 6.1160589604118244e-30 40 0
tr 8 7 6 9 8 4 997.0835493464967 2 2
tr 8 7 6 9 8 4 1.7932745770870708e7 3 1
tr 8 7 6 9 8 4 6.2936528230687544e7 4 2
ann 8 7 6 9 8 6 1.398441286472437e-29 40 0
tr 8 7 6 9 8 6 19328.081110409006 2 2
tr 8 7 6 9 8 6 4.997439284577998e7 3 1
tr 8 7 6 9 8 6 2.64414776961799e7 4 2
ann 8 7 6 9 8 8 1.5614052618640452e-29 40 0
tr 8 7 6 9 8 8 10737.822839116126 2 2
tr 8 7 6 9 8 8 6.169678129108639e7 3 1
tr 8 7 6 9 8 8 1.142271836474971e8 4 2
ann 8 7 6 11 10 2 2.1200172881520958e-35 44 0
tr 8 7 6 11 10 2 69265.62811600148 4 2
tr 8 7 6 11 10 2 7.158337851750345e9 5 1
tr 8 7 6 11 10 2 4.030111528183387e10 6 2
tr 8 7 6 11 10 2 4.559314139901065e14 7 1
ann 8 7 6 11 10 4 5.255748493977017e-35 44 0
tr 8 7 6 11 10 4 299707.0447327055 3 1
tr 8 7 6 11 10 4 3.3660431201757966e6 4 2
tr 8 7 6 11 10 4 8.325685930275624e10 5 1
ann 8 7 6 11 10 6 1.139437352866357e-34 44 0
tr 8 7 6 11 10 6 7.992187859538862e6 3 1
tr 8 7 6 11 10 6 2.685375120805064e7 4 2
tr 8 7 6 11 10 6 2.3656612521286942e11 5 1
ann 8 7 6 11 10 8 2.0076617558938587e-34 44 0
tr 8 7 6 11 10 8 6.114023712547247e7 3 1
tr 8 7 6 11 10 8 4.755351776425634e7 4 2
tr 8 7 6 11 10 8 7.16157838495624e10 5 1
ann 8 7 6 11 10 10 1.956249546724942e-34 44 0
tr 8 7 6 11 10 10 5.16295335726211e7 4 2
tr 8 7 6 11 10 10 4.0820996794250696e11 5 1
tr 8 7 6 11 10 10 3.3556292498199554e11 6 2
tr 8 7 6 11 10 10 8.832553667102484e14 7 1
ann 8 7 6 13 12 2 8.411165030533634e-41 48 0
tr 8 7 6 13 12 2 2.4486765637104344e7 5 1
tr 8 7 6 13 12 2 3.079087981986158e8 6 2
tr 8 7 6 13 12 2 2.436539433387603e13 7 1
tr 8 7 6 13 12 2 5.966675534229247e13 8 2
tr 8 7 6 13 12 2 8.338741292388344e17 9 1
ann 8 7 6 13 12 4 1.981013694629532e-40 48 0
tr 8 7 6 13 12 4 7.83576500387367e8 5 1
tr 8 7 6 13 12 4 3.7586523217604856e9 6 2
tr 8 7 6 13 12 4 1.3614187093428395e14 7 1
ann 8 7 6 13 12 6 4.132741924820648e-40 48 0
tr 8 7 6 13 12 6 8.991540341945116e9 5 1
tr 8 7 6 13 12 6 1.9874550708726444e10 6 2
tr 8 7 6 13 12 6 3.508960390747176e14 7 1
ann 8 7 6 13 12 8 7.506258809468913e-40 48 0
tr 8 7 6 13 12 8 5.423468777681196e10 5 1
tr 8 7 6 13 12 8 5.036551155132504e10 6 2
tr 8 7 6 13 12 8 3.5390610361918394e14 7 1
ann 8 7 6 13 12 10 1.1120281935047616e-39 48 0
tr 8 7 6 13 12 10 1.7400295661727188e11 5 1
tr 8 7 6 13 12 10 3.4187498749990425e10 6 2
tr 8 7 6 13 12 10 3.963748360534873e12 7 1
ann 8 7 6 13 12 12 1.003825546494592e-39 48 0
tr 8 7 6 13 12 12 8.041832092327275e10 6 2
tr 8 7 6 13 12 12 7.901071731999474e14 7 1
tr 8 7 6 13 12 12 3.2533824778821375e14 8 2
tr 8 7 6 13 12 12 1.0711146191315941e18 9 1
ann 8 7 6 15 14 2 1.550900220217216e-46 52 0
tr 8 7 6 15 14 2 5.323876742472342e10 7 1
tr 8 7 6 15 14 2 2.6169927887153107e11 8 2
tr 8 7 6 15 14 2 2.3913332528337628e16 9 1
tr 8 7 6 15 14 2 3.3418757285756452e16 10 2
tr 8 7 6 15 14 2 6.04838864962923e20 11 1
ann 8 7 6 15 14 4 3.4934944060832143e-46 52 0
tr 8 7 6 15 14 4 6.787942846652349e11 7 1
tr 8 7 6 15 14 4 1.7764741491374968e12 8 2
tr 8 7 6 15 14 4 9.224943304989291e16 9 1
ann 8 7 6 15 14 6 7.091202542982236e-46 52 0
tr 8 7 6 15 14 6 4.9131776794817e12 7 1
tr 8 7 6 15 14 6 7.225261293355435e12 8 2
tr 8 7 6 15 14 6 2.1569600680514394e17 9 1
ann 8 7 6 15 14 8 1.2914386816775866e-45 52 0
tr 8 7 6 15 14 8 2.3644667582505676e13 7 1
tr 8 7 6 15 14 8 1.860922911586096e13 8 2
tr 8 7 6 15 14 8 2.895327726674348e17 9 1
ann 8 7 6 15 14 10 2.067406109914611e-45 52 0
tr 8 7 6 15 14 10 7.91021606396554e13 7 1
tr 8 7 6 15 14 10 2.6927478431255188e13 8 2
tr 8 7 6 15 14 10 1.4167379452017054e17 9 1
ann 8 7 6 15 14 12 2.733215888975484e-45 52 0
tr 8 7 6 15 14 12 1.647961679992821e14 7 1
tr 8 7 6 15 14 12 8.655260924332048e12 8 2
tr 8 7 6 15 14 12 1.957005189948045e16 9 1
ann 8 7 6 15 14 14 2.3136292050546315e-45 52 0
tr 8 7 6 15 14 14 4.846946117625936e13 8 2
tr 8 7 6 15 14 14 5.822090440095446e17 9 1
tr 8 7 6 15 14 14 1.3503284736125866e17 10 2
tr 8 7 6 15 14 14 5.4769271802244406e20 11 1
ann 8 7 7 8 7 7 1.5530092698994466e-27 38 0
ann 8 7 7 9 8 2 8.632664332964637e-31 40 0
tr 8 7 7 9 8 2 3.206806463016022e9 5 1
tr 8 7 7 9 8 2 2.1926881798400215e10 6 2
tr 8 7 7 9 8 2 1.5630047977433344e14 7 1
ann 8 7 7 9 8 4 2.9135231599796446e-30 40 0
tr 8 7 7 9 8 4 711885.9379740593 3 1
tr 8 7 7 9 8 4 8.54263125568885e6 4 2
tr 8 7 7 9 8 4 7.054974218635268e10 5 1
ann 8 7 7 9 8 6 9.663890228464522e-30 40 0
tr 8 7 7 9 8 6 2818.6784952679836 2 2
tr 8 7 7 9 8 6 2.59126481422562e7 3 1
tr 8 7 7 9 8 6 7.403613754930347e7 4 2
ann 8 7 7 9 8 8 3.307989389398193e-29 40 0
tr 8 7 7 9 8 8 37582.379936906465 2 2
tr 8 7 7 9 8 8 8.637549380752076e7 3 1
tr 8 7 7 9 8 8 8.884336505916415e7 4 2
ann 8 7 7 11 10 2 6.253296485475935e-36 44 0
tr 8 7 7 11 10 2 1.1341866220518646e8 5 1
tr 8 7 7 11 10 2 1.8460356196913426e9 6 2
tr 8 7 7 11 10 2 4.9694946507572234e13 7 1
ann 8 7 7 11 10 4 1.9766631939618034e-35 44 0
tr 8 7 7 11 10 4 3567.941008722463 3 1
tr 8 7 7 11 10 4 114221.6848259086 4 2
tr 8 7 7 11 10 4 6.42201669552935e9 5 1
tr 8 7 7 11 10 4 2.850726520590079e10 6 2
ann 8 7 7 11 10 6 5.816359292844613e-35 44 0
tr 8 7 7 11 10 6 428152.92104672285 3 1
tr 8 7 7 11 10 6 3.263476709311702e6 4 2
tr 8 7 7 11 10 6 6.88073217378149e10 5 1
ann 8 7 7 11 10 8 1.631838172488011e-34 44 0
tr 8 7 7 11 10 8 1.0917899486691492e7 3 1
tr 8 7 7 11 10 8 2.9958716191481426e7 4 2
tr 8 7 7 11 10 8 2.807338726902855e11 5 1
ann 8 7 7 11 10 10 4.429045987840539e-34 44 0
tr 8 7 7 11 10 10 1.382933934980924e8 3 1
tr 8 7 7 11 10 10 9.035168375208686e7 4 2
tr 8 7 7 11 10 10 3.174966417330609e11 5 1
ann 8 7 7 13 12 2 2.0477264111742262e-41 48 0
tr 8 7 7 13 12 2 174905.46883654973 5 1
tr 8 7 7 13 12 2 5.788324575510289e6 6 2
tr 8 7 7 13 12 2 9.449183398179062e11 7 1
tr 8 7 7 13 12 2 4.522844428278704e12 8 2
tr 8 7 7 13 12 2 1.276869760396963e17 9 1
ann 8 7 7 13 12 4 6.074177491237943e-41 48 0
tr 8 7 7 13 12 4 2.09886562603768e7 5 1
tr 8 7 7 13 12 4 1.8943607701672634e8 6 2
tr 8 7 7 13 12 4 1.288525008842602e13 7 1
tr 8 7 7 13 12 4 3.1311999888083586e13 8 2
tr 8 7 7 13 12 4 5.051352898273715e17 9 1
ann 8 7 7 13 12 6 1.663940804818205e-40 48 0
tr 8 7 7 13 12 6 5.352107346395915e8 5 1
tr 8 7 7 13 12 6 2.254289316499061e9 6 2
tr 8 7 7 13 12 6 8.177838722787695e13 7 1
ann 8 7 7 13 12 8 4.268352063578951e-40 48 0
tr 8 7 7 13 12 8 6.779335972101498e9 5 1
tr 8 7 7 13 12 8 1.4568536399143642e10 6 2
tr 8 7 7 13 12 8 2.97281127040114e14 7 1
ann 8 7 7 13 12 10 1.0363011966380252e-39 48 0
tr 8 7 7 13 12 10 5.59295217698374e10 5 1
tr 8 7 7 13 12 10 5.608886513670298e10 6 2
tr 8 7 7 13 12 10 6.104172475223671e14 7 1
ann 8 7 7 13 12 12 2.4008667365223316e-39 48 0
tr 8 7 7 13 12 12 3.430344001883359e11 5 1
tr 8 7 7 13 12 12 9.38213744104848e10 6 2
tr 8 7 7 13 12 12 4.254423240307397e14 7 1
ann 8 7 7 15 14 2 3.2671643236782245e-47 52 0
tr 8 7 7 15 14 2 9.506922754414287e8 7 1
tr 8 7 7 15 14 2 8.246064535079278e9 8 2
tr 8 7 7 15 14 2 1.3051384427361662e15 9 1
tr 8 7 7 15 14 2 3.240045720225693e15 10 2
tr 8 7 7 15 14 2 1.1204954398178864e20 11 1
ann 8 7 7 15 14 4 9.086787861779626e-47 52 0
tr 8 7 7 15 14 4 2.424265302375809e10 7 1
tr 8 7 7 15 14 4 1.0675482009645242e11 8 2
tr 8 7 7 15 14 4 9.655156040109826e15 9 1
tr 8 7 7 15 14 4 1.4838086930992812e16 10 2
tr 8 7 7 15 14 4 3.3674889735955494e20 11 1
ann 8 7 7 15 14 6 2.345345606064832e-46 52 0
tr 8 7 7 15 14 6 3.070736049676058e11 7 1
tr 8 7 7 15 14 6 7.902629539607524e11 8 2
tr 8 7 7 15 14 6 4.46707706401184e16 9 1
ann 8 7 7 15 14 8 5.6759692214198414e-46 52 0
tr 8 7 7 15 14 8 2.5333572409827515e12 7 1
tr 8 7 7 15 14 8 3.943997520230055e12 8 2
tr 8 7 7 15 14 8 1.4268175037051155e17 9 1
ann 8 7 7 15 14 10 1.2986831295705083e-45 52 0
tr 8 7 7 15 14 10 1.553792441136088e13 7 1
tr 8 7 7 15 14 10 1.4136926176409016e13 8 2
tr 8 7 7 15 14 10 3.196441810248476e17 9 1
ann 8 7 7 15 14 12 2.828283264478784e-45 52 0
tr 8 7 7 15 14 12 7.651250657109519e13 7 1
tr 8 7 7 15 14 12 3.534231544102251e13 8 2
tr 8 7 7 15 14 12 4.5663454432121075e17 9 1
ann 8 7 7 15 14 14 5.895423353216034e-45 52 0
tr 8 7 7 15 14 14 3.1782118114147194e14 7 1
tr 8 7 7 15 14 14 4.241077852922694e13 8 2
tr 8 7 7 15 14 14 2.3973313576863466e17 9 1
ann 9 8 2 9 8 2 1.361238213129248e-32 42 0
ann 9 8 2 9 8 4 4.247620690913353e-32 42 0
tr 9 8 2 9 8 4 1.1547359999999972e6 2 1
ann 9 8 2 9 8 6 1.8193107270286726e-32 42 0
tr 9 8 2 9 8 6 3.6727683109615245e9 4 1
ann 9 8 2 9 8 8 3.340242750063753e-33 42 0
tr 9 8 2 9 8 8 1.6637532195067388e12 6 1
ann 9 8 2 11 10 2 7.711089404632278e-37 46 0
tr 9 8 2 11 10 2 1.966178277158566e6 2 1
tr 9 8 2 11 10 2 780229.4750629214 3 2
tr 9 8 2 11 10 2 5.710364347655926e9 4 1
ann 9 8 2 11 10 4 7.190079871515484e-37 46 0
tr 9 8 2 11 10 4 1.0650132334608873e6 2 1
tr 9 8 2 11 10 4 2.1131214949620757e6 3 2
tr 9 8 2 11 10 4 4.1757039292233796e9 4 1
ann 9 8 2 11 10 6 4.491065516548289e-37 46 0
tr 9 8 2 11 10 6 2.598215778183429e10 4 1
tr 9 8 2 11 10 6 2.2045467208829162e8 5 2
tr 9 8 2 11 10 6 9.441626431363134e13 6 1
ann 9 8 2 11 10 8 1.7280390726614302e-37 46 0
tr 9 8 2 11 10 8 1.4019440795594262e14 6 1
tr 9 8 2 11 10 8 1.3733329758949461e14 7 2
ann 9 8 2 11 10 10 2.6526475087590374e-38 46 0
tr 9 8 2 11 10 10 8.70740647768743e16 8 1
tr 9 8 2 11 10 10 2.1347007563557424e17 9 2
tr 9 8 2 11 10 10 1.734517411832121e21 10 1
ann 9 8 2 13 12 2 4.5311688444694134e-42 50 0
tr 9 8 2 13 12 2 1.394382292641531e10 4 1
tr 9 8 2 13 12 2 4.259204093886884e9 5 2
tr 9 8 2 13 12 2 2.3909537196121344e13 6 1
ann 9 8 2 13 12 4 4.60424895400673e-42 50 0
tr 9 8 2 13 12 4 1.4873411121509706e10 4 1
tr 9 8 2 13 12 4 1.9470647286339955e9 5 2
tr 9 8 2 13 12 4 7.685208384467606e13 6 1
ann 9 8 2 13 12 6 3.5876975516263425e-42 50 0
tr 9 8 2 13 12 6 2.902591711212988e9 4 1
tr 9 8 2 13 12 6 1.1919976627381342e10 5 2
tr 9 8 2 13 12 6 1.1060194077117287e13 6 1
ann 9 8 2 13 12 8 2.0209478427221024e-42 50 0
tr 9 8 2 13 12 8 1.4447378513234522e14 6 1
tr 9 8 2 13 12 8 2.708883471231476e13 7 2
tr 9 8 2 13 12 8 5.820818519430404e17 8 1
ann 9 8 2 13 12 10 7.207058463285093e-43 50 0
tr 9 8 2 13 12 10 1.1200408812898141e18 8 1
tr 9 8 2 13 12 10 3.227813721050418e17 9 2
tr 9 8 2 13 12 10 1.020044190591737e20 10 1
ann 9 8 2 13 12 12 9.235993184332613e-44 50 0
tr 9 8 2 13 12 12 9.768282935469297e20 10 1
tr 9 8 2 13 12 12 1.3974120171339312e21 11 2
tr 9 8 2 13 12 12 1.3519105036191037e25 12 1
ann 9 8 2 15 14 2 1.2292280389539993e-47 54 0
tr 9 8 2 15 14 2 4.339825939957479e13 6 1
tr 9 8 2 15 14 2 8.63536794175213e12 7 2
tr 9 8 2 15 14 2 4.250949059561513e16 8 1
ann 9 8 2 15 14 4 1.3020363273903563e-47 54 0
tr 9 8 2 15 14 4 5.389556565044633e13 6 1
tr 9 8 2 15 14 4 2.3831372566523465e11 7 2
tr 9 8 2 15 14 4 2.1556659293515014e17 8 1
ann 9 8 2 15 14 6 1.1423958501697558e-47 54 0
tr 9 8 2 15 14 6 3.034120732913994e13 6 1
tr 9 8 2 15 14 6 1.4818780759547479e13 7 2
tr 9 8 2 15 14 6 3.3097093056709976e16 8 1
ann 9 8 2 15 14 8 8.010637722426324e-48 54 0
tr 9 8 2 15 14 8 3.792650916142497e12 6 1
tr 9 8 2 15 14 8 1.6776675225997662e13 7 2
tr 9 8 2 15 14 8 1.8053373149477382e17 8 1
ann 9 8 2 15 14 10 4.179605939720056e-48 54 0
tr 9 8 2 15 14 10 2.7605157835211914e17 8 1
tr 9 8 2 15 14 10 1.2430392709422909e17 9 2
tr 9 8 2 15 14 10 6.72822418606194e20 10 1
ann 9 8 2 15 14 12 1.3723251554391483e-48 54 0
tr 9 8 2 15 14 12 2.964098764489815e21 10 1
tr 9 8 2 15 14 12 2.2153522925399933e20 11 2
tr 9 8 2 15 14 12 2.1649057872962252e24 12 1
ann 9 8 2 15 14 14 1.5100675132907663e-49 54 0
tr 9 8 2 15 14 14 3.556630936272365e24 12 1
tr 9 8 2 15 14 14 3.215231779996389e24 13 2
tr 9 8 2 15 14 14 3.7041828259793695e28 14 1
ann 9 8 4 9 8 4 1.510809033701025e-32 42 0
ann 9 8 4 9 8 6 4.5163786120121243e-32 42 0
tr 9 8 4 9 8 6 636854.3999999982 2 1
ann 9 8 4 9 8 8 1.269012308755402e-32 42 0
tr 9 8 4 9 8 8 4.4518403769230473e8 4 1
ann 9 8 4 11 10 2 5.3327797698845984e-37 46 0
tr 9 8 4 11 10 2 74476.44989236977 2 1
tr 9 8 4 11 10 2 1.1585225538813043e6 3 2
tr 9 8 4 11 10 2 1.807070754017288e10 4 1
ann 9 8 4 11 10 4 8.047695822389247e-37 46 0
tr 9 8 4 11 10 4 1.452290772901208e6 2 1
tr 9 8 4 11 10 4 2.305223449049536e6 3 2
ann 9 8 4 11 10 6 8.459828521954805e-37 46 0
tr 9 8 4 11 10 6 1.936387697201611e6 2 1
tr 9 8 4 11 10 6 614726.2530798776 3 2
tr 9 8 4 11 10 6 1.6331642034295944e10 4 1
ann 9 8 4 11 10 8 5.2358525335456154e-37 46 0
tr 9 8 4 11 10 8 2.409254630679177e10 4 1
tr 9 8 4 11 10 8 2.473501420830625e10 5 2
ann 9 8 4 11 10 10 1.3019642650973052e-37 46 0
tr 9 8 4 11 10 10 2.6905997486494008e13 6 1
tr 9 8 4 11 10 10 9.26609607315482e13 7 2
tr 9 8 4 11 10 10 7.183610344092166e17 8 1
ann 9 8 4 13 12 2 2.921779676998786e-42 50 0
tr 9 8 4 13 12 2 1.2676202660377576e9 4 1
tr 9 8 4 13 12 2 5.973948599217946e9 5 2
tr 9 8 4 13 12 2 1.1190129177989855e14 6 1
ann 9 8 4 13 12 4 4.3818658901698544e-42 50 0
tr 9 8 4 13 12 4 8.450801773585061e9 4 1
tr 9 8 4 13 12 4 1.0325343257907547e10 5 2
tr 9 8 4 13 12 4 2.0866505189342105e13 6 1
ann 9 8 4 13 12 6 5.230637873281796e-42 50 0
tr 9 8 4 13 12 6 1.8471038162264496e10 4 1
tr 9 8 4 13 12 6 1.0746785839862978e9 5 2
tr 9 8 4 13 12 6 5.448402423216322e13 6 1
ann 9 8 4 13 12 8 4.6226324022986116e-42 50 0
tr 9 8 4 13 12 8 8.355945835310131e9 4 1
tr 9 8 4 13 12 8 1.0209446547869823e10 5 2
tr 9 8 4 13 12 8 4.584953181059556e13 6 1
ann 9 8 4 13 12 10 2.61200914055575e-42 50 0
tr 9 8 4 13 12 10 2.0226329918528325e14 6 1
tr 9 8 4 13 12 10 3.792436859724063e13 7 2
tr 9 8 4 13 12 10 1.2252568428655293e17 8 1
ann 9 8 4 13 12 12 5.865940944236262e-43 50 0
tr 9 8 4 13 12 12 3.122538214504929e17 8 1
tr 9 8 4 13 12 12 5.6242208775878394e17 9 2
tr 9 8 4 13 12 12 5.089789529534026e21 10 1
ann 9 8 4 15 14 2 7.481174749067854e-48 54 0
tr 9 8 4 15 14 2 5.283878985337843e12 6 1
tr 9 8 4 15 14 2 1.1308219923723043e13 7 2
tr 9 8 4 15 14 2 2.738963769058381e17 8 1
ann 9 8 4 15 14 4 1.1067756157761932e-47 54 0
tr 9 8 4 15 14 4 2.2864785427461945e13 6 1
tr 9 8 4 15 14 4 1.819850268716363e13 7 2
tr 9 8 4 15 14 4 8.958611654447814e16 8 1
ann 9 8 4 15 14 6 1.388727929751831e-47 54 0
tr 9 8 4 15 14 6 5.17179670383067e13 6 1
tr 9 8 4 15 14 6 8.232655977526402e12 7 2
tr 9 8 4 15 14 6 3.3097093056709976e16 8 1
ann 9 8 4 15 14 8 1.4323406228732625e-47 54 0
tr 9 8 4 15 14 8 5.688976374213741e13 6 1
tr 9 8 4 15 14 8 1.3721093295877283e12 7 2
tr 9 8 4 15 14 8 2.4822819792532304e17 8 1
ann 9 8 4 15 14 10 1.1381141366080483e-47 54 0
tr 9 8 4 15 14 10 1.5860176558414084e13 6 1
tr 9 8 4 15 14 10 2.4275780446552156e13 7 2
tr 9 8 4 15 14 10 8.365199344003661e15 8 1
ann 9 8 4 15 14 12 6.002266720704242e-48 54 0
tr 9 8 4 15 14 12 5.437379573602348e17 8 1
tr 9 8 4 15 14 12 9.793642740757472e15 9 2
tr 9 8 4 15 14 12 1.0007024345569429e21 10 1
ann 9 8 4 15 14 14 1.2169939448820077e-48 54 0
tr 9 8 4 15 14 14 1.1317468009870219e21 10 1
tr 9 8 4 15 14 14 1.1894931343467592e21 11 2
tr 9 8 4 15 14 14 1.275748053228135e25 12 1
ann 9 8 6 9 8 6 1.9293783392073925e-32 42 0
ann 9 8 6 9 8 8 4.749446427420536e-32 42 0
tr 9 8 6 9 8 8 139967.99999999884 2 1
ann 9 8 6 11 10 2 1.9699047600339007e-37 46 0
tr 9 8 6 11 10 2 5.511366802207214e8 4 1
tr 9 8 6 11 10 2 7.112669374921331e9 5 2
tr 9 8 6 11 10 2 1.0606274034982286e14 6 1
ann 9 8 6 11 10 4 4.56432810870974e-37 46 0
tr 9 8 6 11 10 4 15959.23926265055 2 1
tr 9 8 6 11 10 4 366049.2180084152 3 2
tr 9 8 6 11 10 4 1.1087037003805656e10 4 1
ann 9 8 6 11 10 6 8.64755834179886e-37 46 0
tr 9 8 6 11 10 6 766043.4846072312 2 1
tr 9 8 6 11 10 6 2.735869587882966e6 3 2
tr 9 8 6 11 10 6 1.6621857088155128e10 4 1
ann 9 8 6 11 10 8 1.1277499751696071e-36 46 0
tr 9 8 6 11 10 8 3.2556848095807363e6 2 1
tr 9 8 6 11 10 8 258387.68330005827 3 2
tr 9 8 6 11 10 8 6.057806645951629e9 4 1
ann 9 8 6 11 10 10 6.023765711656988e-37 46 0
tr 9 8 6 11 10 10 8.383853110422045e9 4 1
tr 9 8 6 11 10 10 3.137085400227016e10 5 2
tr 9 8 6 11 10 10 2.225859792064508e14 6 1
ann 9 8 6 13 12 2 9.643979021573497e-43 50 0
tr 9 8 6 13 12 2 2.984977078581819e6 4 1
tr 9 8 6 13 12 2 9.735728876421843e7 5 2
tr 9 8 6 13 12 2 1.1501964889494154e13 6 1
tr 9 8 6 13 12 2 4.35101163877098e13 7 2
ann 9 8 6 13 12 4 2.105424385186336e-42 50 0
tr 9 8 6 13 12 4 2.2287828853410915e8 4 1
tr 9 8 6 13 12 4 1.71494712195702e9 5 2
tr 9 8 6 13 12 4 7.0065146570080875e13 6 1
ann 9 8 6 13 12 6 3.943881142489023e-42 50 0
tr 9 8 6 13 12 6 3.044676620153488e9 4 1
tr 9 8 6 13 12 6 8.37009281758559e9 5 2
tr 9 8 6 13 12 6 1.2364987602159084e14 6 1
ann 9 8 6 13 12 8 6.037248188627765e-42 50 0
tr 9 8 6 13 12 8 1.5426361542111032e10 4 1
tr 9 8 6 13 12 8 1.0994788590013649e10 5 2
tr 9 8 6 13 12 8 1.735889726002116e13 6 1
ann 9 8 6 13 12 10 6.61872014642088e-42 50 0
tr 9 8 6 13 12 10 2.1211247120402664e10 4 1
tr 9 8 6 13 12 10 7.198968719651793e8 5 2
tr 9 8 6 13 12 10 1.163872730576658e14 6 1
ann 9 8 6 13 12 12 3.317203781671847e-42 50 0
tr 9 8 6 13 12 12 1.0224298640135156e14 6 1
tr 9 8 6 13 12 12 1.7253503955228147e14 7 2
tr 9 8 6 13 12 12 1.4207548875997468e18 8 1
ann 9 8 6 15 14 2 2.212307525826328e-48 54 0
tr 9 8 6 15 14 2 4.645168338758507e10 6 1
tr 9 8 6 15 14 2 3.834418410245163e11 7 2
tr 9 8 6 15 14 2 4.45960048484674e16 8 1
ann 9 8 6 15 14 4 4.627295819305967e-48 54 0
tr 9 8 6 15 14 4 8.07625858897791e11 6 1
tr 9 8 6 15 14 4 3.003324324942023e12 7 2
tr 9 8 6 15 14 4 1.7057254017066413e17 8 1
ann 9 8 6 15 14 6 8.520809461442338e-48 54 0
tr 9 8 6 15 14 6 6.365288250868524e12 6 1
tr 9 8 6 15 14 6 1.1399062122728848e13 7 2
tr 9 8 6 15 14 6 3.055116282157847e17 8 1
ann 9 8 6 15 14 8 1.3592105474386746e-47 54 0
tr 9 8 6 15 14 8 2.8132300751606434e13 6 1
tr 9 8 6 15 14 8 2.102267508546922e13 7 2
tr 9 8 6 15 14 8 1.805337314947739e17 8 1
ann 9 8 6 15 14 10 1.7989178673870334e-47 54 0
tr 9 8 6 15 14 10 6.901791117727449e13 6 1
tr 9 8 6 15 14 10 1.0403905905665236e13 7 2
tr 9 8 6 15 14 10 8.365199344003649e15 8 1
ann 9 8 6 15 14 12 1.763746319202594e-47 54 0
tr 9 8 6 15 14 12 5.664348770862174e13 6 1
tr 9 8 6 15 14 12 7.802929429248918e12 7 2
tr 9 8 6 15 14 12 3.6597747130015936e17 8 1
ann 9 8 6 15 14 14 8.359150936552667e-48 54 0
tr 9 8 6 15 14 14 3.764339704801616e17 8 1
tr 9 8 6 15 14 14 3.322304960518489e17 9 2
tr 9 8 6 15 14 14 3.2522829123100706e21 10 1
ann 9 8 8 9 8 8 4.678755302548774e-32 42 0
ann 9 8 8 11 10 2 2.485971863134274e-38 46 0
tr 9 8 8 11 10 2 3.887347418069348e11 6 1
tr 9 8 8 11 10 2 4.3375657159783237e12 7 2
tr 9 8 8 11 10 2 9.340917475290106e16 8 1
ann 9 8 8 11 10 4 8.708571498193687e-38 46 0
tr 9 8 8 11 10 4 2.5956201580253623e7 4 1
tr 9 8 8 11 10 4 5.2878288479918283e8 5 2
tr 9 8 8 11 10 4 1.5007517001879752e13 6 1
ann 9 8 8 11 10 6 2.8586740161081756e-37 46 0
tr 9 8 8 11 10 6 1063.949284176701 2 1
tr 9 8 8 11 10 6 33776.16775164139 3 2
tr 9 8 8 11 10 6 1.668612958730607e9 4 1
ann 9 8 8 11 10 8 9.097508730793508e-37 46 0
tr 9 8 8 11 10 8 162784.24047903623 2 1
tr 9 8 8 11 10 8 1.0335507332002302e6 3 2
tr 9 8 8 11 10 8 1.701985217905228e10 4 1
ann 9 8 8 11 10 10 2.8563566748487623e-36 46 0
tr 9 8 8 11 10 10 5.154834281836169e6 2 1
tr 9 8 8 11 10 10 6.545821310268132e6 3 2
tr 9 8 8 11 10 10 3.593079904466593e10 4 1
ann 9 8 8 13 12 2 8.826237712857038e-44 50 0
tr 9 8 8 13 12 2 6.255765880722385e9 6 1
tr 9 8 8 13 12 2 1.4192768841888998e11 7 2
tr 9 8 8 13 12 2 1.0518443776818644e16 8 1
ann 9 8 8 13 12 4 2.8974854831142036e-43 50 0
tr 9 8 8 13 12 4 66332.82396850688 4 1
tr 9 8 8 13 12 4 2.9176794135372764e6 5 2
tr 9 8 8 13 12 4 5.1183539024092847e11 6 1
tr 9 8 8 13 12 4 3.2752543481282515e12 7 2
tr 9 8 8 13 12 4 1.0402856482567936e17 8 1
ann 9 8 8 13 12 6 8.796091129642319e-43 50 0
tr 9 8 8 13 12 6 1.0148922067178346e7 4 1
tr 9 8 8 13 12 6 1.1573461673698494e8 5 2
tr 9 8 8 13 12 6 8.121121525156079e12 6 1
ann 9 8 8 13 12 8 2.5127960099399944e-42 50 0
tr 9 8 8 13 12 8 3.213825321273125e8 4 1
tr 9 8 8 13 12 8 1.570684084287666e9 5 2
tr 9 8 8 13 12 8 5.510761034927347e13 6 1
ann 9 8 8 13 12 10 6.843016966995052e-42 50 0
tr 9 8 8 13 12 10 4.949290994760617e9 4 1
tr 9 8 8 13 12 10 1.0366514956298588e10 5 2
tr 9 8 8 13 12 10 1.8185511415260228e14 6 1
ann 9 8 8 13 12 12 1.7923478840983034e-41 50 0
tr 9 8 8 13 12 12 4.878586837692604e10 4 1
tr 9 8 8 13 12 12 2.6492204888318577e10 5 2
tr 9 8 8 13 12 12 1.8589633891154862e14 6 1
ann 9 8 8 15 14 2 1.5635219440489387e-49 54 0
tr 9 8 8 15 14 2 5.865111538837721e6 6 1
tr 9 8 8 15 14 2 2.427438000155372e8 7 2
tr 9 8 8 15 14 2 1.024677803613249e14 8 1
tr 9 8 8 15 14 2 6.649654889977624e14 9 2
tr 9 8 8 15 14 2 4.628980952213943e19 10 1
ann 9 8 8 15 14 4 4.8104963134489975e-49 54 0
tr 9 8 8 15 14 4 8.973620654419585e8 6 1
tr 9 8 8 15 14 4 1.0475328600669737e10 7 2
tr 9 8 8 15 14 4 1.895090926902404e15 8 1
tr 9 8 8 15 14 4 6.395068102761384e15 9 2
tr 9 8 8 15 14 4 2.596858314192028e20 10 1
ann 9 8 8 15 14 6 1.3709947011909088e-48 54 0
tr 9 8 8 15 14 6 2.841646540566264e10 6 1
tr 9 8 8 15 14 6 1.6284374461041266e11 7 2
tr 9 8 8 15 14 6 1.6366694368702664e16 8 1
ann 9 8 8 15 14 8 3.6614072148731296e-48 54 0
tr 9 8 8 15 14 8 4.376135672472106e11 6 1
tr 9 8 8 15 14 8 1.3932187038890874e12 7 2
tr 9 8 8 15 14 8 8.40156977593406e16 8 1
ann 9 8 8 15 14 10 9.247318074237203e-48 54 0
tr 9 8 8 15 14 10 4.313619448579654e12 6 1
tr 9 8 8 15 14 10 7.629530997487844e12 7 2
tr 9 8 8 15 14 10 2.7605157835211914e17 8 1
ann 9 8 8 15 14 12 2.225058440000242e-47 54 0
tr 9 8 8 15 14 12 3.1153918239741918e13 6 1
tr 9 8 8 15 14 12 2.70501553547296e13 7 2
tr 9 8 8 15 14 12 5.437379573602348e17 8 1
ann 9 8 8 15 14 14 5.13109241954572e-47 54 0
tr 9 8 8 15 14 14 1.7842698628215838e14 6 1
tr 9 8 8 15 14 14 4.369640480379391e13 7 2
tr 9 8 8 15 14 14 3.764339704801614e17 8 1
ann 11 10 2 11 10 2 3.56820709362706e-42 50 0
ann 11 10 2 11 10 4 1.177710779744094e-41 50 0
tr 11 10 2 11 10 4 5.952308689196663e6 2 1
ann 11 10 2 11 10 6 6.155026118014089e-42 50 0
tr 11 10 2 11 10 6 1.1375409360040244e11 4 1
ann 11 10 2 11 10 8 1.894117279814136e-42 50 0
tr 11 10 2 11 10 8 6.439037880760762e14 6 1
ann 11 10 2 11 10 10 2.059461110710554e-43 50 0
ann 11 10 2 13 12 2 1.0909386118883969e-46 54 0
tr 11 10 2 13 12 2 9.625849998555304e6 2 1
tr 11 10 2 13 12 2 3.819781745458479e6 3 2
tr 11 10 2 13 12 2 1.4388818708180142e11 4 1
ann 11 10 2 13 12 4 1.0094429734187581e-46 54 0
tr 11 10 2 13 12 4 4.2781555549134845e6 2 1
tr 11 10 2 13 12 4 1.6637271602441339e7 3 2
tr 11 10 2 13 12 4 2.987298001698325e10 4 1
ann 11 10 2 13 12 6 6.722171121631355e-47 54 0
tr 11 10 2 13 12 6 4.423856418514968e11 4 1
tr 11 10 2 13 12 6 3.378217628684167e10 5 2
tr 11 10 2 13 12 6 7.269616467055329e15 6 1
ann 11 10 2 13 12 8 3.0665409284375944e-47 54 0
tr 11 10 2 13 12 8 1.2112163915932418e16 6 1
tr 11 10 2 13 12 8 6.674049504697472e15 7 2
ann 11 10 2 13 12 10 8.5412900646472e-48 54 0
tr 11 10 2 13 12 10 8.091976819356284e19 8 1
tr 11 10 2 13 12 10 1.5562885216423844e20 9 2
tr 11 10 2 13 12 10 7.619129476653629e23 10 1
ann 11 10 2 13 12 12 7.910865992701802e-49 54 0
tr 11 10 2 13 12 12 6.881103563555607e22 10 1
tr 11 10 2 13 12 12 2.343234583967521e23 11 2
tr 11 10 2 13 12 12 5.230181471590993e27 12 1
ann 11 10 2 15 14 2 3.8672040744601034e-52 58 0
tr 11 10 2 15 14 2 3.206512944948589e11 4 1
tr 11 10 2 15 14 2 9.794439540933885e10 5 2
tr 11 10 2 15 14 2 2.832568423869647e15 6 1
ann 11 10 2 15 14 4 3.823544067081825e-52 58 0
tr 11 10 2 15 14 4 2.973312003497797e11 4 1
tr 11 10 2 15 14 4 1.0812043649082875e11 5 2
tr 11 10 2 15 14 4 4.40866285840287e15 6 1
ann 11 10 2 15 14 6 2.9748642449048476e-52 58 0
tr 11 10 2 15 14 6 4.483565719560156e10 4 1
tr 11 10 2 15 14 6 3.4238138222095746e11 5 2
tr 11 10 2 15 14 6 2.62330560473192e15 6 1
ann 11 10 2 15 14 8 1.758136052746075e-52 58 0
tr 11 10 2 15 14 8 8.359891927146264e15 6 1
tr 11 10 2 15 14 8 7.197611034213938e15 7 2
tr 11 10 2 15 14 8 6.941399978367462e19 8 1
ann 11 10 2 15 14 10 7.396835600964958e-53 58 0
tr 11 10 2 15 14 10 2.948332400783974e20 8 1
tr 11 10 2 15 14 10 9.440794068267307e18 9 2
tr 11 10 2 15 14 10 1.5591150040586335e24 10 1
ann 11 10 2 15 14 12 1.8862281368757915e-53 58 0
tr 11 10 2 15 14 12 2.5071706119953245e24 10 1
tr 11 10 2 15 14 12 2.1344283048760055e24 11 2
tr 11 10 2 15 14 12 4.951506329934791e27 12 1
ann 11 10 2 15 14 14 1.493262503866922e-54 58 0
tr 11 10 2 15 14 14 2.768029580276037e27 12 1
tr 11 10 2 15 14 14 5.956561661697786e27 13 2
tr 11 10 2 15 14 14 1.520883044780976e32 14 1
ann 11 10 4 11 10 4 3.80138372778714e-42 50 0
ann 11 10 4 11 10 6 1.2384738891820877e-41 50 0
tr 11 10 4 11 10 6 4.204927645429355e6 2 1
ann 11 10 4 11 10 8 5.5089254744163493e-42 50 0
tr 11 10 4 11 10 8 4.098361771003525e10 4 1
ann 11 10 4 11 10 10 8.84708984468437e-43 50 0
tr 11 10 4 11 10 10 4.801480366344323e13 6 1
ann 11 10 4 13 12 2 8.277858212423168e-47 54 0
tr 11 10 4 13 12 2 493633.3332592454 2 1
tr 11 10 4 13 12 2 1.0029375659870444e7 3 2
tr 11 10 4 13 12 2 3.265499702779511e11 4 1
ann 11 10 4 13 12 4 1.1269376073829044e-46 54 0
tr 11 10 4 13 12 4 7.898133332147982e6 2 1
tr 11 10 4 13 12 4 1.2536719574838025e7 3 2
ann 11 10 4 13 12 6 1.1238418269820998e-46 54 0
tr 11 10 4 13 12 6 7.192942856063332e6 2 1
tr 11 10 4 13 12 6 9.133895690239163e6 3 2
tr 11 10 4 13 12 6 2.1915897798832858e11 4 1
ann 11 10 4 13 12 8 7.562468547094399e-47 54 0
tr 11 10 4 13 12 8 4.948191048966904e11 4 1
tr 11 10 4 13 12 8 2.0572479149038113e11 5 2
tr 11 10 4 13 12 8 2.3857292561685165e15 6 1
ann 11 10 4 13 12 10 2.987673900547358e-47 54 0
tr 11 10 4 13 12 10 6.588484767457754e15 6 1
tr 11 10 4 13 12 10 1.7042662128066744e16 7 2
tr 11 10 4 13 12 10 8.5985193243356e19 8 1
ann 11 10 4 13 12 12 4.2176231140501205e-48 54 0
tr 11 10 4 13 12 12 8.765249615943135e18 8 1
tr 11 10 4 13 12 12 4.2118078057095225e19 9 2
tr 11 10 4 13 12 12 9.2279220420735e23 10 1
ann 11 10 4 15 14 2 2.773333211605891e-52 58 0
tr 11 10 4 15 14 2 3.946477470705972e10 4 1
tr 11 10 4 15 14 2 2.2961323465925632e11 5 2
tr 11 10 4 15 14 2 7.731158712430362e15 6 1
ann 11 10 4 15 14 4 3.8187068251899265e-52 58 0
tr 11 10 4 15 14 4 2.2871630796136932e11 4 1
tr 11 10 4 15 14 4 2.794497435455265e11 5 2
ann 11 10 4 15 14 6 4.217223224109555e-52 58 0
tr 11 10 4 15 14 6 3.862764312236441e11 4 1
tr 11 10 4 15 14 6 6.457259180853567e15 6 1
ann 11 10 4 15 14 8 3.571641043656749e-52 58 0
tr 11 10 4 15 14 8 1.1381359134268097e11 4 1
tr 11 10 4 15 14 8 3.8627643122364514e11 5 2
tr 11 10 4 15 14 8 2.7222044736841788e14 6 1
ann 11 10 4 15 14 10 2.150421326463402e-52 58 0
tr 11 10 4 15 14 10 1.3583183900465288e16 6 1
tr 11 10 4 15 14 10 5.197646900688256e13 7 2
tr 11 10 4 15 14 10 1.5582885573531366e20 8 1
ann 11 10 4 15 14 12 7.893148033876568e-53 58 0
tr 11 10 4 15 14 12 2.256376837334674e20 8 1
tr 11 10 4 15 14 12 2.1855919941205606e20 9 2
tr 11 10 4 15 14 12 4.060195323069359e23 10 1
ann 11 10 4 15 14 14 9.875471982691844e-54 58 0
tr 11 10 4 15 14 14 3.719428929883157e23 10 1
tr 11 10 4 15 14 14 1.0428901831516644e24 11 2
tr 11 10 4 15 14 14 2.5554128154142836e28 12 1
ann 11 10 6 11 10 6 4.3177571048853556e-42 50 0
ann 11 10 6 11 10 8 1.337342627961296e-41 50 0
tr 11 10 6 11 10 8 2.1445130991689586e6 2 1
ann 11 10 6 11 10 10 3.545162371265376e-42 50 0
tr 11 10 6 11 10 10 4.326048536059267e9 4 1
ann 11 10 6 13 12 2 3.8944195852703234e-47 54 0
tr 11 10 6 13 12 2 2.1447267704500484e10 4 1
tr 11 10 6 13 12 2 3.364751344234541e11 5 2
tr 11 10 6 13 12 2 8.895057878364806e15 6 1
ann 11 10 6 13 12 4 7.686177948652983e-47 54 0
tr 11 10 6 13 12 4 164544.44441974847 2 1
tr 11 10 6 13 12 4 4.714328923454729e6 3 2
tr 11 10 6 13 12 4 2.868265665938306e11 4 1
ann 11 10 6 13 12 6 1.1935039344382052e-46 54 0
tr 11 10 6 13 12 6 5.3947071420475e6 2 1
tr 11 10 6 13 12 6 1.926681122159821e7 3 2
tr 11 10 6 13 12 6 1.1536478003261754e11 4 1
ann 11 10 6 13 12 8 1.3210174687809006e-46 54 0
tr 11 10 6 13 12 8 1.1388826188766966e7 2 1
tr 11 10 6 13 12 8 903875.0943465838 3 2
tr 11 10 6 13 12 8 2.9724490515579846e11 4 1
ann 11 10 6 13 12 10 8.649344358188758e-47 54 0
tr 11 10 6 13 12 10 3.8101071077045087e11 4 1
tr 11 10 6 13 12 10 9.342844459256046e11 5 2
tr 11 10 6 13 12 10 3.0888236330667235e15 6 1
ann 11 10 6 13 12 12 2.048187310180895e-47 54 0
tr 11 10 6 13 12 12 1.0102343310101834e15 6 1
tr 11 10 6 13 12 12 6.185108149041956e15 7 2
tr 11 10 6 13 12 12 1.3147874423914838e20 8 1
ann 11 10 6 15 14 2 1.21388148498229e-52 58 0
tr 11 10 6 15 14 2 1.7618202994222715e8 4 1
tr 11 10 6 15 14 2 7.324901366083024e9 5 2
tr 11 10 6 15 14 2 1.7479655214266202e15 6 1
ann 11 10 6 15 14 4 2.3084180001105282e-52 58 0
tr 11 10 6 15 14 4 1.1435815398068445e10 4 1
tr 11 10 6 15 14 4 1.0396195816425818e11 5 2
tr 11 10 6 15 14 4 7.527710591584727e15 6 1
ann 11 10 6 15 14 6 3.680951245307222e-52 58 0
tr 11 10 6 15 14 6 1.2071138475738902e11 4 1
tr 11 10 6 15 14 6 3.31846570460313e11 5 2
tr 11 10 6 15 14 6 5.743202477785644e15 6 1
ann 11 10 6 15 14 8 4.7121344935826176e-52 58 0
tr 11 10 6 15 14 8 3.9834756969938293e11 4 1
tr 11 10 6 15 14 8 1.448536617088667e11 5 2
tr 11 10 6 15 14 8 8.619982756333842e14 6 1
ann 11 10 6 15 14 10 4.4638061500612565e-52 58 0
tr 11 10 6 15 14 10 2.6177126008816656e11 4 1
tr 11 10 6 15 14 10 2.2210894795359555e11 5 2
tr 11 10 6 15 14 10 7.146035301170714e15 6 1
ann 11 10 6 15 14 12 2.646032292982051e-52 58 0
tr 11 10 6 15 14 12 1.4715115892170716e16 6 1
tr 11 10 6 15 14 12 9.51602520067674e15 7 2
ann 11 10 6 15 14 14 5.793234966587619e-53 58 0
tr 11 10 6 15 14 14 4.7383913584028205e19 8 1
tr 11 10 6 15 14 14 1.5172704752572485e20 9 2
tr 11 10 6 15 14 14 3.5236695125209003e24 10 1
ann 11 10 8 11 10 8 5.6025297466485834e-42 50 0
ann 11 10 8 11 10 10 1.397500636629233e-41 50 0
tr 11 10 8 11 10 10 443853.47368420946 2 1
ann 11 10 8 13 12 2 1.0214721771557518e-47 54 0
tr 11 10 8 13 12 2 1.8914310337199228e14 6 1
tr 11 10 8 13 12 2 2.4347349479976385e15 7 2
tr 11 10 8 13 12 2 8.124084461750172e19 8 1
ann 11 10 8 13 12 4 2.794039532864948e-47 54 0
tr 11 10 8 13 12 4 3.6460355097650957e9 4 1
tr 11 10 8 13 12 4 8.689938936789178e10 5 2
tr 11 10 8 13 12 4 4.3227563024285825e15 6 1
ann 11 10 8 13 12 6 6.650140892121617e-47 54 0
tr 11 10 8 13 12 6 35259.52380423171 2 1
tr 11 10 8 13 12 6 1.3544134540673282e6 3 2
tr 11 10 8 13 12 6 1.3150433531285591e11 4 1
ann 11 10 8 13 12 8 1.2974520638604884e-46 54 0
tr 11 10 8 13 12 8 2.679723809121639e6 2 1
tr 11 10 8 13 12 8 1.701411942299451e7 3 2
tr 11 10 8 13 12 8 3.8934085872683655e11 4 1
ann 11 10 8 13 12 10 1.7609812634163934e-46 54 0
tr 11 10 8 13 12 10 1.7194894441863883e7 2 1
tr 11 10 8 13 12 10 5.458696648210744e6 3 2
ann 11 10 8 13 12 12 9.587386571838563e-47 54 0
tr 11 10 8 13 12 12 1.1455223983948154e11 4 1
tr 11 10 8 13 12 12 7.085576726071237e11 5 2
tr 11 10 8 13 12 12 1.405144114950534e16 6 1
ann 11 10 8 15 14 2 2.781670514855185e-53 58 0
tr 11 10 8 15 14 2 4.662420103134296e12 6 1
tr 11 10 8 15 14 2 1.289004537441853e14 7 2
tr 11 10 8 15 14 2 1.6958560521174274e19 8 1
ann 11 10 8 15 14 4 7.214755266092333e-53 58 0
tr 11 10 8 15 14 4 1.6016548176566668e7 4 1
tr 11 10 8 15 14 4 8.697471009820124e8 5 2
tr 11 10 8 15 14 4 2.9793823431625244e14 6 1
ann 11 10 8 15 14 6 1.6544250305292055e-52 58 0
tr 11 10 8 15 14 6 1.893511917762955e9 4 1
tr 11 10 8 15 14 6 2.4787792377988003e10 5 2
tr 11 10 8 15 14 6 3.055753023425485e15 6 1
ann 11 10 8 15 14 8 3.288821421902666e-52 58 0
tr 11 10 8 15 14 8 3.9053683303861176e10 4 1
tr 11 10 8 15 14 8 1.9086600131050757e11 5 2
tr 11 10 8 15 14 8 9.423607975524568e15 6 1
ann 11 10 8 15 14 10 5.3697015911672504e-52 58 0
tr 11 10 8 15 14 10 2.8743510911641815e11 4 1
tr 11 10 8 15 14 10 4.180874314420631e11 5 2
tr 11 10 8 15 14 10 4.603728154024794e15 6 1
ann 11 10 8 15 14 12 6.258144363366875e-52 58 0
tr 11 10 8 15 14 12 5.560500622787852e11 4 1
tr 11 10 8 15 14 12 6.37392720463012e15 6 1
ann 11 10 8 15 14 14 3.163241650485986e-52 58 0
tr 11 10 8 15 14 14 6.059165367364388e15 6 1
tr 11 10 8 15 14 14 1.6902289105135178e16 7 2
tr 11 10 8 15 14 14 3.624869389178154e20 8 1
ann 11 10 10 11 10 10 1.3927256420684092e-41 50 0
ann 11 10 10 13 12 2 8.047909799335886e-49 54 0
tr 11 10 10 13 12 2 1.7322627699491763e17 8 1
tr 11 10 10 13 12 2 2.055451901632844e18 9 2
tr 11 10 10 13 12 2 1.0132700556402828e23 10 1
ann 11 10 10 13 12 4 3.176064939376369e-48 54 0
tr 11 10 10 13 12 4 6.655035118643895e12 6 1
tr 11 10 10 13 12 4 1.3201416602698186e14 7 2
tr 11 10 10 13 12 4 7.795182464771633e18 8 1
ann 11 10 10 13 12 6 1.159382597942147e-47 54 0
tr 11 10 10 13 12 6 1.6170558983551595e8 4 1
tr 11 10 10 13 12 6 5.445656245333568e9 5 2
tr 11 10 10 13 12 6 4.319722795192673e14 6 1
ann 11 10 10 13 12 8 4.027284712863433e-47 54 0
tr 11 10 10 13 12 8 2350.6349202821866 2 1
tr 11 10 10 13 12 8 116598.9543790735 3 2
tr 11 10 10 13 12 8 1.6459318965401043e10 4 1
ann 11 10 10 13 12 10 1.3587880600024077e-46 54 0
tr 11 10 10 13 12 10 542996.6665851739 2 1
tr 11 10 10 13 12 10 5.386871692313218e6 3 2
tr 11 10 10 13 12 10 2.5347351206717688e11 4 1
ann 11 10 10 13 12 12 4.497493613128228e-46 54 0
tr 11 10 10 13 12 12 2.4977846662918005e7 2 1
tr 11 10 10 13 12 12 4.955921956928167e7 3 2
tr 11 10 10 13 12 12 7.77318770339342e11 4 1
ann 11 10 10 15 14 2 1.6553856481085569e-54 58 0
tr 11 10 10 15 14 2 7.546410827208179e15 8 1
tr 11 10 10 15 14 2 1.6335003046247104e17 9 2
tr 11 10 10 15 14 2 2.0654037078222324e22 10 1
ann 11 10 10 15 14 4 6.09476482986196e-54 58 0
tr 11 10 10 15 14 4 8.7726264566789e10 6 1
tr 11 10 10 15 14 4 3.290070608491969e12 7 2
tr 11 10 10 15 14 4 6.350304711094264e17 8 1
ann 11 10 10 15 14 6 2.0749195662233679e-53 58 0
tr 11 10 10 15 14 6 355923.29281251744 4 1
tr 11 10 10 15 14 6 2.446163721512052e7 5 2
tr 11 10 10 15 14 6 1.1364538818880828e13 6 1
tr 11 10 10 15 14 6 1.2021411838720534e14 7 2
ann 11 10 10 15 14 8 6.6385136199729245e-53 58 0
tr 11 10 10 15 14 8 8.221828063970652e7 4 1
tr 11 10 10 15 14 8 1.4649802732166154e9 5 2
tr 11 10 10 15 14 8 2.72243841038973e14 6 1
ann 11 10 10 15 14 10 2.02187697755813e-52 58 0
tr 11 10 10 15 14 10 3.782040909426547e9 4 1
tr 11 10 10 15 14 10 2.888103967198469e10 5 2
tr 11 10 10 15 14 10 2.68354643309846e15 6 1
ann 11 10 10 15 14 12 5.918246251914321e-52 58 0
tr 11 10 10 15 14 12 8.194421970424184e10 4 1
tr 11 10 10 15 14 12 2.6818108266842853e11 5 2
tr 11 10 10 15 14 12 1.2459322725099982e16 6 1
ann 11 10 10 15 14 14 1.6754802110801175e-51 58 0
tr 11 10 10 15 14 14 1.1062469660072654e12 4 1
tr 11 10 10 15 14 14 9.38633789339498e11 5 2
tr 11 10 10 15 14 14 1.744305181513995e16 6 1
ann 13 12 2 13 12 2 2.651631833106451e-52 58 0
ann 13 12 2 13 12 4 9.054633823767098e-52 58 0
tr 13 12 2 13 12 4 2.2857438487712644e7 2 1
ann 13 12 2 13 12 6 5.361758484323216e-52 58 0
tr 13 12 2 13 12 6 1.7694725942296763e12 4 1
ann 13 12 2 13 12 8 2.1038845035805805e-52 58 0
tr 13 12 2 13 12 8 4.93812232558887e16 6 1
ann 13 12 2 13 12 10 4.835267476421917e-53 58 0
ann 13 12 2 13 12 12 3.342478913970766e-54 58 0
ann 13 12 2 15 14 2 4.7498234037480416e-57 62 0
tr 13 12 2 15 14 2 3.603297358273797e7 2 1
tr 13 12 2 15 14 2 1.4298799040769067e7 3 2
tr 13 12 2 15 14 2 1.9898280449303765e12 4 1
ann 13 12 2 15 14 4 4.3943219843485263e-57 62 0
tr 13 12 2 15 14 4 1.3921830702421527e7 2 1
tr 13 12 2 15 14 4 8.94974830869956e7 3 2
ann 13 12 2 15 14 6 3.074328140916649e-57 62 0
tr 13 12 2 15 14 6 4.779693113308373e12 4 1
tr 13 12 2 15 14 6 1.987193621654267e12 5 2
tr 13 12 2 15 14 6 2.332907934437355e17 6 1
ann 13 12 2 15 14 8 1.5747680854528192e-57 62 0
tr 13 12 2 15 14 8 4.665815868874693e17 6 1
tr 13 12 2 15 14 8 1.142648784214212e17 7 2
ann 13 12 2 15 14 10 5.572897295586933e-58 62 0
tr 13 12 2 15 14 10 1.3708347192014178e22 8 1
tr 13 12 2 15 14 10 1.9999757061191237e22 9 2
ann 13 12 2 15 14 12 1.161108985552255e-58 62 0
tr 13 12 2 15 14 12 1.1228440626427923e26 10 1
tr 13 12 2 15 14 12 3.2781559500440736e26 11 2
tr 13 12 2 15 14 12 5.940739406710667e30 12 1
ann 13 12 2 15 14 14 6.994209786424356e-60 62 0
tr 13 12 2 15 14 14 1.2508091920755844e29 12 1
tr 13 12 2 15 14 14 5.472804190179469e29 13 2
tr 13 12 2 15 14 14 2.827858434533366e34 14 1
ann 13 12 4 13 12 4 2.7678280790227976e-52 58 0
ann 13 12 4 13 12 6 9.41255600092877e-52 58 0
tr 13 12 4 13 12 6 1.8133567866918717e7 2 1
ann 13 12 4 13 12 8 5.15519170017115e-52 58 0
tr 13 12 4 13 12 8 9.338883136212197e11 4 1
ann 13 12 4 13 12 10 1.5922903340898086e-52 58 0
tr 13 12 4 13 12 10 1.2674513969011442e16 6 1
ann 13 12 4 13 12 12 1.5807548430327896e-53 58 0
ann 13 12 4 15 14 2 3.816109826324736e-57 62 0
tr 13 12 4 15 14 2 2.2520608489211285e6 2 1
tr 13 12 4 15 14 2 5.7910136115114816e7 3 2
tr 13 12 4 15 14 2 3.6288696620992456e12 4 1
ann 13 12 4 15 14 4 4.870374829767383e-57 62 0
tr 13 12 4 15 14 4 3.1324119080448642e7 2 1
tr 13 12 4 15 14 4 4.972082393721982e7 3 2
ann 13 12 4 15 14 6 4.747015436122194e-57 62 0
tr 13 12 4 15 14 6 2.2042898612167418e7 2 1
tr 13 12 4 15 14 6 6.29797103204784e7 3 2
tr 13 12 4 15 14 6 1.643304013242212e12 4 1
ann 13 12 4 15 14 8 3.3700161598353e-57 62 0
tr 13 12 4 15 14 8 5.72501019571825e12 4 1
tr 13 12 4 15 14 8 4.371825967639379e11 5 2
tr 13 12 4 15 14 8 2.052958982304861e17 6 1
ann 13 12 4 15 14 10 1.6189103682804878e-57 62 0
tr 13 12 4 15 14 10 3.577125499470602e17 6 1
tr 13 12 4 15 14 10 6.624982430141979e17 7 2
ann 13 12 4 15 14 12 4.535940253342289e-58 62 0
tr 13 12 4 15 14 12 4.950236486005118e21 8 1
tr 13 12 4 15 14 12 2.0061484706441797e22 9 2
tr 13 12 4 15 14 12 3.9092702496747576e26 10 1
ann 13 12 4 15 14 14 3.9833361928541855e-59 62 0
tr 13 12 4 15 14 14 7.85990843849938e24 10 1
tr 13 12 4 15 14 14 4.758308924607973e25 11 2
tr 13 12 4 15 14 14 2.4472353758000452e30 12 1
ann 13 12 6 13 12 6 3.000795124110669e-52 58 0
ann 13 12 6 13 12 8 1.0017783420588455e-51 58 0
tr 13 12 6 13 12 8 1.2063648090737257e7 2 1
ann 13 12 6 13 12 10 4.58651128263594e-52 58 0
tr 13 12 6 13 12 10 3.0214033675980597e11 4 1
ann 13 12 6 13 12 12 6.852081562249728e-53 58 0
tr 13 12 6 13 12 12 8.165653257346126e14 6 1
ann 13 12 6 15 14 2 2.087920224369239e-57 62 0
tr 13 12 6 15 14 2 3.8740670497341595e11 4 1
tr 13 12 6 15 14 2 7.261175610913817e12 5 2
tr 13 12 6 15 14 2 3.245373128042098e17 6 1
ann 13 12 6 15 14 4 3.663224082888536e-57 62 0
tr 13 12 6 15 14 4 955419.7540877506 2 1
tr 13 12 6 15 14 4 3.3439691393071327e7 3 2
tr 13 12 6 15 14 4 3.784737594334741e12 4 1
ann 13 12 6 15 14 6 5.0904840437968614e-57 62 0
tr 13 12 6 15 14 6 2.4203967103556372e7 2 1
tr 13 12 6 15 14 6 8.644273965555848e7 3 2
ann 13 12 6 15 14 8 5.290065940318104e-57 62 0
tr 13 12 6 15 14 8 3.328045476739003e7 2 1
tr 13 12 6 15 14 8 2.3771753405278597e7 3 2
tr 13 12 6 15 14 8 3.47933542807005e12 4 1
ann 13 12 6 15 14 10 3.74853398215197e-57 62 0
tr 13 12 6 15 14 10 5.532572878215111e12 4 1
tr 13 12 6 15 14 10 7.933374199913306e12 5 2
ann 13 12 6 15 14 12 1.5277426912912537e-57 62 0
tr 13 12 6 15 14 12 1.6282433996189718e17 6 1
tr 13 12 6 15 14 12 8.07475808382471e17 7 2
tr 13 12 6 15 14 12 1.5287495030309944e22 8 1
ann 13 12 6 15 14 14 2.0486389154370347e-58 62 0
tr 13 12 6 15 14 14 4.367855722945635e20 8 1
tr 13 12 6 15 14 14 3.4694567668787467e21 9 2
tr 13 12 6 15 14 14 1.7722025131858966e26 10 1
ann 13 12 8 13 12 8 3.454652554488289e-52 58 0
ann 13 12 8 13 12 10 1.0928408760457153e-51 58 0
tr 13 12 8 13 12 10 5.866742545179572e6 2 1
ann 13 12 8 13 12 12 2.825106479619984e-52 58 0
tr 13 12 8 13 12 12 2.9259906296738827e10 4 1
ann 13 12 8 15 14 2 7.37566341044781e-58 62 0
tr 13 12 8 15 14 2 1.6663628103123818e16 6 1
tr 13 12 8 15 14 2 2.4510836643523622e17 7 2
tr 13 12 8 15 14 2 1.2559776435436916e22 8 1
ann 13 12 8 15 14 4 1.7387279419133715e-57 62 0
tr 13 12 8 15 14 4 1.0933938494496265e11 4 1
tr 13 12 8 15 14 4 3.014188644610044e12 5 2
tr 13 12 8 15 14 4 2.509346349646911e17 6 1
ann 13 12 8 15 14 6 3.445303449023027e-57 62 0
tr 13 12 8 15 14 6 318473.25136258244 2 1
tr 13 12 8 15 14 6 1.4558777205146715e7 3 2
tr 13 12 8 15 14 6 2.5783706751171943e12 4 1
ann 13 12 8 15 14 8 5.443574177733256e-57 62 0
tr 13 12 8 15 14 8 1.576442594244791e7 2 1
tr 13 12 8 15 14 8 1.0009159328538369e8 3 2
tr 13 12 8 15 14 8 2.7063004958382524e12 4 1
ann 13 12 8 15 14 10 6.228693424584303e-57 62 0
tr 13 12 8 15 14 10 4.83442395568403e7 2 1
tr 13 12 8 15 14 10 2.773219487827126e12 4 1
ann 13 12 8 15 14 12 4.251306116390075e-57 62 0
tr 13 12 8 15 14 12 3.7854446008840215e12 4 1
tr 13 12 8 15 14 12 1.6990910735846719e13 5 2
tr 13 12 8 15 14 12 2.413228112277391e17 6 1
ann 13 12 8 15 14 14 9.882467039599504e-58 62 0
tr 13 12 8 15 14 14 2.159564930020973e16 6 1
tr 13 12 8 15 14 14 2.0659103284639197e17 7 2
tr 13 12 8 15 14 14 1.0373657341996009e22 8 1
ann 13 12 10 13 12 10 4.528044266099662e-52 58 0
ann 13 12 10 13 12 12 1.1404954508608296e-51 58 0
tr 13 12 10 13 12 12 1.1682690782608618e6 2 1
ann 13 12 10 15 14 2 1.4422266675625468e-58 62 0
tr 13 12 10 15 14 2 1.6390415120886543e20 8 1
tr 13 12 10 15 14 2 2.1521477707151397e21 9 2
tr 13 12 10 15 14 2 1.4897833620183465e26 10 1
ann 13 12 10 15 14 4 4.486512017248689e-58 62 0
tr 13 12 10 15 14 4 2.287164641605285e15 6 1
tr 13 12 10 15 14 4 5.055100626241803e16 7 2
tr 13 12 10 15 14 4 4.581622574938238e21 8 1
ann 13 12 10 15 14 6 1.24192290958539e-57 62 0
tr 13 12 10 15 14 6 1.772448977002528e10 4 1
tr 13 12 10 15 14 6 6.750989600527416e11 5 2
tr 13 12 10 15 14 6 8.900039757308882e16 6 1
ann 13 12 10 15 14 8 3.002114292017137e-57 62 0
tr 13 12 10 15 14 8 68244.26814912501 2 1
tr 13 12 10 15 14 8 3.9484183714851122e6 3 2
tr 13 12 10 15 14 8 1.003432942464423e12 4 1
ann 13 12 10 15 14 10 5.965566329661598e-57 62 0
tr 13 12 10 15 14 10 7.534167203663425e6 2 1
tr 13 12 10 15 14 10 7.474372225856575e7 3 2
tr 13 12 10 15 14 10 4.869341230574378e12 4 1
ann 13 12 10 15 14 12 8.31640876875211e-57 62 0
tr 13 12 10 15 14 12 6.801678725529476e7 2 1
tr 13 12 10 15 14 12 4.858341946806769e7 3 2
ann 13 12 10 15 14 14 4.6215570375898157e-57 62 0
tr 13 12 10 15 14 14 1.0323939820592732e12 4 1
tr 13 12 10 15 14 14 9.539320394227742e12 5 2
tr 13 12 10 15 14 14 4.535086353044006e17 6 1
ann 13 12 12 13 12 12 1.1423371071366787e-51 58 0
ann 13 12 12 15 14 2 7.591511643187074e-60 62 0
tr 13 12 12 15 14 2 1.900197644472318e23 10 1
tr 13 12 12 15 14 2 2.4001346603842442e24 11 2
tr 13 12 12 15 14 2 2.4194396159761393e29 12 1
ann 13 12 12 15 14 4 3.292351637005903e-59 62 0
tr 13 12 12 15 14 4 4.479852023533403e18 8 1
tr 13 12 12 15 14 4 8.787111853319135e19 9 2
tr 13 12 12 15 14 4 1.0099050428359175e25 10 1
ann 13 12 12 15 14 6 1.3144384736269646e-58 62 0
tr 13 12 12 15 14 6 7.383127965885064e13 6 1
tr 13 12 12 15 14 6 2.288392979221535e15 7 2
tr 13 12 12 15 14 6 3.1918945667679794e20 8 1
ann 13 12 12 15 14 8 4.9406941197329926e-58 62 0
tr 13 12 12 15 14 8 7.563325875891666e8 4 1
tr 13 12 12 15 14 8 3.804857137298893e10 5 2
tr 13 12 12 15 14 8 7.235465406566023e15 6 1
ann 13 12 12 15 14 10 1.7812698393215673e-57 62 0
tr 13 12 12 15 14 10 4549.6178766081375 2 1
tr 13 12 12 15 14 10 324972.70547202707 3 2
tr 13 12 12 15 14 10 1.118291754506905e11 4 1
ann 13 12 12 15 14 12 6.239859298077159e-57 62 0
tr 13 12 12 15 14 12 1.4786258098977057e6 2 1
tr 13 12 12 15 14 12 2.112322585568159e7 3 2
tr 13 12 12 15 14 12 2.422965468098305e12 4 1
ann 13 12 12 15 14 14 2.1370646173631635e-56 62 0
tr 13 12 12 15 14 14 9.315342602355582e7 2 1
tr 13 12 12 15 14 14 2.6615264578158814e8 3 2
tr 13 12 12 15 14 14 1.0176454966012867e13 4 1
tr 15 14 2 15 14 4 7.180800000000001e7 2 1
tr 15 14 2 15 14 6 1.7822609357142844e13 4 1
tr 15 14 2 15 14 8 1.7280752273473907e18 6 1
tr 15 14 4 15 14 6 6.0800000000000075e7 2 1
tr 15 14 4 15 14 8 1.141578899999999e13 4 1
tr 15 14 4 15 14 10 7.084800397324424e17 6 1
tr 15 14 6 15 14 8 4.5994666666666836e7 2 1
tr 15 14 6 15 14 10 5.527645199999966e12 4 1
tr 15 14 6 15 14 12 1.6158316695652163e17 6 1
tr 15 14 8 15 14 10 2.9440000000000056e7 2 1
tr 15 14 8 15 14 12 1.6664978571428628e12 4 1
tr 15 14 10 15 14 12 1.3866666666666675e7 2 1
tr 15 14 10 15 14 14 1.521585000000026e11 4 1
tr 15 14 12 15 14 14 2.6879999999999665e6 2 1
