# GW NR rates, Nmax=7, solver convention (Numerics/gw_rates.jl).
# ann: rate = C alpha^p.  tr: rate = K alpha^(2-2L mass | 4-2L current) (dw/mu)^(2L+1)
# type na la ma nb lb mb coeff power kind
ann 2 1 1 2 1 1 6.77690974768085e-5 16 0
ann 2 1 1 3 1 1 9.519282118167974e-5 16 0
tr 2 1 1 3 1 1 6.92533995824479 2 1
ann 2 1 1 3 2 1 5.806305358116922e-6 16 0
tr 2 1 1 3 2 1 4.809263859892224 2 2
tr 2 1 1 3 2 1 22.79426180542284 3 1
ann 2 1 1 3 2 2 3.6289211102614454e-6 16 0
tr 2 1 1 3 2 2 3.2061759065948134 2 2
tr 2 1 1 3 2 2 7.598087268474278 3 1
ann 2 1 1 4 1 1 4.2355694754945845e-5 16 0
tr 2 1 1 4 1 1 0.6651636789400664 2 1
ann 2 1 1 4 2 1 3.48771703837146e-6 16 0
tr 2 1 1 4 2 1 0.6235909490063131 2 2
ann 2 1 1 4 2 2 2.179811450832716e-6 16 0
tr 2 1 1 4 2 2 0.4157272993375419 2 2
ann 2 1 1 4 3 1 1.30335457179433e-7 18 0
tr 2 1 1 4 3 1 15.963928294561612 2 1
tr 2 1 1 4 3 1 1.5837230450953972 3 2
tr 2 1 1 4 3 1 23.83498527598009 4 1
ann 2 1 1 4 3 2 1.3623903745234787e-7 18 0
tr 2 1 1 4 3 2 26.60654715760269 2 1
tr 2 1 1 4 3 2 1.3197692042461653 3 2
tr 2 1 1 4 3 2 11.91749263799002 4 1
ann 2 1 1 4 3 3 1.3623888507151387e-7 18 0
tr 2 1 1 4 3 3 39.909820736404 2 1
tr 2 1 1 4 3 3 0.7918615225476985 3 2
tr 2 1 1 4 3 3 3.9724975459966787 4 1
ann 2 1 1 5 1 1 2.220658302234635e-5 16 0
tr 2 1 1 5 1 1 0.1931774583580324 2 1
ann 2 1 1 5 2 1 2.0479964029286446e-6 16 0
tr 2 1 1 5 2 1 0.20283633127593428 2 2
tr 2 1 1 5 2 1 0.039407551280442446 3 1
ann 2 1 1 5 2 2 1.2799909256879608e-6 16 0
tr 2 1 1 5 2 2 0.13522422085062277 2 2
tr 2 1 1 5 2 2 0.013135850426814148 3 1
ann 2 1 1 5 3 1 1.1195730660189626e-7 18 0
tr 2 1 1 5 3 1 6.05552195995792 2 1
tr 2 1 1 5 3 1 0.6007462261863012 3 2
tr 2 1 1 5 3 1 4.289257282225031 4 1
ann 2 1 1 5 3 2 1.1702844439305627e-7 18 0
tr 2 1 1 5 3 2 10.092536599929868 2 1
tr 2 1 1 5 3 2 0.5006218551552514 3 2
tr 2 1 1 5 3 2 2.1446286411125106 4 1
ann 2 1 1 5 3 3 1.170283146669334e-7 18 0
tr 2 1 1 5 3 3 15.13880489989479 2 1
tr 2 1 1 5 3 3 0.30037311309315057 3 2
tr 2 1 1 5 3 3 0.7148762137041711 4 1
ann 2 1 1 5 4 1 1.2658468561137382e-9 20 0
tr 2 1 1 5 4 1 4.670524596200595 3 1
tr 2 1 1 5 4 1 0.43591562897872255 4 2
tr 2 1 1 5 4 1 13.864265962747576 5 1
ann 2 1 1 5 4 2 1.4432890752065582e-9 20 0
tr 2 1 1 5 4 2 7.005786894300891 3 1
tr 2 1 1 5 4 2 0.3923240660808499 4 2
tr 2 1 1 5 4 2 8.31855957764854 5 1
ann 2 1 1 5 4 3 1.617121516120856e-9 20 0
tr 2 1 1 5 4 3 9.808101652021241 3 1
tr 2 1 1 5 4 3 0.30514094028510663 4 2
tr 2 1 1 5 4 3 4.159279788824265 5 1
ann 2 1 1 5 4 4 1.78734417885663e-9 20 0
tr 2 1 1 5 4 4 13.07746886936165 3 1
tr 2 1 1 5 4 4 0.1743662515914883 4 2
tr 2 1 1 5 4 4 1.386426596274755 5 1
ann 2 1 1 6 1 1 1.30146446841165e-5 16 0
tr 2 1 1 6 1 1 0.08409484863281236 2 1
ann 2 1 1 6 2 1 1.2701293647138217e-6 16 0
tr 2 1 1 6 2 1 0.09343872070312496 2 2
tr 2 1 1 6 2 1 0.03447766206702398 3 1
ann 2 1 1 6 2 2 7.938266339992786e-7 16 0
tr 2 1 1 6 2 2 0.06229248046874996 2 2
tr 2 1 1 6 2 2 0.011492554022341332 3 1
ann 2 1 1 6 3 1 8.136778582278933e-8 18 0
tr 2 1 1 6 3 1 2.919292602539061 2 1
tr 2 1 1 6 3 1 0.28961236136300184 3 2
tr 2 1 1 6 3 1 1.3791064826809603 4 1
ann 2 1 1 6 3 2 8.505336299012424e-8 18 0
tr 2 1 1 6 3 2 4.8654876708984345 2 1
tr 2 1 1 6 3 2 0.24134363446916837 3 2
tr 2 1 1 6 3 2 0.6895532413404784 4 1
ann 2 1 1 6 3 3 8.505326916952839e-8 18 0
tr 2 1 1 6 3 3 7.298231506347648 2 1
tr 2 1 1 6 3 3 0.14480618068150092 3 2
tr 2 1 1 6 3 3 0.22985108044682645 4 1
ann 2 1 1 6 4 1 1.419731497922168e-9 20 0
tr 2 1 1 6 4 1 3.102989586032164 3 1
tr 2 1 1 6 4 1 0.28961236136300217 4 2
tr 2 1 1 6 4 1 6.772979996421109 5 1
ann 2 1 1 6 4 2 1.6187447596963331e-9 20 0
tr 2 1 1 6 4 2 4.654484379048245 3 1
tr 2 1 1 6 4 2 0.2606511252267017 4 2
tr 2 1 1 6 4 2 4.063787997852661 5 1
ann 2 1 1 6 4 3 1.8137094158651944e-9 20 0
tr 2 1 1 6 4 3 6.51627813066754 3 1
tr 2 1 1 6 4 3 0.2027286529541021 4 2
tr 2 1 1 6 4 3 2.031893998926328 5 1
ann 2 1 1 6 4 4 2.004625466428754e-9 20 0
tr 2 1 1 6 4 4 8.68837084089005 3 1
tr 2 1 1 6 4 4 0.11584494454520042 4 2
tr 2 1 1 6 4 4 0.6772979996421093 5 1
ann 2 1 1 6 5 1 7.38148938406709e-12 22 0
tr 2 1 1 6 5 1 1.2067181723458427 4 1
tr 2 1 1 6 5 1 0.0921493877064098 5 2
tr 2 1 1 6 5 1 5.115257619674687 6 1
ann 2 1 1 6 5 2 8.608714108731976e-12 22 0
tr 2 1 1 6 5 2 1.6894054412841792 4 1
tr 2 1 1 6 5 2 0.08600609519264912 5 2
tr 2 1 1 6 5 2 3.410171746449795 6 1
ann 2 1 1 6 5 3 9.902795690628448e-12 22 0
tr 2 1 1 6 5 3 2.2525405883789027 4 1
tr 2 1 1 6 5 3 0.07371951016512776 5 2
tr 2 1 1 6 5 3 2.0461030478698725 6 1
ann 2 1 1 6 5 4 1.1263734129756522e-11 22 0
tr 2 1 1 6 5 4 2.8961236136300172 4 1
tr 2 1 1 6 5 4 0.05528963262384585 5 2
tr 2 1 1 6 5 4 1.0230515239349427 6 1
ann 2 1 1 6 5 5 1.2691529426116192e-11 22 0
tr 2 1 1 6 5 5 3.6201545170375202 4 1
tr 2 1 1 6 5 5 0.03071646256880321 5 2
tr 2 1 1 6 5 5 0.34101717464497644 6 1
ann 2 1 1 7 1 1 8.257936977375276e-6 16 0
tr 2 1 1 7 1 1 0.044916081897935826 2 1
ann 2 1 1 7 2 1 8.326378706651456e-7 16 0
tr 2 1 1 7 2 1 0.0515618287093652 2 2
tr 2 1 1 7 2 1 0.024538281355740023 3 1
ann 2 1 1 7 2 2 5.203959091514737e-7 16 0
tr 2 1 1 7 2 2 0.034374552472910117 2 2
tr 2 1 1 7 2 2 0.008179427118580005 3 1
ann 2 1 1 7 3 1 5.80581708263409e-8 18 0
tr 2 1 1 7 3 1 1.642645280838798 2 1
tr 2 1 1 7 3 1 0.16296084135305527 3 2
tr 2 1 1 7 3 1 0.6064355710212718 4 1
ann 2 1 1 7 3 2 6.068793245604237e-8 18 0
tr 2 1 1 7 3 2 2.73774213473133 2 1
tr 2 1 1 7 3 2 0.13580070112754614 3 2
tr 2 1 1 7 3 2 0.3032177855106352 4 1
ann 2 1 1 7 3 3 6.068786571083779e-8 18 0
tr 2 1 1 7 3 3 4.106613202096994 2 1
tr 2 1 1 7 3 3 0.0814804206765276 3 2
tr 2 1 1 7 3 3 0.10107259517021187 4 1
ann 2 1 1 7 4 1 1.228025636420732e-9 20 0
tr 2 1 1 7 4 1 1.982891422686066 3 1
tr 2 1 1 7 4 1 0.18506986611736628 4 2
tr 2 1 1 7 4 1 3.611183223227708 5 1
ann 2 1 1 7 4 2 1.400166206860308e-9 20 0
tr 2 1 1 7 4 2 2.974337134029099 3 1
tr 2 1 1 7 4 2 0.16656287950562948 4 2
tr 2 1 1 7 4 2 2.1667099339366227 5 1
ann 2 1 1 7 4 3 1.5688048539877065e-9 20 0
tr 2 1 1 7 4 3 4.164071987640735 3 1
tr 2 1 1 7 4 3 0.12954890628215676 4 2
tr 2 1 1 7 4 3 1.08335496696831 5 1
ann 2 1 1 7 4 4 1.733941577802927e-9 20 0
tr 2 1 1 7 4 4 5.55209598352098 3 1
tr 2 1 1 7 4 4 0.07402794644694623 4 2
tr 2 1 1 7 4 4 0.36111832232277 5 1
ann 2 1 1 7 5 1 1.0234583944808131e-11 22 0
tr 2 1 1 7 5 1 1.1580079314509248 4 1
tr 2 1 1 7 5 1 0.0884296965835252 5 2
tr 2 1 1 7 5 1 4.171158389842833 6 1
ann 2 1 1 7 5 2 1.1936155792629306e-11 22 0
tr 2 1 1 7 5 2 1.621211104031295 4 1
tr 2 1 1 7 5 2 0.08253438347795683 5 2
tr 2 1 1 7 5 2 2.7807722598952243 6 1
ann 2 1 1 7 5 3 1.3730426023794459e-11 22 0
tr 2 1 1 7 5 3 2.1616148053750575 4 1
tr 2 1 1 7 5 3 0.07074375726682008 5 2
tr 2 1 1 7 5 3 1.6684633559371314 6 1
ann 2 1 1 7 5 4 1.5617394638303657e-11 22 0
tr 2 1 1 7 5 4 2.7792190354822166 4 1
tr 2 1 1 7 5 4 0.053057817950115105 5 2
tr 2 1 1 7 5 4 0.8342316779685706 6 1
ann 2 1 1 7 5 5 1.7597061636156875e-11 22 0
tr 2 1 1 7 5 5 3.4740237943527688 4 1
tr 2 1 1 7 5 5 0.02947656552784169 5 2
tr 2 1 1 7 5 5 0.27807722598951995 6 1
ann 2 1 1 7 6 1 2.9234702375816236e-14 24 0
tr 2 1 1 7 6 1 0.24510210851029632 5 1
tr 2 1 1 7 6 1 0.015049004394841137 6 2
tr 2 1 1 7 6 1 1.3013908543935078 7 1
ann 2 1 1 7 6 2 3.42144355098185e-14 24 0
tr 2 1 1 7 6 2 0.3268028113470614 5 1
tr 2 1 1 7 6 2 0.01433238513794395 6 2
tr 2 1 1 7 6 2 0.929564895995365 7 1
ann 2 1 1 7 6 3 3.9552466072043634e-14 24 0
tr 2 1 1 7 6 3 0.4201750431605077 5 1
tr 2 1 1 7 6 3 0.012899146624149519 6 2
tr 2 1 1 7 6 3 0.6197099306635742 7 1
ann 2 1 1 7 6 4 4.524879406249171e-14 24 0
tr 2 1 1 7 6 4 0.5252188039506341 5 1
tr 2 1 1 7 6 4 0.010749288853457972 6 2
tr 2 1 1 7 6 4 0.3718259583981446 7 1
ann 2 1 1 7 6 5 5.130341948116265e-14 24 0
tr 2 1 1 7 6 5 0.6419340937174429 5 1
tr 2 1 1 7 6 5 0.007882811825869177 6 2
tr 2 1 1 7 6 5 0.18591297919907276 7 1
ann 2 1 1 7 6 6 5.771634232805647e-14 24 0
tr 2 1 1 7 6 6 0.7703209124609309 5 1
tr 2 1 1 7 6 6 0.004299715541383177 6 2
tr 2 1 1 7 6 6 0.06197099306635727 7 1
ann 2 1 1 9 8 2 2.1434471952855238e-19 28 0
tr 2 1 1 9 8 2 0.006133576049765325 7 1
tr 2 1 1 9 8 2 0.0001948757822637858 8 2
tr 2 1 1 9 8 2 0.026647430681549487 9 1
ann 2 1 1 9 8 4 2.7976102848625264e-19 28 0
tr 2 1 1 9 8 4 0.00899591153965583 7 1
tr 2 1 1 9 8 4 0.0001670363847975307 8 2
tr 2 1 1 9 8 4 0.014275409293687166 9 1
ann 2 1 1 9 8 6 3.5392468400512325e-19 28 0
tr 2 1 1 9 8 6 0.01240345378952543 7 1
tr 2 1 1 9 8 6 0.00011692546935827132 8 2
tr 2 1 1 9 8 6 0.005710163717474867 9 1
ann 2 1 1 9 8 8 4.368356860851645e-19 28 0
tr 2 1 1 9 8 8 0.016356202799374223 7 1
tr 2 1 1 9 8 8 4.454303594600826e-5 8 2
tr 2 1 1 9 8 8 0.0009516939529124711 9 1
ann 2 1 1 11 10 2 5.103952801671893e-25 32 0
tr 2 1 1 11 10 2 5.0225217751088e-5 9 1
tr 2 1 1 11 10 2 1.1799179630093508e-6 10 2
tr 2 1 1 11 10 2 0.0002813125477242509 11 1
ann 2 1 1 11 10 4 6.511059801679456e-25 32 0
tr 2 1 1 11 10 4 6.924992144468196e-5 9 1
tr 2 1 1 11 10 4 1.0706662997677411e-6 10 2
tr 2 1 1 11 10 4 0.00017503891858397812 11 1
ann 2 1 1 11 10 6 8.092250609432396e-25 32 0
tr 2 1 1 11 10 6 9.13185777292508e-5 9 1
tr 2 1 1 11 10 6 8.74013305932851e-7 10 2
tr 2 1 1 11 10 6 9.377084924141672e-5 11 1
ann 2 1 1 11 10 8 9.84752522493071e-25 32 0
tr 2 1 1 11 10 8 0.00011643118660479491 9 1
tr 2 1 1 11 10 8 5.899589815046786e-7 10 2
tr 2 1 1 11 10 8 3.750833969656622e-5 11 1
ann 2 1 1 11 10 10 1.17768836481744e-24 32 0
tr 2 1 1 11 10 10 0.000144587748071314 9 1
tr 2 1 1 11 10 10 2.1850332648321223e-7 10 2
tr 2 1 1 11 10 10 6.251389949427764e-6 11 1
ann 2 1 1 13 12 2 5.611514226800466e-31 36 0
tr 2 1 1 13 12 2 2.021245900794772e-7 11 1
tr 2 1 1 13 12 2 3.620721681391347e-9 12 2
tr 2 1 1 13 12 2 1.342186763091359e-6 13 1
ann 2 1 1 13 12 4 7.001127903963485e-31 36 0
tr 2 1 1 13 12 4 2.665379209839267e-7 11 1
tr 2 1 1 13 12 4 3.3856098838983973e-9 12 2
tr 2 1 1 13 12 4 9.151273384713801e-7 13 1
ann 2 1 1 13 12 6 8.547150678181557e-31 36 0
tr 2 1 1 13 12 6 3.3983584925450665e-7 11 1
tr 2 1 1 13 12 6 2.9624086484111046e-9 12 2
tr 2 1 1 13 12 6 5.69412566159971e-7 13 1
ann 2 1 1 13 12 8 1.0249582549454687e-30 36 0
tr 2 1 1 13 12 8 4.22018374891218e-7 11 1
tr 2 1 1 13 12 8 2.3511179749294413e-9 12 2
tr 2 1 1 13 12 8 3.0504244615712743e-7 13 1
ann 2 1 1 13 12 10 1.210842351778287e-30 36 0
tr 2 1 1 13 12 10 5.130854978940598e-7 11 1
tr 2 1 1 13 12 10 1.5517378634534444e-9 12 2
tr 2 1 1 13 12 10 1.220169784628509e-7 13 1
ann 2 1 1 13 12 12 1.4123673583166101e-30 36 0
tr 2 1 1 13 12 12 6.130372182630312e-7 11 1
tr 2 1 1 13 12 12 5.642683139830622e-10 12 2
tr 2 1 1 13 12 12 2.0336163077141573e-8 13 1
ann 3 1 1 3 1 1 8.357121334086104e-6 16 0
ann 3 1 1 3 2 1 2.038976575950605e-6 16 0
tr 3 1 1 3 2 1 21.599999999999994 2 2
tr 3 1 1 3 2 1 694.2857142857126 3 1
ann 3 1 1 3 2 2 1.2743536761572715e-6 16 0
tr 3 1 1 3 2 2 14.399999999999995 2 2
tr 3 1 1 3 2 2 231.42857142857082 3 1
ann 3 1 1 4 1 1 1.4873881232560514e-5 16 0
tr 3 1 1 4 1 1 140.60865904293436 2 1
ann 3 1 1 4 2 1 1.2247673703281657e-6 16 0
tr 3 1 1 4 2 1 12.210227362542172 2 2
tr 3 1 1 4 2 1 1967.6254395628557 3 1
ann 3 1 1 4 2 2 7.654756472505342e-7 16 0
tr 3 1 1 4 2 2 8.140151575028112 2 2
tr 3 1 1 4 2 2 655.8751465209517 3 1
ann 3 1 1 4 3 1 4.576936736803909e-8 18 0
tr 3 1 1 4 3 1 1275.9743534090208 2 1
tr 3 1 1 4 3 1 126.58475728264094 3 2
tr 3 1 1 4 3 1 9680.372971610266 4 1
ann 3 1 1 4 3 2 4.78425054776512e-8 18 0
tr 3 1 1 4 3 2 2126.623922348369 2 1
tr 3 1 1 4 3 2 105.48729773553414 3 2
tr 3 1 1 4 3 2 4840.186485805119 4 1
ann 3 1 1 4 3 3 4.7842454629139146e-8 18 0
tr 3 1 1 4 3 3 3189.9358835225507 2 1
tr 3 1 1 4 3 3 63.292378641320454 3 2
tr 3 1 1 4 3 3 1613.3954952683757 4 1
ann 3 1 1 5 1 1 7.79819761961231e-6 16 0
tr 3 1 1 5 1 1 11.754907447425442 2 1
ann 3 1 1 5 2 1 7.191865455999479e-7 16 0
tr 3 1 1 5 2 1 1.8796663425746365 2 2
tr 3 1 1 5 2 1 8.195531115995792 3 1
ann 3 1 1 5 2 2 4.4948928125940614e-7 16 0
tr 3 1 1 5 2 2 1.2531108950497571 2 2
tr 3 1 1 5 2 2 2.7318437053319298 3 1
ann 3 1 1 5 3 1 3.931558768650245e-8 18 0
tr 3 1 1 5 3 1 0.849625969578937 2 1
tr 3 1 1 5 3 1 0.08428829063283104 3 2
tr 3 1 1 5 3 1 2064.4928105021686 4 1
ann 3 1 1 5 3 2 4.1096400096588876e-8 18 0
tr 3 1 1 5 3 2 1.4160432826315619 2 1
tr 3 1 1 5 3 2 0.0702402421940259 3 2
tr 3 1 1 5 3 2 1032.2464052510818 4 1
ann 3 1 1 5 3 3 4.109635682821791e-8 18 0
tr 3 1 1 5 3 3 2.124064923947341 2 1
tr 3 1 1 5 3 3 0.042144145316415506 3 2
tr 3 1 1 5 3 3 344.08213508369437 4 1
ann 3 1 1 5 4 1 4.4452221284969786e-10 20 0
tr 3 1 1 5 4 1 3863.2446779224038 3 1
tr 3 1 1 5 4 1 360.5695032727579 4 2
tr 3 1 1 5 4 1 53720.94290571248 5 1
ann 3 1 1 5 4 2 5.068338753287884e-10 20 0
tr 3 1 1 5 4 2 5794.867016883605 3 1
tr 3 1 1 5 4 2 324.5125529454818 4 2
tr 3 1 1 5 4 2 32232.56574342745 5 1
ann 3 1 1 5 4 3 5.67877909371513e-10 20 0
tr 3 1 1 5 4 3 8112.813823637039 3 1
tr 3 1 1 5 4 3 252.39865229093127 4 2
tr 3 1 1 5 4 3 16116.28287171371 5 1
ann 3 1 1 5 4 4 6.276543149778716e-10 20 0
tr 3 1 1 5 4 4 10817.085098182717 3 1
tr 3 1 1 5 4 4 144.22780130910257 4 2
tr 3 1 1 5 4 4 5372.094290571235 5 1
ann 3 1 1 6 1 1 4.570301113041335e-6 16 0
tr 3 1 1 6 1 1 3.1687658593950396 2 1
ann 3 1 1 6 2 1 4.460261497370504e-7 16 0
tr 3 1 1 6 2 1 0.6466869100806211 2 2
ann 3 1 1 6 2 2 2.787649162193381e-7 16 0
tr 3 1 1 6 2 2 0.4311246067204139 2 2
ann 3 1 1 6 3 1 2.857359126856883e-8 18 0
tr 3 1 1 6 3 1 1.7737698105068456 2 1
tr 3 1 1 6 3 1 0.175969227232822 3 2
tr 3 1 1 6 3 1 537.7768552893009 4 1
ann 3 1 1 6 3 2 2.9867841558782353e-8 18 0
tr 3 1 1 6 3 2 2.9562830175114096 2 1
tr 3 1 1 6 3 2 0.14664102269401838 3 2
tr 3 1 1 6 3 2 268.88842764464977 4 1
ann 3 1 1 6 3 3 2.986781027433768e-8 18 0
tr 3 1 1 6 3 3 4.434424526267111 2 1
tr 3 1 1 6 3 3 0.08798461361641098 3 2
tr 3 1 1 6 3 3 89.62947588155004 4 1
ann 3 1 1 6 4 1 4.985612470108099e-10 20 0
tr 3 1 1 6 4 1 656.951781669202 3 1
tr 3 1 1 6 4 1 61.31549962245892 4 2
tr 3 1 1 6 4 1 832.4043585109557 5 1
ann 3 1 1 6 4 2 5.684479248259027e-10 20 0
tr 3 1 1 6 4 2 985.4276725038031 3 1
tr 3 1 1 6 4 2 55.18394966021297 4 2
tr 3 1 1 6 4 2 499.44261510657293 5 1
ann 3 1 1 6 4 3 6.369128732883593e-10 20 0
tr 3 1 1 6 4 3 1379.598741505323 3 1
tr 3 1 1 6 4 3 42.92084973572136 4 2
tr 3 1 1 6 4 3 249.72130755328627 5 1
ann 3 1 1 6 4 4 7.039560923981805e-10 20 0
tr 3 1 1 6 4 4 1839.4649886737639 3 1
tr 3 1 1 6 4 4 24.526199848983467 4 2
tr 3 1 1 6 4 4 83.2404358510954 5 1
ann 3 1 1 6 5 1 2.592126972391803e-12 22 0
tr 3 1 1 6 5 1 8342.24484659305 4 1
tr 3 1 1 6 5 1 637.0441519216512 5 2
tr 3 1 1 6 5 1 160939.2706581184 6 1
ann 3 1 1 6 5 2 3.0230864248180935e-12 22 0
tr 3 1 1 6 5 2 11679.142785230266 4 1
tr 3 1 1 6 5 2 594.574541793541 5 2
tr 3 1 1 6 5 2 107292.84710541232 6 1
ann 3 1 1 6 5 3 3.4775237294758675e-12 22 0
tr 3 1 1 6 5 3 15572.190380307004 4 1
tr 3 1 1 6 5 3 509.6353215373205 5 2
tr 3 1 1 6 5 3 64375.708263247274 6 1
ann 3 1 1 6 5 4 3.955438886365129e-12 22 0
tr 3 1 1 6 5 4 20021.387631823287 4 1
tr 3 1 1 6 5 4 382.2264911529906 5 2
tr 3 1 1 6 5 4 32187.854131623826 6 1
ann 3 1 1 6 5 5 4.456831895485888e-12 22 0
tr 3 1 1 6 5 5 25026.734539779092 4 1
tr 3 1 1 6 5 5 212.34805064055 5 2
tr 3 1 1 6 5 5 10729.28471054114 6 1
ann 3 1 1 7 1 1 2.8999069480691172e-6 16 0
tr 3 1 1 7 1 1 1.3240659191654163 2 1
ann 3 1 1 7 2 1 2.923940457527374e-7 16 0
tr 3 1 1 7 2 1 0.3070266141537676 2 2
tr 3 1 1 7 2 1 0.18387632030035256 3 1
ann 3 1 1 7 2 2 1.827453448930627e-7 16 0
tr 3 1 1 7 2 2 0.20468440943584493 2 2
tr 3 1 1 7 2 2 0.06129210676678416 3 1
ann 3 1 1 7 3 1 2.038804947458682e-8 18 0
tr 3 1 1 7 3 1 2.106417491724752 2 1
tr 3 1 1 7 3 1 0.2089699892584079 3 2
tr 3 1 1 7 3 1 193.6934444004215 4 1
ann 3 1 1 7 3 2 2.1311532988268037e-8 18 0
tr 3 1 1 7 3 2 3.510695819541255 2 1
tr 3 1 1 7 3 2 0.17414165771533996 3 2
tr 3 1 1 7 3 2 96.84672220021054 4 1
ann 3 1 1 7 3 3 2.1311510735617865e-8 18 0
tr 3 1 1 7 3 3 5.266043729311877 2 1
tr 3 1 1 7 3 3 0.10448499462920392 3 2
tr 3 1 1 7 3 3 32.282240733403555 4 1
ann 3 1 1 7 4 1 4.3124069132171155e-10 20 0
tr 3 1 1 7 4 1 194.4247281424352 3 1
tr 3 1 1 7 4 1 18.146307959960644 4 2
tr 3 1 1 7 4 1 0.6855150204971632 5 1
ann 3 1 1 7 4 2 4.916905954033249e-10 20 0
tr 3 1 1 7 4 2 291.63709221365286 3 1
tr 3 1 1 7 4 2 16.33167716396456 4 2
tr 3 1 1 7 4 2 0.4113090122982975 5 1
ann 3 1 1 7 4 3 5.509107459230984e-10 20 0
tr 3 1 1 7 4 3 408.2919290991137 3 1
tr 3 1 1 7 4 3 12.702415571972486 4 2
tr 3 1 1 7 4 3 0.2056545061491486 5 1
ann 3 1 1 7 4 4 6.089011428810351e-10 20 0
tr 3 1 1 7 4 4 544.3892387988182 3 1
tr 3 1 1 7 4 4 7.258523183984226 4 2
tr 3 1 1 7 4 4 0.06855150204971616 5 1
ann 3 1 1 7 5 1 3.5940363406616537e-12 22 0
tr 3 1 1 7 5 1 3813.3396866333064 4 1
tr 3 1 1 7 5 1 291.2004851610889 5 2
tr 3 1 1 7 5 1 38576.88740970998 6 1
ann 3 1 1 7 5 2 4.191570318801844e-12 22 0
tr 3 1 1 7 5 2 5338.675561286628 4 1
tr 3 1 1 7 5 2 271.7871194836829 5 2
tr 3 1 1 7 5 2 25717.92493980668 6 1
ann 3 1 1 7 5 3 4.8216568134132975e-12 22 0
tr 3 1 1 7 5 3 7118.234081715495 4 1
tr 3 1 1 7 5 3 232.96038812887087 5 2
tr 3 1 1 7 5 3 15430.754963883972 6 1
ann 3 1 1 7 5 4 5.484295824496023e-12 22 0
tr 3 1 1 7 5 4 9152.015247919922 4 1
tr 3 1 1 7 5 4 174.7202910966533 5 2
tr 3 1 1 7 5 4 7715.377481942031 6 1
ann 3 1 1 7 5 5 6.179487352050022e-12 22 0
tr 3 1 1 7 5 5 11440.019059899898 4 1
tr 3 1 1 7 5 5 97.06682838702947 5 2
tr 3 1 1 7 5 5 2571.792493980645 6 1
ann 3 1 1 7 6 1 1.0266228353538629e-14 24 0
tr 3 1 1 7 6 1 12637.186627919278 5 1
tr 3 1 1 7 6 1 775.9095923648322 6 2
tr 3 1 1 7 6 1 302328.2387737835 7 1
ann 3 1 1 7 6 2 1.2014940562037507e-14 24 0
tr 3 1 1 7 6 2 16849.582170559017 5 1
tr 3 1 1 7 6 2 738.961516537936 6 2
tr 3 1 1 7 6 2 215948.74198127433 7 1
ann 3 1 1 7 6 3 1.3889474598755553e-14 24 0
tr 3 1 1 7 6 3 21663.748505004463 5 1
tr 3 1 1 7 6 3 665.0653648841403 6 2
tr 3 1 1 7 6 3 143965.8279875157 7 1
ann 3 1 1 7 6 4 1.588983046369278e-14 24 0
tr 3 1 1 7 6 4 27079.685631255546 5 1
tr 3 1 1 7 6 4 554.2211374034524 6 2
tr 3 1 1 7 6 4 86379.49679250945 7 1
ann 3 1 1 7 6 5 1.8016008156849155e-14 24 0
tr 3 1 1 7 6 5 33097.39354931241 5 1
tr 3 1 1 7 6 5 406.428834095865 6 2
tr 3 1 1 7 6 5 43189.74839625482 7 1
ann 3 1 1 7 6 6 2.0268007678224713e-14 24 0
tr 3 1 1 7 6 6 39716.87225917484 5 1
tr 3 1 1 7 6 6 221.68845496138033 6 2
tr 3 1 1 7 6 6 14396.582798751539 7 1
ann 3 1 1 9 8 2 7.527053071431407e-20 28 0
tr 3 1 1 9 8 2 14552.610573282376 7 1
tr 3 1 1 9 8 2 462.3650781271636 8 2
tr 3 1 1 9 8 2 284725.59299627127 9 1
ann 3 1 1 9 8 4 9.82425007557238e-20 28 0
tr 3 1 1 9 8 4 21343.8288408142 7 1
tr 3 1 1 9 8 4 396.3129241089974 8 2
tr 3 1 1 9 8 4 152531.56767657326 9 1
ann 3 1 1 9 8 6 1.242862397283265e-19 28 0
tr 3 1 1 9 8 6 29428.612492637687 7 1
tr 3 1 1 9 8 6 277.4190468762978 8 2
tr 3 1 1 9 8 6 61012.627070629314 9 1
ann 3 1 1 9 8 8 1.5340174763212205e-19 28 0
tr 3 1 1 9 8 8 38806.96152875307 7 1
tr 3 1 1 9 8 8 105.68344642906617 8 2
tr 3 1 1 9 8 8 10168.771178438148 9 1
ann 3 1 1 11 10 2 1.7923333322495328e-25 32 0
tr 3 1 1 11 10 2 4744.448319672558 9 1
tr 3 1 1 11 10 2 111.45914438230413 10 2
tr 3 1 1 11 10 2 120533.61140452612 11 1
ann 3 1 1 11 10 4 2.286461107796403e-25 32 0
tr 3 1 1 11 10 4 6541.587834700045 9 1
tr 3 1 1 11 10 4 101.13885323579419 10 2
tr 3 1 1 11 10 4 74998.69154059392 11 1
ann 3 1 1 11 10 6 2.8417211531667892e-25 32 0
tr 3 1 1 11 10 6 8626.269672131912 9 1
tr 3 1 1 11 10 6 82.56232917207701 10 2
tr 3 1 1 11 10 6 40177.87046817528 11 1
ann 3 1 1 11 10 8 3.4581134683606885e-25 32 0
tr 3 1 1 11 10 8 10998.493831968206 9 1
tr 3 1 1 11 10 8 55.729572191152364 10 2
tr 3 1 1 11 10 8 16071.148187269911 11 1
ann 3 1 1 11 10 10 4.1356380533781033e-25 32 0
tr 3 1 1 11 10 10 13658.260314208883 9 1
tr 3 1 1 11 10 10 20.640582293019204 10 2
tr 3 1 1 11 10 10 2678.5246978783434 11 1
ann 3 1 1 13 12 2 1.970571254340683e-31 36 0
tr 3 1 1 13 12 2 697.8947209119807 11 1
tr 3 1 1 13 12 2 12.501608766855028 12 2
tr 3 1 1 13 12 2 21197.794534546527 13 1
ann 3 1 1 13 12 4 2.458555907318472e-31 36 0
tr 3 1 1 13 12 4 920.3007308729441 11 1
tr 3 1 1 13 12 4 11.689815989786505 12 2
tr 3 1 1 13 12 4 14453.041728099888 13 1
ann 3 1 1 13 12 6 3.001466069473249e-31 36 0
tr 3 1 1 13 12 6 1173.3834318630043 11 1
tr 3 1 1 13 12 6 10.228588991063214 12 2
tr 3 1 1 13 12 6 8993.003741928835 13 1
ann 3 1 1 13 12 8 3.5993017408050146e-31 36 0
tr 3 1 1 13 12 8 1457.1428238821638 11 1
tr 3 1 1 13 12 8 8.11792777068507 12 2
tr 3 1 1 13 12 8 4817.680576033307 13 1
ann 3 1 1 13 12 10 4.252062921313777e-31 36 0
tr 3 1 1 13 12 10 1771.5789069304203 11 1
tr 3 1 1 13 12 10 5.357832328652192 12 2
tr 3 1 1 13 12 10 1927.072230413322 13 1
ann 3 1 1 13 12 12 4.9597496109995265e-31 36 0
tr 3 1 1 13 12 12 2116.6916810077714 11 1
tr 3 1 1 13 12 12 1.948302664964403 12 2
tr 3 1 1 13 12 12 321.17870506888306 13 1
ann 3 2 1 3 2 1 3.7758818349429376e-8 18 0
ann 3 2 1 3 2 2 4.719817917530709e-8 18 0
tr 3 2 1 3 2 2 518.3999999999996 2 1
tr 3 2 1 3 2 2 37.02857142857139 3 2
ann 3 2 1 4 1 1 9.072350080166173e-7 16 0
tr 3 2 1 4 1 1 0.36178451444569376 2 2
tr 3 2 1 4 1 1 440.8938484946399 3 1
ann 3 2 1 4 2 1 9.072348721380434e-8 18 0
tr 3 2 1 4 2 1 46.86774484514322 2 1
tr 3 2 1 4 2 1 26.78156848293893 3 2
tr 3 2 1 4 2 1 4405.645299079511 4 1
ann 3 2 1 4 2 2 2.835088635694768e-8 18 0
tr 3 2 1 4 2 2 281.2064690708587 2 1
tr 3 2 1 4 2 2 20.086176362204192 3 2
tr 3 2 1 4 2 2 1376.7641559623453 4 1
ann 3 2 1 4 3 1 2.0040832945038524e-9 20 0
tr 3 2 1 4 3 1 25.516883304577938 2 2
tr 3 2 1 4 3 1 196.76254395628735 3 1
tr 3 2 1 4 3 1 234.24112375748328 4 2
tr 3 2 1 4 3 1 15448.366633135971 5 1
ann 3 2 1 4 3 2 2.143332725701869e-9 20 0
tr 3 2 1 4 3 2 1475.719079672146 3 1
tr 3 2 1 4 3 2 229.55630128233423 4 2
tr 3 2 1 4 3 2 7415.215983905272 5 1
ann 3 2 1 4 3 3 1.718246407342167e-9 20 0
tr 3 2 1 4 3 3 63.792208261444756 2 2
tr 3 2 1 4 3 3 2459.5317994535712 3 1
tr 3 2 1 4 3 3 126.49020682904096 4 2
tr 3 2 1 4 3 3 2162.771328639033 5 1
ann 3 2 1 5 1 1 4.7565241503652864e-7 16 0
tr 3 2 1 5 1 1 0.04972662281943484 2 2
tr 3 2 1 5 1 1 14.838251163487941 3 1
ann 3 2 1 5 2 1 5.327306346909098e-8 18 0
tr 3 2 1 5 2 1 3.3715316253132506 2 1
tr 3 2 1 5 2 1 1.9265895001789963 3 2
tr 3 2 1 5 2 1 18.14240949526812 4 1
ann 3 2 1 5 2 2 1.664771373912745e-8 18 0
tr 3 2 1 5 2 2 20.229189751879453 2 1
tr 3 2 1 5 2 2 1.4449421251342467 3 2
tr 3 2 1 5 2 2 5.6695029672712804 4 1
ann 3 2 1 5 3 1 1.7214944761491609e-9 20 0
tr 3 2 1 5 3 1 2.6852376322494833 2 2
tr 3 2 1 5 3 1 1.1853040870241955 3 1
tr 3 2 1 5 3 1 1.4110762940764137 4 2
tr 3 2 1 5 3 1 6525.867699916483 5 1
ann 3 2 1 5 3 2 1.841108828124952e-9 20 0
tr 3 2 1 5 3 2 8.889780652681413 3 1
tr 3 2 1 5 3 2 1.3828547681948886 4 2
tr 3 2 1 5 3 2 3132.4164959599148 5 1
ann 3 2 1 5 3 3 1.4759624770657865e-9 20 0
tr 3 2 1 5 3 3 6.713094080623699 2 2
tr 3 2 1 5 3 3 14.816301087802321 3 1
tr 3 2 1 5 3 3 0.7619811988012632 4 2
tr 3 2 1 5 3 3 913.6214779883064 5 1
ann 3 2 1 5 4 1 2.608863538946083e-11 22 0
tr 3 2 1 5 4 1 409.6410924755599 2 1
tr 3 2 1 5 4 1 40.63899726940071 3 2
tr 3 2 1 5 4 1 382.69145029081665 4 1
tr 3 2 1 5 4 1 636.4274785442378 5 2
tr 3 2 1 5 4 1 86250.97869120397 6 1
ann 3 2 1 5 4 2 2.717454833709111e-11 22 0
tr 3 2 1 5 4 2 546.1881233007454 2 1
tr 3 2 1 5 4 2 6.773166211566804 3 2
tr 3 2 1 5 4 2 3099.800747355588 4 1
tr 3 2 1 5 4 2 678.8559771138525 5 2
ann 3 2 1 5 4 3 2.7894291051757943e-11 22 0
tr 3 2 1 5 4 3 477.9146078881516 2 1
tr 3 2 1 5 4 3 9.482432696193497 3 2
tr 3 2 1 5 4 3 6697.100380089224 4 1
tr 3 2 1 5 4 3 530.3562321201968 5 2
ann 3 2 1 5 4 4 2.9803151924138665e-11 22 0
tr 3 2 1 5 4 4 113.78919235432191 3 2
tr 3 2 1 5 4 4 7500.752425699927 4 1
tr 3 2 1 5 4 4 254.57099141769444 5 2
tr 3 2 1 5 4 4 6468.823401840321 6 1
ann 3 2 1 6 1 1 2.7876630085822053e-7 16 0
tr 3 2 1 6 1 1 0.016167172752015527 2 2
tr 3 2 1 6 1 1 2.7149537915921065 3 1
ann 3 2 1 6 2 1 3.3038964964732534e-8 18 0
tr 3 2 1 6 2 1 0.8446522907175477 2 1
tr 3 2 1 6 2 1 0.4826584518385975 3 2
tr 3 2 1 6 2 1 16.343989903529184 4 1
ann 3 2 1 6 2 2 1.0324603284235669e-8 18 0
tr 3 2 1 6 2 2 5.067913744305274 2 1
tr 3 2 1 6 2 2 0.36199383887894815 3 2
tr 3 2 1 6 2 2 5.1074968448528635 4 1
ann 3 2 1 6 3 1 1.2511393732662926e-9 20 0
tr 3 2 1 6 3 1 0.7883421380030435 2 2
tr 3 2 1 6 3 1 1.2513367269889657 3 1
tr 3 2 1 6 3 1 1.4896865797487586 4 2
tr 3 2 1 6 3 1 990.9575696558995 5 1
ann 3 2 1 6 3 2 1.3380721091811435e-9 20 0
tr 3 2 1 6 3 2 9.385025452417185 3 1
tr 3 2 1 6 3 2 1.4598928481537865 4 2
tr 3 2 1 6 3 2 475.65963343483224 5 1
ann 3 2 1 6 3 3 1.072692831295063e-9 20 0
tr 3 2 1 6 3 3 1.9708553450076065 2 2
tr 3 2 1 6 3 3 15.641709087361942 3 1
tr 3 2 1 6 3 3 0.8044307530643293 4 2
tr 3 2 1 6 3 3 138.73405975182575 5 1
ann 3 2 1 6 4 1 2.926014117287237e-11 22 0
tr 3 2 1 6 4 1 135.1443665148076 2 1
tr 3 2 1 6 4 1 13.407179217738827 3 2
tr 3 2 1 6 4 1 40.85997475882348 4 1
tr 3 2 1 6 4 1 67.95137620497617 5 2
ann 3 2 1 6 4 2 3.047806486137685e-11 22 0
tr 3 2 1 6 4 2 180.19248868640975 2 1
tr 3 2 1 6 4 2 2.234529869623144 3 2
tr 3 2 1 6 4 2 330.9657955464674 4 1
tr 3 2 1 6 4 2 72.48146795197451 5 2
ann 3 2 1 6 4 3 3.128530420789849e-11 22 0
tr 3 2 1 6 4 3 157.66842760060834 2 1
tr 3 2 1 6 4 3 3.1283418174723923 3 2
tr 3 2 1 6 4 3 715.0495582794039 4 1
tr 3 2 1 6 4 3 56.62614683748002 5 2
ann 3 2 1 6 4 4 3.342621861357988e-11 22 0
tr 3 2 1 6 4 4 37.54010180966869 3 2
tr 3 2 1 6 4 4 800.8555052729317 4 1
tr 3 2 1 6 4 4 27.1805504819904 5 2
ann 3 2 1 6 5 1 2.255784530374003e-13 24 0
tr 3 2 1 6 5 1 572.0396466235245 3 1
tr 3 2 1 6 5 1 53.390367018195555 4 2
tr 3 2 1 6 5 1 554.9362390073062 5 1
tr 3 2 1 6 5 1 1117.6338240147122 6 2
tr 3 2 1 6 5 1 264105.4697979381 7 1
ann 3 2 1 6 5 2 2.36566228940539e-13 24 0
tr 3 2 1 6 5 2 750.8020361933746 3 1
tr 3 2 1 6 5 2 18.686628456368428 4 2
tr 3 2 1 6 5 2 4661.4644076613695 5 1
tr 3 2 1 6 5 2 1231.6780917713145 6 2
tr 3 2 1 6 5 2 172477.04150069444 7 1
ann 3 2 1 6 5 3 2.4163246764377105e-13 24 0
tr 3 2 1 6 5 3 800.8555052729324 3 1
tr 3 2 1 6 5 3 11098.72478014609 5 1
tr 3 2 1 6 5 3 1103.9485118839184 6 2
tr 3 2 1 6 5 3 97018.33584414018 7 1
ann 3 2 1 6 5 4 2.460540247472259e-13 24 0
tr 3 2 1 6 5 4 600.6416289546987 3 1
tr 3 2 1 6 5 4 32.03422021091728 4 2
tr 3 2 1 6 5 4 16315.125426814766 5 1
tr 3 2 1 6 5 4 770.9392500346386 6 2
tr 3 2 1 6 5 4 43119.26037517354 7 1
ann 3 2 1 6 5 5 2.5750588386320595e-13 24 0
tr 3 2 1 6 5 5 160.17110105458644 4 2
tr 3 2 1 6 5 5 14983.278453197247 5 1
tr 3 2 1 6 5 5 342.13280326980987 6 2
tr 3 2 1 6 5 5 11857.796603172732 7 1
ann 3 2 1 7 1 1 1.7688031915662746e-7 16 0
tr 3 2 1 7 1 1 0.0074292859721158564 2 2
tr 3 2 1 7 1 1 0.9206474722319185 3 1
ann 3 2 1 7 2 1 2.1658812079780467e-8 18 0
tr 3 2 1 7 2 1 0.3384968421045294 2 1
tr 3 2 1 7 2 1 0.19342676691687355 3 2
tr 3 2 1 7 2 1 8.77749391324409 4 1
ann 3 2 1 7 2 2 6.7683308562506765e-9 18 0
tr 3 2 1 7 2 2 2.0309810526271717 2 1
tr 3 2 1 7 2 2 0.1450700751876551 3 2
tr 3 2 1 7 2 2 2.742966847888774 4 1
ann 3 2 1 7 3 1 8.927226286024482e-10 20 0
tr 3 2 1 7 3 1 0.34386980785221993 2 2
tr 3 2 1 7 3 1 0.7314578261036813 3 1
tr 3 2 1 7 3 1 0.8707831263139002 4 2
tr 3 2 1 7 3 1 263.92328289140784 5 1
ann 3 2 1 7 3 2 9.547515455718938e-10 20 0
tr 3 2 1 7 3 2 5.485933695777576 3 1
tr 3 2 1 7 3 2 0.8533674637876244 4 2
tr 3 2 1 7 3 2 126.68317578787585 5 1
ann 3 2 1 7 3 3 7.65396077558151e-10 20 0
tr 3 2 1 7 3 3 0.8596745196305488 2 2
tr 3 2 1 7 3 3 9.14322282629594 3 1
tr 3 2 1 7 3 3 0.47022288820950614 4 2
tr 3 2 1 7 3 3 36.949259604797035 5 1
ann 3 2 1 7 4 1 2.530915438672531e-11 22 0
tr 3 2 1 7 4 1 60.32013726302713 2 1
tr 3 2 1 7 4 1 5.984140601490774 3 2
tr 3 2 1 7 4 1 8.976982411272475 4 1
tr 3 2 1 7 4 1 14.92899377971604 5 2
ann 3 2 1 7 4 2 2.6362622276833842e-11 22 0
tr 3 2 1 7 4 2 80.426849684036 2 1
tr 3 2 1 7 4 2 0.9973567669151321 3 2
tr 3 2 1 7 4 2 72.71355753130644 4 1
tr 3 2 1 7 4 2 15.924260031697088 5 2
ann 3 2 1 7 4 3 2.706086036327311e-11 22 0
tr 3 2 1 7 4 3 70.37349347353141 2 1
tr 3 2 1 7 4 3 1.3962994736811807 3 2
tr 3 2 1 7 4 3 157.09719219726676 4 1
tr 3 2 1 7 4 3 12.440828149763338 5 2
ann 3 2 1 7 4 4 2.8912687768550846e-11 22 0
tr 3 2 1 7 4 4 16.75559368417416 3 2
tr 3 2 1 7 4 4 175.94885526093861 4 1
tr 3 2 1 7 4 4 5.971597511886403 5 2
tr 3 2 1 7 4 4 39.77835612533244 6 1
ann 3 2 1 7 5 1 3.1276907743188885e-13 24 0
tr 3 2 1 7 5 1 345.46987705188286 3 1
tr 3 2 1 7 5 1 32.24385519150902 4 2
tr 3 2 1 7 5 1 207.8395852769845 5 1
tr 3 2 1 7 5 1 418.5860179004995 6 2
tr 3 2 1 7 5 1 43283.49023266047 7 1
ann 3 2 1 7 5 2 3.2800385075904137e-13 24 0
tr 3 2 1 7 5 2 453.42921363059554 3 1
tr 3 2 1 7 5 2 11.285349317028148 4 2
tr 3 2 1 7 5 2 1745.8525163266693 5 1
tr 3 2 1 7 5 2 461.2988768699378 6 2
tr 3 2 1 7 5 2 28266.7691315334 7 1
ann 3 2 1 7 5 3 3.3502829302951757e-13 24 0
tr 3 2 1 7 5 3 483.6578278726347 3 1
tr 3 2 1 7 5 3 4156.791705539678 5 1
tr 3 2 1 7 5 3 413.4604748241662 6 2
tr 3 2 1 7 5 3 15900.05763648746 7 1
ann 3 2 1 7 5 4 3.4115887076986023e-13 24 0
tr 3 2 1 7 5 4 362.74337090447574 3 1
tr 3 2 1 7 5 4 19.34631311490538 4 2
tr 3 2 1 7 5 4 6110.483807143331 5 1
tr 3 2 1 7 5 4 288.73892663340587 6 2
ann 3 2 1 7 5 5 3.5703710332466754e-13 24 0
tr 3 2 1 7 5 5 96.73156557452691 4 2
tr 3 2 1 7 5 5 5611.6688024785735 5 1
tr 3 2 1 7 5 5 128.13857690831617 6 2
tr 3 2 1 7 5 5 1943.3403777929188 7 1
ann 3 2 1 7 6 1 1.2745885628169435e-15 26 0
tr 3 2 1 7 6 1 706.9373648877013 4 1
tr 3 2 1 7 6 1 53.98430786415171 5 2
tr 3 2 1 7 6 1 601.4487446150252 6 1
tr 3 2 1 7 6 1 1370.9632294835417 7 2
tr 3 2 1 7 6 1 508158.3596820778 8 1
ann 3 2 1 7 6 2 1.3594059556561963e-15 26 0
tr 3 2 1 7 6 2 904.8798270562579 4 1
tr 3 2 1 7 6 2 25.912467774792827 5 2
tr 3 2 1 7 6 2 5155.274953843056 6 1
tr 3 2 1 7 6 2 1530.0928900485949 7 2
tr 3 2 1 7 6 2 357298.84665146127 8 1
ann 3 2 1 7 6 3 1.4037710336005625e-15 26 0
tr 3 2 1 7 6 3 1017.9898054382885 4 1
tr 3 2 1 7 6 3 3.7017811106846703 5 2
tr 3 2 1 7 6 3 12888.187384607703 6 1
tr 3 2 1 7 6 3 1468.8891744466491 7 2
tr 3 2 1 7 6 3 226856.41057235567 8 1
ann 3 2 1 7 6 4 1.4116514922027802e-15 26 0
tr 3 2 1 7 6 4 969.5141004174175 4 1
tr 3 2 1 7 6 4 4.6272263883558304 5 2
tr 3 2 1 7 6 4 21050.706061525863 6 1
tr 3 2 1 7 6 4 1199.5928257980968 7 2
tr 3 2 1 7 6 4 124771.02581479496 8 1
ann 3 2 1 7 6 5 1.391431298323004e-15 26 0
tr 3 2 1 7 6 5 666.5409440369756 4 1
tr 3 2 1 7 6 5 50.899490271914466 5 2
tr 3 2 1 7 6 5 25518.61102152317 6 1
tr 3 2 1 7 6 5 783.407559704881 7 2
tr 3 2 1 7 6 5 54445.53853736523 8 1
ann 3 2 1 7 6 6 1.3559106901288043e-15 26 0
tr 3 2 1 7 6 6 169.66496757304827 5 2
tr 3 2 1 7 6 6 20792.942313833686 6 1
tr 3 2 1 7 6 6 330.5000642504964 7 2
tr 3 2 1 7 6 6 14745.66668720323 8 1
ann 3 2 1 9 8 2 1.5551793052571616e-20 30 0
tr 3 2 1 9 8 2 649.828764479381 6 1
tr 3 2 1 9 8 2 16.83628415623397 7 2
tr 3 2 1 9 8 2 2842.7942001593947 8 1
tr 3 2 1 9 8 2 963.8314288534935 9 2
tr 3 2 1 9 8 2 494410.36444231804 10 1
ann 3 2 1 9 8 4 1.693565540430722e-20 30 0
tr 3 2 1 9 8 4 794.2351565859134 6 1
tr 3 2 1 9 8 4 0.9877286704990635 7 2
tr 3 2 1 9 8 4 13266.372934077273 8 1
tr 3 2 1 9 8 4 917.9346941461869 9 2
tr 3 2 1 9 8 4 243459.6491572029 10 1
ann 3 2 1 9 8 6 1.622911984850824e-20 30 0
tr 3 2 1 9 8 6 657.0490840847076 6 1
tr 3 2 1 9 8 6 12.256814865738345 7 2
tr 3 2 1 9 8 6 22931.873214619198 8 1
tr 3 2 1 9 8 6 573.7091838413623 9 2
tr 3 2 1 9 8 6 80261.42279907783 10 1
ann 3 2 1 9 8 8 1.274620764866692e-20 30 0
tr 3 2 1 9 8 8 87.99764518991614 7 2
tr 3 2 1 9 8 8 16244.53828662516 8 1
tr 3 2 1 9 8 8 137.69020412192782 9 2
tr 3 2 1 9 8 8 9096.294583895475 10 1
ann 3 2 1 11 10 2 5.872993209272332e-26 34 0
tr 3 2 1 11 10 2 191.9655096710772 8 1
tr 3 2 1 11 10 2 4.0002793228760725 9 2
tr 3 2 1 11 10 2 642.9704551409869 10 1
tr 3 2 1 11 10 2 234.25096842199764 11 2
tr 3 2 1 11 10 2 217096.0259235345 12 1
ann 3 2 1 11 10 4 6.589722769738509e-26 34 0
tr 3 2 1 11 10 4 238.21174609183652 8 1
tr 3 2 1 11 10 4 1.0130577505984775 9 2
tr 3 2 1 11 10 4 3176.4857259125934 10 1
tr 3 2 1 11 10 4 240.94385323405518 11 2
tr 3 2 1 11 10 4 127524.93830473335 12 1
ann 3 2 1 11 10 6 6.71094483663644e-26 34 0
tr 3 2 1 11 10 6 244.31973958137078 8 1
tr 3 2 1 11 10 6 0.1484333700510633 9 2
tr 3 2 1 11 10 6 6403.244861897955 10 1
tr 3 2 1 11 10 6 192.81882434735783 11 2
tr 3 2 1 11 10 6 60220.10975501316 12 1
ann 3 2 1 11 10 8 5.964556108763198e-26 34 0
tr 3 2 1 11 10 8 178.0043816949988 8 1
tr 3 2 1 11 10 8 4.7313136703775225 9 2
tr 3 2 1 11 10 8 8037.130689262428 10 1
tr 3 2 1 11 10 8 107.72357459406116 11 2
tr 3 2 1 11 10 8 19229.95101420584 12 1
ann 3 2 1 11 10 10 4.0453976788613473e-26 34 0
tr 3 2 1 11 10 10 19.036579709048446 9 2
tr 3 2 1 11 10 10 4775.9739569114845 10 1
tr 3 2 1 11 10 10 23.903160043060833 11 2
tr 3 2 1 11 10 10 2125.415638412206 12 1
ann 3 2 1 13 12 2 9.352611964804885e-32 38 0
tr 3 2 1 13 12 2 26.515223907360365 10 1
tr 3 2 1 13 12 2 0.4389231841114672 11 2
tr 3 2 1 13 12 2 69.51685312209584 12 1
tr 3 2 1 13 12 2 26.46633646328122 13 2
tr 3 2 1 13 12 2 39263.49521281861 14 1
ann 3 2 1 13 12 4 1.062307509716591e-31 38 0
tr 3 2 1 13 12 4 32.63412173213595 10 1
tr 3 2 1 13 12 4 0.17864191457528097 11 2
tr 3 2 1 13 12 4 353.9039795306723 12 1
tr 3 2 1 13 12 4 28.195670948097906 13 2
tr 3 2 1 13 12 4 25672.285331458184 14 1
ann 3 2 1 13 12 6 1.122770008842642e-31 38 0
tr 3 2 1 13 12 6 35.66443303583424 10 1
tr 3 2 1 13 12 6 0.009110737643339388 11 2
tr 3 2 1 13 12 6 764.6853843430566 12 1
tr 3 2 1 13 12 6 25.263321169495768 13 2
tr 3 2 1 13 12 6 14607.118498754911 14 1
ann 3 2 1 13 12 8 1.0838280007605722e-31 38 0
tr 3 2 1 13 12 8 33.2168739059241 10 1
tr 3 2 1 13 12 8 0.10182589130791099 11 2
tr 3 2 1 13 12 8 1128.520342891169 12 1
tr 3 2 1 13 12 8 18.421171686090634 13 2
tr 3 2 1 13 12 8 6726.962466531887 14 1
ann 3 2 1 13 12 10 9.082544359456378e-32 38 0
tr 3 2 1 13 12 10 22.435958690843457 10 1
tr 3 2 1 13 12 10 0.674015943692535 11 2
tr 3 2 1 13 12 10 1195.0278084322222 12 1
tr 3 2 1 13 12 10 9.624122350284058 13 2
tr 3 2 1 13 12 10 2105.035873880723 14 1
ann 3 2 1 13 12 12 5.544159084464348e-32 38 0
tr 3 2 1 13 12 12 1.988641793052031 11 2
tr 3 2 1 13 12 12 636.7864121487236 12 1
tr 3 2 1 13 12 12 2.03008830826305 13 2
tr 3 2 1 13 12 12 228.80824716094716 14 1
ann 3 2 2 3 2 2 2.3599089587653566e-8 18 0
ann 3 2 2 4 1 1 5.67018944647662e-7 16 0
tr 3 2 2 4 1 1 0.241189676297129 2 2
tr 3 2 2 4 1 1 146.96461616487994 3 1
ann 3 2 2 4 2 1 2.8350886356947655e-8 18 0
tr 3 2 2 4 2 1 281.2064690708585 2 1
tr 3 2 2 4 2 1 20.086176362204192 3 2
tr 3 2 2 4 2 1 1376.7641559623453 4 1
ann 3 2 2 4 2 2 5.670177271389571e-8 18 0
tr 3 2 2 4 2 2 187.47097938057223 2 1
tr 3 2 2 4 2 2 6.695392120734725 3 2
tr 3 2 2 4 2 2 275.3528311924706 4 1
ann 3 2 2 4 3 1 1.6681320093707085e-9 20 0
tr 3 2 2 4 3 1 38.27532495686687 2 2
tr 3 2 2 4 3 1 2361.150527475432 3 1
tr 3 2 2 4 3 1 187.39289900598658 4 2
tr 3 2 2 4 3 1 4634.509989940789 5 1
ann 3 2 2 4 3 2 2.085161282867727e-9 20 0
tr 3 2 2 4 3 2 63.79220826144478 2 2
tr 3 2 2 4 3 2 1967.6254395628566 3 1
tr 3 2 2 4 3 2 93.6964495029934 4 2
tr 3 2 2 4 3 2 1544.8366633135963 5 1
ann 3 2 2 4 3 3 2.8189910339188486e-9 20 0
tr 3 2 2 4 3 3 63.79220826144478 2 2
tr 3 2 2 4 3 3 983.8127197814296 3 1
tr 3 2 2 4 3 3 28.108934850897736 4 2
tr 3 2 2 4 3 3 308.96733266271764 5 1
ann 3 2 2 5 1 1 2.9728122978328613e-7 16 0
tr 3 2 2 5 1 1 0.03315108187962319 2 2
tr 3 2 2 5 1 1 4.946083721162646 3 1
ann 3 2 2 5 2 1 1.6647713739127494e-8 18 0
tr 3 2 2 5 2 1 20.229189751879446 2 1
tr 3 2 2 5 2 1 1.4449421251342467 3 2
tr 3 2 2 5 2 1 5.6695029672712804 4 1
ann 3 2 2 5 2 2 3.329542747825533e-8 18 0
tr 3 2 2 5 2 2 13.486126501252954 2 1
tr 3 2 2 5 2 2 0.4816473750447486 3 2
tr 3 2 2 5 2 2 1.1339005934542619 4 1
ann 3 2 2 5 3 1 1.4329145199809635e-9 20 0
tr 3 2 2 5 3 1 4.02785644837422 2 2
tr 3 2 2 5 3 1 14.223649044290248 3 1
tr 3 2 2 5 3 1 1.1288610352611304 4 2
tr 3 2 2 5 3 1 1957.7603099749438 5 1
ann 3 2 2 5 3 2 1.7911399729132595e-9 20 0
tr 3 2 2 5 3 2 6.713094080623701 2 2
tr 3 2 2 5 3 2 11.853040870241848 3 1
tr 3 2 2 5 3 2 0.5644305176305661 4 2
tr 3 2 2 5 3 2 652.5867699916482 5 1
ann 3 2 2 5 3 3 2.421494964608212e-9 20 0
tr 3 2 2 5 3 3 6.713094080623701 2 2
tr 3 2 2 5 3 3 5.926520435120934 3 1
tr 3 2 2 5 3 3 0.16932915528916806 4 2
tr 3 2 2 5 3 3 130.51735399832893 5 1
ann 3 2 2 5 4 1 2.3293090621589115e-11 22 0
tr 3 2 2 5 4 1 68.2735154125929 2 1
tr 3 2 2 5 4 1 54.185329692534296 3 2
tr 3 2 2 5 4 1 7653.829005816258 4 1
tr 3 2 2 5 4 1 530.356232120197 5 2
tr 3 2 2 5 4 1 25156.535451601165 6 1
ann 3 2 2 5 4 2 3.056341741943928e-11 22 0
tr 3 2 2 5 4 2 204.82054623777944 2 1
tr 3 2 2 5 4 2 81.27799453880137 3 2
tr 3 2 2 5 4 2 6888.446105234623 4 1
tr 3 2 2 5 4 2 318.21373927211795 5 2
ann 3 2 2 5 4 3 3.894273213600431e-11 22 0
tr 3 2 2 5 4 3 477.9146078881516 2 1
tr 3 2 2 5 4 3 94.82432696193501 3 2
tr 3 2 2 5 4 3 4821.912273664237 4 1
ann 3 2 2 5 4 4 4.8082312347869954e-11 22 0
tr 3 2 2 5 4 4 955.8292157763036 2 1
tr 3 2 2 5 4 4 75.85946156954779 3 2
tr 3 2 2 5 4 4 2143.0721216285488 4 1
ann 3 2 2 6 1 1 1.7422804455309734e-7 16 0
tr 3 2 2 6 1 1 0.010778115168010343 2 2
tr 3 2 2 6 1 1 0.9049845971973686 3 1
ann 3 2 2 6 2 1 1.0324603284235662e-8 18 0
tr 3 2 2 6 2 1 5.067913744305271 2 1
tr 3 2 2 6 2 1 0.36199383887894815 3 2
tr 3 2 2 6 2 1 5.1074968448528635 4 1
ann 3 2 2 6 2 2 2.0649206568471758e-8 18 0
tr 3 2 2 6 2 2 3.3786091628701778 2 1
tr 3 2 2 6 2 2 0.12066461295964925 3 2
tr 3 2 2 6 2 2 1.0214993689705785 4 1
ann 3 2 2 6 3 1 1.0414066402720483e-9 20 0
tr 3 2 2 6 3 1 1.1825132070045639 2 2
tr 3 2 2 6 3 1 15.016040723867485 3 1
tr 3 2 2 6 3 1 1.1917492637990064 4 2
tr 3 2 2 6 3 1 297.2872708967698 5 1
ann 3 2 2 6 3 2 1.3017560015908032e-9 20 0
tr 3 2 2 6 3 2 1.9708553450076065 2 2
tr 3 2 2 6 3 2 12.513367269889546 3 1
tr 3 2 2 6 3 2 0.595874631899504 4 2
tr 3 2 2 6 3 2 99.09575696558994 5 1
ann 3 2 2 6 3 3 1.7598823421822894e-9 20 0
tr 3 2 2 6 3 3 1.9708553450076065 2 2
tr 3 2 2 6 3 3 6.256683634944783 3 1
tr 3 2 2 6 3 3 0.17876238956984933 4 2
tr 3 2 2 6 3 3 19.81915139311788 5 1
ann 3 2 2 6 4 1 2.612475149753871e-11 22 0
tr 3 2 2 6 4 1 22.524061085801133 2 1
tr 3 2 2 6 4 1 17.87623895698511 3 2
tr 3 2 2 6 4 1 817.1994951764618 4 1
tr 3 2 2 6 4 1 56.62614683748003 5 2
ann 3 2 2 6 4 2 3.4278907038163366e-11 22 0
tr 3 2 2 6 4 2 67.57218325740364 2 1
tr 3 2 2 6 4 2 26.81435843547764 3 2
tr 3 2 2 6 4 2 735.4795456588145 4 1
tr 3 2 2 6 4 2 33.97568810248799 5 2
ann 3 2 2 6 4 3 4.367686639702756e-11 22 0
tr 3 2 2 6 4 3 157.66842760060834 2 1
tr 3 2 2 6 4 3 31.283418174723945 3 2
tr 3 2 2 6 4 3 514.8356819611702 4 1
ann 3 2 2 6 4 4 5.3927514180475275e-11 22 0
tr 3 2 2 6 4 4 315.3368552012169 2 1
tr 3 2 2 6 4 4 25.02673453977909 3 2
tr 3 2 2 6 4 4 228.81585864940888 4 1
ann 3 2 2 6 5 1 1.7844014228713997e-13 24 0
tr 3 2 2 6 5 1 107.25743374191035 3 1
tr 3 2 2 6 5 1 66.73795877274438 4 2
tr 3 2 2 6 5 1 16648.087170219136 5 1
tr 3 2 2 6 5 1 957.9718491554679 6 2
tr 3 2 2 6 5 1 75458.70565655372 7 1
ann 3 2 2 6 5 2 2.3757972426130956e-13 24 0
tr 3 2 2 6 5 2 250.26734539779125 3 1
tr 3 2 2 6 5 2 93.43314228184217 4 2
tr 3 2 2 6 5 2 15538.21469220454 5 1
tr 3 2 2 6 5 2 638.6478994369771 6 2
tr 3 2 2 6 5 2 37729.35282827672 7 1
ann 3 2 2 6 5 3 3.064069873443781e-13 24 0
tr 3 2 2 6 5 3 500.5346907955825 3 1
tr 3 2 2 6 5 3 112.11977073821043 4 2
tr 3 2 2 6 5 3 12430.571753763614 5 1
tr 3 2 2 6 5 3 364.9416568211308 6 2
ann 3 2 2 6 5 4 3.8378233374389117e-13 24 0
tr 3 2 2 6 5 4 900.9624434320478 3 1
tr 3 2 2 6 5 4 112.11977073821055 4 2
tr 3 2 2 6 5 4 7991.081841705201 5 1
tr 3 2 2 6 5 4 164.22374556950825 6 2
ann 3 2 2 6 5 5 4.679666336643476e-13 24 0
tr 3 2 2 6 5 5 1501.604072386746 3 1
tr 3 2 2 6 5 5 80.08555052729321 4 2
tr 3 2 2 6 5 5 3329.617434043814 5 1
ann 3 2 2 7 1 1 1.1054963368797019e-7 16 0
tr 3 2 2 7 1 1 0.004952857314743898 2 2
tr 3 2 2 7 1 1 0.3068824907439728 3 1
ann 3 2 2 7 2 1 6.768330856250665e-9 18 0
tr 3 2 2 7 2 1 2.0309810526271703 2 1
tr 3 2 2 7 2 1 0.1450700751876552 3 2
tr 3 2 2 7 2 1 2.742966847888774 4 1
ann 3 2 2 7 2 2 1.353666171250165e-8 18 0
tr 3 2 2 7 2 2 1.3539873684181127 2 1
tr 3 2 2 7 2 2 0.04835669172921834 3 2
tr 3 2 2 7 2 2 0.5485933695777578 4 1
ann 3 2 2 7 3 1 7.430725101614437e-10 20 0
tr 3 2 2 7 3 1 0.5158047117783293 2 2
tr 3 2 2 7 3 1 8.777493913244113 3 1
tr 3 2 2 7 3 1 0.69662650105112 4 2
tr 3 2 2 7 3 1 79.17698486742232 5 1
ann 3 2 2 7 3 2 9.28839001895154e-10 20 0
tr 3 2 2 7 3 2 0.8596745196305488 2 2
tr 3 2 2 7 3 2 7.314578261036748 3 1
tr 3 2 2 7 3 2 0.3483132505255605 4 2
tr 3 2 2 7 3 2 26.39232828914077 5 1
ann 3 2 2 7 3 3 1.2557248505691664e-9 20 0
tr 3 2 2 7 3 3 0.8596745196305488 2 2
tr 3 2 2 7 3 3 3.65728913051838 3 1
tr 3 2 2 7 3 3 0.10449397515766706 4 2
tr 3 2 2 7 3 3 5.278465657828126 5 1
ann 3 2 2 7 4 1 2.259713522992266e-11 22 0
tr 3 2 2 7 4 1 10.053356210504461 2 1
tr 3 2 2 7 4 1 7.978854135321038 3 2
tr 3 2 2 7 4 1 179.5396482254478 4 1
tr 3 2 2 7 4 1 12.440828149763343 5 2
ann 3 2 2 7 4 2 2.9650238002560315e-11 22 0
tr 3 2 2 7 4 2 30.160068631513496 2 1
tr 3 2 2 7 4 2 11.968281202981542 3 2
tr 3 2 2 7 4 2 161.58568340290273 4 1
tr 3 2 2 7 4 2 7.464496889857999 5 2
ann 3 2 2 7 4 3 3.777919421717253e-11 22 0
tr 3 2 2 7 4 3 70.37349347353141 2 1
tr 3 2 2 7 4 3 13.962994736811817 3 2
tr 3 2 2 7 4 3 113.10997838203194 4 1
ann 3 2 2 7 4 4 4.664570066579424e-11 22 0
tr 3 2 2 7 4 4 140.74698694706294 2 1
tr 3 2 2 7 4 4 11.170395789449424 3 2
tr 3 2 2 7 4 4 50.27110150312528 4 1
ann 3 2 2 7 5 1 2.4741085741378036e-13 24 0
tr 3 2 2 7 5 1 64.77560194722773 3 1
tr 3 2 2 7 5 1 40.304818989386234 4 2
tr 3 2 2 7 5 1 6235.187558309517 5 1
tr 3 2 2 7 5 1 358.7880153432853 6 2
tr 3 2 2 7 5 1 12366.711495045844 7 1
ann 3 2 2 7 5 2 3.2940908145276965e-13 24 0
tr 3 2 2 7 5 2 151.1430712101983 3 1
tr 3 2 2 7 5 2 56.426746585140755 4 2
tr 3 2 2 7 5 2 5819.508387755556 5 1
tr 3 2 2 7 5 2 239.19201022885633 6 2
tr 3 2 2 7 5 2 6183.3557475229 7 1
ann 3 2 2 7 5 3 4.248394710493025e-13 24 0
tr 3 2 2 7 5 3 302.2861424203965 3 1
tr 3 2 2 7 5 3 67.7120959021688 4 2
tr 3 2 2 7 5 3 4655.606710204437 5 1
tr 3 2 2 7 5 3 136.68114870220404 6 2
ann 3 2 2 7 5 4 5.321219509513949e-13 24 0
tr 3 2 2 7 5 4 544.1150563567136 3 1
tr 3 2 2 7 5 4 67.71209590216887 4 2
tr 3 2 2 7 5 4 2992.8900279885747 5 1
ann 3 2 2 7 5 5 6.488451827025458e-13 24 0
tr 3 2 2 7 5 5 906.858427261189 3 1
tr 3 2 2 7 5 5 48.36578278726347 4 2
tr 3 2 2 7 5 5 1247.0375116618982 5 1
ann 3 2 2 7 6 1 8.81854483524888e-16 26 0
tr 3 2 2 7 6 1 141.38747297754009 4 1
tr 3 2 2 7 6 1 64.78116943698197 5 2
tr 3 2 2 7 6 1 25260.847273830994 6 1
tr 3 2 2 7 6 1 1199.5928257980977 7 2
tr 3 2 2 7 6 1 142919.53866058413 8 1
ann 3 2 2 7 6 2 1.1711849112771736e-15 26 0
tr 3 2 2 7 6 2 282.7749459550798 4 1
tr 3 2 2 7 6 2 86.37489258264274 5 2
tr 3 2 2 7 6 2 24057.94978460097 6 1
tr 3 2 2 7 6 2 856.8520184272131 7 2
tr 3 2 2 7 6 2 79399.74370032412 8 1
ann 3 2 2 7 6 3 1.513576613710716e-15 26 0
tr 3 2 2 7 6 3 508.9949027191447 4 1
tr 3 2 2 7 6 3 103.64987109917116 5 2
tr 3 2 2 7 6 3 20621.099815372243 6 1
tr 3 2 2 7 6 3 550.8334404174932 7 2
tr 3 2 2 7 6 3 39699.871850162184 8 1
ann 3 2 2 7 6 4 1.9098059126162794e-15 26 0
tr 3 2 2 7 6 4 848.3248378652399 4 1
tr 3 2 2 7 6 4 111.05343332054066 5 2
tr 3 2 2 7 6 4 15465.824861529158 6 1
tr 3 2 2 7 6 4 306.0185780097188 7 2
ann 3 2 2 7 6 5 2.359545061957776e-15 26 0
tr 3 2 2 7 6 5 1333.081888073952 4 1
tr 3 2 2 7 6 5 101.79898054382896 5 2
tr 3 2 2 7 6 5 9451.33741537896 6 1
ann 3 2 2 7 6 6 2.8613622478722587e-15 26 0
tr 3 2 2 7 6 6 1999.6228321109236 4 1
tr 3 2 2 7 6 6 67.86598702921921 5 2
tr 3 2 2 7 6 6 3780.5349661515647 6 1
ann 3 2 2 9 8 2 1.0373964347063669e-20 30 0
tr 3 2 2 9 8 2 189.53338963981912 6 1
tr 3 2 2 9 8 2 37.71327650996409 7 2
tr 3 2 2 9 8 2 22742.353601275223 8 1
tr 3 2 2 9 8 2 602.3946430334337 9 2
tr 3 2 2 9 8 2 112365.99191870898 10 1
ann 3 2 2 9 8 4 1.6597703053503705e-20 30 0
tr 3 2 2 9 8 4 446.75727557957447 6 1
tr 3 2 2 9 8 4 49.38643352495292 7 2
tr 3 2 2 9 8 4 17868.99211528764 8 1
tr 3 2 2 9 8 4 301.1973215167173 9 2
tr 3 2 2 9 8 4 37455.33063956966 10 1
ann 3 2 2 9 8 6 2.49947919085258e-20 30 0
tr 3 2 2 9 8 6 903.4424906164725 6 1
tr 3 2 2 9 8 6 49.0272594629533 7 2
tr 3 2 2 9 8 6 9855.019893885908 8 1
tr 3 2 2 9 8 6 100.39910717223904 9 2
ann 3 2 2 9 8 8 3.590302845076567e-20 30 0
tr 3 2 2 9 8 8 1642.6227102117703 6 1
tr 3 2 2 9 8 8 25.142184339976065 7 2
tr 3 2 2 9 8 8 2165.93843821667 8 1
ann 3 2 2 11 10 2 3.2738980510052996e-26 34 0
tr 3 2 2 11 10 2 53.990299594990375 8 1
tr 3 2 2 11 10 2 7.347451817527456 9 2
tr 3 2 2 11 10 2 7858.52778505658 10 1
tr 3 2 2 11 10 2 157.76085628420176 11 2
tr 3 2 2 11 10 2 50099.08290543072 12 1
ann 3 2 2 11 10 4 5.063256178599533e-26 34 0
tr 3 2 2 11 10 4 109.18038362542507 8 1
tr 3 2 2 11 10 4 9.455205672252506 9 2
tr 3 2 2 11 10 4 6741.928887651225 10 1
tr 3 2 2 11 10 4 93.70038736879867 11 2
tr 3 2 2 11 10 4 21254.156384122063 12 1
ann 3 2 2 11 10 6 7.467489027461236e-26 34 0
tr 3 2 2 11 10 6 198.50978840986338 8 1
tr 3 2 2 11 10 6 10.390335903574204 9 2
tr 3 2 2 11 10 6 4762.744112155496 10 1
tr 3 2 2 11 10 6 44.61923208038068 11 2
tr 3 2 2 11 10 6 7084.718794707355 12 1
ann 3 2 2 11 10 8 1.0601988494407807e-25 34 0
tr 3 2 2 11 10 8 333.7582156781225 8 1
tr 3 2 2 11 10 8 9.084122247124887 9 2
tr 3 2 2 11 10 8 2428.9994971992887 10 1
ann 3 2 2 11 10 10 1.4590410377770286e-25 34 0
tr 3 2 2 11 10 10 528.4505081570273 8 1
tr 3 2 2 11 10 10 4.230351046455202 9 2
tr 3 2 2 11 10 10 502.73410072752375 10 1
ann 3 2 2 13 12 2 4.585711313166453e-32 38 0
tr 3 2 2 13 12 2 7.291686574524089 10 1
tr 3 2 2 13 12 2 0.7152822259594255 11 2
tr 3 2 2 13 12 2 1204.9587874496617 12 1
tr 3 2 2 13 12 2 18.81591107936399 13 2
tr 3 2 2 13 12 2 9161.482216324359 14 1
ann 3 2 2 13 12 4 6.851301456969921e-32 38 0
tr 3 2 2 13 12 4 13.257611953680188 10 1
tr 3 2 2 13 12 4 0.9003552494594169 11 2
tr 3 2 2 13 12 4 1083.379529175521 12 1
tr 3 2 2 13 12 4 12.406095217163074 13 2
tr 3 2 2 13 12 4 4530.403293786765 14 1
ann 3 2 2 13 12 6 9.847437797790408e-32 38 0
tr 3 2 2 13 12 6 22.29027064739638 10 1
tr 3 2 2 13 12 6 1.020402616054007 11 2
tr 3 2 2 13 12 6 859.4810931459144 12 1
tr 3 2 2 13 12 6 7.105309078920675 13 2
tr 3 2 2 13 12 6 1921.989276151959 14 1
ann 3 2 2 13 12 8 1.3710684073451593e-31 38 0
tr 3 2 2 13 12 8 35.29292852504433 10 1
tr 3 2 2 13 12 8 1.0182589130791044 11 2
tr 3 2 2 13 12 8 571.7836403981927 12 1
tr 3 2 2 13 12 8 3.28949494394477 13 2
tr 3 2 2 13 12 8 640.6630920506509 14 1
ann 3 2 2 13 12 10 1.858861991284385e-31 38 0
tr 3 2 2 13 12 10 53.28540189075328 10 1
tr 3 2 2 13 12 10 0.8253256453378023 11 2
tr 3 2 2 13 12 10 278.06741248838347 12 1
ann 3 2 2 13 12 12 2.4639840835924307e-31 38 0
tr 3 2 2 13 12 12 77.40405748340989 10 1
tr 3 2 2 13 12 12 0.3615712351003682 11 2
tr 3 2 2 13 12 12 55.37273149119296 12 1
ann 4 1 1 4 1 1 1.6545196448416275e-6 16 0
ann 4 1 1 4 2 1 5.449556645937045e-7 16 0
tr 4 1 1 4 2 1 92.15999999999998 2 2
tr 4 1 1 4 2 1 32914.28571428564 3 1
ann 4 1 1 4 2 2 3.4059555190856293e-7 16 0
tr 4 1 1 4 2 2 61.43999999999996 2 2
tr 4 1 1 4 2 2 10971.428571428543 3 1
ann 4 1 1 4 3 1 2.0364908405746693e-8 18 0
tr 4 1 1 4 3 1 3686.3999999999965 2 1
tr 4 1 1 4 3 1 365.7142857142853 3 2
tr 4 1 1 4 3 1 122879.99999999975 4 1
ann 4 1 1 4 3 2 2.128734375616286e-8 18 0
tr 4 1 1 4 3 2 6143.999999999997 2 1
tr 4 1 1 4 3 2 304.76190476190453 3 2
tr 4 1 1 4 3 2 61439.999999999716 4 1
ann 4 1 1 4 3 3 2.1287321545933464e-8 18 0
tr 4 1 1 4 3 3 9215.999999999987 2 1
tr 4 1 1 4 3 3 182.8571428571426 3 2
tr 4 1 1 4 3 3 20479.99999999993 4 1
ann 4 1 1 5 1 1 3.4697792574590544e-6 16 0
tr 4 1 1 5 1 1 1178.8833478411234 2 1
ann 4 1 1 5 2 1 3.199993659361271e-7 16 0
tr 4 1 1 5 2 1 25.996430561342024 2 2
tr 4 1 1 5 2 1 44979.92664602651 3 1
ann 4 1 1 5 2 2 1.999985896055892e-7 16 0
tr 4 1 1 5 2 2 17.33095370756134 2 2
tr 4 1 1 5 2 2 14993.308882008836 3 1
ann 4 1 1 5 3 1 1.749332333382497e-8 18 0
tr 4 1 1 5 3 1 9727.079953260545 2 1
tr 4 1 1 5 3 1 964.9880906012442 3 2
tr 4 1 1 5 3 1 793256.7124753648 4 1
ann 4 1 1 5 3 2 1.8285689414940003e-8 18 0
tr 4 1 1 5 3 2 16211.799922100918 2 1
tr 4 1 1 5 3 2 804.1567421677039 3 2
tr 4 1 1 5 3 2 396628.35623768147 4 1
ann 4 1 1 5 3 3 1.828567051900114e-8 18 0
tr 4 1 1 5 3 3 24317.699883151356 2 1
tr 4 1 1 5 3 3 482.4940453006221 3 2
tr 4 1 1 5 3 3 132209.45207922734 4 1
ann 4 1 1 5 4 1 1.9778848722424167e-10 20 0
tr 4 1 1 5 4 1 112090.14817000565 3 1
tr 4 1 1 5 4 1 10461.74716253387 4 2
tr 4 1 1 5 4 1 5.306676563396365e6 5 1
ann 4 1 1 5 4 2 2.2551382889787288e-10 20 0
tr 4 1 1 5 4 2 168135.22225500847 3 1
tr 4 1 1 5 4 2 9415.57244628047 4 2
tr 4 1 1 5 4 2 3.1840059380378155e6 5 1
ann 4 1 1 5 4 3 2.5267514444793644e-10 20 0
tr 4 1 1 5 4 3 235389.3111570117 3 1
tr 4 1 1 5 4 3 7323.223013773727 4 2
tr 4 1 1 5 4 3 1.5920029690189064e6 5 1
ann 4 1 1 5 4 4 2.7927243387443244e-10 20 0
tr 4 1 1 5 4 4 313852.4148760155 3 1
tr 4 1 1 5 4 4 4184.698865013532 4 2
tr 4 1 1 5 4 4 530667.6563396355 5 1
ann 4 1 1 6 1 1 2.033538616864874e-6 16 0
tr 4 1 1 6 1 1 88.52148613947321 2 1
ann 4 1 1 6 2 1 1.9845766857015326e-7 16 0
tr 4 1 1 6 2 1 4.104745640218222 2 2
tr 4 1 1 6 2 1 311.2813918923514 3 1
ann 4 1 1 6 2 2 1.2403541619318832e-7 16 0
tr 4 1 1 6 2 2 2.7364970934788126 2 2
tr 4 1 1 6 2 2 103.76046396411714 3 1
ann 4 1 1 6 3 1 1.2713712303001822e-8 18 0
tr 4 1 1 6 3 1 170.81367698742176 2 1
tr 4 1 1 6 3 1 16.945801288434694 3 2
tr 4 1 1 6 3 1 50931.05452868597 4 1
ann 4 1 1 6 3 2 1.3289584317723883e-8 18 0
tr 4 1 1 6 3 2 284.68946164570303 2 1
tr 4 1 1 6 3 2 14.121501073695583 3 2
tr 4 1 1 6 3 2 25465.527264342927 4 1
ann 4 1 1 6 3 3 1.3289570656676242e-8 18 0
tr 4 1 1 6 3 3 427.0341924685541 2 1
tr 4 1 1 6 3 3 8.472900644217347 3 2
tr 4 1 1 6 3 3 8488.509088114322 4 1
ann 4 1 1 6 4 1 2.2183295228992608e-10 20 0
tr 4 1 1 6 4 1 20358.35515477635 3 1
tr 4 1 1 6 4 1 1900.1131477791278 4 2
tr 4 1 1 6 4 1 5.212676415854436e6 5 1
ann 4 1 1 6 4 2 2.5292876876743784e-10 20 0
tr 4 1 1 6 4 2 30537.53273216452 3 1
tr 4 1 1 6 4 2 1710.1018330012132 4 2
tr 4 1 1 6 4 2 3.1276058495126585e6 5 1
ann 4 1 1 6 4 3 2.833919925446562e-10 20 0
tr 4 1 1 6 4 3 42752.5458250303 3 1
tr 4 1 1 6 4 3 1330.0792034453932 4 2
tr 4 1 1 6 4 3 1.5638029247563276e6 5 1
ann 4 1 1 6 4 4 3.132226236215811e-10 20 0
tr 4 1 1 6 4 4 57003.394433373716 3 1
tr 4 1 1 6 4 4 760.0452591116479 4 2
tr 4 1 1 6 4 4 521267.6415854424 5 1
ann 4 1 1 6 5 1 1.1533571234537632e-12 22 0
tr 4 1 1 6 5 1 1.519769893728857e6 4 1
tr 4 1 1 6 5 1 116055.15552111274 5 2
tr 4 1 1 6 5 1 9.149196793538615e7 6 1
ann 4 1 1 6 5 2 1.3451109135998312e-12 22 0
tr 4 1 1 6 5 2 2.127677851220399e6 4 1
tr 4 1 1 6 5 2 108318.14515303854 5 2
tr 4 1 1 6 5 2 6.099464529025748e7 6 1
ann 4 1 1 6 5 3 1.5473110867205495e-12 22 0
tr 4 1 1 6 5 3 2.8369038016271954e6 4 1
tr 4 1 1 6 5 3 92844.12441689007 5 2
tr 4 1 1 6 5 3 3.6596787174154416e7 6 1
ann 4 1 1 6 5 4 1.7599576428159166e-12 22 0
tr 4 1 1 6 5 4 3.6474477449492514e6 4 1
tr 4 1 1 6 5 4 69633.09331266761 5 2
tr 4 1 1 6 5 4 1.8298393587077312e7 6 1
ann 4 1 1 6 5 5 1.9830505818859378e-12 22 0
tr 4 1 1 6 5 5 4.5593096811865615e6 4 1
tr 4 1 1 6 5 5 38685.05184037084 5 2
tr 4 1 1 6 5 5 6.099464529025696e6 6 1
ann 4 1 1 7 1 1 1.2903028960760279e-6 16 0
tr 4 1 1 7 1 1 22.35230600565444 2 1
ann 4 1 1 7 2 1 1.300996380102215e-7 16 0
tr 4 1 1 7 2 1 1.426521824306762 2 2
tr 4 1 1 7 2 1 7.7600258305298295 3 1
ann 4 1 1 7 2 2 8.131186384065673e-8 16 0
tr 4 1 1 7 2 2 0.9510145495378411 2 2
tr 4 1 1 7 2 2 2.586675276843276 3 1
ann 4 1 1 7 3 1 9.071586172102724e-9 18 0
tr 4 1 1 7 3 1 9.970570603231794 2 1
tr 4 1 1 7 3 1 0.9891439090507728 3 2
tr 4 1 1 7 3 1 15260.887365181183 4 1
ann 4 1 1 7 3 2 9.482486842249358e-9 18 0
tr 4 1 1 7 3 2 16.617617672052994 2 1
tr 4 1 1 7 3 2 0.8242865908756443 3 2
tr 4 1 1 7 3 2 7630.4436825905705 4 1
ann 4 1 1 7 3 3 9.482477125711854e-9 18 0
tr 4 1 1 7 3 3 24.926426508079473 2 1
tr 4 1 1 7 3 3 0.4945719545253862 3 2
tr 4 1 1 7 3 3 2543.4812275301947 4 1
ann 4 1 1 7 4 1 1.9187892415827844e-10 20 0
tr 4 1 1 7 4 1 6489.591179468531 3 1
tr 4 1 1 7 4 1 605.6951767503967 4 2
tr 4 1 1 7 4 1 295589.3995455744 5 1
ann 4 1 1 7 4 2 2.1877588338101444e-10 20 0
tr 4 1 1 7 4 2 9734.386769202794 3 1
tr 4 1 1 7 4 2 545.1256590753565 4 2
tr 4 1 1 7 4 2 177353.63972734442 5 1
ann 4 1 1 7 4 3 2.451256687517536e-10 20 0
tr 4 1 1 7 4 3 13628.141476883904 3 1
tr 4 1 1 7 4 3 423.9866237252789 4 2
tr 4 1 1 7 4 3 88676.81986367212 5 1
ann 4 1 1 7 4 4 2.7092828027049603e-10 20 0
tr 4 1 1 7 4 4 18170.855302511867 3 1
tr 4 1 1 7 4 4 242.2780707001577 4 2
tr 4 1 1 7 4 4 29558.939954557376 5 1
ann 4 1 1 7 5 1 1.599152919437793e-12 22 0
tr 4 1 1 7 5 1 21848.165454882885 4 1
tr 4 1 1 7 5 1 1668.405362009239 5 2
tr 4 1 1 7 5 1 5.3358399755358435e6 6 1
ann 4 1 1 7 5 2 1.865023419329049e-12 22 0
tr 4 1 1 7 5 2 30587.431636836038 4 1
tr 4 1 1 7 5 2 1557.1783378752893 5 2
tr 4 1 1 7 5 2 3.5572266503572315e6 6 1
ann 4 1 1 7 5 3 2.1453780402759523e-12 22 0
tr 4 1 1 7 5 3 40783.242182448 4 1
tr 4 1 1 7 5 3 1334.7242896073897 5 2
tr 4 1 1 7 5 3 2.134335990214335e6 6 1
ann 4 1 1 7 5 4 2.4402167822785036e-12 22 0
tr 4 1 1 7 5 4 52435.59709171885 4 1
tr 4 1 1 7 5 4 1001.0432172055429 5 2
tr 4 1 1 7 5 4 1.067167995107174e6 6 1
ann 4 1 1 7 5 5 2.749539645336702e-12 22 0
tr 4 1 1 7 5 5 65544.49636464853 4 1
tr 4 1 1 7 5 5 556.1351206697453 5 2
tr 4 1 1 7 5 5 355722.66503572004 6 1
ann 4 1 1 7 6 1 4.567919495398025e-15 24 0
tr 4 1 1 7 6 1 1.185282170384609e7 5 1
tr 4 1 1 7 6 1 727750.4342846364 6 2
tr 4 1 1 7 6 1 8.517494965514877e8 7 1
ann 4 1 1 7 6 2 5.346002400175447e-15 24 0
tr 4 1 1 7 6 2 1.5803762271794768e7 5 1
tr 4 1 1 7 6 2 693095.6516996542 6 2
tr 4 1 1 7 6 2 6.083924975367782e8 7 1
ann 4 1 1 7 6 3 6.1800692543383086e-15 24 0
tr 4 1 1 7 6 3 2.0319122920878995e7 5 1
tr 4 1 1 7 6 3 623786.086529687 6 2
tr 4 1 1 7 6 3 4.055949983578507e8 7 1
ann 4 1 1 7 6 4 7.070120057886612e-15 24 0
tr 4 1 1 7 6 4 2.5398903651098717e7 5 1
tr 4 1 1 7 6 4 519821.738774741 6 2
tr 4 1 1 7 6 4 2.4335699901471043e8 7 1
ann 4 1 1 7 6 5 8.01615481082035e-15 24 0
tr 4 1 1 7 6 5 3.1043104462454055e7 5 1
tr 4 1 1 7 6 5 381202.60843481 6 2
tr 4 1 1 7 6 5 1.2167849950735548e8 7 1
ann 4 1 1 7 6 6 9.018173513139527e-15 24 0
tr 4 1 1 7 6 6 3.7251725354944825e7 5 1
tr 4 1 1 7 6 6 207928.69550989592 6 2
tr 4 1 1 7 6 6 4.055949983578497e7 7 1
ann 4 1 1 9 8 2 3.3491336628853513e-20 28 0
tr 4 1 1 9 8 2 2.7162276564981127e8 7 1
tr 4 1 1 9 8 2 8.629989830921741e6 8 2
tr 4 1 1 9 8 2 1.5532412071978374e10 9 1
ann 4 1 1 9 8 4 4.3712627542939043e-20 28 0
tr 4 1 1 9 8 4 3.9838005628639066e8 7 1
tr 4 1 1 9 8 4 7.397134140790066e6 8 2
tr 4 1 1 9 8 4 8.320935038559811e9 9 1
ann 4 1 1 9 8 6 5.530069039412904e-20 28 0
tr 4 1 1 9 8 6 5.492815927585069e8 7 1
tr 4 1 1 9 8 6 5.177993898553041e6 8 2
tr 4 1 1 9 8 6 3.3283740154239244e9 9 1
ann 4 1 1 9 8 8 6.825552518242348e-20 28 0
tr 4 1 1 9 8 8 7.243273750661641e8 7 1
tr 4 1 1 9 8 8 1.9725691042106883e6 8 2
tr 4 1 1 9 8 8 5.547290025706501e8 9 1
ann 4 1 1 11 10 2 7.974918688372035e-26 32 0
tr 4 1 1 11 10 2 1.4466928161983502e9 9 1
tr 4 1 1 11 10 2 3.398648960067557e7 10 2
tr 4 1 1 11 10 2 1.0683610069783218e11 11 1
ann 4 1 1 11 10 4 1.0173521368447669e-25 32 0
tr 4 1 1 11 10 4 1.994682519303787e9 9 1
tr 4 1 1 11 10 4 3.083959241542775e7 10 2
tr 4 1 1 11 10 4 6.6475795989762146e10 11 1
ann 4 1 1 11 10 6 1.2644129750261593e-25 32 0
tr 4 1 1 11 10 6 2.6303505749060884e9 9 1
tr 4 1 1 11 10 6 2.517517748198187e7 10 2
tr 4 1 1 11 10 6 3.561203356594396e10 11 1
ann 4 1 1 11 10 8 1.5386743833813841e-25 32 0
tr 4 1 1 11 10 8 3.353696983005267e9 9 1
tr 4 1 1 11 10 8 1.6993244800337877e7 10 2
tr 4 1 1 11 10 8 1.4244813426377413e10 11 1
ann 4 1 1 11 10 10 1.840136361910436e-25 32 0
tr 4 1 1 11 10 10 4.164721743601313e9 9 1
tr 4 1 1 11 10 10 6.293794370495453e6 10 2
tr 4 1 1 11 10 10 2.374135571062924e9 11 1
ann 4 1 1 13 12 2 8.76798111106562e-32 36 0
tr 4 1 1 13 12 2 3.122878064641841e9 11 1
tr 4 1 1 13 12 2 5.5941102032880425e7 12 2
tr 4 1 1 13 12 2 2.7607203207135583e11 13 1
ann 4 1 1 13 12 4 1.093925009760143e-31 36 0
tr 4 1 1 13 12 4 4.1180809643628798e9 11 1
tr 4 1 1 13 12 4 5.230856293983615e7 12 2
tr 4 1 1 13 12 4 1.882309309577425e11 13 1
ann 4 1 1 13 12 6 1.335490802920788e-31 36 0
tr 4 1 1 13 12 6 5.250553229562673e9 11 1
tr 4 1 1 13 12 6 4.576999257235676e7 12 2
tr 4 1 1 13 12 6 1.171214681514844e11 13 1
ann 4 1 1 13 12 8 1.601495490588496e-31 36 0
tr 4 1 1 13 12 8 6.520294860241236e9 11 1
tr 4 1 1 13 12 8 3.632539093044177e7 12 2
tr 4 1 1 13 12 8 6.274364365258098e10 13 1
ann 4 1 1 13 12 10 1.8919390727632687e-31 36 0
tr 4 1 1 13 12 10 7.927305856398557e9 11 1
tr 4 1 1 13 12 10 2.3974758014091764e7 12 2
tr 4 1 1 13 12 10 2.5097457461032368e10 13 1
ann 4 1 1 13 12 12 2.206821549445102e-31 36 0
tr 4 1 1 13 12 12 9.47158621803462e9 11 1
tr 4 1 1 13 12 12 8.718093823305963e6 12 2
tr 4 1 1 13 12 12 4.182909576838678e9 13 1
ann 4 2 1 4 2 1 1.3623888888788435e-8 18 0
ann 4 2 1 4 2 2 1.702974079231188e-8 18 0
tr 4 2 1 4 2 2 8294.399999999994 2 1
tr 4 2 1 4 2 2 592.4571428571422 3 2
ann 4 2 1 4 3 1 1.2038077017293955e-9 20 0
tr 4 2 1 4 3 1 61.44000000000005 2 2
tr 4 2 1 4 3 1 2438.0952380952544 3 1
tr 4 2 1 4 3 1 2902.4943310657586 4 2
ann 4 2 1 4 3 2 1.2874517068658132e-9 20 0
tr 4 2 1 4 3 2 18285.714285714294 3 1
tr 4 2 1 4 3 2 2844.4444444444493 4 2
tr 4 2 1 4 3 2 333637.8181818179 5 1
ann 4 2 1 4 3 3 1.032111882172705e-9 20 0
tr 4 2 1 4 3 3 153.5999999999999 2 2
tr 4 2 1 4 3 3 30476.190476190426 3 1
ann 4 2 1 5 1 1 2.857137077619094e-7 16 0
tr 4 2 1 5 1 1 1.9784479386024085 2 2
tr 4 2 1 5 1 1 15880.311104282671 3 1
ann 4 2 1 5 2 1 3.199992944529731e-8 18 0
tr 4 2 1 5 2 1 492.5460045777199 2 1
tr 4 2 1 5 2 1 281.4548597586964 3 2
tr 4 2 1 5 2 1 431777.79290129384 4 1
ann 4 2 1 5 2 2 9.999907805086261e-9 18 0
tr 4 2 1 5 2 2 2955.276027466312 2 1
tr 4 2 1 5 2 2 211.09114481902225 3 2
tr 4 2 1 5 2 2 134930.56028165415 4 1
ann 4 2 1 5 3 1 1.0340629626305123e-9 20 0
tr 4 2 1 5 3 1 48.2334543136887 2 2
tr 4 2 1 5 3 1 6390.0052939510515 3 1
tr 4 2 1 5 3 1 7607.149159465486 4 2
tr 4 2 1 5 3 1 5.414171243230749e6 5 1
ann 4 2 1 5 3 2 1.1059126167725454e-9 20 0
tr 4 2 1 5 3 2 47925.039704632596 3 1
tr 4 2 1 5 3 2 7455.006176276193 4 2
tr 4 2 1 5 3 2 2.598802196750762e6 5 1
ann 4 2 1 5 3 3 8.86577387103075e-10 20 0
tr 4 2 1 5 3 3 120.5836357842216 2 2
tr 4 2 1 5 3 3 79875.0661743875 3 1
tr 4 2 1 5 3 3 4107.860546111361 4 2
tr 4 2 1 5 3 3 757983.9740523037 5 1
ann 4 2 1 5 4 1 1.5670855219938764e-11 22 0
tr 4 2 1 5 4 1 11115.528566117575 2 1
tr 4 2 1 5 4 1 1102.7310085434083 3 2
tr 4 2 1 5 4 1 37737.345706988024 4 1
ann 4 2 1 5 4 2 1.63231388744462e-11 22 0
tr 4 2 1 5 4 2 14820.704754823404 2 1
tr 4 2 1 5 4 2 183.78850142390198 3 2
tr 4 2 1 5 4 2 305672.50022660044 4 1
ann 4 2 1 5 4 3 1.675547194735411e-11 22 0
tr 4 2 1 5 4 3 12968.11666047046 2 1
tr 4 2 1 5 4 3 257.3039019934619 3 2
tr 4 2 1 5 4 3 660403.5498722842 4 1
ann 4 2 1 5 4 4 1.790208069956624e-11 22 0
tr 4 2 1 5 4 4 3087.646823921542 3 2
tr 4 2 1 5 4 4 739651.9758569576 4 1
tr 4 2 1 5 4 4 25103.33978666037 5 2
tr 4 2 1 5 4 4 2.0082049068080997e6 6 1
ann 4 2 1 6 1 1 1.674486471621453e-7 16 0
tr 4 2 1 6 1 1 0.26899128452216126 2 2
tr 4 2 1 6 1 1 426.2937789926594 3 1
ann 4 2 1 6 2 1 1.984576217266906e-8 18 0
tr 4 2 1 6 2 1 33.891602576869474 2 1
tr 4 2 1 6 2 1 19.366630043925372 3 2
tr 4 2 1 6 2 1 683.7558349359269 4 1
ann 4 2 1 6 2 2 6.201757345441943e-9 18 0
tr 4 2 1 6 2 2 203.34961546121642 2 1
tr 4 2 1 6 2 2 14.524972532944027 3 2
tr 4 2 1 6 2 2 213.6736984174769 4 1
ann 4 2 1 6 3 1 7.515312450362628e-10 20 0
tr 4 2 1 6 3 1 6.535570744850856 2 2
tr 4 2 1 6 3 1 0.860454571207798 3 1
tr 4 2 1 6 3 1 1.024350680009276 4 2
tr 4 2 1 6 3 1 883107.9933734066 5 1
ann 4 2 1 6 3 2 8.037497865902656e-10 20 0
tr 4 2 1 6 3 2 6.453409284058447 3 1
tr 4 2 1 6 3 2 1.0038636664090927 4 2
tr 4 2 1 6 3 2 423891.8368192356 5 1
ann 4 2 1 6 3 3 6.443424018640501e-10 20 0
tr 4 2 1 6 3 3 16.33892686212712 2 2
tr 4 2 1 6 3 3 10.755682140097385 3 1
tr 4 2 1 6 3 3 0.553149367205009 4 2
tr 4 2 1 6 3 3 123635.11907227678 5 1
ann 4 2 1 6 4 1 1.7575907255781223e-11 22 0
tr 4 2 1 6 4 1 64.53409284058452 2 1
tr 4 2 1 6 4 1 6.402191750057974 3 2
tr 4 2 1 6 4 1 11692.629366655934 4 1
tr 4 2 1 6 4 1 19445.196958850676 5 2
tr 4 2 1 6 4 1 3.916421933024857e7 6 1
ann 4 2 1 6 4 2 1.830748681396086e-11 22 0
tr 4 2 1 6 4 2 86.04545712077918 2 1
tr 4 2 1 6 4 2 1.067031958342999 3 2
tr 4 2 1 6 4 2 94710.29786991229 4 1
tr 4 2 1 6 4 2 20741.543422774026 5 2
tr 4 2 1 6 4 2 2.2845794609311637e7 6 1
ann 4 2 1 6 4 3 1.879237712287544e-11 22 0
tr 4 2 1 6 4 3 75.2897749806817 2 1
tr 4 2 1 6 4 3 1.4938447416801939 3 2
tr 4 2 1 6 4 3 204621.01391647683 4 1
tr 4 2 1 6 4 3 16204.330799042193 5 2
tr 4 2 1 6 4 3 1.0443791821399633e7 6 1
ann 4 2 1 6 4 4 2.007837508679699e-11 22 0
tr 4 2 1 6 4 4 17.926136900162323 3 2
tr 4 2 1 6 4 4 229175.5355864539 4 1
tr 4 2 1 6 4 4 7778.078783540252 5 2
tr 4 2 1 6 4 4 2.937316449768653e6 6 1
ann 4 2 1 6 5 1 1.3549988781937423e-13 24 0
tr 4 2 1 6 5 1 100697.76924763214 3 1
tr 4 2 1 6 5 1 9398.45846311232 4 2
tr 4 2 1 6 5 1 316505.90482503024 5 1
ann 4 2 1 6 5 2 1.42099998449562e-13 24 0
tr 4 2 1 6 5 2 132165.82213751698 3 1
tr 4 2 1 6 5 2 3289.4604620893097 4 2
tr 4 2 1 6 5 2 2.6586496005302523e6 5 1
ann 4 2 1 6 5 3 1.4514317410373235e-13 24 0
tr 4 2 1 6 5 3 140976.8769466846 3 1
tr 4 2 1 6 5 3 6.330118096500587e6 5 1
ann 4 2 1 6 5 4 1.4779910157548609e-13 24 0
tr 4 2 1 6 5 4 105732.65771001337 3 1
tr 4 2 1 6 5 4 5639.075077867384 4 2
tr 4 2 1 6 5 4 9.305273601855868e6 5 1
ann 4 2 1 6 5 5 1.546779687173126e-13 24 0
tr 4 2 1 6 5 5 28195.375389336925 4 2
tr 4 2 1 6 5 5 8.545659430275805e6 5 1
tr 4 2 1 6 5 5 195134.2241821218 6 2
tr 4 2 1 6 5 5 2.0194365074077588e7 7 1
ann 4 2 1 7 1 1 1.0624802948276558e-7 16 0
tr 4 2 1 7 1 1 0.0864391263261699 2 2
tr 4 2 1 7 1 1 67.71074735397686 3 1
ann 4 2 1 7 2 1 1.3009960630930246e-8 18 0
tr 4 2 1 7 2 1 8.155552429549193 2 1
tr 4 2 1 7 2 1 4.660315674028101 3 2
tr 4 2 1 7 2 1 795.1842123817379 4 1
ann 4 2 1 7 2 2 4.06558435695298e-9 18 0
tr 4 2 1 7 2 2 48.93331457729504 2 1
tr 4 2 1 7 2 2 3.4952367555210744 3 2
tr 4 2 1 7 2 2 248.49506636929272 4 1
ann 4 2 1 7 3 1 5.362383782984381e-10 20 0
tr 4 2 1 7 3 1 2.0923327141710866 2 2
tr 4 2 1 7 3 1 5.271602547566911 3 1
tr 4 2 1 7 3 1 6.275717318531991 4 2
tr 4 2 1 7 3 1 136828.74985174494 5 1
ann 4 2 1 7 3 2 5.734977552665276e-10 20 0
tr 4 2 1 7 3 2 39.53701910675158 3 1
tr 4 2 1 7 3 2 6.150202972161365 4 2
tr 4 2 1 7 3 2 65677.79992883763 5 1
ann 4 2 1 7 3 3 4.597561693366849e-10 20 0
tr 4 2 1 7 3 3 5.230831785427709 2 2
tr 4 2 1 7 3 3 65.89503184458583 3 1
tr 4 2 1 7 3 3 3.388887352007274 4 2
tr 4 2 1 7 3 3 19156.024979244274 5 1
ann 4 2 1 7 4 1 1.5202638551714958e-11 22 0
tr 4 2 1 7 4 1 113.07225192802372 2 1
tr 4 2 1 7 4 1 11.217485310319793 3 2
tr 4 2 1 7 4 1 2091.654158603143 4 1
tr 4 2 1 7 4 1 3478.484249216351 5 2
ann 4 2 1 7 4 2 1.583543318480757e-11 22 0
tr 4 2 1 7 4 2 150.763002570698 2 1
tr 4 2 1 7 4 2 1.8695808850533038 3 2
tr 4 2 1 7 4 2 16942.39868468532 4 1
tr 4 2 1 7 4 2 3710.3831991641023 5 2
ann 4 2 1 7 4 3 1.62548489168186e-11 22 0
tr 4 2 1 7 4 3 131.91762724936058 2 1
tr 4 2 1 7 4 3 2.6174132390746174 3 2
tr 4 2 1 7 4 3 36603.947775554654 4 1
tr 4 2 1 7 4 3 2898.736874346952 5 2
ann 4 2 1 7 4 4 1.7367198979203858e-11 22 0
tr 4 2 1 7 4 4 31.408958868895393 3 2
tr 4 2 1 7 4 4 40996.42150862117 4 1
tr 4 2 1 7 4 4 1391.3936996865366 5 2
tr 4 2 1 7 4 4 41594.6054690618 6 1
ann 4 2 1 7 5 1 1.8787332892279302e-13 24 0
tr 4 2 1 7 5 1 10654.990555704395 3 1
tr 4 2 1 7 5 1 994.4657851990755 4 2
ann 4 2 1 7 5 2 1.9702451568446662e-13 24 0
tr 4 2 1 7 5 2 13984.675104361999 3 1
tr 4 2 1 7 5 2 348.0630248196763 4 2
tr 4 2 1 7 5 2 163.45461165499995 5 1
ann 4 2 1 7 5 3 2.0124394018335637e-13 24 0
tr 4 2 1 7 5 3 14916.986777986118 3 1
tr 4 2 1 7 5 3 389.1776467976179 5 1
ann 4 2 1 7 5 4 2.049264369729084e-13 24 0
tr 4 2 1 7 5 4 11187.740083489578 3 1
tr 4 2 1 7 5 4 596.6794711194445 4 2
tr 4 2 1 7 5 4 572.0911407924987 5 1
ann 4 2 1 7 5 5 2.1446412435496147e-13 24 0
tr 4 2 1 7 5 5 2983.3973555972234 4 2
tr 4 2 1 7 5 5 525.3898231767851 5 1
tr 4 2 1 7 5 5 3.181322696983734e6 7 1
ann 4 2 1 7 6 1 7.656165759368453e-16 26 0
tr 4 2 1 7 6 1 648695.5980039892 4 1
tr 4 2 1 7 6 1 49536.75475666826 5 2
tr 4 2 1 7 6 1 1.6997096976826033e6 6 1
ann 4 2 1 7 6 2 8.165644749953068e-16 26 0
tr 4 2 1 7 6 2 830330.3654451065 4 1
tr 4 2 1 7 6 2 23777.642283200767 5 2
tr 4 2 1 7 6 2 1.4568940265850835e7 6 1
ann 4 2 1 7 6 3 8.432135791475058e-16 26 0
tr 4 2 1 7 6 3 934121.6611257432 4 1
tr 4 2 1 7 6 3 3396.806040457236 5 2
tr 4 2 1 7 6 3 3.642235066462727e7 6 1
ann 4 2 1 7 6 4 8.479471905348061e-16 26 0
tr 4 2 1 7 6 4 889639.6772626125 4 1
tr 4 2 1 7 6 4 4246.007550571537 5 2
tr 4 2 1 7 6 4 5.948983941889106e7 6 1
ann 4 2 1 7 6 5 8.358013650780374e-16 26 0
tr 4 2 1 7 6 5 611627.2781180472 4 1
tr 4 2 1 7 6 5 46706.083056287214 5 2
tr 4 2 1 7 6 5 7.211625431596175e7 6 1
ann 4 2 1 7 6 6 8.144649124774951e-16 26 0
tr 4 2 1 7 6 6 155686.94352095746 5 2
tr 4 2 1 7 6 6 5.876139240559843e7 6 1
tr 4 2 1 7 6 6 934001.7238723462 7 2
tr 4 2 1 7 6 6 1.2162639814536649e8 8 1
ann 4 2 1 9 8 2 9.341610629232823e-21 30 0
tr 4 2 1 9 8 2 1.1944580191745596e7 6 1
tr 4 2 1 9 8 2 309469.7514602456 7 2
tr 4 2 1 9 8 2 1.5483122752884454e8 8 1
tr 4 2 1 9 8 2 5.249455034483299e7 9 2
tr 4 2 1 9 8 2 7.750741797595274e10 10 1
ann 4 2 1 9 8 4 1.0172865506418724e-20 30 0
tr 4 2 1 9 8 4 1.4598931345466908e7 6 1
tr 4 2 1 9 8 4 18155.55875233448 7 2
tr 4 2 1 9 8 4 7.225457284679465e8 8 1
ann 4 2 1 9 8 6 9.748465513763147e-21 30 0
tr 4 2 1 9 8 6 1.2077297749431668e7 6 1
tr 4 2 1 9 8 6 225293.97906305906 7 2
tr 4 2 1 9 8 6 1.2489719020660164e9 8 1
ann 4 2 1 9 8 8 7.65635863727471e-21 30 0
tr 4 2 1 9 8 8 1.6174952342988816e6 7 2
tr 4 2 1 9 8 8 8.847498715933996e8 8 1
tr 4 2 1 9 8 8 7.499221477833294e6 9 2
tr 4 2 1 9 8 8 1.4260022787783527e9 10 1
ann 4 2 1 11 10 2 3.527774151404076e-26 34 0
tr 4 2 1 11 10 2 5.7602298686367e7 8 1
tr 4 2 1 11 10 2 1.2003473164529763e6 9 2
tr 4 2 1 11 10 2 5.657683919297867e8 10 1
tr 4 2 1 11 10 2 2.0612423580652395e8 11 2
tr 4 2 1 11 10 2 5.499801302019712e11 12 1
ann 4 2 1 11 10 4 3.958297392930642e-26 34 0
tr 4 2 1 11 10 4 7.147921609717353e7 8 1
tr 4 2 1 11 10 4 303984.06066016684 9 2
tr 4 2 1 11 10 4 2.795082117332155e9 10 1
tr 4 2 1 11 10 4 3.230652513074511e11 12 1
ann 4 2 1 11 10 6 4.031112745876697e-26 34 0
tr 4 2 1 11 10 6 7.331201650992157e7 8 1
tr 4 2 1 11 10 6 44539.78910771806 9 2
tr 4 2 1 11 10 6 5.634401269424268e9 10 1
ann 4 2 1 11 10 8 3.5827739033740993e-26 34 0
tr 4 2 1 11 10 8 5.3413040600085735e7 8 1
tr 4 2 1 11 10 8 1.4197057778084767e6 9 2
tr 4 2 1 11 10 8 7.072104899122416e9 10 1
ann 4 2 1 11 10 10 2.4299788015019096e-26 34 0
tr 4 2 1 11 10 10 5.712227953064714e6 9 2
tr 4 2 1 11 10 10 4.20251830219454e9 10 1
tr 4 2 1 11 10 10 2.103308528637987e7 11 2
tr 4 2 1 11 10 10 5.384420855124143e9 12 1
ann 4 2 1 13 12 2 5.617902200098949e-32 38 0
tr 4 2 1 13 12 2 1.1645761708051777e8 10 1
tr 4 2 1 13 12 2 1.9277962080050765e6 11 2
tr 4 2 1 13 12 2 8.941174835660208e8 12 1
tr 4 2 1 13 12 2 3.404068667521293e8 13 2
tr 4 2 1 13 12 2 1.4601005307356846e12 14 1
ann 4 2 1 13 12 4 6.38104064192681e-32 38 0
tr 4 2 1 13 12 4 1.43332451791407e8 10 1
tr 4 2 1 13 12 4 784613.8412719041 11 2
tr 4 2 1 13 12 4 4.551870825427049e9 12 1
tr 4 2 1 13 12 4 9.5468111625025e11 14 1
ann 4 2 1 13 12 6 6.744225185636021e-32 38 0
tr 4 2 1 13 12 6 1.5664189374346602e8 10 1
tr 4 2 1 13 12 6 40015.30590486736 11 2
tr 4 2 1 13 12 6 9.83529231922626e9 12 1
tr 4 2 1 13 12 6 5.431982394065629e11 14 1
ann 4 2 1 13 12 8 6.510309354881373e-32 38 0
tr 4 2 1 13 12 8 1.458919598591107e8 10 1
tr 4 2 1 13 12 8 447229.889524989 11 2
tr 4 2 1 13 12 8 1.4514894213734146e10 12 1
tr 4 2 1 13 12 8 2.501570839372336e11 14 1
ann 4 2 1 13 12 10 5.455678686946584e-32 38 0
tr 4 2 1 13 12 10 9.854106060659225e7 10 1
tr 4 2 1 13 12 10 2.960348023118894e6 11 2
tr 4 2 1 13 12 10 1.537030531273021e10 12 1
ann 4 2 1 13 12 12 3.3302507327442326e-32 38 0
tr 4 2 1 13 12 12 8.734321281038849e6 11 2
tr 4 2 1 13 12 12 8.190270975003051e9 12 1
tr 4 2 1 13 12 12 2.611075398382813e7 13 2
tr 4 2 1 13 12 12 8.508744351606535e9 14 1
ann 4 2 2 4 2 2 8.514870396155942e-9 18 0
ann 4 2 2 4 3 1 1.0020092896067772e-9 20 0
tr 4 2 2 4 3 1 92.15999999999998 2 2
tr 4 2 2 4 3 1 29257.142857142844 3 1
tr 4 2 2 4 3 1 2321.995464852606 4 2
ann 4 2 2 4 3 2 1.2525094195779875e-9 20 0
tr 4 2 2 4 3 2 153.59999999999997 2 2
tr 4 2 2 4 3 2 24380.95238095233 3 1
ann 4 2 2 4 3 3 1.6933044943885535e-9 20 0
tr 4 2 2 4 3 3 153.59999999999997 2 2
tr 4 2 2 4 3 3 12190.476190476184 3 1
ann 4 2 2 5 1 1 1.7857016151905297e-7 16 0
tr 4 2 2 5 1 1 1.3189652924016044 2 2
tr 4 2 2 5 1 1 5293.437034760889 3 1
ann 4 2 2 5 2 1 9.999907805086258e-9 18 0
tr 4 2 2 5 2 1 2955.2760274663106 2 1
tr 4 2 2 5 2 1 211.0911448190223 3 2
tr 4 2 2 5 2 1 134930.56028165415 4 1
ann 4 2 2 5 2 2 1.999981561017257e-8 18 0
tr 4 2 2 5 2 2 1970.1840183108716 2 1
tr 4 2 2 5 2 2 70.36371493967403 3 2
tr 4 2 2 5 2 2 26986.112056330978 4 1
ann 4 2 2 5 3 1 8.607194467630952e-10 20 0
tr 4 2 2 5 3 1 72.35018147053297 2 2
tr 4 2 2 5 3 1 76680.0635274121 3 1
tr 4 2 2 5 3 1 6085.719327572386 4 2
tr 4 2 2 5 3 1 1.6242513729692241e6 5 1
ann 4 2 2 5 3 2 1.0758974407826855e-9 20 0
tr 4 2 2 5 3 2 120.58363578422166 2 2
tr 4 2 2 5 3 2 63900.05293950996 3 1
tr 4 2 2 5 3 2 3042.859663786197 4 2
tr 4 2 2 5 3 2 541417.1243230748 5 1
ann 4 2 2 5 3 3 1.4545375481419094e-9 20 0
tr 4 2 2 5 3 3 120.58363578422166 2 2
tr 4 2 2 5 3 3 31950.026469755023 3 1
tr 4 2 2 5 3 3 912.85789913585 4 2
tr 4 2 2 5 3 3 108283.42486461435 5 1
ann 4 2 2 5 4 1 1.3991633867016843e-11 22 0
tr 4 2 2 5 4 1 1852.588094352918 2 1
tr 4 2 2 5 4 1 1470.308011391212 3 2
tr 4 2 2 5 4 1 754746.9141397534 4 1
ann 4 2 2 5 4 2 1.8358755422758644e-11 22 0
tr 4 2 2 5 4 2 5557.764283058776 2 1
tr 4 2 2 5 4 2 2205.4620170868156 3 2
tr 4 2 2 5 4 2 679272.2227257772 4 1
ann 4 2 2 5 4 3 2.3392021266337436e-11 22 0
tr 4 2 2 5 4 3 12968.11666047046 2 1
tr 4 2 2 5 4 3 2573.0390199346216 3 2
tr 4 2 2 5 4 3 475490.55590804404 4 1
ann 4 2 2 5 4 4 2.888196183310861e-11 22 0
tr 4 2 2 5 4 4 25936.233320940944 2 1
tr 4 2 2 5 4 4 2058.4312159476913 3 2
tr 4 2 2 5 4 4 211329.13595913062 4 1
ann 4 2 2 6 1 1 1.0465487538407776e-7 16 0
tr 4 2 2 6 1 1 0.179327523014774 2 2
tr 4 2 2 6 1 1 142.09792633088645 3 1
ann 4 2 2 6 2 1 6.20175734544194e-9 18 0
tr 4 2 2 6 2 1 203.34961546121622 2 1
tr 4 2 2 6 2 1 14.52497253294403 3 2
tr 4 2 2 6 2 1 213.6736984174769 4 1
ann 4 2 2 6 2 2 1.240351469088394e-8 18 0
tr 4 2 2 6 2 2 135.5664103074774 2 1
tr 4 2 2 6 2 2 4.84165751098134 3 2
tr 4 2 2 6 2 2 42.73473968349562 4 1
ann 4 2 2 6 3 1 6.255494900577049e-10 20 0
tr 4 2 2 6 3 1 9.803356117276273 2 2
tr 4 2 2 6 3 1 10.325454854493504 3 1
tr 4 2 2 6 3 1 0.8194805440074203 4 2
tr 4 2 2 6 3 1 264932.3980120219 5 1
ann 4 2 2 6 3 2 7.819355113587651e-10 20 0
tr 4 2 2 6 3 2 16.338926862127124 2 2
tr 4 2 2 6 3 2 8.604545712077904 3 1
tr 4 2 2 6 3 2 0.4097402720037108 4 2
tr 4 2 2 6 3 2 88310.79933734064 5 1
ann 4 2 2 6 3 3 1.0571217303482003e-9 20 0
tr 4 2 2 6 3 3 16.338926862127124 2 2
tr 4 2 2 6 3 3 4.302272856038959 3 1
tr 4 2 2 6 3 3 17662.15986746803 5 1
ann 4 2 2 6 4 1 1.5692548651383097e-11 22 0
tr 4 2 2 6 4 1 10.755682140097354 2 1
tr 4 2 2 6 4 1 8.536255666743973 3 2
tr 4 2 2 6 4 1 233852.58733311648 4 1
tr 4 2 2 6 4 1 16204.330799042198 5 2
tr 4 2 2 6 4 1 1.1422897304655831e7 6 1
ann 4 2 2 6 4 2 2.0590566226172687e-11 22 0
tr 4 2 2 6 4 2 32.26704642029218 2 1
tr 4 2 2 6 4 2 12.804383500115943 3 2
tr 4 2 2 6 4 2 210467.32859980452 4 1
tr 4 2 2 6 4 2 9722.59847942531 5 2
tr 4 2 2 6 4 2 4.895527416281063e6 6 1
ann 4 2 2 6 4 3 2.6235708990270236e-11 22 0
tr 4 2 2 6 4 3 75.2897749806817 2 1
tr 4 2 2 6 4 3 14.93844741680195 3 2
tr 4 2 2 6 4 3 147327.1300198632 4 1
tr 4 2 2 6 4 3 4537.212623731821 5 2
ann 4 2 2 6 4 4 3.239304289374355e-11 22 0
tr 4 2 2 6 4 4 150.57954996136345 2 1
tr 4 2 2 6 4 4 11.950757933441528 3 2
tr 4 2 2 6 4 4 65478.724453272494 4 1
ann 4 2 2 6 5 1 1.0718496410263279e-13 24 0
tr 4 2 2 6 5 1 18880.83173393094 3 1
tr 4 2 2 6 5 1 11748.073078890387 4 2
tr 4 2 2 6 5 1 9.495177144750878e6 5 1
tr 4 2 2 6 5 1 546375.8277099411 6 2
ann 4 2 2 6 5 2 1.4270877709053368e-13 24 0
tr 4 2 2 6 5 2 44055.27404583894 3 1
tr 4 2 2 6 5 2 16447.302310446554 4 2
tr 4 2 2 6 5 2 8.862165335100826e6 5 1
ann 4 2 2 6 5 3 1.8405176246958942e-13 24 0
tr 4 2 2 6 5 3 88110.54809167786 3 1
tr 4 2 2 6 5 3 19736.76277253583 4 2
tr 4 2 2 6 5 3 7.089732268080652e6 5 1
ann 4 2 2 6 5 4 2.305293900048065e-13 24 0
tr 4 2 2 6 5 4 158598.98656502008 3 1
tr 4 2 2 6 5 4 19736.762772535854 4 2
tr 4 2 2 6 5 4 4.557685029480431e6 5 1
ann 4 2 2 6 5 5 2.8109700419646867e-13 24 0
tr 4 2 2 6 5 5 264331.6442750334 3 1
tr 4 2 2 6 5 5 14097.68769466846 4 2
tr 4 2 2 6 5 5 1.899035428950168e6 5 1
ann 4 2 2 7 1 1 6.640468339667395e-8 16 0
tr 4 2 2 7 1 1 0.057626084217446534 2 2
tr 4 2 2 7 1 1 22.570249117992283 3 1
ann 4 2 2 7 2 1 4.065584356952981e-9 18 0
tr 4 2 2 7 2 1 48.93331457729501 2 1
tr 4 2 2 7 2 1 3.4952367555210757 3 2
tr 4 2 2 7 2 1 248.49506636929272 4 1
ann 4 2 2 7 2 2 8.131168713906006e-9 18 0
tr 4 2 2 7 2 2 32.62220971819666 2 1
tr 4 2 2 7 2 2 1.1650789185070238 3 2
tr 4 2 2 7 2 2 49.69901327385881 4 1
ann 4 2 2 7 3 1 4.463469041122691e-10 20 0
tr 4 2 2 7 3 1 3.138499071256626 2 2
tr 4 2 2 7 3 1 63.25923057080247 3 1
tr 4 2 2 7 3 1 5.0205738548255905 4 2
tr 4 2 2 7 3 1 41048.62495552347 5 1
ann 4 2 2 7 3 2 5.579326686639363e-10 20 0
tr 4 2 2 7 3 2 5.230831785427711 2 2
tr 4 2 2 7 3 2 52.71602547566864 3 1
tr 4 2 2 7 3 2 2.5102869274127992 4 2
tr 4 2 2 7 3 2 13682.874985174494 5 1
ann 4 2 2 7 3 3 7.54285667318443e-10 20 0
tr 4 2 2 7 3 3 5.230831785427711 2 2
tr 4 2 2 7 3 3 26.358012737834354 3 1
tr 4 2 2 7 3 3 0.753086078223832 4 2
tr 4 2 2 7 3 3 2736.5749970348843 5 1
ann 4 2 2 7 4 1 1.3573589169292261e-11 22 0
tr 4 2 2 7 4 1 18.845375321337173 2 1
tr 4 2 2 7 4 1 14.956647080426396 3 2
tr 4 2 2 7 4 1 41833.08317206246 4 1
tr 4 2 2 7 4 1 2898.7368743469533 5 2
ann 4 2 2 7 4 2 1.781022914569011e-11 22 0
tr 4 2 2 7 4 2 56.536125964011724 2 1
tr 4 2 2 7 4 2 22.434970620639568 3 2
tr 4 2 2 7 4 2 37649.774854856165 4 1
tr 4 2 2 7 4 2 1739.2421246081703 5 2
ann 4 2 2 7 4 3 2.2693110269378036e-11 22 0
tr 4 2 2 7 4 3 131.91762724936058 2 1
tr 4 2 2 7 4 3 26.17413239074619 3 2
tr 4 2 2 7 4 3 26354.84239839932 4 1
ann 4 2 2 7 4 4 2.8019021559552188e-11 22 0
tr 4 2 2 7 4 4 263.83525449872127 2 1
tr 4 2 2 7 4 4 20.939305912596897 3 2
tr 4 2 2 7 4 4 11713.263288177468 4 1
ann 4 2 2 7 5 1 1.4861411524669511e-13 24 0
tr 4 2 2 7 5 1 1997.810729194565 3 1
tr 4 2 2 7 5 1 1243.0822314988432 4 2
tr 4 2 2 7 5 1 583.766470196427 5 1
tr 4 2 2 7 5 1 2.0244780798987396e7 7 1
ann 4 2 2 7 5 2 1.9786859894212174e-13 24 0
tr 4 2 2 7 5 2 4661.55836812066 3 1
tr 4 2 2 7 5 2 1740.3151240983816 4 2
tr 4 2 2 7 5 2 544.8487055166655 5 1
ann 4 2 2 7 5 3 2.551914827105102e-13 24 0
tr 4 2 2 7 5 3 9323.11673624132 3 1
tr 4 2 2 7 5 3 2088.3781489180546 4 2
tr 4 2 2 7 5 3 435.87896441333186 5 1
ann 4 2 2 7 5 4 3.196336516178829e-13 24 0
tr 4 2 2 7 5 4 16781.610125234365 3 1
tr 4 2 2 7 5 4 2088.378148918057 4 2
tr 4 2 2 7 5 4 280.2079056942855 5 1
ann 4 2 2 7 5 5 3.897466697931637e-13 24 0
tr 4 2 2 7 5 5 27969.350208723936 3 1
tr 4 2 2 7 5 5 1491.6986777986117 4 2
ann 4 2 2 7 6 1 5.297100650023399e-16 26 0
tr 4 2 2 7 6 1 129739.11960079774 4 1
tr 4 2 2 7 6 1 59444.10570800185 5 2
tr 4 2 2 7 6 1 7.138780730266914e7 6 1
tr 4 2 2 7 6 1 3.390080331092218e6 7 2
ann 4 2 2 7 6 2 7.035043215702578e-16 26 0
tr 4 2 2 7 6 2 259478.239201595 4 1
tr 4 2 2 7 6 2 79258.80761066922 5 2
tr 4 2 2 7 6 2 6.7988387907304e7 6 1
ann 4 2 2 7 6 3 9.091712903596156e-16 26 0
tr 4 2 2 7 6 3 467060.8305628721 4 1
tr 4 2 2 7 6 3 95110.56913280295 5 2
tr 4 2 2 7 6 3 5.827576106340341e7 6 1
ann 4 2 2 7 6 4 1.1471772914118977e-15 26 0
tr 4 2 2 7 6 4 778434.7176047856 4 1
tr 4 2 2 7 6 4 101904.18121371756 5 2
tr 4 2 2 7 6 4 4.370682079755248e7 6 1
ann 4 2 2 7 6 5 1.4173254563237217e-15 26 0
tr 4 2 2 7 6 5 1.2232545562360953e6 4 1
tr 4 2 2 7 6 5 93412.16611257447 5 2
tr 4 2 2 7 6 5 2.6709723820726592e7 6 1
ann 4 2 2 7 6 6 1.7187557282468345e-15 26 0
tr 4 2 2 7 6 6 1.834881834354138e6 4 1
tr 4 2 2 7 6 6 62274.77740838289 5 2
tr 4 2 2 7 6 6 1.0683889528290585e7 6 1
ann 4 2 2 9 8 2 6.231405818033128e-21 30 0
tr 4 2 2 9 8 2 3.483835889259128e6 6 1
tr 4 2 2 9 8 2 693212.2432709498 7 2
tr 4 2 2 9 8 2 1.2386498202307596e9 8 1
tr 4 2 2 9 8 2 3.280909396552063e7 9 2
tr 4 2 2 9 8 2 1.7615322267262035e10 10 1
ann 4 2 2 9 8 4 9.96986501806959e-21 30 0
tr 4 2 2 9 8 4 8.211898881825102e6 6 1
tr 4 2 2 9 8 4 907777.9376167193 7 2
tr 4 2 2 9 8 4 9.732248587527378e8 8 1
ann 4 2 2 9 8 6 1.501380658878736e-20 30 0
tr 4 2 2 9 8 6 1.6606284405468533e7 6 1
tr 4 2 2 9 8 6 901175.9162522346 7 2
tr 4 2 2 9 8 6 5.367482554333279e8 8 1
ann 4 2 2 9 8 8 2.156613790757052e-20 30 0
tr 4 2 2 9 8 8 3.019324437357918e7 6 1
tr 4 2 2 9 8 8 462141.49551396683 7 2
tr 4 2 2 9 8 8 1.1796664954578568e8 8 1
ann 4 2 2 11 10 2 1.966556462431455e-26 34 0
tr 4 2 2 11 10 2 1.6200646505540691e7 8 1
tr 4 2 2 11 10 2 2.20471956083199e6 9 2
tr 4 2 2 11 10 2 6.914947012475235e9 10 1
tr 4 2 2 11 10 2 1.3881836289010733e8 11 2
tr 4 2 2 11 10 2 1.2691849158506946e11 12 1
ann 4 2 2 11 10 4 3.041383408320559e-26 34 0
tr 4 2 2 11 10 4 3.2761307377871197e7 8 1
tr 4 2 2 11 10 4 2.8371845661615725e6 9 2
tr 4 2 2 11 10 4 5.932419187807028e9 10 1
ann 4 2 2 11 10 6 4.4855516956034863e-26 34 0
tr 4 2 2 11 10 6 5.9566013414311156e7 8 1
tr 4 2 2 11 10 6 3.1177852375401957e6 9 2
tr 4 2 2 11 10 6 4.1908769772577124e9 10 1
ann 4 2 2 11 10 8 6.368374629556274e-26 34 0
tr 4 2 2 11 10 8 1.001494511251607e8 8 1
tr 4 2 2 11 10 8 2.7258350933922883e6 9 2
tr 4 2 2 11 10 8 2.1373472584014208e9 10 1
ann 4 2 2 11 10 10 8.764129454718151e-26 34 0
tr 4 2 2 11 10 10 1.5856996428150442e8 8 1
tr 4 2 2 11 10 10 1.269383989569934e6 9 2
tr 4 2 2 11 10 10 4.4237034759942454e8 10 1
ann 4 2 2 13 12 2 2.754532901915701e-32 38 0
tr 4 2 2 13 12 2 3.202584469714234e7 10 1
tr 4 2 2 13 12 2 3.1415938204527055e6 11 2
tr 4 2 2 13 12 2 1.5498036381811039e10 12 1
tr 4 2 2 13 12 2 2.42008006831592e8 13 2
tr 4 2 2 13 12 2 3.40690123838327e11 14 1
ann 4 2 2 13 12 4 4.1154215928717774e-32 38 0
tr 4 2 2 13 12 4 5.822880854025891e7 10 1
tr 4 2 2 13 12 4 3.9544537600103994e6 11 2
tr 4 2 2 13 12 4 1.393429844518476e10 12 1
tr 4 2 2 13 12 4 1.5956571879006064e8 13 2
tr 4 2 2 13 12 4 1.6847313816180978e11 14 1
ann 4 2 2 13 12 6 5.915132844915559e-32 38 0
tr 4 2 2 13 12 6 9.790118358966617e7 10 1
tr 4 2 2 13 12 6 4.481714261345125e6 11 2
tr 4 2 2 13 12 6 1.1054543433179924e10 12 1
ann 4 2 2 13 12 8 8.235697404737688e-32 38 0
tr 4 2 2 13 12 8 1.5501020735030502e8 10 1
tr 4 2 2 13 12 8 4.472298895249865e6 11 2
tr 4 2 2 13 12 8 7.354213068291971e9 12 1
ann 4 2 2 13 12 10 1.116576301562162e-31 38 0
tr 4 2 2 13 12 10 2.3403501894065693e8 10 1
tr 4 2 2 13 12 10 3.6249159466762156e6 11 2
tr 4 2 2 13 12 10 3.5764699342640853e9 12 1
ann 4 2 2 13 12 12 1.480059441744357e-31 38 0
tr 4 2 2 13 12 12 3.399666590927432e8 10 1
tr 4 2 2 13 12 12 1.588058414734331e6 11 2
tr 4 2 2 13 12 12 7.121974760872169e8 12 1
ann 4 3 1 4 3 1 9.330559866326364e-12 22 0
ann 4 3 1 4 3 2 2.6376485832427378e-11 22 0
tr 4 3 1 4 3 2 2304.0 2 1
ann 4 3 1 4 3 3 2.123872254489076e-11 22 0
tr 4 3 1 4 3 3 1535.9999999999984 2 1
tr 4 3 1 4 3 3 1097.1428571428569 3 2
ann 4 3 1 5 1 1 1.0677076671762777e-8 18 0
tr 4 3 1 5 1 1 209.56465926764494 2 1
tr 4 3 1 5 1 1 20.790144768615562 3 2
tr 4 3 1 5 1 1 79538.86793364635 4 1
ann 4 3 1 5 2 1 7.068789582689764e-10 20 0
tr 4 3 1 5 2 1 0.6728997532601659 2 2
tr 4 3 1 5 2 1 1050.2851259446306 3 1
tr 4 3 1 5 2 1 1250.3394356483607 4 2
tr 4 3 1 5 2 1 1.5185888401924677e6 5 1
ann 4 3 1 5 2 2 5.883824039212729e-10 20 0
tr 4 3 1 5 2 2 1.0093496298902478 2 2
tr 4 3 1 5 2 2 12603.421511335477 3 1
tr 4 3 1 5 2 2 1000.2715485186885 4 2
tr 4 3 1 5 2 2 455576.6520577402 5 1
ann 4 3 1 5 3 1 3.2059559877098017e-11 22 0
tr 4 3 1 5 3 1 595.4747446134436 2 1
tr 4 3 1 5 3 1 236.29950183073043 3 2
tr 4 3 1 5 3 1 4390.494514386451 4 1
ann 4 3 1 5 3 2 2.2657229378420473e-11 22 0
tr 4 3 1 5 3 2 992.4579076890678 2 1
tr 4 3 1 5 3 2 140495.82446036424 4 1
ann 4 3 1 5 3 3 1.8243923828391585e-11 22 0
tr 4 3 1 5 3 3 661.6386051260442 2 1
tr 4 3 1 5 3 3 472.5990036614607 3 2
tr 4 3 1 5 3 3 237086.70377686425 4 1
ann 4 3 1 5 4 1 4.59906722075518e-13 24 0
tr 4 3 1 5 4 1 79.75108186787152 2 2
tr 4 3 1 5 4 1 10002.095315586537 3 1
tr 4 3 1 5 4 1 6172.7216804762265 4 2
ann 4 3 1 5 4 2 4.605297490123078e-13 24 0
tr 4 3 1 5 4 2 26.583693955957223 2 2
tr 4 3 1 5 4 2 26672.254174897298 3 1
tr 4 3 1 5 4 2 1097.3727431957718 4 2
tr 4 3 1 5 4 2 595261.0452643773 5 1
ann 4 3 1 5 4 3 3.5051874096455364e-13 24 0
tr 4 3 1 5 4 3 372.17171538340034 2 2
tr 4 3 1 5 4 3 9335.28896121405 3 1
tr 4 3 1 5 4 3 1920.4023005926013 4 2
tr 4 3 1 5 4 3 1.5459402592534032e6 5 1
ann 4 3 1 5 4 4 2.898674240135325e-13 24 0
tr 4 3 1 5 4 4 28005.86688364205 3 1
tr 4 3 1 5 4 4 13442.816104148204 4 2
tr 4 3 1 5 4 4 1.514390458044147e6 5 1
ann 4 3 1 6 1 1 6.257529769139966e-9 18 0
tr 4 3 1 6 1 1 16.07207717448245 2 1
tr 4 3 1 6 1 1 1.5944521006430996 3 2
tr 4 3 1 6 1 1 366.3439115327868 4 1
ann 4 3 1 6 2 1 4.383932070419646e-10 20 0
tr 4 3 1 6 2 1 0.07780441362917685 2 2
tr 4 3 1 6 2 1 26.643361187041457 3 1
tr 4 3 1 6 2 1 31.718287127430084 4 2
tr 4 3 1 6 2 1 34062.73688725995 5 1
ann 4 3 1 6 2 2 3.64903840115506e-10 20 0
tr 4 3 1 6 2 2 0.1167066204437651 2 2
tr 4 3 1 6 2 2 319.72033424449523 3 1
tr 4 3 1 6 2 2 25.37462970194406 4 2
tr 4 3 1 6 2 2 10218.821066177985 5 1
ann 4 3 1 6 3 1 2.3300090689093805e-11 22 0
tr 4 3 1 6 3 1 33.88039874130699 2 1
tr 4 3 1 6 3 1 13.444602675121757 3 2
tr 4 3 1 6 3 1 37.76166346786256 4 1
ann 4 3 1 6 3 2 1.646671089413417e-11 22 0
tr 4 3 1 6 3 2 56.46733123551136 2 1
tr 4 3 1 6 3 2 1208.3732309715829 4 1
ann 4 3 1 6 3 3 1.325923001626751e-11 22 0
tr 4 3 1 6 3 3 37.644887490340864 2 1
tr 4 3 1 6 3 3 26.8892053502435 3 2
tr 4 3 1 6 3 3 2039.1298272645433 4 1
ann 4 3 1 6 4 1 5.158160024053599e-13 24 0
tr 4 3 1 6 4 1 7.002397226625916 2 2
tr 4 3 1 6 4 1 132.75584812920314 3 1
tr 4 3 1 6 4 1 81.92932341687916 4 2
tr 4 3 1 6 4 1 2180.0151607847247 5 1
ann 4 3 1 6 4 2 5.165147687789544e-13 24 0
tr 4 3 1 6 4 2 2.3341324088753095 2 2
tr 4 3 1 6 4 2 354.0155950112066 3 1
tr 4 3 1 6 4 2 14.565213051889609 4 2
tr 4 3 1 6 4 2 268723.20215272 5 1
ann 4 3 1 6 4 3 3.9313010256636745e-13 24 0
tr 4 3 1 6 4 3 32.67785372425426 2 2
tr 4 3 1 6 4 3 123.90545825392222 3 1
tr 4 3 1 6 4 3 25.489122840806818 4 2
tr 4 3 1 6 4 3 697895.5201391904 5 1
ann 4 3 1 6 4 4 3.251056091706541e-13 24 0
tr 4 3 1 6 4 4 371.71637476176534 3 1
tr 4 3 1 6 4 4 178.4238598856477 4 2
tr 4 3 1 6 4 4 683652.7544220625 5 1
ann 4 3 1 6 5 1 4.38010089316187e-15 26 0
tr 4 3 1 6 5 1 3872.0455704350716 2 1
tr 4 3 1 6 5 1 384.1315050034789 3 2
tr 4 3 1 6 5 1 63968.257914558555 4 1
ann 4 3 1 6 5 2 4.566500265030239e-15 26 0
tr 4 3 1 6 5 2 4517.386498840911 2 1
tr 4 3 1 6 5 2 189472.92261634427 4 1
ann 4 3 1 6 5 3 4.30059666632349e-15 26 0
tr 4 3 1 6 5 3 3011.5909992272686 2 1
tr 4 3 1 6 5 3 537.78410700487 3 2
tr 4 3 1 6 5 3 179851.25076473306 4 1
ann 4 3 1 6 5 4 3.606690093397817e-15 26 0
tr 4 3 1 6 5 4 1613.352321014609 3 2
tr 4 3 1 6 5 4 15542.700683371935 4 1
tr 4 3 1 6 5 4 33760.62984800314 5 2
tr 4 3 1 6 5 4 1.879882527851931e7 6 1
ann 4 3 1 6 5 5 2.724870882324815e-15 26 0
tr 4 3 1 6 5 5 310854.0136674393 4 1
tr 4 3 1 6 5 5 94951.77144750879 5 2
tr 4 3 1 6 5 5 1.409911895888946e7 6 1
ann 4 3 1 7 1 1 3.970472236425011e-9 18 0
tr 4 3 1 7 1 1 4.022323964076365 2 1
tr 4 3 1 7 1 1 0.3990400758012264 3 2
tr 4 3 1 7 1 1 16.58778087265439 4 1
ann 4 3 1 7 2 1 2.8739024058804695e-10 20 0
tr 4 3 1 7 2 1 0.022884889061246267 2 2
tr 4 3 1 7 2 1 4.096082247339377 3 1
tr 4 3 1 7 2 1 4.876288389689701 4 2
tr 4 3 1 7 2 1 9020.69927374191 5 1
ann 4 3 1 7 2 2 2.392140208092085e-10 20 0
tr 4 3 1 7 2 2 0.03432733359186936 2 2
tr 4 3 1 7 2 2 49.152986968072184 3 1
tr 4 3 1 7 2 2 3.9010307117517615 4 2
tr 4 3 1 7 2 2 2706.2097821225725 5 1
ann 4 3 1 7 3 1 1.6625260604103668e-11 22 0
tr 4 3 1 7 3 1 7.380996652671885 2 1
tr 4 3 1 7 3 1 2.928966925663432 3 2
tr 4 3 1 7 3 1 19.356693733843294 4 1
ann 4 3 1 7 3 2 1.1749454755409099e-11 22 0
tr 4 3 1 7 3 2 12.30166108778641 2 1
tr 4 3 1 7 3 2 619.4141994829758 4 1
ann 4 3 1 7 3 3 9.460828158526265e-12 22 0
tr 4 3 1 7 3 3 8.2011073918576 2 1
tr 4 3 1 7 3 3 5.85793385132686 3 2
tr 4 3 1 7 3 3 1045.26146162752 4 1
ann 4 3 1 7 4 1 4.4616554524447597e-13 24 0
tr 4 3 1 7 4 1 1.849283964545152 2 2
tr 4 3 1 7 4 1 82.49432772730016 3 1
tr 4 3 1 7 4 1 50.910785111704946 4 2
tr 4 3 1 7 4 1 212.84880087862368 5 1
ann 4 3 1 7 4 2 4.467699575355995e-13 24 0
tr 4 3 1 7 4 2 0.6164279881817185 2 2
tr 4 3 1 7 4 2 219.98487393946598 3 1
tr 4 3 1 7 4 2 9.050806242080863 4 2
tr 4 3 1 7 4 2 26237.162188303995 5 1
ann 4 3 1 7 4 3 3.4004588144230535e-13 24 0
tr 4 3 1 7 4 3 8.629991834544041 2 2
tr 4 3 1 7 4 3 76.99470587881305 3 1
tr 4 3 1 7 4 3 15.838910923641519 4 2
tr 4 3 1 7 4 3 68139.99612127416 5 1
ann 4 3 1 7 4 4 2.812067097759763e-13 24 0
tr 4 3 1 7 4 4 230.9841176364383 3 1
tr 4 3 1 7 4 4 110.87237646549058 4 2
tr 4 3 1 7 4 4 66749.38395553373 5 1
ann 4 3 1 7 5 1 6.073098296038093e-15 26 0
tr 4 3 1 7 5 1 1115.4280655749687 2 1
tr 4 3 1 7 5 1 110.65754618799274 3 2
tr 4 3 1 7 5 1 4282.806750710884 4 1
ann 4 3 1 7 5 2 6.3315447866706775e-15 26 0
tr 4 3 1 7 5 2 1301.3327431707949 2 1
tr 4 3 1 7 5 2 12685.602805411341 4 1
ann 4 3 1 7 5 3 5.962864081157579e-15 26 0
tr 4 3 1 7 5 3 867.555162113862 2 1
tr 4 3 1 7 5 3 154.9205646631898 3 2
tr 4 3 1 7 5 3 12041.412037949052 4 1
ann 4 3 1 7 5 4 5.0007486104524134e-15 26 0
tr 4 3 1 7 5 4 464.7616939895692 3 2
tr 4 3 1 7 5 4 1040.6158551313958 4 1
tr 4 3 1 7 5 4 2260.3437726005654 5 2
tr 4 3 1 7 5 4 176957.3373736617 6 1
ann 4 3 1 7 5 5 3.778088455922973e-15 26 0
tr 4 3 1 7 5 5 20812.317102627952 4 1
tr 4 3 1 7 5 5 6357.21686043909 5 2
tr 4 3 1 7 5 5 132718.0030302461 6 1
ann 4 3 1 7 6 1 2.9755465612837045e-17 28 0
tr 4 3 1 7 6 1 16222.752843601771 3 1
tr 4 3 1 7 6 1 1514.1235987361645 4 2
tr 4 3 1 7 6 1 310662.8255455031 5 1
ann 4 3 1 7 6 2 3.111898953173707e-17 28 0
tr 4 3 1 7 6 2 19467.303412322082 3 1
tr 4 3 1 7 6 2 121.12988789889282 4 2
tr 4 3 1 7 6 2 931988.4766365077 5 1
ann 4 3 1 7 6 3 3.080122876087504e-17 28 0
tr 4 3 1 7 6 3 17520.57307108987 3 1
tr 4 3 1 7 6 3 545.0844955450184 4 2
tr 4 3 1 7 6 3 1.1982708985326565e6 5 1
ann 4 3 1 7 6 4 2.8576161026341874e-17 28 0
tr 4 3 1 7 6 4 9733.651706161025 3 1
tr 4 3 1 7 6 4 3244.5505687203436 4 2
tr 4 3 1 7 6 4 665706.0547403637 5 1
ann 4 3 1 7 6 5 2.405173663701707e-17 28 0
tr 4 3 1 7 6 5 5710.409000947808 4 2
tr 4 3 1 7 6 5 240782.84931268328 6 2
tr 4 3 1 7 6 5 1.3009646051220915e8 7 1
ann 4 3 1 7 6 6 1.6439674255703957e-17 28 0
tr 4 3 1 7 6 6 2.1968299806431886e6 5 1
tr 4 3 1 7 6 6 441435.2237399196 6 2
tr 4 3 1 7 6 6 8.313856648117478e7 7 1
ann 4 3 1 9 8 2 5.291553823494408e-22 32 0
tr 4 3 1 9 8 2 210591.57920379462 5 1
tr 4 3 1 9 8 2 3324.881627258833 6 2
tr 4 3 1 9 8 2 9.151459449596997e6 7 1
ann 4 3 1 9 8 4 5.268155491131427e-22 32 0
tr 4 3 1 9 8 4 198557.77467786407 5 1
tr 4 3 1 9 8 4 4063.744211094127 6 2
tr 4 3 1 9 8 4 1.529722042060595e7 7 1
ann 4 3 1 9 8 6 4.319037132300083e-22 32 0
tr 4 3 1 9 8 6 66921.3240580947 5 1
tr 4 3 1 9 8 6 30256.42280805541 6 2
tr 4 3 1 9 8 6 1.9466070063715512e6 7 1
tr 4 3 1 9 8 6 1.3783165077794117e6 8 2
tr 4 3 1 9 8 6 2.194558239808376e9 9 1
ann 4 3 1 9 8 8 1.9943773423590953e-22 32 0
tr 4 3 1 9 8 8 3.690442449579374e7 7 1
tr 4 3 1 9 8 8 3.618080832920953e6 8 2
tr 4 3 1 9 8 8 1.0020337266188052e9 9 1
ann 4 3 1 11 10 2 2.8908870667447595e-27 36 0
tr 4 3 1 11 10 2 891215.298705319 7 1
tr 4 3 1 11 10 2 14446.767343366124 8 2
tr 4 3 1 11 10 2 3.3629823329946175e7 9 1
ann 4 3 1 11 10 4 2.9925684571469188e-27 36 0
tr 4 3 1 11 10 4 965483.240264093 7 1
tr 4 3 1 11 10 4 717.0849972252646 8 2
tr 4 3 1 11 10 4 7.056711290755746e7 9 1
ann 4 3 1 11 10 6 2.7098102841518945e-27 36 0
tr 4 3 1 11 10 6 702169.629282977 7 1
tr 4 3 1 11 10 6 36038.117809269665 8 2
tr 4 3 1 11 10 6 5.025020171852486e7 9 1
tr 4 3 1 11 10 6 1.0274057128555445e10 11 1
ann 4 3 1 11 10 8 1.9873892743851247e-27 36 0
tr 4 3 1 11 10 8 196761.81919468028 7 1
tr 4 3 1 11 10 8 90557.5910781616 8 2
tr 4 3 1 11 10 8 27237.32902163132 9 1
tr 4 3 1 11 10 8 7.354396889580886e6 10 2
tr 4 3 1 11 10 8 1.117402546462403e10 11 1
ann 4 3 1 11 10 10 7.795490488235699e-28 36 0
tr 4 3 1 11 10 10 1.9794728866466373e8 9 1
tr 4 3 1 11 10 10 1.0769080356160223e7 10 2
tr 4 3 1 11 10 10 4.029625665993862e9 11 1
ann 4 3 1 13 12 2 6.341941032418668e-33 40 0
tr 4 3 1 13 12 2 1.6649949584271943e6 9 1
tr 4 3 1 13 12 2 23662.13721701703 10 2
tr 4 3 1 13 12 2 5.549247571537757e7 11 1
ann 4 3 1 13 12 4 6.731773398374883e-33 40 0
tr 4 3 1 13 12 4 1.883630660038854e6 9 1
tr 4 3 1 13 12 4 594.3393963458011 10 2
tr 4 3 1 13 12 4 1.2605862872844277e8 11 1
ann 4 3 1 13 12 6 6.45060207430171e-33 40 0
tr 4 3 1 13 12 6 1.696598259336407e6 9 1
tr 4 3 1 13 12 6 16238.201364447561 10 2
tr 4 3 1 13 12 6 1.362252618995115e8 11 1
tr 4 3 1 13 12 6 1.75626950621261e10 13 1
ann 4 3 1 13 12 8 5.4104860607319534e-33 40 0
tr 4 3 1 13 12 8 1.074512230913059e6 9 1
tr 4 3 1 13 12 8 73199.26458208825 10 2
tr 4 3 1 13 12 8 5.476356527715219e7 11 1
tr 4 3 1 13 12 8 2.557461069351273e10 13 1
ann 4 3 1 13 12 10 3.630261072296843e-33 40 0
tr 4 3 1 13 12 10 270383.79666766495 9 1
tr 4 3 1 13 12 10 118087.80881145506 10 2
tr 4 3 1 13 12 10 8.80409470484351e6 11 1
tr 4 3 1 13 12 10 1.3505702241559895e7 12 2
tr 4 3 1 13 12 10 2.1988581541112984e10 13 1
ann 4 3 1 13 12 12 1.268915310979702e-33 40 0
tr 4 3 1 13 12 12 4.3311254784105414e8 11 1
tr 4 3 1 13 12 12 1.4351658389999442e7 12 2
tr 4 3 1 13 12 12 6.852962299793131e9 13 1
ann 4 3 2 4 3 2 1.1261581683387454e-11 22 0
ann 4 3 2 4 3 3 2.894536747619566e-11 22 0
tr 4 3 2 4 3 3 3839.9999999999945 2 1
tr 4 3 2 4 3 3 1097.1428571428585 3 2
ann 4 3 2 5 1 1 1.1160698515446825e-8 18 0
tr 4 3 2 5 1 1 349.2744321127418 2 1
tr 4 3 2 5 1 1 17.325120640512978 3 2
tr 4 3 2 5 1 1 39769.43396682312 4 1
ann 4 3 2 5 2 1 7.559949339227093e-10 20 0
tr 4 3 2 5 2 1 7877.13844458468 3 1
tr 4 3 2 5 2 1 1225.332646935396 4 2
tr 4 3 2 5 2 1 728922.6432923854 5 1
ann 4 3 2 5 2 2 7.354767303845495e-10 20 0
tr 4 3 2 5 2 2 1.6822493831504128 2 2
tr 4 3 2 5 2 2 10502.851259446212 3 1
tr 4 3 2 5 2 2 500.1357742593448 4 2
tr 4 3 2 5 2 2 151858.88401924682 5 1
ann 4 3 2 5 3 1 2.2657229378420476e-11 22 0
tr 4 3 2 5 3 1 992.4579076890682 2 1
tr 4 3 2 5 3 1 140495.82446036424 4 1
ann 4 3 2 5 3 2 3.869450043179766e-11 22 0
tr 4 3 2 5 3 2 236.2995018307306 3 2
tr 4 3 2 5 3 2 215134.23120493235 4 1
tr 4 3 2 5 3 2 14901.072291250734 5 2
tr 4 3 2 5 3 2 2.2413001192054693e6 6 1
ann 4 3 2 5 3 3 2.4863882153434883e-11 22 0
tr 4 3 2 5 3 3 1654.09651281511 2 1
tr 4 3 2 5 3 3 472.5990036614614 3 2
tr 4 3 2 5 3 3 131714.83543159114 4 1
ann 4 3 2 5 4 1 3.541754563099321e-13 24 0
tr 4 3 2 5 4 1 260.52020076838033 2 2
tr 4 3 2 5 4 1 21337.80333991781 3 1
tr 4 3 2 5 4 1 1.006052334478736e6 5 1
ann 4 3 2 5 4 2 4.946337138893088e-13 24 0
tr 4 3 2 5 4 2 255.20346197718894 2 2
tr 4 3 2 5 4 2 2000.4190631172867 3 1
tr 4 3 2 5 4 2 3429.289822486791 4 2
tr 4 3 2 5 4 2 1.5452963857593352e6 5 1
ann 4 3 2 5 4 3 6.047571149529585e-13 24 0
tr 4 3 2 5 4 3 37.217171538340054 2 2
tr 4 3 2 5 4 3 9335.288961214046 3 1
tr 4 3 2 5 4 3 9602.011502962998 4 2
tr 4 3 2 5 4 3 1.3634021236855825e6 5 1
ann 4 3 2 5 4 4 4.624691831900347e-13 24 0
tr 4 3 2 5 4 4 297.73737230672015 2 2
tr 4 3 2 5 4 4 46676.44480607011 3 1
tr 4 3 2 5 4 4 9602.011502963001 4 2
tr 4 3 2 5 4 4 630996.0241850627 5 1
ann 4 3 2 6 1 1 6.540966747447339e-9 18 0
tr 4 3 2 6 1 1 26.78679529080409 2 1
tr 4 3 2 6 1 1 1.32871008386925 3 2
tr 4 3 2 6 1 1 183.17195576639313 4 1
ann 4 3 2 6 2 1 4.688540240419933e-10 20 0
tr 4 3 2 6 2 1 199.8252089028097 3 1
tr 4 3 2 6 2 1 31.083921384881542 4 2
tr 4 3 2 6 2 1 16350.113705884798 5 1
ann 4 3 2 6 2 2 4.56129014052962e-10 20 0
tr 4 3 2 6 2 2 0.19451103407294187 2 2
tr 4 3 2 6 2 2 266.43361187041234 3 1
tr 4 3 2 6 2 2 12.687314850972049 4 2
tr 4 3 2 6 2 2 3406.2736887259957 5 1
ann 4 3 2 6 3 1 1.646671089413419e-11 22 0
tr 4 3 2 6 3 1 56.46733123551139 2 1
tr 4 3 2 6 3 1 1208.3732309715829 4 1
ann 4 3 2 6 3 2 2.8122200471468488e-11 22 0
tr 4 3 2 6 3 2 13.444602675121768 3 2
tr 4 3 2 6 3 2 1850.3215099252338 4 1
tr 4 3 2 6 3 2 128.16079722425866 5 2
tr 4 3 2 6 3 2 655650.9932519319 6 1
ann 4 3 2 6 3 3 1.8070451333067454e-11 22 0
tr 4 3 2 6 3 3 94.11221872585212 2 1
tr 4 3 2 6 3 3 26.88920535024354 3 2
tr 4 3 2 6 3 3 1132.8499040358568 4 1
ann 4 3 2 6 4 1 3.9723135197615754e-13 24 0
tr 4 3 2 6 4 1 22.874497606977997 2 2
tr 4 3 2 6 4 1 283.2124760089649 3 1
tr 4 3 2 6 4 1 454169.8251634677 5 1
ann 4 3 2 6 4 2 5.547646363559262e-13 24 0
tr 4 3 2 6 4 2 22.40767112520294 2 2
tr 4 3 2 6 4 2 26.55116962584035 3 1
tr 4 3 2 6 4 2 45.51629078715507 4 2
tr 4 3 2 6 4 2 697604.8514510851 5 1
ann 4 3 2 6 4 3 6.782753589816862e-13 24 0
tr 4 3 2 6 4 3 3.267785372425429 2 2
tr 4 3 2 6 4 3 123.90545825392213 3 1
tr 4 3 2 6 4 3 127.44561420403399 4 2
tr 4 3 2 6 4 3 615490.9470615311 5 1
ann 4 3 2 6 4 4 5.186899770717056e-13 24 0
tr 4 3 2 6 4 4 26.142282979403404 2 2
tr 4 3 2 6 4 4 619.5272912696093 3 1
tr 4 3 2 6 4 4 127.44561420403403 4 2
tr 4 3 2 6 4 4 284855.3143425268 5 1
ann 4 3 2 6 5 1 3.619126793796083e-15 26 0
tr 4 3 2 6 5 1 1032.5454854493494 2 1
tr 4 3 2 6 5 1 1037.1550635093922 3 2
tr 4 3 2 6 5 1 165207.27767189633 4 1
ann 4 3 2 6 5 2 4.548724917448422e-15 26 0
tr 4 3 2 6 5 2 2710.431899304545 2 1
tr 4 3 2 6 5 2 1075.5682140097404 3 2
tr 4 3 2 6 5 2 37006.430198504684 4 1
ann 4 3 2 6 5 3 5.379672706066002e-15 26 0
tr 4 3 2 6 5 3 4818.545598763631 2 1
tr 4 3 2 6 5 3 537.78410700487 3 2
tr 4 3 2 6 5 3 11101.929059551378 4 1
ann 4 3 2 6 5 4 5.7869224288442534e-15 26 0
tr 4 3 2 6 5 4 5420.863798609081 2 1
tr 4 3 2 6 5 4 177630.86495282257 4 1
ann 4 3 2 6 5 5 5.231016889249746e-15 26 0
tr 4 3 2 6 5 5 1613.352321014609 3 2
tr 4 3 2 6 5 5 388567.5170843001 4 1
tr 4 3 2 6 5 5 52750.9841375049 5 2
tr 4 3 2 6 5 5 4.699706319629828e6 6 1
ann 4 3 2 7 1 1 4.150316161123054e-9 18 0
tr 4 3 2 7 1 1 6.703873273460609 2 1
tr 4 3 2 7 1 1 0.33253339650102226 3 2
tr 4 3 2 7 1 1 8.293890436327178 4 1
ann 4 3 2 7 2 1 3.073589388008984e-10 20 0
tr 4 3 2 7 2 1 30.72061685504514 3 1
tr 4 3 2 7 2 1 4.778762621895917 4 2
tr 4 3 2 7 2 1 4329.935651396121 5 1
ann 4 3 2 7 2 2 2.990170124021182e-10 20 0
tr 4 3 2 7 2 2 0.05721222265311558 2 2
tr 4 3 2 7 2 2 40.960822473393414 3 1
tr 4 3 2 7 2 2 1.950515355875883 4 2
tr 4 3 2 7 2 2 902.069927374191 5 1
ann 4 3 2 7 3 1 1.1749454755409086e-11 22 0
tr 4 3 2 7 3 1 12.301661087786416 2 1
tr 4 3 2 7 3 1 619.4141994829758 4 1
ann 4 3 2 7 3 2 2.006596961549401e-11 22 0
tr 4 3 2 7 3 2 2.9289669256634343 3 2
tr 4 3 2 7 3 2 948.477992958305 4 1
tr 4 3 2 7 3 2 65.69544539970947 5 2
tr 4 3 2 7 3 2 52807.31089227816 6 1
ann 4 3 2 7 3 3 1.2893768053850475e-11 22 0
tr 4 3 2 7 3 3 20.502768479643986 2 1
tr 4 3 2 7 3 3 5.8579338513268695 3 2
tr 4 3 2 7 3 3 580.7008120152885 4 1
ann 4 3 2 7 4 1 3.435933404218813e-13 24 0
tr 4 3 2 7 4 1 6.040994284180832 2 2
tr 4 3 2 7 4 1 175.98789915157255 3 1
tr 4 3 2 7 4 1 44343.50018304498 5 1
ann 4 3 2 7 4 2 4.798549591068184e-13 24 0
tr 4 3 2 7 4 2 5.91770868654449 2 2
tr 4 3 2 7 4 2 16.498865545459857 3 1
tr 4 3 2 7 4 2 28.28376950650273 4 2
tr 4 3 2 7 4 2 68111.61628115692 5 1
ann 4 3 2 7 4 3 5.866880703449863e-13 24 0
tr 4 3 2 7 4 3 0.8629991834544046 2 2
tr 4 3 2 7 4 3 76.99470587881301 3 1
tr 4 3 2 7 4 3 79.1945546182075 4 2
tr 4 3 2 7 4 3 60094.31144806253 5 1
ann 4 3 2 7 4 4 4.486514501650254e-13 24 0
tr 4 3 2 7 4 4 6.90399346763523 2 2
tr 4 3 2 7 4 4 384.97352939406414 3 1
tr 4 3 2 7 4 4 79.19455461820755 4 2
tr 4 3 2 7 4 4 27812.24331480579 5 1
ann 4 3 2 7 5 1 5.017992348633538e-15 26 0
tr 4 3 2 7 5 1 297.44748415332407 2 1
tr 4 3 2 7 5 1 298.7753747075803 3 2
tr 4 3 2 7 5 1 11060.967847910291 4 1
ann 4 3 2 7 5 2 6.3068989115541855e-15 26 0
tr 4 3 2 7 5 2 780.7996459024764 2 1
tr 4 3 2 7 5 2 309.84112932637964 3 2
tr 4 3 2 7 5 2 2477.6567979318984 4 1
ann 4 3 2 7 5 3 7.459024788850623e-15 26 0
tr 4 3 2 7 5 3 1388.0882593821789 2 1
tr 4 3 2 7 5 3 154.9205646631898 3 2
tr 4 3 2 7 5 3 743.2970393795678 4 1
ann 4 3 2 7 5 4 8.023684744791664e-15 26 0
tr 4 3 2 7 5 4 1561.5992918049508 2 1
tr 4 3 2 7 5 4 11892.752630073122 4 1
ann 4 3 2 7 5 5 7.25291049954688e-15 26 0
tr 4 3 2 7 5 5 464.7616939895692 3 2
tr 4 3 2 7 5 5 26015.39637828501 4 1
tr 4 3 2 7 5 5 3531.7871446883833 5 2
tr 4 3 2 7 5 5 44239.33434341546 6 1
ann 4 3 2 7 6 1 2.4565114832665092e-17 28 0
tr 4 3 2 7 6 1 4866.825853080519 3 1
tr 4 3 2 7 6 1 3664.179108941511 4 2
tr 4 3 2 7 6 1 931988.4766365056 5 1
ann 4 3 2 7 6 2 2.9995151510435105e-17 28 0
tr 4 3 2 7 6 2 10382.561819905124 3 1
tr 4 3 2 7 6 2 3876.156412764575 4 2
tr 4 3 2 7 6 2 310662.8255455034 5 1
ann 4 3 2 7 6 3 3.47573739877294e-17 28 0
tr 4 3 2 7 6 3 17520.57307108987 3 1
tr 4 3 2 7 6 3 2725.422477725089 4 2
ann 4 3 2 7 6 4 3.808729974936811e-17 28 0
tr 4 3 2 7 6 4 23360.764094786515 3 1
tr 4 3 2 7 6 4 726.7793273933601 4 2
tr 4 3 2 7 6 4 399423.6328442177 5 1
ann 4 3 2 7 6 5 3.9156984773244397e-17 28 0
tr 4 3 2 7 6 5 21414.03375355433 3 1
tr 4 3 2 7 6 5 285.5204500473908 4 2
tr 4 3 2 7 6 5 1.4645533204287966e6 5 1
ann 4 3 2 7 6 6 3.7166576451916827e-17 28 0
tr 4 3 2 7 6 6 6852.490801137372 4 2
tr 4 3 2 7 6 6 2.1968299806431932e6 5 1
tr 4 3 2 7 6 6 200652.3744272361 6 2
tr 4 3 2 7 6 6 2.3094046244770892e7 7 1
ann 4 3 2 9 8 2 4.616728872629127e-22 32 0
tr 4 3 2 9 8 2 101083.95801782153 5 1
tr 4 3 2 9 8 2 24825.78281686597 6 2
tr 4 3 2 9 8 2 5.849179706645283e6 7 1
tr 4 3 2 9 8 2 1.75355902158291e9 9 1
ann 4 3 2 9 8 4 6.016735137192212e-22 32 0
tr 4 3 2 9 8 4 211794.95965638856 5 1
tr 4 3 2 9 8 4 14629.47915993888 6 2
tr 4 3 2 9 8 4 306385.6036814221 7 1
ann 4 3 2 9 8 6 6.641824044750894e-22 32 0
tr 4 3 2 9 8 6 267685.2962323792 5 1
tr 4 3 2 9 8 6 1.4903709892532116e7 7 1
ann 4 3 2 9 8 8 5.86892603408125e-22 32 0
tr 4 3 2 9 8 8 53789.196103209564 6 2
tr 4 3 2 9 8 8 2.636030321128129e7 7 1
tr 4 3 2 9 8 8 1.2060269443069883e6 8 2
tr 4 3 2 9 8 8 2.087570263789173e8 9 1
ann 4 3 2 11 10 2 2.2690859172411992e-27 36 0
tr 4 3 2 11 10 2 407412.707979574 7 1
tr 4 3 2 11 10 2 66570.7039182309 8 2
tr 4 3 2 11 10 2 3.2384383108800624e7 9 1
tr 4 3 2 11 10 2 9.024798756110909e9 11 1
ann 4 3 2 11 10 4 3.0202194533080543e-27 36 0
tr 4 3 2 11 10 4 772386.5922112756 7 1
tr 4 3 2 11 10 4 52586.23312985241 8 2
tr 4 3 2 11 10 4 850498.9503321303 9 1
tr 4 3 2 11 10 4 1.093915000740716e10 11 1
ann 4 3 2 11 10 6 3.56722853605876e-27 36 0
tr 4 3 2 11 10 6 1.123471406852764e6 7 1
tr 4 3 2 11 10 6 15297.813274138836 8 2
tr 4 3 2 11 10 6 2.336535577835528e7 9 1
tr 4 3 2 11 10 6 8.80341119643722e9 11 1
ann 4 3 2 11 10 8 3.6237058585727145e-27 36 0
tr 4 3 2 11 10 8 1.1018661874902116e6 7 1
tr 4 3 2 11 10 8 6430.124810283613 8 2
tr 4 3 2 11 10 8 9.887150434850131e7 9 1
ann 4 3 2 11 10 10 2.8216817267817347e-27 36 0
tr 4 3 2 11 10 10 162896.49519385293 8 2
tr 4 3 2 11 10 10 1.099707159248132e8 9 1
tr 4 3 2 11 10 10 2.8339685147790066e6 10 2
tr 4 3 2 11 10 10 6.716042776656395e8 11 1
ann 4 3 2 13 12 2 4.552827306047474e-33 40 0
tr 4 3 2 13 12 2 739997.7593009757 9 1
tr 4 3 2 13 12 2 84990.53367744882 10 2
tr 4 3 2 13 12 2 7.153326947685388e7 11 1
tr 4 3 2 13 12 2 1.92111328491015e10 13 1
ann 4 3 2 13 12 4 6.085274576202979e-33 40 0
tr 4 3 2 13 12 4 1.29163245259807e6 9 1
tr 4 3 2 13 12 4 75718.83909445413 10 2
tr 4 3 2 13 12 4 1.0004653073685767e7 11 1
tr 4 3 2 13 12 4 2.394794376450499e10 13 1
ann 4 3 2 13 12 6 7.443015111709945e-33 40 0
tr 4 3 2 13 12 6 1.9001900504567747e6 9 1
tr 4 3 2 13 12 6 41569.79549298594 10 2
tr 4 3 2 13 12 6 1.1338606816844001e7 11 1
tr 4 3 2 13 12 6 2.221707059384734e10 13 1
ann 4 3 2 13 12 8 8.210593454708726e-33 40 0
tr 4 3 2 13 12 8 2.2922927592811943e6 9 1
tr 4 3 2 13 12 8 4113.677678993365 10 2
tr 4 3 2 13 12 8 1.0183307592858861e8 11 1
tr 4 3 2 13 12 8 1.516613142862315e10 13 1
ann 4 3 2 13 12 10 7.80471332549245e-33 40 0
tr 4 3 2 13 12 10 1.9467633360071906e6 9 1
tr 4 3 2 13 12 10 24843.38676725415 10 2
tr 4 3 2 13 12 10 2.2927329960530192e8 11 1
ann 4 3 2 13 12 12 5.4487954979127325e-33 40 0
tr 4 3 2 13 12 12 225551.80091322912 10 2
tr 4 3 2 13 12 12 1.9686933992775226e8 11 1
tr 4 3 2 13 12 12 3.119925736956406e6 12 2
tr 4 3 2 13 12 12 9.518003194157134e8 13 1
ann 4 3 3 4 3 3 1.4472683738097846e-11 22 0
ann 4 3 3 5 1 1 1.11606869715079e-8 18 0
tr 4 3 3 5 1 1 523.9116481691121 2 1
tr 4 3 3 5 1 1 10.39507238430778 3 2
tr 4 3 3 5 1 1 13256.477988941047 4 1
ann 4 3 3 5 2 1 6.060587238191004e-10 20 0
tr 4 3 3 5 2 1 1.6822493831504128 2 2
tr 4 3 3 5 2 1 13128.564074307775 3 1
tr 4 3 3 5 2 1 675.1832952501147 4 2
tr 4 3 3 5 2 1 212602.43762694523 5 1
ann 4 3 3 5 2 2 9.943127435154509e-10 20 0
tr 4 3 3 5 2 2 1.6822493831504128 2 2
tr 4 3 3 5 2 2 5251.42562972311 3 1
tr 4 3 3 5 2 2 150.0407322778019 4 2
tr 4 3 3 5 2 2 30371.776803849243 5 1
ann 4 3 3 5 3 1 1.8243923828391582e-11 22 0
tr 4 3 3 5 3 1 661.6386051260442 2 1
tr 4 3 3 5 3 1 472.5990036614607 3 2
tr 4 3 3 5 3 1 237086.70377686425 4 1
ann 4 3 3 5 3 2 2.4863882153434873e-11 22 0
tr 4 3 3 5 3 2 1654.09651281511 2 1
tr 4 3 3 5 3 2 472.5990036614614 3 2
tr 4 3 3 5 3 2 131714.83543159114 4 1
ann 4 3 3 5 3 3 4.972776430686977e-11 22 0
tr 4 3 3 5 3 3 1654.09651281511 2 1
tr 4 3 3 5 3 3 236.2995018307297 3 2
tr 4 3 3 5 3 3 39514.4506294774 4 1
ann 4 3 3 5 4 1 2.7143168820634646e-13 24 0
tr 4 3 3 5 4 1 31.900432747148503 2 2
tr 4 3 3 5 4 1 20004.190631172904 3 1
tr 4 3 3 5 4 1 11430.96607495596 4 2
tr 4 3 3 5 4 1 1.6901679219242746e6 5 1
ann 4 3 3 5 4 2 3.870534850946964e-13 24 0
tr 4 3 3 5 4 2 143.55194736216848 2 2
tr 4 3 3 5 4 2 36007.54313611126 3 1
tr 4 3 3 5 4 2 11430.96607495595 4 2
tr 4 3 3 5 4 2 1.0865365212370313e6 5 1
ann 4 3 3 5 4 3 5.818158934345505e-13 24 0
tr 4 3 3 5 4 3 334.9545438450604 2 2
tr 4 3 3 5 4 3 42008.800325463104 3 1
tr 4 3 3 5 4 3 8001.676252469176 4 2
tr 4 3 3 5 4 3 507050.37657728366 5 1
ann 4 3 3 5 4 4 9.398560241681002e-13 24 0
tr 4 3 3 5 4 4 446.60605846007985 2 2
tr 4 3 3 5 4 4 28005.86688364207 3 1
tr 4 3 3 5 4 4 3200.670500987664 4 2
ann 4 3 3 6 1 1 6.540960013906894e-9 18 0
tr 4 3 3 6 1 1 40.180192936206105 2 1
tr 4 3 3 6 1 1 0.7972260503215496 3 2
tr 4 3 3 6 1 1 61.05731858879774 4 1
ann 4 3 3 6 2 1 3.758663657754059e-10 20 0
tr 4 3 3 6 2 1 0.1945110340729418 2 2
tr 4 3 3 6 2 1 333.04201483801546 3 1
tr 4 3 3 6 2 1 17.12787504881224 4 2
tr 4 3 3 6 2 1 4768.783164216388 5 1
ann 4 3 3 6 2 2 6.166543106080753e-10 20 0
tr 4 3 3 6 2 2 0.19451103407294187 2 2
tr 4 3 3 6 2 2 133.21680593520622 3 1
tr 4 3 3 6 2 2 3.8061944552915743 4 2
tr 4 3 3 6 2 2 681.2547377451966 5 1
ann 4 3 3 6 3 1 1.3259230016267524e-11 22 0
tr 4 3 3 6 3 1 37.644887490340864 2 1
tr 4 3 3 6 3 1 26.8892053502435 3 2
tr 4 3 3 6 3 1 2039.1298272645433 4 1
ann 4 3 3 6 3 2 1.8070451333067483e-11 22 0
tr 4 3 3 6 3 2 94.11221872585212 2 1
tr 4 3 3 6 3 2 26.88920535024354 3 2
tr 4 3 3 6 3 2 1132.8499040358568 4 1
ann 4 3 3 6 3 3 3.6140902666135056e-11 22 0
tr 4 3 3 6 3 3 94.11221872585212 2 1
tr 4 3 3 6 3 3 13.444602675121716 3 2
tr 4 3 3 6 3 3 339.85497121075736 4 1
ann 4 3 3 6 4 1 3.0442870418848104e-13 24 0
tr 4 3 3 6 4 1 2.800958890650358 2 2
tr 4 3 3 6 4 1 265.51169625840396 3 1
tr 4 3 3 6 4 1 151.7209692905168 4 2
tr 4 3 3 6 4 1 763005.3062746251 5 1
ann 4 3 3 6 4 2 4.341062486383463e-13 24 0
tr 4 3 3 6 4 2 12.604315007926623 2 2
tr 4 3 3 6 4 2 477.92105326512745 3 1
tr 4 3 3 6 4 2 151.72096929051665 4 2
tr 4 3 3 6 4 2 490503.41117654345 5 1
ann 4 3 3 6 4 3 6.525452576671364e-13 24 0
tr 4 3 3 6 4 3 29.410068351828844 2 2
tr 4 3 3 6 4 3 557.5745621426486 3 1
tr 4 3 3 6 4 3 106.20467850336178 4 2
tr 4 3 3 6 4 3 228901.59188238814 5 1
ann 4 3 3 6 4 4 1.0541110994534304e-12 24 0
tr 4 3 3 6 4 4 39.21342446910508 2 2
tr 4 3 3 6 4 4 371.7163747617656 3 1
tr 4 3 3 6 4 4 42.481871401344634 4 2
tr 4 3 3 6 4 4 61040.42450196948 5 1
ann 4 3 3 6 5 1 2.3816215268909015e-15 26 0
tr 4 3 3 6 5 1 43.02272856038936 2 1
tr 4 3 3 6 5 1 192.06575250173898 3 2
tr 4 3 3 6 5 1 178423.85988564743 4 1
tr 4 3 3 6 5 1 76928.51853386135 5 2
tr 4 3 3 6 5 1 1.8276635687449314e7 6 1
ann 4 3 3 6 5 2 3.5047659155714393e-15 26 0
tr 4 3 3 6 5 2 301.15909992272645 2 1
tr 4 3 3 6 5 2 537.7841070048696 3 2
tr 4 3 3 6 5 2 277548.2264887855 4 1
tr 4 3 3 6 5 2 76928.51853386122 5 2
ann 4 3 3 6 5 3 5.076090786167975e-15 26 0
tr 4 3 3 6 5 3 1204.6363996909072 2 1
tr 4 3 3 6 5 3 1075.5682140097392 3 2
tr 4 3 3 6 5 3 333057.8717865421 4 1
ann 4 3 3 6 5 4 7.272384586929365e-15 26 0
tr 4 3 3 6 5 4 3613.9091990727215 2 1
tr 4 3 3 6 5 4 1613.3523210146086 3 2
tr 4 3 3 6 5 4 299752.0846078886 4 1
ann 4 3 3 6 5 5 1.033443613344878e-14 26 0
tr 4 3 3 6 5 5 9034.772997681803 2 1
tr 4 3 3 6 5 5 1613.3523210146095 3 2
tr 4 3 3 6 5 5 166528.9358932707 4 1
ann 4 3 3 7 1 1 4.150311900872085e-9 18 0
tr 4 3 3 7 1 1 10.055809910190908 2 1
tr 4 3 3 7 1 1 0.1995200379006132 3 2
tr 4 3 3 7 1 1 2.7646301454423945 4 1
ann 4 3 3 7 2 1 2.464005439417674e-10 20 0
tr 4 3 3 7 2 1 0.057212222653115576 2 2
tr 4 3 3 7 2 1 51.2010280917418 3 1
tr 4 3 3 7 2 1 2.6331957304324383 4 2
tr 4 3 3 7 2 1 1262.897898323866 5 1
ann 4 3 3 7 2 2 4.042499493228216e-10 20 0
tr 4 3 3 7 2 2 0.05721222265311558 2 2
tr 4 3 3 7 2 2 20.480411236696725 3 1
tr 4 3 3 7 2 2 0.5851546067627588 4 2
tr 4 3 3 7 2 2 180.41398547483752 5 1
ann 4 3 3 7 3 1 9.460828158526255e-12 22 0
tr 4 3 3 7 3 1 8.2011073918576 2 1
tr 4 3 3 7 3 1 5.85793385132686 3 2
tr 4 3 3 7 3 1 1045.26146162752 4 1
ann 4 3 3 7 3 2 1.2893768053850483e-11 22 0
tr 4 3 3 7 3 2 20.502768479643986 2 1
tr 4 3 3 7 3 2 5.8579338513268695 3 2
tr 4 3 3 7 3 2 580.7008120152885 4 1
ann 4 3 3 7 3 3 2.5787536107701037e-11 22 0
tr 4 3 3 7 3 3 20.502768479643986 2 1
tr 4 3 3 7 3 3 2.928966925663423 3 2
tr 4 3 3 7 3 3 174.21024360458674 4 1
ann 4 3 3 7 4 1 2.6332180009861656e-13 24 0
tr 4 3 3 7 4 1 0.7397135858180585 2 2
tr 4 3 3 7 4 1 164.98865545459887 3 1
tr 4 3 3 7 4 1 94.27923168834238 4 2
tr 4 3 3 7 4 1 74497.08030751548 5 1
ann 4 3 3 7 4 2 3.754890318930952e-13 24 0
tr 4 3 3 7 4 2 3.328711136181268 2 2
tr 4 3 3 7 4 2 296.9795798182782 3 1
tr 4 3 3 7 4 2 94.27923168834229 4 2
tr 4 3 3 7 4 2 47890.980197688405 5 1
ann 4 3 3 7 4 3 5.644322987204488e-13 24 0
tr 4 3 3 7 4 3 7.766992651089638 2 2
tr 4 3 3 7 4 3 346.47617645465783 3 1
tr 4 3 3 7 4 3 65.99546218183968 4 2
tr 4 3 3 7 4 3 22349.1240922547 5 1
ann 4 3 3 7 4 4 9.117748443867185e-13 24 0
tr 4 3 3 7 4 4 10.355990201452837 2 2
tr 4 3 3 7 4 4 230.98411763643847 3 1
tr 4 3 3 7 4 4 26.398184872735825 4 2
tr 4 3 3 7 4 4 5959.766424601186 5 1
ann 4 3 3 7 5 1 3.3021662991677893e-15 26 0
tr 4 3 3 7 5 1 12.39364517305511 2 1
tr 4 3 3 7 5 1 55.32877309399627 3 2
tr 4 3 3 7 5 1 11945.845275743075 4 1
tr 4 3 3 7 5 1 5150.522919337229 5 2
ann 4 3 3 7 5 2 4.859428668582753e-15 26 0
tr 4 3 3 7 5 2 86.7555162113861 2 1
tr 4 3 3 7 5 2 154.92056466318962 3 2
tr 4 3 3 7 5 2 18582.425984489273 4 1
tr 4 3 3 7 5 2 5150.52291933722 5 2
ann 4 3 3 7 5 3 7.038102326976393e-15 26 0
tr 4 3 3 7 5 3 347.0220648455446 2 1
tr 4 3 3 7 5 3 309.84112932637936 3 2
tr 4 3 3 7 5 3 22298.911181387088 4 1
ann 4 3 3 7 5 4 1.0083308025459336e-14 26 0
tr 4 3 3 7 5 4 1041.066194536634 2 1
tr 4 3 3 7 5 4 464.76169398956887 3 2
tr 4 3 3 7 5 4 20069.020063248427 4 1
ann 4 3 3 7 5 5 1.4328904314328017e-14 26 0
tr 4 3 3 7 5 5 2602.665486341584 2 1
tr 4 3 3 7 5 5 464.7616939895692 3 2
tr 4 3 3 7 5 5 11149.455590693527 4 1
ann 4 3 3 7 6 1 1.3881316099412777e-17 28 0
tr 4 3 3 7 6 1 324.4550568720358 3 1
tr 4 3 3 7 6 1 817.6267433175269 4 2
tr 4 3 3 7 6 1 1.0873198894092564e6 5 1
tr 4 3 3 7 6 1 357526.0489794387 6 2
tr 4 3 3 7 6 1 1.2625381480095778e8 7 1
ann 4 3 3 7 6 2 2.0495178486897486e-17 28 0
tr 4 3 3 7 6 2 1297.820227488133 3 1
tr 4 3 3 7 6 2 1816.948318483396 4 2
tr 4 3 3 7 6 2 1.5533141277275097e6 5 1
tr 4 3 3 7 6 2 357526.04897943913 6 2
tr 4 3 3 7 6 2 9.352134429700568e7 7 1
ann 4 3 3 7 6 3 2.942724331024786e-17 28 0
tr 4 3 3 7 6 3 3893.4606824644234 3 1
tr 4 3 3 7 6 3 3270.506973270113 4 2
tr 4 3 3 7 6 3 1.8639769532730132e6 5 1
tr 4 3 3 7 6 3 306450.89912523335 6 2
ann 4 3 3 7 6 4 4.1211747233764685e-17 28 0
tr 4 3 3 7 6 4 9733.651706161025 3 1
tr 4 3 3 7 6 4 4905.760459905169 4 2
tr 4 3 3 7 6 4 1.8639769532730114e6 5 1
ann 4 3 3 7 6 5 5.642940327008843e-17 28 0
tr 4 3 3 7 6 5 21414.03375355433 3 1
tr 4 3 3 7 6 5 5995.929450995205 4 2
tr 4 3 3 7 6 5 1.464553320428794e6 5 1
ann 4 3 3 7 6 6 7.56922300882602e-17 28 0
tr 4 3 3 7 6 6 42828.06750710857 3 1
tr 4 3 3 7 6 6 5139.368100853029 4 2
tr 4 3 3 7 6 6 732276.6602143954 5 1
ann 4 3 3 9 8 2 2.454450245219253e-22 32 0
tr 4 3 3 9 8 2 14039.438613586268 5 1
tr 4 3 3 9 8 2 10861.279982378861 6 2
tr 4 3 3 9 8 2 1.9653243814328026e7 7 1
tr 4 3 3 9 8 2 3.1012121425036807e6 8 2
tr 4 3 3 9 8 2 1.6439615827339787e9 9 1
ann 4 3 3 9 8 4 4.7358192563186745e-22 32 0
tr 4 3 3 9 8 4 61773.52989977974 5 1
tr 4 3 3 9 8 4 24382.465266564817 6 2
tr 4 3 3 9 8 4 2.4817233898194835e7 7 1
tr 4 3 3 9 8 4 2.3689814977458683e6 8 2
tr 4 3 3 9 8 4 8.037145515588342e8 9 1
ann 4 3 3 9 8 6 8.403332737187223e-22 32 0
tr 4 3 3 9 8 6 200763.97217428414 5 1
tr 4 3 3 9 8 6 36980.07232095659 6 2
tr 4 3 3 9 8 6 2.0074384753206477e7 7 1
ann 4 3 3 9 8 8 1.3918860139604572e-21 32 0
tr 4 3 3 9 8 8 535370.5924647587 5 1
tr 4 3 3 9 8 8 26894.598051604815 6 2
tr 4 3 3 9 8 8 6.083146894911044e6 7 1
ann 4 3 3 11 10 2 9.964846497148237e-28 36 0
tr 4 3 3 11 10 2 59414.35324702113 7 1
tr 4 3 3 11 10 2 28084.515715503596 8 2
tr 4 3 3 11 10 2 8.922227999363369e7 9 1
tr 4 3 3 11 10 2 1.0026613751118697e7 10 2
tr 4 3 3 11 10 2 9.116888539336512e9 11 1
ann 4 3 3 11 10 4 1.8340347403753844e-27 36 0
tr 4 3 3 11 10 4 193096.6480528188 7 1
tr 4 3 3 11 10 4 55215.54478634509 8 2
tr 4 3 3 11 10 4 1.1226586144384135e8 9 1
tr 4 3 3 11 10 4 8.445557632347263e6 10 2
tr 4 3 3 11 10 4 5.332835628610978e9 11 1
ann 4 3 3 11 10 6 3.156899430933562e-27 36 0
tr 4 3 3 11 10 6 514924.39480751636 7 1
tr 4 3 3 11 10 6 86050.19966703151 8 2
tr 4 3 3 11 10 6 1.0934986504270266e8 9 1
tr 4 3 3 11 10 6 5.41381899509441e6 10 2
ann 4 3 3 11 10 8 5.143725832922065e-27 36 0
tr 4 3 3 11 10 8 1.1936883697810618e6 7 1
tr 4 3 3 11 10 8 101274.46576196792 8 2
tr 4 3 3 11 10 8 7.354078835838884e7 9 1
ann 4 3 3 11 10 10 8.006520961243653e-27 36 0
tr 4 3 3 11 10 10 2.4923163764659534e6 7 1
tr 4 3 3 11 10 10 61086.18569769477 8 2
tr 4 3 3 11 10 10 1.9406596927908182e7 9 1
ann 4 3 3 13 12 2 1.7350862412880215e-33 40 0
tr 4 3 3 13 12 2 110999.66389514589 9 1
tr 4 3 3 13 12 2 35058.595141947524 10 2
tr 4 3 3 13 12 2 1.74859103165643e8 11 1
tr 4 3 3 13 12 2 1.458842745778428e7 12 2
tr 4 3 3 13 12 2 2.048687213986219e10 13 1
ann 4 3 3 13 12 4 3.0490049621880433e-33 40 0
tr 4 3 3 13 12 4 295999.1037203904 9 1
tr 4 3 3 13 12 4 62583.93843521221 10 2
tr 4 3 3 13 12 4 2.1676748326319414e8 11 1
tr 4 3 3 13 12 4 1.2948308394483093e7 12 2
tr 4 3 3 13 12 4 1.33593901165627e10 13 1
ann 4 3 3 13 12 6 5.0741727525547564e-33 40 0
tr 4 3 3 13 12 6 686179.7404427247 9 1
tr 4 3 3 13 12 6 95480.624022952 10 2
tr 4 3 3 13 12 6 2.2677213633688015e8 11 1
tr 4 3 3 13 12 6 9.60529059081656e6 12 2
tr 4 3 3 13 12 6 7.226215563049837e9 13 1
ann 4 3 3 13 12 8 8.07182382206081e-33 40 0
tr 4 3 3 13 12 8 1.4326829745507448e6 9 1
tr 4 3 3 13 12 8 123410.33036980199 10 2
tr 4 3 3 13 12 8 1.923513656428896e8 11 1
ann 4 3 3 13 12 10 1.2361893616757966e-32 40 0
tr 4 3 3 13 12 10 2.757914726010184e6 9 1
tr 4 3 3 13 12 10 125769.6455092249 10 2
tr 4 3 3 13 12 10 1.1616513846668613e8 11 1
ann 4 3 3 13 12 12 1.832927447572503e-32 40 0
tr 4 3 3 13 12 12 4.9750618586850315e6 9 1
tr 4 3 3 13 12 12 67665.54027396858 10 2
tr 4 3 3 13 12 12 2.812419141825016e7 11 1
ann 5 1 1 5 1 1 4.547909167917994e-7 16 0
ann 5 1 1 5 2 1 1.6777182303671504e-7 16 0
tr 5 1 1 5 2 1 251.99999999999994 2 2
tr 5 1 1 5 2 1 562499.9999999985 3 1
ann 5 1 1 5 2 2 1.0485686101690627e-7 16 0
tr 5 1 1 5 2 2 167.9999999999999 2 2
tr 5 1 1 5 2 2 187499.9999999995 3 1
ann 5 1 1 5 3 1 9.171539137710034e-9 18 0
tr 5 1 1 5 3 1 35999.99999999997 2 1
tr 5 1 1 5 3 1 3571.428571428568 3 2
tr 5 1 1 5 3 1 7.499999999999987e6 4 1
ann 5 1 1 5 3 2 9.586967216055787e-9 18 0
tr 5 1 1 5 3 2 59999.99999999997 2 1
tr 5 1 1 5 3 2 2976.190476190475 3 2
tr 5 1 1 5 3 2 3.7499999999999832e6 4 1
ann 5 1 1 5 3 3 9.586957395571898e-9 18 0
tr 5 1 1 5 3 3 89999.99999999988 2 1
tr 5 1 1 5 3 3 1785.7142857142835 3 2
tr 5 1 1 5 3 3 1.249999999999996e6 4 1
ann 5 1 1 5 4 1 1.036981251022541e-10 20 0
tr 5 1 1 5 4 1 260416.6666666665 3 1
tr 5 1 1 5 4 1 24305.555555555562 4 2
tr 5 1 1 5 4 1 4.176136363636357e7 5 1
ann 5 1 1 5 4 2 1.1823418871931453e-10 20 0
tr 5 1 1 5 4 2 390624.9999999997 3 1
tr 5 1 1 5 4 2 21874.999999999975 4 2
tr 5 1 1 5 4 2 2.5056818181818116e7 5 1
ann 5 1 1 5 4 3 1.3247454031611526e-10 20 0
tr 5 1 1 5 4 3 546874.999999999 3 1
tr 5 1 1 5 4 3 17013.888888888938 4 2
tr 5 1 1 5 4 3 1.2528409090909047e7 5 1
ann 5 1 1 5 4 4 1.4641917989265666e-10 20 0
tr 5 1 1 5 4 4 729166.6666666653 3 1
tr 5 1 1 5 4 4 9722.222222222184 4 2
tr 5 1 1 5 4 4 4.1761363636363475e6 5 1
ann 5 1 1 6 1 1 1.0661599175607606e-6 16 0
tr 5 1 1 6 1 1 6208.050562705217 2 1
ann 5 1 1 6 2 1 1.0404897132913962e-7 16 0
tr 5 1 1 6 2 1 49.06486645537452 2 2
tr 5 1 1 6 2 1 518645.6144454216 3 1
ann 5 1 1 6 2 2 6.503028057643839e-8 16 0
tr 5 1 1 6 2 2 32.709910970249666 2 2
tr 5 1 1 6 2 2 172881.87148180717 3 1
ann 5 1 1 6 3 1 6.665646529673514e-9 18 0
tr 5 1 1 6 3 1 44678.2336219802 2 1
tr 5 1 1 6 3 1 4432.364446625019 3 2
tr 5 1 1 6 3 1 2.2274204500151332e7 4 1
ann 5 1 1 6 3 2 6.967569353164929e-9 18 0
tr 5 1 1 6 3 2 74463.72270330036 2 1
tr 5 1 1 6 3 2 3693.637038854184 3 2
tr 5 1 1 6 3 2 1.1137102250075638e7 4 1
ann 5 1 1 6 3 3 6.9675622536568085e-9 18 0
tr 5 1 1 6 3 3 111695.58405495045 2 1
tr 5 1 1 6 3 3 2216.182223312509 3 2
tr 5 1 1 6 3 3 3.712367416691884e6 4 1
ann 5 1 1 6 4 1 1.1630434895982073e-10 20 0
tr 5 1 1 6 4 1 1.649889124161408e6 3 1
tr 5 1 1 6 4 1 153989.65158839824 4 2
tr 5 1 1 6 4 1 4.781770114782148e8 5 1
ann 5 1 1 6 4 2 1.3260751203216053e-10 20 0
tr 5 1 1 6 4 2 2.474833686242112e6 3 1
tr 5 1 1 6 4 2 138590.68642955823 4 2
tr 5 1 1 6 4 2 2.8690620688692856e8 5 1
ann 5 1 1 6 4 3 1.4857901446399353e-10 20 0
tr 5 1 1 6 4 3 3.4647671607389534e6 3 1
tr 5 1 1 6 4 3 107792.75611187905 4 2
tr 5 1 1 6 4 3 1.4345310344346416e8 5 1
ann 5 1 1 6 4 4 1.6421885625531908e-10 20 0
tr 5 1 1 6 4 4 4.619689547651937e6 3 1
tr 5 1 1 6 4 4 61595.86063535903 4 2
tr 5 1 1 6 4 4 4.781770114782137e7 5 1
ann 5 1 1 6 5 1 6.046912622450949e-13 22 0
tr 5 1 1 6 5 1 2.4858912951947425e7 4 1
tr 5 1 1 6 5 1 1.8983169890578033e6 5 2
tr 5 1 1 6 5 1 4.0748945132074327e9 6 1
ann 5 1 1 6 5 2 7.05225468775217e-13 22 0
tr 5 1 1 6 5 2 3.4802478132726386e7 4 1
tr 5 1 1 6 5 2 1.7717625231206166e6 5 2
tr 5 1 1 6 5 2 2.7165963421382914e9 6 1
ann 5 1 1 6 5 3 8.112365884814631e-13 22 0
tr 5 1 1 6 5 3 4.6403304176968455e7 4 1
tr 5 1 1 6 5 3 1.518653591246241e6 5 2
tr 5 1 1 6 5 3 1.6299578052829716e9 6 1
ann 5 1 1 6 5 4 9.227246213638354e-13 22 0
tr 5 1 1 6 5 4 5.9661391084673725e7 4 1
tr 5 1 1 6 5 4 1.1389901934346815e6 5 2
tr 5 1 1 6 5 4 8.149789026414906e8 6 1
ann 5 1 1 6 5 5 1.0396895674223322e-12 22 0
tr 5 1 1 6 5 5 7.457673885584211e7 4 1
tr 5 1 1 6 5 5 632772.3296859335 5 2
tr 5 1 1 6 5 5 2.716596342138267e8 6 1
ann 5 1 1 7 1 1 6.764903393458151e-7 16 0
tr 5 1 1 7 1 1 429.5229518489086 2 1
ann 5 1 1 7 2 1 6.820967717088665e-8 16 0
tr 5 1 1 7 2 1 7.691941273686282 2 2
tr 5 1 1 7 2 1 4221.136392325117 3 1
ann 5 1 1 7 2 2 4.263083466028167e-8 16 0
tr 5 1 1 7 2 2 5.127960849124185 2 2
tr 5 1 1 7 2 2 1407.0454641083725 3 1
ann 5 1 1 7 3 1 4.7561235810278395e-9 18 0
tr 5 1 1 7 3 1 1308.0540127676436 2 1
tr 5 1 1 7 3 1 129.76726317139315 3 2
tr 5 1 1 7 3 1 655831.2444934254 4 1
ann 5 1 1 7 3 2 4.971553897719069e-9 18 0
tr 5 1 1 7 3 2 2180.0900212794068 2 1
tr 5 1 1 7 3 2 108.13938597616102 3 2
tr 5 1 1 7 3 2 327915.6222467118 4 1
ann 5 1 1 7 3 3 4.97154884827546e-9 18 0
tr 5 1 1 7 3 3 3270.1350319191074 2 1
tr 5 1 1 7 3 3 64.88363158569658 3 2
tr 5 1 1 7 3 3 109305.20741557077 4 1
ann 5 1 1 7 4 1 1.0059981225950976e-10 20 0
tr 5 1 1 7 4 1 61581.5476989539 3 1
tr 5 1 1 7 4 1 5747.611118569037 4 2
tr 5 1 1 7 4 1 1.7990234006397516e8 5 1
ann 5 1 1 7 4 2 1.1470156490766646e-10 20 0
tr 5 1 1 7 4 2 92372.32154843085 3 1
tr 5 1 1 7 4 2 5172.850006712127 4 2
tr 5 1 1 7 4 2 1.0794140403838499e8 5 1
ann 5 1 1 7 4 3 1.285164409760935e-10 20 0
tr 5 1 1 7 4 3 129321.25016780307 3 1
tr 5 1 1 7 4 3 4023.3277829983363 4 2
tr 5 1 1 7 4 3 5.3970702019192435e7 5 1
ann 5 1 1 7 4 4 1.4204444046479125e-10 20 0
tr 5 1 1 7 4 4 172428.33355707073 3 1
tr 5 1 1 7 4 4 2299.0444474276046 4 2
tr 5 1 1 7 4 4 1.7990234006397475e7 5 1
ann 5 1 1 7 5 1 8.384166341142274e-13 22 0
tr 5 1 1 7 5 1 2.232613492345813e7 4 1
tr 5 1 1 7 5 1 1.704904848700439e6 5 2
tr 5 1 1 7 5 1 9.86316665865265e9 6 1
ann 5 1 1 7 5 2 9.778093403860227e-13 22 0
tr 5 1 1 7 5 2 3.125658889284138e7 4 1
tr 5 1 1 7 5 2 1.591244525453743e6 5 2
tr 5 1 1 7 5 2 6.575444439101774e9 6 1
ann 5 1 1 7 5 3 1.124795897433419e-12 22 0
tr 5 1 1 7 5 3 4.167545185712178e7 4 1
tr 5 1 1 7 5 3 1.36392387896035e6 5 2
tr 5 1 1 7 5 3 3.9452666634610558e9 6 1
ann 5 1 1 7 5 4 1.2793763052564154e-12 22 0
tr 5 1 1 7 5 4 5.358272381629944e7 4 1
tr 5 1 1 7 5 4 1.0229429092202634e6 5 2
tr 5 1 1 7 5 4 1.9726333317305398e9 6 1
ann 5 1 1 7 5 5 1.4415505638550133e-12 22 0
tr 5 1 1 7 5 5 6.697840477037424e7 4 1
tr 5 1 1 7 5 5 568301.6162334789 5 2
tr 5 1 1 7 5 5 6.575444439101716e8 6 1
ann 5 1 1 7 6 1 2.3949052033361107e-15 24 0
tr 5 1 1 7 6 1 9.111010595818967e8 5 1
tr 5 1 1 7 6 1 5.594061974059436e7 6 2
tr 5 1 1 7 6 1 1.6388632789794586e11 7 1
ann 5 1 1 7 6 2 2.8028447083131167e-15 24 0
tr 5 1 1 7 6 2 1.214801412775861e9 5 1
tr 5 1 1 7 6 2 5.327678070532799e7 6 2
tr 5 1 1 7 6 2 1.1706166278424725e11 7 1
ann 5 1 1 7 6 3 3.240135924649752e-15 24 0
tr 5 1 1 7 6 3 1.5618875307118218e9 5 1
tr 5 1 1 7 6 3 4.794910263479505e7 6 2
tr 5 1 1 7 6 3 7.804110852283124e10 7 1
ann 5 1 1 7 6 4 3.70677885234602e-15 24 0
tr 5 1 1 7 6 4 1.9523594133897753e9 5 1
tr 5 1 1 7 6 4 3.995758552899603e7 6 2
tr 5 1 1 7 6 4 4.6824665113698746e10 7 1
ann 5 1 1 7 6 5 4.2027734914019246e-15 24 0
tr 5 1 1 7 6 5 2.3862170608097305e9 5 1
tr 5 1 1 7 6 5 2.9302229387930416e7 6 2
tr 5 1 1 7 6 5 2.341233255684943e10 7 1
ann 5 1 1 7 6 6 4.728119841817466e-15 24 0
tr 5 1 1 7 6 6 2.863460472971673e9 5 1
tr 5 1 1 7 6 6 1.5983034211598368e7 6 2
tr 5 1 1 7 6 6 7.804110852283104e9 7 1
ann 5 1 1 9 8 2 1.755910427542776e-20 28 0
tr 5 1 1 9 8 2 2.891388781397853e11 7 1
tr 5 1 1 9 8 2 9.18651119725171e9 8 2
tr 5 1 1 9 8 2 3.887005096653346e13 9 1
ann 5 1 1 9 8 4 2.291800398310481e-20 28 0
tr 5 1 1 9 8 4 4.2407035460501917e11 7 1
tr 5 1 1 9 8 4 7.874152454787181e9 8 2
tr 5 1 1 9 8 4 2.0823241589214277e13 9 1
ann 5 1 1 9 8 6 2.89934857555507e-20 28 0
tr 5 1 1 9 8 6 5.847030646826765e11 7 1
tr 5 1 1 9 8 6 5.511906718351019e9 8 2
tr 5 1 1 9 8 6 8.32929663568571e12 9 1
ann 5 1 1 9 8 8 3.5785549592765435e-20 28 0
tr 5 1 1 9 8 8 7.710370083727617e11 7 1
tr 5 1 1 9 8 8 2.0997739879432526e9 8 2
tr 5 1 1 9 8 8 1.388216105947609e12 9 1
ann 5 1 1 11 10 2 4.1811536933871784e-26 32 0
tr 5 1 1 11 10 2 1.6109406760439777e13 9 1
tr 5 1 1 11 10 2 3.7845089102984357e11 10 2
tr 5 1 1 11 10 2 2.74226430569182e15 11 1
ann 5 1 1 11 10 4 5.3338545690214e-26 32 0
tr 5 1 1 11 10 4 2.2211454775757883e13 9 1
tr 5 1 1 11 10 4 3.4340914186041266e11 10 2
tr 5 1 1 11 10 4 1.706297790208241e15 11 1
ann 5 1 1 11 10 6 6.62916475441431e-26 32 0
tr 5 1 1 11 10 6 2.9289830473526824e13 9 1
tr 5 1 1 11 10 6 2.803339933554392e11 10 2
tr 5 1 1 11 10 6 9.140881018972708e14 11 1
ann 5 1 1 11 10 8 8.067084249565912e-26 32 0
tr 5 1 1 11 10 8 3.734453385374676e13 9 1
tr 5 1 1 11 10 8 1.8922544551492282e11 10 2
tr 5 1 1 11 10 8 3.656352407589038e14 11 1
ann 5 1 1 11 10 10 9.647613054476186e-26 32 0
tr 5 1 1 11 10 10 4.6375564916417555e13 9 1
tr 5 1 1 11 10 10 7.008349833885963e10 10 2
tr 5 1 1 11 10 10 6.09392067931512e13 11 1
ann 5 1 1 13 12 2 4.59694665989623e-32 36 0
tr 5 1 1 13 12 2 3.1672683201790575e14 11 1
tr 5 1 1 13 12 2 5.673627871377266e12 12 2
tr 5 1 1 13 12 2 6.414035486415782e16 13 1
ann 5 1 1 13 12 4 5.735316784318412e-32 36 0
tr 5 1 1 13 12 4 4.176617565071297e14 11 1
tr 5 1 1 13 12 4 5.305210477131981e12 12 2
tr 5 1 1 13 12 4 4.3732060134653016e16 13 1
ann 5 1 1 13 12 6 7.001817083044832e-32 36 0
tr 5 1 1 13 12 6 5.3251873954659056e14 11 1
tr 5 1 1 13 12 6 4.642059167490494e12 12 2
tr 5 1 1 13 12 6 2.7211059639339708e16 13 1
ann 5 1 1 13 12 8 8.396447556075456e-32 36 0
tr 5 1 1 13 12 8 6.612977811362898e14 11 1
tr 5 1 1 13 12 8 3.6841739424527637e12 12 2
tr 5 1 1 13 12 8 1.4577353378217708e16 13 1
ann 5 1 1 13 12 10 9.919208203410327e-32 36 0
tr 5 1 1 13 12 10 8.039988812762261e14 11 1
tr 5 1 1 13 12 10 2.4315548020188438e12 12 2
tr 5 1 1 13 12 10 5.83094135128708e15 13 1
ann 5 1 1 13 12 12 1.1570099025049415e-31 36 0
tr 5 1 1 13 12 12 9.606220399663981e14 11 1
tr 5 1 1 13 12 12 8.84201746188657e11 12 2
tr 5 1 1 13 12 12 9.718235585478349e14 13 1
ann 5 2 1 5 2 1 4.697610080640577e-9 18 0
ann 5 2 1 5 2 2 5.871971707013262e-9 18 0
tr 5 2 1 5 2 2 59510.204081632626 2 1
tr 5 2 1 5 2 2 4250.728862973758 3 2
ann 5 2 1 5 3 1 6.072044137603465e-10 20 0
tr 5 2 1 5 3 1 219.4285714285715 2 2
tr 5 2 1 5 3 1 61437.07482993239 3 1
tr 5 2 1 5 3 1 73139.37479753804 4 2
ann 5 2 1 5 3 2 6.493947160756634e-10 20 0
tr 5 2 1 5 3 2 460778.06122449005 3 1
tr 5 2 1 5 3 2 71676.58730158744 4 2
ann 5 2 1 5 3 3 5.20600497945486e-10 20 0
tr 5 2 1 5 3 3 548.571428571428 2 2
tr 5 2 1 5 3 3 767963.4353741484 3 1
ann 5 2 1 5 4 1 9.20196608253824e-12 22 0
tr 5 2 1 5 4 1 18367.346938775536 2 1
tr 5 2 1 5 4 1 1822.1574344023315 3 2
ann 5 2 1 5 4 2 9.584988766090582e-12 22 0
tr 5 2 1 5 4 2 24489.795918367337 2 1
tr 5 2 1 5 4 2 303.6929057337229 3 2
tr 5 2 1 5 4 2 1.9371811224489813e6 4 1
ann 5 2 1 5 4 3 9.838855805832921e-12 22 0
tr 5 2 1 5 4 3 21428.571428571395 2 1
tr 5 2 1 5 4 3 425.17006802721073 3 2
tr 5 2 1 5 4 3 4.1852678571428545e6 4 1
ann 5 2 1 5 4 4 1.0512147127078487e-11 22 0
tr 5 2 1 5 4 4 5102.0408163265265 3 2
tr 5 2 1 5 4 4 4.6874999999999935e6 4 1
tr 5 2 1 5 4 4 159090.90909090886 5 2
ann 5 2 1 6 1 1 9.832627569565333e-8 16 0
tr 5 2 1 6 1 1 6.283106034360918 2 2
tr 5 2 1 6 1 1 229619.33382123298 3 1
ann 5 2 1 6 2 1 1.1653482249039952e-8 18 0
tr 5 2 1 6 2 1 2810.196628663041 2 1
tr 5 2 1 6 2 1 1605.8266449503058 3 2
tr 5 2 1 6 2 1 1.3655981743934378e7 4 1
ann 5 2 1 6 2 2 3.6416879411302484e-9 18 0
tr 5 2 1 6 2 2 16861.179771978208 2 1
tr 5 2 1 6 2 2 1204.3699837127285 3 2
tr 5 2 1 6 2 2 4.267494294979487e6 4 1
ann 5 2 1 6 3 1 4.413010673005642e-10 20 0
tr 5 2 1 6 3 1 84.21234339696065 2 2
tr 5 2 1 6 3 1 82992.54748359857 3 1
tr 5 2 1 6 3 1 98800.6517661881 4 2
tr 5 2 1 6 3 1 4.163799422975839e8 5 1
ann 5 2 1 6 3 2 4.719639296474464e-10 20 0
tr 5 2 1 6 3 2 622444.1061269855 3 1
tr 5 2 1 6 3 2 96824.63873086456 4 2
tr 5 2 1 6 3 2 1.998623723028404e8 5 1
ann 5 2 1 6 3 3 3.7835949815266087e-10 20 0
tr 5 2 1 6 3 3 210.53085849240125 2 2
tr 5 2 1 6 3 3 1.0374068435449738e6 3 1
tr 5 2 1 6 3 3 53352.35195374157 4 2
tr 5 2 1 6 3 3 5.829319192166167e7 5 1
ann 5 2 1 6 4 1 1.0320617488173583e-11 22 0
tr 5 2 1 6 4 1 61682.38720858733 2 1
tr 5 2 1 6 4 1 6119.28444529635 3 2
tr 5 2 1 6 4 1 1.5190026117411815e6 4 1
ann 5 2 1 6 4 2 1.0750202935654392e-11 22 0
tr 5 2 1 6 4 2 82243.18294478292 2 1
tr 5 2 1 6 4 2 1019.8807408827281 3 2
tr 5 2 1 6 4 2 1.2303921155103467e7 4 1
ann 5 2 1 6 4 3 1.1034931713159006e-11 22 0
tr 5 2 1 6 4 3 71962.78507668497 2 1
tr 5 2 1 6 4 3 1427.8330372358148 3 2
tr 5 2 1 6 4 3 2.6582545705470417e7 4 1
ann 5 2 1 6 4 4 1.179007270312388e-11 22 0
tr 5 2 1 6 4 4 17133.99644682977 3 2
tr 5 2 1 6 4 4 2.9772451190126844e7 4 1
tr 5 2 1 6 4 4 1.0104589494830925e6 5 2
tr 5 2 1 6 4 4 4.950878769573667e8 6 1
ann 5 2 1 6 5 1 7.956587796262323e-14 24 0
tr 5 2 1 6 5 1 1.3108102069081082e6 3 1
tr 5 2 1 6 5 1 122342.28597808992 4 2
tr 5 2 1 6 5 1 1.1837459734917613e7 5 1
ann 5 2 1 6 5 2 8.344148008661017e-14 24 0
tr 5 2 1 6 5 2 1.7204383965668897e6 3 1
tr 5 2 1 6 5 2 42819.800092331454 4 2
tr 5 2 1 6 5 2 9.943466177330789e7 5 1
ann 5 2 1 6 5 3 8.52284406498027e-14 24 0
tr 5 2 1 6 5 3 1.8351342896713468e6 3 1
tr 5 2 1 6 5 3 2.3674919469835156e8 5 1
ann 5 2 1 6 5 4 8.678800742111708e-14 24 0
tr 5 2 1 6 5 4 1.3763507172535087e6 3 1
tr 5 2 1 6 5 4 73405.37158685384 4 2
tr 5 2 1 6 5 4 3.4802131620657706e8 5 1
ann 5 2 1 6 5 5 9.082729395479915e-14 24 0
tr 5 2 1 6 5 5 367026.85793426936 4 2
tr 5 2 1 6 5 5 3.196114128427751e8 5 1
tr 5 2 1 6 5 5 7.298105616504064e6 6 2
tr 5 2 1 6 5 5 1.9343406416964593e9 7 1
ann 5 2 1 7 1 1 6.23891158041201e-8 16 0
tr 5 2 1 7 1 1 0.8439241367243636 2 2
tr 5 2 1 7 1 1 5206.533919683746 3 1
ann 5 2 1 7 2 1 7.639482119867808e-9 18 0
tr 5 2 1 7 2 1 183.47760726654272 2 1
tr 5 2 1 7 2 1 104.84434700945276 3 2
tr 5 2 1 7 2 1 11297.427643503901 4 1
ann 5 2 1 7 2 2 2.3873216415416515e-9 18 0
tr 5 2 1 7 2 2 1100.8656435992536 2 1
tr 5 2 1 7 2 2 78.63326025708955 3 2
tr 5 2 1 7 2 2 3530.446138594964 4 1
ann 5 2 1 7 3 1 3.1488054586367396e-10 20 0
tr 5 2 1 7 3 1 12.243699220206338 2 2
tr 5 2 1 7 3 1 172.2881408557524 3 1
tr 5 2 1 7 3 1 205.10492959017998 4 2
tr 5 2 1 7 3 1 3.887753572466306e7 5 1
ann 5 2 1 7 3 2 3.3675934816460785e-10 20 0
tr 5 2 1 7 3 2 1292.161056418135 3 1
tr 5 2 1 7 3 2 201.00283099837685 4 2
tr 5 2 1 7 3 2 1.866121714783828e7 5 1
ann 5 2 1 7 3 3 2.6996999266163525e-10 20 0
tr 5 2 1 7 3 3 30.609248050515806 2 2
tr 5 2 1 7 3 3 2153.601760696887 3 1
tr 5 2 1 7 3 3 110.75666197869718 4 2
tr 5 2 1 7 3 3 5.442855001452819e6 5 1
ann 5 2 1 7 4 1 8.927028062895752e-12 22 0
tr 5 2 1 7 4 1 272.38721568621975 2 1
tr 5 2 1 7 4 1 27.022541238712222 3 2
tr 5 2 1 7 4 1 154463.09920723762 4 1
tr 5 2 1 7 4 1 256876.81468160998 5 2
tr 5 2 1 7 4 1 3.9884869333058395e9 6 1
ann 5 2 1 7 4 2 9.298606741634347e-12 22 0
tr 5 2 1 7 4 2 363.18295424829233 2 1
tr 5 2 1 7 4 2 4.503756873118718 3 2
tr 5 2 1 7 4 2 1.251151103578614e6 4 1
tr 5 2 1 7 4 2 2.326617377761738e9 6 1
ann 5 2 1 7 4 3 9.544888687151135e-12 22 0
tr 5 2 1 7 4 3 317.78508496725544 2 1
tr 5 2 1 7 4 3 6.305259622366186 3 2
tr 5 2 1 7 4 3 2.703104236126632e6 4 1
ann 5 2 1 7 4 4 1.0198063226195963e-11 22 0
tr 5 2 1 7 4 4 75.66311546839418 3 2
tr 5 2 1 7 4 4 3.027476744461825e6 4 1
tr 5 2 1 7 4 4 102750.72587264374 5 2
tr 5 2 1 7 4 4 2.9913651999793917e8 6 1
ann 5 2 1 7 5 1 1.1031969547775045e-13 24 0
tr 5 2 1 7 5 1 425355.5740027732 3 1
tr 5 2 1 7 5 1 39699.85357359211 4 2
tr 5 2 1 7 5 1 1.4227668218047772e7 5 1
ann 5 2 1 7 5 2 1.156932961395828e-13 24 0
tr 5 2 1 7 5 2 558279.190878639 3 1
tr 5 2 1 7 5 2 13894.948750757232 4 2
tr 5 2 1 7 5 2 1.195124130316012e8 5 1
ann 5 2 1 7 5 3 1.181709530466205e-13 24 0
tr 5 2 1 7 5 3 595497.8036038807 3 1
tr 5 2 1 7 5 3 2.845533643609546e8 5 1
ann 5 2 1 7 5 4 1.2033332370227143e-13 24 0
tr 5 2 1 7 5 4 446623.3527029102 3 1
tr 5 2 1 7 5 4 23819.912144155227 4 2
tr 5 2 1 7 5 4 4.1829344561060345e8 5 1
ann 5 2 1 7 5 5 1.2593387556793284e-13 24 0
tr 5 2 1 7 5 5 119099.56072077618 4 2
tr 5 2 1 7 5 5 3.841470418872893e8 5 1
tr 5 2 1 7 5 5 8.771732082484119e6 6 2
tr 5 2 1 7 5 5 6.210671228133149e9 7 1
ann 5 2 1 7 6 1 4.495719907942724e-16 26 0
tr 5 2 1 7 6 1 4.119476887630054e7 4 1
tr 5 2 1 7 6 1 3.1457823505538586e6 5 2
tr 5 2 1 7 6 1 2.788569267046905e8 6 1
ann 5 2 1 7 6 2 4.79488727656618e-16 26 0
tr 5 2 1 7 6 2 5.272930416166472e7 4 1
tr 5 2 1 7 6 2 1.5099755282658527e6 5 2
tr 5 2 1 7 6 2 2.390202228897339e9 6 1
ann 5 2 1 7 6 3 4.951371499665548e-16 26 0
tr 5 2 1 7 6 3 5.932046718187271e7 4 1
tr 5 2 1 7 6 3 215710.7897522636 5 2
tr 5 2 1 7 6 3 5.975505572243378e9 6 1
ann 5 2 1 7 6 4 4.979167379552743e-16 26 0
tr 5 2 1 7 6 4 5.6495683030354954e7 4 1
tr 5 2 1 7 6 4 269638.48719032906 5 2
tr 5 2 1 7 6 4 9.759992434664158e9 6 1
ann 5 2 1 7 6 5 4.907846753964221e-16 26 0
tr 5 2 1 7 6 5 3.88407820833691e7 4 1
tr 5 2 1 7 6 5 2.9660233590936386e6 5 2
tr 5 2 1 7 6 5 1.1831501033041847e10 6 1
ann 5 2 1 7 6 6 4.782558496061042e-16 26 0
tr 5 2 1 7 6 6 9.886744530312132e6 5 2
tr 5 2 1 7 6 6 9.640482323219278e9 6 1
tr 5 2 1 7 6 6 1.5323372609512597e8 7 2
tr 5 2 1 7 6 6 4.819159309519786e10 8 1
ann 5 2 1 9 8 2 5.485417298156553e-21 30 0
tr 5 2 1 9 8 2 1.0769215226787119e10 6 1
tr 5 2 1 9 8 2 2.790174544567773e8 7 2
tr 5 2 1 9 8 2 3.333235274136758e11 8 1
ann 5 2 1 9 8 4 5.973532266383816e-21 30 0
tr 5 2 1 9 8 4 1.3162374166073204e10 6 1
tr 5 2 1 9 8 4 1.636902399479767e7 7 2
tr 5 2 1 9 8 4 1.5555097945971653e12 8 1
ann 5 2 1 9 8 6 5.724323507429578e-21 30 0
tr 5 2 1 9 8 6 1.0888873173751425e10 6 1
tr 5 2 1 9 8 6 2.0312470684453416e8 7 2
tr 5 2 1 9 8 6 2.68880978780366e12 8 1
ann 5 2 1 9 8 8 4.495833016162693e-21 30 0
tr 5 2 1 9 8 8 1.4583312286274216e9 7 2
tr 5 2 1 9 8 8 1.9047058709352952e12 8 1
tr 5 2 1 9 8 8 1.6144462559286457e10 9 2
tr 5 2 1 9 8 8 7.093497030508751e12 10 1
ann 5 2 1 11 10 2 2.071517830786397e-26 34 0
tr 5 2 1 11 10 2 5.4678918915540686e11 8 1
tr 5 2 1 11 10 2 1.1394283749713093e10 9 2
tr 5 2 1 11 10 2 1.2497928058686648e13 10 1
ann 5 2 1 11 10 4 2.324322160772902e-26 34 0
tr 5 2 1 11 10 4 6.785156756337544e11 8 1
tr 5 2 1 11 10 4 2.885565365187059e9 9 2
tr 5 2 1 11 10 4 6.174387915412932e13 10 1
ann 5 2 1 11 10 6 2.367079518636133e-26 34 0
tr 5 2 1 11 10 6 6.959135134705171e11 8 1
tr 5 2 1 11 10 6 4.2279346010068035e8 9 2
tr 5 2 1 11 10 6 1.2446496255976125e14 10 1
ann 5 2 1 11 10 8 2.1038138203179215e-26 34 0
tr 5 2 1 11 10 8 5.07022702671377e11 8 1
tr 5 2 1 11 10 8 1.3476541540708843e10 9 2
tr 5 2 1 11 10 8 1.562241007335849e14 10 1
ann 5 2 1 11 10 10 1.4268896307766326e-26 34 0
tr 5 2 1 11 10 10 5.422326125791103e10 9 2
tr 5 2 1 11 10 10 9.283440389271434e13 10 1
tr 5 2 1 11 10 10 4.6462473073967535e11 11 2
tr 5 2 1 11 10 10 2.713417168111313e14 12 1
ann 5 2 1 13 12 2 3.298846205276293e-32 38 0
tr 5 2 1 13 12 2 1.008071918551611e13 10 1
tr 5 2 1 13 12 2 1.6687248723598547e11 11 2
tr 5 2 1 13 12 2 1.7844973399505622e14 12 1
ann 5 2 1 13 12 4 3.7469630073907623e-32 38 0
tr 5 2 1 13 12 4 1.2407038997558334e13 10 1
tr 5 2 1 13 12 4 6.7917170222216e10 11 2
tr 5 2 1 13 12 4 9.084713730657472e14 12 1
ann 5 2 1 13 12 6 3.960225879853489e-32 38 0
tr 5 2 1 13 12 6 1.355912119018873e13 10 1
tr 5 2 1 13 12 6 3.463775681333039e9 11 2
tr 5 2 1 13 12 6 1.9629470739456242e15 12 1
ann 5 2 1 13 12 8 3.822869917722993e-32 38 0
tr 5 2 1 13 12 8 1.2628593265371879e13 10 1
tr 5 2 1 13 12 8 3.8712787026663445e10 11 2
tr 5 2 1 13 12 8 2.8969112661535175e15 12 1
ann 5 2 1 13 12 10 3.2035881480136004e-32 38 0
tr 5 2 1 13 12 10 8.529839310821352e12 10 1
tr 5 2 1 13 12 10 2.56251483248421e11 11 2
tr 5 2 1 13 12 10 3.067635903438832e15 12 1
ann 5 2 1 13 12 12 1.9555315296954274e-32 38 0
tr 5 2 1 13 12 12 7.560539389137097e11 11 2
tr 5 2 1 13 12 12 1.6346304637815575e15 12 1
tr 5 2 1 13 12 12 5.211235870526889e12 13 2
tr 5 2 1 13 12 12 3.863024865666691e15 14 1
ann 5 2 2 5 2 2 2.9359858535066348e-9 18 0
ann 5 2 2 5 3 1 5.054166487687949e-10 20 0
tr 5 2 2 5 3 1 329.1428571428569 2 2
tr 5 2 2 5 3 1 737244.8979591833 3 1
tr 5 2 2 5 3 1 58511.499838030395 4 2
ann 5 2 2 5 3 2 6.317697253267541e-10 20 0
tr 5 2 2 5 3 2 548.5714285714282 2 2
tr 5 2 2 5 3 2 614370.7482993185 3 1
ann 5 2 2 5 3 3 8.541081800892948e-10 20 0
tr 5 2 2 5 3 3 548.5714285714282 2 2
tr 5 2 2 5 3 3 307185.3741496597 3 1
ann 5 2 2 5 4 1 8.21592285909429e-12 22 0
tr 5 2 2 5 4 1 3061.224489795905 2 1
tr 5 2 2 5 4 1 2429.543245869777 3 2
tr 5 2 2 5 4 1 4.783163265306121e6 4 1
ann 5 2 2 5 4 2 1.0780307789719735e-11 22 0
tr 5 2 2 5 4 2 9183.67346938775 2 1
tr 5 2 2 5 4 2 3644.3148688046617 3 2
tr 5 2 2 5 4 2 4.304846938775502e6 4 1
ann 5 2 2 5 4 3 1.3735854408058421e-11 22 0
tr 5 2 2 5 4 3 21428.571428571395 2 1
tr 5 2 2 5 4 3 4251.70068027211 3 2
tr 5 2 2 5 4 3 3.0133928571428526e6 4 1
ann 5 2 2 5 4 4 1.6959561689038346e-11 22 0
tr 5 2 2 5 4 4 42857.14285714281 2 1
tr 5 2 2 5 4 4 3401.3605442176786 3 2
tr 5 2 2 5 4 4 1.3392857142857113e6 4 1
ann 5 2 2 6 1 1 6.145361369188844e-8 16 0
tr 5 2 2 6 1 1 4.188737356240607 2 2
tr 5 2 2 6 1 1 76539.77794041099 3 1
ann 5 2 2 6 2 1 3.6416879411302422e-9 18 0
tr 5 2 2 6 2 1 16861.179771978193 2 1
tr 5 2 2 6 2 1 1204.369983712729 3 2
tr 5 2 2 6 2 1 4.267494294979487e6 4 1
ann 5 2 2 6 2 2 7.283375882260504e-9 18 0
tr 5 2 2 6 2 2 11240.786514652125 2 1
tr 5 2 2 6 2 2 401.45666123757604 3 2
tr 5 2 2 6 2 2 853498.8589959019 4 1
ann 5 2 2 6 3 1 3.673242519301601e-10 20 0
tr 5 2 2 6 3 1 126.31851509544076 2 2
tr 5 2 2 6 3 1 995910.5698031761 3 1
tr 5 2 2 6 3 1 79040.52141295046 4 2
tr 5 2 2 6 3 1 1.2491398268927512e8 5 1
ann 5 2 2 6 3 2 4.5915452952001814e-10 20 0
tr 5 2 2 6 3 2 210.53085849240128 2 2
tr 5 2 2 6 3 2 829925.4748359785 3 1
tr 5 2 2 6 3 2 39520.26070647529 4 2
tr 5 2 2 6 3 2 4.163799422975837e7 5 1
ann 5 2 2 6 3 3 6.20744592254734e-10 20 0
tr 5 2 2 6 3 3 210.53085849240128 2 2
tr 5 2 2 6 3 3 414962.7374179899 3 1
tr 5 2 2 6 3 3 11856.07821194246 4 2
tr 5 2 2 6 3 3 8.327598845951631e6 5 1
ann 5 2 2 6 4 1 9.21470433029824e-12 22 0
tr 5 2 2 6 4 1 10280.397868097825 2 1
tr 5 2 2 6 4 1 8159.045927061804 3 2
tr 5 2 2 6 4 1 3.038005223482334e7 4 1
ann 5 2 2 6 4 2 1.2090832759151987e-11 22 0
tr 5 2 2 6 4 2 30841.19360429359 2 1
tr 5 2 2 6 4 2 12238.568890592695 3 2
tr 5 2 2 6 4 2 2.7342047011340957e7 4 1
ann 5 2 2 6 4 3 1.5405675075250345e-11 22 0
tr 5 2 2 6 4 3 71962.78507668497 2 1
tr 5 2 2 6 4 3 14278.33037235816 3 2
tr 5 2 2 6 4 3 1.9139432907938678e7 4 1
ann 5 2 2 6 4 4 1.902127744737682e-11 22 0
tr 5 2 2 6 4 4 143925.57015337003 2 1
tr 5 2 2 6 4 4 11422.664297886497 3 2
tr 5 2 2 6 4 4 8.50641462575052e6 4 1
ann 5 2 2 6 5 1 6.293928185644878e-14 24 0
tr 5 2 2 6 5 1 245776.91379526912 3 1
tr 5 2 2 6 5 1 152927.85747261223 4 2
tr 5 2 2 6 5 1 3.5512379204752725e8 5 1
ann 5 2 2 6 5 2 8.379895505391454e-14 24 0
tr 5 2 2 6 5 2 573479.4655222957 3 1
tr 5 2 2 6 5 2 214099.00046165727 4 2
tr 5 2 2 6 5 2 3.314488725776925e8 5 1
ann 5 2 2 6 5 3 1.0807566128974042e-13 24 0
tr 5 2 2 6 5 3 1.1469589310445911e6 3 1
tr 5 2 2 6 5 3 256918.8005539883 4 2
tr 5 2 2 6 5 3 2.6515909806215352e8 5 1
ann 5 2 2 6 5 4 1.3536744279529993e-13 24 0
tr 5 2 2 6 5 4 2.0645260758802628e6 3 1
tr 5 2 2 6 5 4 256918.80055398855 4 2
tr 5 2 2 6 5 4 1.7045942018281344e8 5 1
ann 5 2 2 6 5 5 1.6506087535563362e-13 24 0
tr 5 2 2 6 5 5 3.440876793133771e6 3 1
tr 5 2 2 6 5 5 183513.42896713462 4 2
tr 5 2 2 6 5 5 7.102475840950516e7 5 1
ann 5 2 2 7 1 1 3.8993001958246164e-8 16 0
tr 5 2 2 7 1 1 0.5626160911495751 2 2
tr 5 2 2 7 1 1 1735.5113065612481 3 1
ann 5 2 2 7 2 1 2.3873216415416515e-9 18 0
tr 5 2 2 7 2 1 1100.865643599253 2 1
tr 5 2 2 7 2 1 78.63326025708957 3 2
tr 5 2 2 7 2 1 3530.446138594964 4 1
ann 5 2 2 7 2 2 4.774643283083314e-9 18 0
tr 5 2 2 7 2 2 733.910429066168 2 1
tr 5 2 2 7 2 2 26.211086752363165 3 2
tr 5 2 2 7 2 2 706.0892277189968 4 1
ann 5 2 2 7 3 1 2.620960375801091e-10 20 0
tr 5 2 2 7 3 1 18.365548830309486 2 2
tr 5 2 2 7 3 1 2067.457690269014 3 1
tr 5 2 2 7 3 1 164.08394367214393 4 2
tr 5 2 2 7 3 1 1.1663260717398912e7 5 1
ann 5 2 2 7 3 2 3.2761948813282584e-10 20 0
tr 5 2 2 7 3 2 30.609248050515813 2 2
tr 5 2 2 7 3 2 1722.881408557509 3 1
tr 5 2 2 7 3 2 82.0419718360721 4 2
tr 5 2 2 7 3 2 3.887753572466305e6 5 1
ann 5 2 2 7 3 3 4.429184790752085e-10 20 0
tr 5 2 2 7 3 3 30.609248050515813 2 2
tr 5 2 2 7 3 3 861.4407042787557 3 1
tr 5 2 2 7 3 3 24.61259155082137 4 2
tr 5 2 2 7 3 3 777550.7144932568 5 1
ann 5 2 2 7 4 1 7.97044595333743e-12 22 0
tr 5 2 2 7 4 1 45.39786928103635 2 1
tr 5 2 2 7 4 1 36.03005498494965 3 2
tr 5 2 2 7 4 1 3.089261984144722e6 4 1
tr 5 2 2 7 4 1 214064.01223467453 5 2
tr 5 2 2 7 4 1 1.16330868888087e9 6 1
ann 5 2 2 7 4 2 1.0458211767338124e-11 22 0
tr 5 2 2 7 4 2 136.19360784310956 2 1
tr 5 2 2 7 4 2 54.045082477424415 3 2
tr 5 2 2 7 4 2 2.780335785730246e6 4 1
tr 5 2 2 7 4 2 128438.40734080465 5 2
tr 5 2 2 7 4 2 4.985608666632291e8 6 1
ann 5 2 2 7 4 3 1.332545209228081e-11 22 0
tr 5 2 2 7 4 3 317.78508496725544 2 1
tr 5 2 2 7 4 3 63.052596223661894 3 2
tr 5 2 2 7 4 3 1.9462350500111724e6 4 1
ann 5 2 2 7 4 4 1.6452840958365674e-11 22 0
tr 5 2 2 7 4 4 635.570169934511 2 1
tr 5 2 2 7 4 4 50.44207697892937 3 2
tr 5 2 2 7 4 4 864993.3555605208 4 1
ann 5 2 2 7 5 1 8.726658413023383e-14 24 0
tr 5 2 2 7 5 1 79754.1701255196 3 1
tr 5 2 2 7 5 1 49624.81696699008 4 2
tr 5 2 2 7 5 1 4.268300465414318e8 5 1
ann 5 2 2 7 5 2 1.1618894203551942e-13 24 0
tr 5 2 2 7 5 2 186093.0636262127 3 1
tr 5 2 2 7 5 2 69474.74375378616 4 2
tr 5 2 2 7 5 2 3.9837471010533667e8 5 1
ann 5 2 2 7 5 3 1.4984908527569653e-13 24 0
tr 5 2 2 7 5 3 372186.12725242536 3 1
tr 5 2 2 7 5 3 83369.69250454324 4 2
tr 5 2 2 7 5 3 3.186997680842689e8 5 1
ann 5 2 2 7 5 4 1.876896913228049e-13 24 0
tr 5 2 2 7 5 4 669935.0290543655 3 1
tr 5 2 2 7 5 4 83369.69250454336 4 2
tr 5 2 2 7 5 4 2.048784223398877e8 5 1
ann 5 2 2 7 5 5 2.288602351593861e-13 24 0
tr 5 2 2 7 5 5 1.1165583817572754e6 3 1
tr 5 2 2 7 5 5 59549.78036038809 4 2
tr 5 2 2 7 5 5 8.536600930828601e7 5 1
ann 5 2 2 7 6 1 3.1104708640995247e-16 26 0
tr 5 2 2 7 6 1 8.238953775260101e6 4 1
tr 5 2 2 7 6 1 3.774938820664627e6 5 2
tr 5 2 2 7 6 1 1.171199092159697e10 6 1
ann 5 2 2 7 6 2 4.130995137184308e-16 26 0
tr 5 2 2 7 6 2 1.6477907550520174e7 4 1
tr 5 2 2 7 6 2 5.033251760886176e6 5 2
tr 5 2 2 7 6 2 1.1154277068187603e10 6 1
ann 5 2 2 7 6 3 5.338676789432047e-16 26 0
tr 5 2 2 7 6 3 2.966023359093639e7 4 1
tr 5 2 2 7 6 3 6.0399021130634025e6 5 2
tr 5 2 2 7 6 3 9.560808915589367e9 6 1
ann 5 2 2 7 6 4 6.736254066827138e-16 26 0
tr 5 2 2 7 6 4 4.9433722651560575e7 4 1
tr 5 2 2 7 6 4 6.471323692567939e6 5 2
tr 5 2 2 7 6 4 7.170606686692013e9 6 1
ann 5 2 2 7 6 5 8.322570956497818e-16 26 0
tr 5 2 2 7 6 5 7.768156416673824e7 4 1
tr 5 2 2 7 6 5 5.932046718187279e6 5 2
tr 5 2 2 7 6 5 4.382037419645131e9 6 1
ann 5 2 2 7 6 6 1.0092577186716195e-15 26 0
tr 5 2 2 7 6 6 1.1652234625010708e8 4 1
tr 5 2 2 7 6 6 3.9546978121248474e6 5 2
tr 5 2 2 7 6 6 1.752814967858044e9 6 1
ann 5 2 2 9 8 2 3.6590971634374565e-21 30 0
tr 5 2 2 9 8 2 3.141021107812905e9 6 1
tr 5 2 2 9 8 2 6.249990979831811e8 7 2
tr 5 2 2 9 8 2 2.6665882193094146e12 8 1
ann 5 2 2 9 8 4 5.854329827750391e-21 30 0
tr 5 2 2 9 8 4 7.403835468416147e9 6 1
tr 5 2 2 9 8 4 8.184511997398793e8 7 2
tr 5 2 2 9 8 4 2.095176458028821e12 8 1
ann 5 2 2 9 8 6 8.81614504357622e-21 30 0
tr 5 2 2 9 8 6 1.49722006139082e10 6 1
tr 5 2 2 9 8 6 8.124988273781353e8 7 2
tr 5 2 2 9 8 6 1.1555215617007437e12 8 1
ann 5 2 2 9 8 8 1.2663690542267834e-20 30 0
tr 5 2 2 9 8 8 2.722218293437857e10 6 1
tr 5 2 2 9 8 8 4.16666065322121e8 7 2
tr 5 2 2 9 8 8 2.5396078279137067e11 8 1
ann 5 2 2 11 10 2 1.1547668798290405e-26 34 0
tr 5 2 2 11 10 2 1.5378445944995792e11 8 1
tr 5 2 2 11 10 2 2.092827627498317e10 9 2
tr 5 2 2 11 10 2 1.52752454050616e14 10 1
ann 5 2 2 11 10 4 1.7859079587502648e-26 34 0
tr 5 2 2 11 10 4 3.109863513321373e11 8 1
tr 5 2 2 11 10 4 2.693194340841269e10 9 2
tr 5 2 2 11 10 4 1.3104823330672356e14 10 1
ann 5 2 2 11 10 6 2.633927201732833e-26 34 0
tr 5 2 2 11 10 6 5.654297296947941e11 8 1
tr 5 2 2 11 10 6 2.9595542207046978e10 9 2
tr 5 2 2 11 10 6 9.257724487916106e13 10 1
ann 5 2 2 11 10 8 3.7395255564411586e-26 34 0
tr 5 2 2 11 10 8 9.506675675088314e11 8 1
tr 5 2 2 11 10 8 2.5874959758161095e10 9 2
tr 5 2 2 11 10 8 4.721439488837188e13 10 1
ann 5 2 2 11 10 10 5.146318808285524e-26 34 0
tr 5 2 2 11 10 10 1.5052236485556494e12 8 1
tr 5 2 2 11 10 10 1.20496136128691e10 9 2
tr 5 2 2 11 10 10 9.772042515022545e12 10 1
ann 5 2 2 13 12 2 1.6174685920594292e-32 38 0
tr 5 2 2 13 12 2 2.7721977760169263e12 10 1
tr 5 2 2 13 12 2 2.7194034956975305e11 11 2
tr 5 2 2 13 12 2 3.093128722580976e15 12 1
ann 5 2 2 13 12 4 2.41658583086635e-32 38 0
tr 5 2 2 13 12 4 5.040359592758056e12 10 1
tr 5 2 2 13 12 4 3.42302537919969e11 11 2
tr 5 2 2 13 12 4 2.781034815507373e15 12 1
ann 5 2 2 13 12 6 3.473380775099583e-32 38 0
tr 5 2 2 13 12 6 8.47445074386795e12 10 1
tr 5 2 2 13 12 6 3.8794287630929865e11 11 2
tr 5 2 2 13 12 6 2.206287620302519e15 12 1
ann 5 2 2 13 12 8 4.8360220847022324e-32 38 0
tr 5 2 2 13 12 8 1.3417880344457613e13 10 1
tr 5 2 2 13 12 8 3.871278702666324e11 11 2
tr 5 2 2 13 12 8 1.4677683748511168e15 12 1
ann 5 2 2 13 12 10 6.556563936628462e-32 38 0
tr 5 2 2 13 12 10 2.025836836320073e13 10 1
tr 5 2 2 13 12 10 3.1377732642663965e11 11 2
tr 5 2 2 13 12 10 7.137989359802251e14 12 1
ann 5 2 2 13 12 12 8.690946024843485e-32 38 0
tr 5 2 2 13 12 12 2.9427945622333652e13 10 1
tr 5 2 2 13 12 12 1.37464352529765e11 11 2
tr 5 2 2 13 12 12 1.421417794592649e14 12 1
ann 5 3 1 5 3 1 6.8847381228870694e-12 22 0
ann 5 3 1 5 3 2 1.946241233073013e-11 22 0
tr 5 3 1 5 3 2 22500.000000000007 2 1
ann 5 3 1 5 3 3 1.5671411307937835e-11 22 0
tr 5 3 1 5 3 3 14999.99999999998 2 1
tr 5 3 1 5 3 3 10714.285714285712 3 2
ann 5 3 1 5 4 1 3.9505686747629316e-13 24 0
tr 5 3 1 5 4 1 128.57142857142864 2 2
tr 5 3 1 5 4 1 71747.44897959233 3 1
ann 5 3 1 5 4 2 3.9559204331053965e-13 24 0
tr 5 3 1 5 4 2 42.85714285714295 2 2
tr 5 3 1 5 4 2 191326.53061224523 3 1
ann 5 3 1 5 4 3 3.010933048845245e-13 24 0
tr 5 3 1 5 4 3 600.0 2 2
tr 5 3 1 5 4 3 66964.2857142858 3 1
ann 5 3 1 5 4 4 2.4899421396137696e-13 24 0
tr 5 3 1 5 4 4 200892.8571428567 3 1
tr 5 3 1 5 4 4 96428.57142857136 4 2
ann 5 3 1 6 1 1 5.3751772088359255e-9 18 0
tr 5 3 1 6 1 1 2375.711216651495 2 1
tr 5 3 1 6 1 1 235.68563657256885 3 2
tr 5 3 1 6 1 1 4.1057212007918092e6 4 1
ann 5 3 1 6 2 1 3.765769049489004e-10 20 0
tr 5 3 1 6 2 1 3.250166666008396 2 2
tr 5 3 1 6 2 1 22354.54846259523 3 1
tr 5 3 1 6 2 1 26612.55769356557 4 2
tr 5 3 1 6 2 1 1.7158158050171462e8 5 1
ann 5 3 1 6 2 2 3.1345001951948285e-10 20 0
tr 5 3 1 6 2 2 4.875249999012586 2 2
tr 5 3 1 6 2 2 268254.5815511409 3 1
tr 5 3 1 6 2 2 21290.046154852454 4 2
tr 5 3 1 6 2 2 5.1474474150514364e7 5 1
ann 5 3 1 6 3 1 2.0014625684056674e-11 22 0
tr 5 3 1 6 3 1 4348.754225350032 2 1
tr 5 3 1 6 3 1 1725.6961211706391 3 2
tr 5 3 1 6 3 1 208957.0908608463 4 1
ann 5 3 1 6 3 2 1.4144797309498154e-11 22 0
tr 5 3 1 6 3 2 7247.923708916684 2 1
tr 5 3 1 6 3 2 6.686626907546976e6 4 1
ann 5 3 1 6 3 3 1.1389591908299629e-11 22 0
tr 5 3 1 6 3 3 4831.949139277783 2 1
tr 5 3 1 6 3 3 3451.3922423412764 3 2
tr 5 3 1 6 3 3 1.1283682906485507e7 4 1
ann 5 3 1 6 4 1 4.4308257375491333e-13 24 0
tr 5 3 1 6 4 1 129.3160613986619 2 2
tr 5 3 1 6 4 1 180048.3095712808 3 1
tr 5 3 1 6 4 1 111115.52819256122 4 2
ann 5 3 1 6 4 2 4.4368280924209573e-13 24 0
tr 5 3 1 6 4 2 43.10535379955405 2 2
tr 5 3 1 6 4 2 480128.82552341314 3 1
tr 5 3 1 6 4 2 19753.87167867752 4 2
tr 5 3 1 6 4 2 8.561803760322958e7 5 1
ann 5 3 1 6 4 3 3.37696185674905e-13 24 0
tr 5 3 1 6 4 3 603.4749531937553 2 2
tr 5 3 1 6 4 3 168045.08893319446 3 1
tr 5 3 1 6 4 3 34569.27543768567 4 2
tr 5 3 1 6 4 3 2.2235685049794966e8 5 1
ann 5 3 1 6 4 4 2.7926358363781775e-13 24 0
tr 5 3 1 6 4 4 504135.26679958176 3 1
tr 5 3 1 6 4 4 241984.92806379954 4 2
tr 5 3 1 6 4 4 2.1781895558982778e8 5 1
ann 5 3 1 6 5 1 3.762477977363153e-15 26 0
tr 5 3 1 6 5 1 55135.75450276677 2 1
tr 5 3 1 6 5 1 5469.816914957012 3 2
tr 5 3 1 6 5 1 2.7802543330725054e6 4 1
ann 5 3 1 6 5 2 3.922593821822659e-15 26 0
tr 5 3 1 6 5 2 64325.04691989448 2 1
tr 5 3 1 6 5 2 8.235067379943639e6 4 1
ann 5 3 1 6 5 3 3.694184350768197e-15 26 0
tr 5 3 1 6 5 3 42883.36461326293 2 1
tr 5 3 1 6 5 3 7657.743680939812 3 2
tr 5 3 1 6 5 3 7.81688036455588e6 4 1
ann 5 3 1 6 5 4 3.0981231061940547e-15 26 0
tr 5 3 1 6 5 4 22973.23104281943 3 2
tr 5 3 1 6 5 4 675532.8710109993 4 1
tr 5 3 1 6 5 4 1.4673392786081384e6 5 2
tr 5 3 1 6 5 4 2.1660094616884713e9 6 1
ann 5 3 1 6 5 5 2.340646151906887e-15 26 0
tr 5 3 1 6 5 5 1.3510657420220012e7 4 1
tr 5 3 1 6 5 5 4.126891721085389e6 5 2
tr 5 3 1 6 5 5 1.6245070962663507e9 6 1
ann 5 3 1 7 1 1 3.410609723152903e-9 18 0
tr 5 3 1 7 1 1 169.6764903621679 2 1
tr 5 3 1 7 1 1 16.832985154976964 3 2
tr 5 3 1 7 1 1 11798.902588763774 4 1
ann 5 3 1 7 2 1 2.4686634184732476e-10 20 0
tr 5 3 1 7 2 1 0.38607498902058923 2 2
tr 5 3 1 7 2 1 497.70032644155856 3 1
tr 5 3 1 7 2 1 592.5003886208989 4 2
tr 5 3 1 7 2 1 3.0802561304428414e6 5 1
ann 5 3 1 7 2 2 2.05483284221525e-10 20 0
tr 5 3 1 7 2 2 0.579112483530883 2 2
tr 5 3 1 7 2 2 5972.40391729866 3 1
tr 5 3 1 7 2 2 474.000310896719 4 2
tr 5 3 1 7 2 2 924076.8391328523 5 1
ann 5 3 1 7 3 1 1.4280990247251784e-11 22 0
tr 5 3 1 7 3 1 253.70035213573917 2 1
tr 5 3 1 7 3 1 100.67474291100713 3 2
tr 5 3 1 7 3 1 743.5011557413708 4 1
ann 5 3 1 7 3 2 1.0092705038720525e-11 22 0
tr 5 3 1 7 3 2 422.8339202262299 2 1
tr 5 3 1 7 3 2 23792.03698372349 4 1
ann 5 3 1 7 3 3 8.12678954267795e-12 22 0
tr 5 3 1 7 3 3 281.8892801508196 2 1
tr 5 3 1 7 3 3 201.3494858220142 3 2
tr 5 3 1 7 3 3 40149.06241003333 4 1
ann 5 3 1 7 4 1 3.832532864157451e-13 24 0
tr 5 3 1 7 4 1 15.564983753498252 2 2
tr 5 3 1 7 4 1 107.72027996372063 3 1
tr 5 3 1 7 4 1 66.4788013490386 4 2
tr 5 3 1 7 4 1 127673.5197133878 5 1
ann 5 3 1 7 4 2 3.837724723979725e-13 24 0
tr 5 3 1 7 4 2 5.188327917832761 2 2
tr 5 3 1 7 4 2 287.25407990325346 3 1
tr 5 3 1 7 4 2 11.818453573162405 4 2
tr 5 3 1 7 4 2 1.5737889196669659e7 5 1
ann 5 3 1 7 4 3 2.920971870836115e-13 24 0
tr 5 3 1 7 4 3 72.6365908496585 2 2
tr 5 3 1 7 4 3 100.53892796613867 3 1
tr 5 3 1 7 4 3 4.0872549444244325e7 5 1
ann 5 3 1 7 4 4 2.415547172974692e-13 24 0
tr 5 3 1 7 4 4 301.61678389841495 3 1
tr 5 3 1 7 4 4 144.7760562712394 4 2
tr 5 3 1 7 4 4 4.003841578211681e7 5 1
tr 5 3 1 7 4 4 1.523749232942938e6 6 2
ann 5 3 1 7 5 1 5.216751657222747e-15 26 0
tr 5 3 1 7 5 1 1456.514972766592 2 1
tr 5 3 1 7 5 1 144.49553301255852 3 2
tr 5 3 1 7 5 1 1.0720579974126006e6 4 1
ann 5 3 1 7 5 2 5.4387555067016756e-15 26 0
tr 5 3 1 7 5 2 1699.2674682276884 2 1
tr 5 3 1 7 5 2 3.175418068369205e6 4 1
ann 5 3 1 7 5 3 5.122061165805958e-15 26 0
tr 5 3 1 7 5 3 1132.8449788184573 2 1
tr 5 3 1 7 5 3 202.2937462175818 3 2
tr 5 3 1 7 5 3 3.014166369584832e6 4 1
ann 5 3 1 7 5 4 4.295610217986518e-15 26 0
tr 5 3 1 7 5 4 606.8812386527452 3 2
tr 5 3 1 7 5 4 260483.51342091043 4 1
tr 5 3 1 7 5 4 565801.7649094216 5 2
tr 5 3 1 7 5 4 3.2689762037185516e9 6 1
ann 5 3 1 7 5 5 3.2453531149979056e-15 26 0
tr 5 3 1 7 5 5 5.209670268418218e6 4 1
tr 5 3 1 7 5 5 1.5913174638077482e6 5 2
tr 5 3 1 7 5 5 2.4517321527889104e9 6 1
ann 5 3 1 7 6 1 2.5559749686294733e-17 28 0
tr 5 3 1 7 6 1 1.1668773468292207e6 3 1
tr 5 3 1 7 6 1 108908.55237072721 4 2
tr 5 3 1 7 6 1 5.976442418763896e7 5 1
ann 5 3 1 7 6 2 2.6731007848749732e-17 28 0
tr 5 3 1 7 6 2 1.400252816195062e6 3 1
tr 5 3 1 7 6 2 8712.684189658152 4 2
tr 5 3 1 7 6 2 1.7929327256291655e8 5 1
ann 5 3 1 7 6 3 2.6458053371174426e-17 28 0
tr 5 3 1 7 6 3 1.2602275345755555e6 3 1
tr 5 3 1 7 6 3 39207.07885346173 4 2
tr 5 3 1 7 6 3 2.3051992186660773e8 5 1
ann 5 3 1 7 6 4 2.454673458960187e-17 28 0
tr 5 3 1 7 6 4 700126.4080975297 3 1
tr 5 3 1 7 6 4 233375.46936584334 4 2
tr 5 3 1 7 6 4 1.2806662325922629e8 5 1
ann 5 3 1 7 6 5 2.0660283481099736e-17 28 0
tr 5 3 1 7 6 5 410740.8260838845 4 2
tr 5 3 1 7 6 5 4.632111459799942e7 6 2
tr 5 3 1 7 6 5 6.1833794050389694e10 7 1
ann 5 3 1 7 6 6 1.4121571811671836e-17 28 0
tr 5 3 1 7 6 6 4.226198567554445e8 5 1
tr 5 3 1 7 6 6 8.492204342966565e7 6 2
tr 5 3 1 7 6 6 3.951508732214239e10 7 1
ann 5 3 1 9 8 2 4.545409908267294e-22 32 0
tr 5 3 1 9 8 2 2.1979257199638075e8 5 1
tr 5 3 1 9 8 2 3.4701496004810943e6 6 2
tr 5 3 1 9 8 2 2.3188427012070305e10 7 1
ann 5 3 1 9 8 4 4.525310889275258e-22 32 0
tr 5 3 1 9 8 4 2.072329964537311e8 5 1
tr 5 3 1 9 8 4 4.241293956143556e6 6 2
tr 5 3 1 9 8 4 3.876086444620515e10 7 1
ann 5 3 1 9 8 6 3.710024426523508e-22 32 0
tr 5 3 1 9 8 6 6.984519510107207e7 5 1
tr 5 3 1 9 8 6 3.157836136437798e7 6 2
tr 5 3 1 9 8 6 4.932410479119715e9 7 1
ann 5 3 1 9 8 8 1.713156961611482e-22 32 0
tr 5 3 1 9 8 8 9.35102819999773e10 7 1
tr 5 3 1 9 8 8 9.167674705880125e9 8 2
tr 5 3 1 9 8 8 5.94039330707008e12 9 1
ann 5 3 1 11 10 2 2.483252915389761e-27 36 0
tr 5 3 1 11 10 2 9.841821025757746e9 7 1
tr 5 3 1 11 10 2 1.5953776691302496e8 8 2
tr 5 3 1 11 10 2 8.729389577595995e11 9 1
ann 5 3 1 11 10 4 2.570596560324946e-27 36 0
tr 5 3 1 11 10 4 1.0661972777904196e10 7 1
tr 5 3 1 11 10 4 7.918874612228337e6 8 2
tr 5 3 1 11 10 4 1.8317307643651482e12 9 1
ann 5 3 1 11 10 6 2.3277091479663125e-27 36 0
tr 5 3 1 11 10 6 7.754162020293963e9 7 1
tr 5 3 1 11 10 6 3.9797421128121847e8 8 2
tr 5 3 1 11 10 6 1.3043588806581143e12 9 1
ann 5 3 1 11 10 8 1.707154254854574e-27 36 0
tr 5 3 1 11 10 8 2.17286957711534e9 7 1
tr 5 3 1 11 10 8 1.0000407367442601e9 8 2
tr 5 3 1 11 10 8 7.070071518076035e8 9 1
ann 5 3 1 11 10 10 6.696274734959873e-28 36 0
tr 5 3 1 11 10 10 5.138174475760671e12 9 1
tr 5 3 1 11 10 10 2.7953610371080493e11 10 2
tr 5 3 1 11 10 10 2.4054486098194694e14 11 1
ann 5 3 1 13 12 2 5.447685408521449e-33 40 0
tr 5 3 1 13 12 2 1.677310148577673e11 9 1
tr 5 3 1 13 12 2 2.383715499573124e9 10 2
tr 5 3 1 13 12 2 1.2976917445440818e13 11 1
ann 5 3 1 13 12 4 5.782548837280548e-33 40 0
tr 5 3 1 13 12 4 1.8975629963707083e11 9 1
tr 5 3 1 13 12 4 5.9873544730251625e7 10 2
tr 5 3 1 13 12 4 2.947881487005209e13 11 1
ann 5 3 1 13 12 6 5.541024524459189e-33 40 0
tr 5 3 1 13 12 6 1.709147204344887e11 9 1
tr 5 3 1 13 12 6 1.635830775665781e9 10 2
tr 5 3 1 13 12 6 3.1856282403411383e13 11 1
ann 5 3 1 13 12 8 4.64757173275975e-33 40 0
tr 5 3 1 13 12 8 1.0824598960850966e11 9 1
tr 5 3 1 13 12 8 7.374068535795365e9 10 2
tr 5 3 1 13 12 8 1.2806461713199096e13 11 1
ann 5 3 1 13 12 10 3.11837022507972e-33 40 0
tr 5 3 1 13 12 10 2.7238369934167442e10 9 1
tr 5 3 1 13 12 10 1.1896124918591738e10 10 2
tr 5 3 1 13 12 10 2.05883786394012e12 11 1
tr 5 3 1 13 12 10 1.1763503378750596e16 13 1
ann 5 3 1 13 12 12 1.0899898388242812e-33 40 0
tr 5 3 1 13 12 12 1.0128338491772148e14 11 1
tr 5 3 1 13 12 12 3.356135831593142e12 12 2
tr 5 3 1 13 12 12 3.666213985533262e15 13 1
ann 5 3 2 5 3 2 8.309580781817956e-12 22 0
ann 5 3 2 5 3 3 2.1357912842126278e-11 22 0
tr 5 3 2 5 3 3 37499.99999999994 2 1
tr 5 3 2 5 3 3 10714.285714285728 3 2
ann 5 3 2 5 4 1 3.042343999557819e-13 24 0
tr 5 3 2 5 4 1 420.0000000000002 2 2
tr 5 3 2 5 4 1 153061.224489796 3 1
ann 5 3 2 5 4 2 4.248871265222477e-13 24 0
tr 5 3 2 5 4 2 411.42857142857184 2 2
tr 5 3 2 5 4 2 14349.489795918314 3 1
ann 5 3 2 5 4 3 5.194824073031618e-13 24 0
tr 5 3 2 5 4 3 60.00000000000006 2 2
tr 5 3 2 5 4 3 66964.28571428575 3 1
ann 5 3 2 5 4 4 3.9725800070375013e-13 24 0
tr 5 3 2 5 4 4 479.9999999999998 2 2
tr 5 3 2 5 4 4 334821.42857142794 3 1
ann 5 3 2 6 1 1 5.618647764949352e-9 18 0
tr 5 3 2 6 1 1 3959.518694419159 2 1
tr 5 3 2 6 1 1 196.40469714380748 3 2
tr 5 3 2 6 1 1 2.052860600395901e6 4 1
ann 5 3 2 6 2 1 4.0274254781555164e-10 20 0
tr 5 3 2 6 2 1 167659.1134694632 3 1
tr 5 3 2 6 2 1 26080.306539694306 4 2
tr 5 3 2 6 2 1 8.235915864082308e7 5 1
ann 5 3 2 6 2 2 3.918118548375173e-10 20 0
tr 5 3 2 6 2 2 8.12541666502098 2 2
tr 5 3 2 6 2 2 223545.48462595034 3 1
tr 5 3 2 6 2 2 10645.023077426236 4 2
tr 5 3 2 6 2 2 1.715815805017146e7 5 1
ann 5 3 2 6 3 1 1.414479730949816e-11 22 0
tr 5 3 2 6 3 1 7247.923708916685 2 1
tr 5 3 2 6 3 1 6.686626907546976e6 4 1
ann 5 3 2 6 3 2 2.4156786517198526e-11 22 0
tr 5 3 2 6 3 2 1725.6961211706403 3 2
tr 5 3 2 6 3 2 1.0238897452181293e7 4 1
tr 5 3 2 6 3 2 709187.7023155877 5 2
tr 5 3 2 6 3 2 6.156008058859781e8 6 1
ann 5 3 2 6 3 3 1.5522400010097417e-11 22 0
tr 5 3 2 6 3 3 12079.872848194453 2 1
tr 5 3 2 6 3 3 3451.392242341281 3 2
tr 5 3 2 6 3 3 6.268712725825276e6 4 1
ann 5 3 2 6 4 1 3.4121913266156967e-13 24 0
tr 5 3 2 6 4 1 422.4324672356288 2 2
tr 5 3 2 6 4 1 384103.06041873 3 1
tr 5 3 2 6 4 1 1.4470328150897405e8 5 1
ann 5 3 2 6 4 2 4.765391958102123e-13 24 0
tr 5 3 2 6 4 2 413.81139647571825 2 2
tr 5 3 2 6 4 2 36009.66191425579 3 1
tr 5 3 2 6 4 2 61730.8489958673 4 2
tr 5 3 2 6 4 2 2.2226424039778364e8 5 1
ann 5 3 2 6 4 3 5.826340981959861e-13 24 0
tr 5 3 2 6 4 3 60.347495319375575 2 2
tr 5 3 2 6 4 3 168045.0889331944 3 1
tr 5 3 2 6 4 3 172846.3771884282 4 2
tr 5 3 2 6 4 3 1.9610188710096157e8 5 1
ann 5 3 2 6 4 4 4.455512945862826e-13 24 0
tr 5 3 2 6 4 4 482.7799625550041 2 2
tr 5 3 2 6 4 4 840225.4446659699 3 1
tr 5 3 2 6 4 4 172846.37718842822 4 2
tr 5 3 2 6 4 4 9.075789816242845e7 5 1
ann 5 3 2 6 5 1 3.1088061684464844e-15 26 0
tr 5 3 2 6 5 1 14702.86786740443 2 1
tr 5 3 2 6 5 1 14768.50567038393 3 2
tr 5 3 2 6 5 1 7.180408918059123e6 4 1
ann 5 3 2 6 5 2 3.907324891122106e-15 26 0
tr 5 3 2 6 5 2 38595.02815193667 2 1
tr 5 3 2 6 5 2 15315.487361879632 3 2
tr 5 3 2 6 5 2 1.6084115976452394e6 4 1
ann 5 3 2 6 5 3 4.621103620076996e-15 26 0
tr 5 3 2 6 5 3 68613.38338122069 2 1
tr 5 3 2 6 5 3 7657.743680939812 3 2
tr 5 3 2 6 5 3 482523.4792935706 4 1
ann 5 3 2 6 5 4 4.970928455427264e-15 26 0
tr 5 3 2 6 5 4 77190.05630387322 2 1
tr 5 3 2 6 5 4 7.720375668697155e6 4 1
ann 5 3 2 6 5 5 4.493409144940842e-15 26 0
tr 5 3 2 6 5 5 22973.23104281943 3 2
tr 5 3 2 6 5 5 1.6888321775275055e7 4 1
tr 5 3 2 6 5 5 2.292717622825216e6 5 2
tr 5 3 2 6 5 5 5.415023654221181e8 6 1
ann 5 3 2 7 1 1 3.565094507112071e-9 18 0
tr 5 3 2 7 1 1 282.7941506036132 2 1
tr 5 3 2 7 1 1 14.027487629147474 3 2
tr 5 3 2 7 1 1 5899.451294381877 4 1
ann 5 3 2 7 2 1 2.6401932319870914e-10 20 0
tr 5 3 2 7 2 1 3732.752448311666 3 1
tr 5 3 2 7 2 1 580.650380848482 4 2
tr 5 3 2 7 2 1 1.4785229426125656e6 5 1
ann 5 3 2 7 2 2 2.568536678169824e-10 20 0
tr 5 3 2 7 2 2 0.9651874725514719 2 2
tr 5 3 2 7 2 2 4977.003264415542 3 1
tr 5 3 2 7 2 2 237.00015544835983 4 2
tr 5 3 2 7 2 2 308025.6130442842 5 1
ann 5 3 2 7 3 1 1.0092705038720533e-11 22 0
tr 5 3 2 7 3 1 422.8339202262301 2 1
tr 5 3 2 7 3 1 23792.03698372349 4 1
ann 5 3 2 7 3 2 1.7236536833377233e-11 22 0
tr 5 3 2 7 3 2 100.67474291100721 3 2
tr 5 3 2 7 3 2 36431.55663132654 4 1
tr 5 3 2 7 3 2 2523.3978619100644 5 2
tr 5 3 2 7 3 2 1.1181857829751702e8 6 1
ann 5 3 2 7 3 3 1.1075662786741808e-11 22 0
tr 5 3 2 7 3 3 704.7232003770488 2 1
tr 5 3 2 7 3 3 201.34948582201446 3 2
tr 5 3 2 7 3 3 22305.03467224073 4 1
ann 5 3 2 7 4 1 2.95144431636108e-13 24 0
tr 5 3 2 7 4 1 50.84561359476097 2 2
tr 5 3 2 7 4 1 229.80326392260253 3 1
tr 5 3 2 7 4 1 2.6598649940288145e7 5 1
ann 5 3 2 7 4 2 4.121922727814171e-13 24 0
tr 5 3 2 7 4 2 49.80794801119444 2 2
tr 5 3 2 7 4 2 21.544055992743893 3 1
tr 5 3 2 7 4 2 36.932667416132546 4 2
tr 5 3 2 7 4 2 4.0855526308282495e7 5 1
ann 5 3 2 7 4 3 5.039612161364445e-13 24 0
tr 5 3 2 7 4 3 7.263659084965855 2 2
tr 5 3 2 7 4 3 100.53892796613862 3 1
tr 5 3 2 7 4 3 103.41146876517095 4 2
tr 5 3 2 7 4 3 3.604649039907847e7 5 1
ann 5 3 2 7 4 4 3.853886584961051e-13 24 0
tr 5 3 2 7 4 4 58.10927267972678 2 2
tr 5 3 2 7 4 4 502.694639830692 3 1
tr 5 3 2 7 4 4 103.411468765171 4 2
tr 5 3 2 7 4 4 1.6682673242548715e7 5 1
ann 5 3 2 7 5 1 4.310422501193037e-15 26 0
tr 5 3 2 7 5 1 388.4039927377567 2 1
tr 5 3 2 7 5 1 390.1379391339078 3 2
tr 5 3 2 7 5 1 2.7687448280283967e6 4 1
ann 5 3 2 7 5 2 5.417584828745814e-15 26 0
tr 5 3 2 7 5 2 1019.5604809366126 2 1
tr 5 3 2 7 5 2 404.5874924351637 3 2
tr 5 3 2 7 5 2 620198.8414783592 4 1
ann 5 3 2 7 5 3 6.4072534403691975e-15 26 0
tr 5 3 2 7 5 3 1812.5519661095316 2 1
tr 5 3 2 7 5 3 202.2937462175818 3 2
tr 5 3 2 7 5 3 186059.65244350734 4 1
ann 5 3 2 7 5 4 6.8922926314787846e-15 26 0
tr 5 3 2 7 5 4 2039.120961873222 2 1
tr 5 3 2 7 5 4 2.9769544390961267e6 4 1
ann 5 3 2 7 5 5 6.230202474222109e-15 26 0
tr 5 3 2 7 5 5 606.8812386527452 3 2
tr 5 3 2 7 5 5 6.512087835522791e6 4 1
tr 5 3 2 7 5 5 884065.2576709712 5 2
tr 5 3 2 7 5 5 8.172440509296387e8 6 1
ann 5 3 2 7 6 1 2.110127213484139e-17 28 0
tr 5 3 2 7 6 1 350063.2040487653 3 1
tr 5 3 2 7 6 1 263558.6967371593 4 2
tr 5 3 2 7 6 1 1.7929327256291604e8 5 1
ann 5 3 2 7 6 2 2.5765638120237792e-17 28 0
tr 5 3 2 7 6 2 746801.5019707006 3 1
tr 5 3 2 7 6 2 278805.8940690614 4 2
tr 5 3 2 7 6 2 5.9764424187639e7 5 1
ann 5 3 2 7 6 3 2.985635612467878e-17 28 0
tr 5 3 2 7 6 3 1.2602275345755555e6 3 1
tr 5 3 2 7 6 3 196035.39426730847 4 2
ann 5 3 2 7 6 4 3.271674059704731e-17 28 0
tr 5 3 2 7 6 4 1.680303379434075e6 3 1
tr 5 3 2 7 6 4 52276.10513794915 4 2
tr 5 3 2 7 6 4 7.68399739555357e7 5 1
ann 5 3 2 7 6 5 3.363559288050819e-17 28 0
tr 5 3 2 7 6 5 1.5402780978145706e6 3 1
tr 5 3 2 7 6 5 20537.04130419426 4 2
tr 5 3 2 7 6 5 2.8174657117029715e8 5 1
ann 5 3 2 7 6 6 3.192584453568484e-17 28 0
tr 5 3 2 7 6 6 492888.99130066164 4 2
tr 5 3 2 7 6 6 4.226198567554454e8 5 1
tr 5 3 2 7 6 6 3.860092883166619e7 6 2
tr 5 3 2 7 6 6 1.097641314503961e10 7 1
ann 5 3 2 9 8 2 3.9657396826375405e-22 32 0
tr 5 3 2 9 8 2 1.0550043455826288e8 5 1
tr 5 3 2 9 8 2 2.5910450350258846e7 6 2
tr 5 3 2 9 8 2 1.4820944949277987e10 7 1
ann 5 3 2 9 8 4 5.168335873997692e-22 32 0
tr 5 3 2 9 8 4 2.2104852955064663e8 5 1
tr 5 3 2 9 8 4 1.5268658242116824e7 6 2
tr 5 3 2 9 8 4 7.763352116288532e8 7 1
ann 5 3 2 9 8 6 5.7052831400974915e-22 32 0
tr 5 3 2 9 8 6 2.793807804042887e8 5 1
tr 5 3 2 9 8 6 3.776376773076015e10 7 1
ann 5 3 2 9 8 8 5.041368734263583e-22 32 0
tr 5 3 2 9 8 8 5.613930909222749e7 6 2
tr 5 3 2 9 8 8 6.679305857141249e10 7 1
tr 5 3 2 9 8 8 3.055891568626717e9 8 2
tr 5 3 2 9 8 8 1.2375819389729307e12 9 1
ann 5 3 2 11 10 2 1.9491298181183663e-27 36 0
tr 5 3 2 11 10 2 4.499118183203536e9 7 1
tr 5 3 2 11 10 2 7.351500299352169e8 8 2
tr 5 3 2 11 10 2 8.406107091710742e11 9 1
ann 5 3 2 11 10 4 2.5943485756992513e-27 36 0
tr 5 3 2 11 10 4 8.529578222323371e9 7 1
tr 5 3 2 11 10 4 5.807174715634078e8 8 2
tr 5 3 2 11 10 4 2.2076644887320957e10 9 1
ann 5 3 2 11 10 6 3.064225775741174e-27 36 0
tr 5 3 2 11 10 6 1.2406659232470354e10 7 1
tr 5 3 2 11 10 6 1.6893599172753632e8 8 2
tr 5 3 2 11 10 6 6.065012331681597e11 9 1
ann 5 3 2 11 10 8 3.112739420084866e-27 36 0
tr 5 3 2 11 10 8 1.2168069631845928e10 7 1
tr 5 3 2 11 10 8 7.100880970965104e7 8 2
tr 5 3 2 11 10 8 2.5664359610610713e12 9 1
ann 5 3 2 11 10 10 2.4238059460659417e-27 36 0
tr 5 3 2 11 10 10 1.7988898459778414e9 8 2
tr 5 3 2 11 10 10 2.8545413754225957e12 9 1
tr 5 3 2 11 10 10 7.356213255547499e10 10 2
tr 5 3 2 11 10 10 4.009081016365757e13 11 1
ann 5 3 2 13 12 2 3.910848529461553e-33 40 0
tr 5 3 2 13 12 2 7.454711771456331e10 9 1
tr 5 3 2 13 12 2 8.561916896425908e9 10 2
tr 5 3 2 13 12 2 1.672805764451355e13 11 1
ann 5 3 2 13 12 4 5.2272106077571515e-33 40 0
tr 5 3 2 13 12 4 1.3011860546541994e11 9 1
tr 5 3 2 13 12 4 7.627889598633963e9 10 2
tr 5 3 2 13 12 4 2.339588481750128e12 11 1
ann 5 3 2 13 12 6 6.393500759493569e-33 40 0
tr 5 3 2 13 12 6 1.9142448688662723e11 9 1
tr 5 3 2 13 12 6 4.187726785704418e9 10 2
tr 5 3 2 13 12 6 2.651533612650174e12 11 1
ann 5 3 2 13 12 8 7.052845486803114e-33 40 0
tr 5 3 2 13 12 8 2.3092477783148737e11 9 1
tr 5 3 2 13 12 8 4.144104631686628e8 10 2
tr 5 3 2 13 12 8 2.3813668474956957e13 11 1
ann 5 3 2 13 12 10 6.704197128298343e-33 40 0
tr 5 3 2 13 12 10 1.9611626352600586e11 9 1
tr 5 3 2 13 12 10 2.502714169724484e9 10 2
tr 5 3 2 13 12 10 5.361556937344113e13 11 1
ann 5 3 2 13 12 12 4.680479239275268e-33 40 0
tr 5 3 2 13 12 12 2.2722010225130245e10 10 2
tr 5 3 2 13 12 12 4.603790223532804e13 11 1
tr 5 3 2 13 12 12 7.295947459985105e11 12 2
tr 5 3 2 13 12 12 5.091963868796202e14 13 1
ann 5 3 3 5 3 3 1.0678956421063128e-11 22 0
ann 5 3 3 5 4 1 2.331580381350074e-13 24 0
tr 5 3 3 5 4 1 51.42857142857128 2 2
tr 5 3 3 5 4 1 143494.8979591834 3 1
ann 5 3 3 5 4 2 3.32476407331163e-13 24 0
tr 5 3 3 5 4 2 231.4285714285711 2 2
tr 5 3 3 5 4 2 258290.81632653033 3 1
ann 5 3 3 5 4 3 4.997760473795428e-13 24 0
tr 5 3 3 5 4 3 540.0000000000001 2 2
tr 5 3 3 5 4 3 301339.2857142853 3 1
ann 5 3 3 5 4 4 8.073301874069205e-13 24 0
tr 5 3 3 5 4 4 719.9999999999993 2 2
tr 5 3 3 5 4 4 200892.85714285684 3 1
ann 5 3 3 6 1 1 5.61864203695989e-9 18 0
tr 5 3 3 6 1 1 5939.278041628735 2 1
tr 5 3 3 6 1 1 117.84281828628443 3 2
tr 5 3 3 6 1 1 684286.8667986342 4 1
ann 5 3 3 6 2 1 3.2286676107981143e-10 20 0
tr 5 3 3 6 2 1 8.125416665020976 2 2
tr 5 3 3 6 2 1 279431.855782438 3 1
tr 5 3 3 6 2 1 14370.7811545254 4 2
tr 5 3 3 6 2 1 2.402142127024002e7 5 1
ann 5 3 3 6 2 2 5.297020423529324e-10 20 0
tr 5 3 3 6 2 2 8.12541666502098 2 2
tr 5 3 3 6 2 2 111772.74231297524 3 1
tr 5 3 3 6 2 2 3193.506923227838 4 2
tr 5 3 3 6 2 2 3.43163161003428e6 5 1
ann 5 3 3 6 3 1 1.1389591908299621e-11 22 0
tr 5 3 3 6 3 1 4831.949139277783 2 1
tr 5 3 3 6 3 1 3451.3922423412764 3 2
tr 5 3 3 6 3 1 1.1283682906485507e7 4 1
ann 5 3 3 6 3 2 1.5522400010097437e-11 22 0
tr 5 3 3 6 3 2 12079.872848194453 2 1
tr 5 3 3 6 3 2 3451.392242341281 3 2
tr 5 3 3 6 3 2 6.268712725825276e6 4 1
ann 5 3 3 6 3 3 3.1044800020194886e-11 22 0
tr 5 3 3 6 3 3 12079.872848194453 2 1
tr 5 3 3 6 3 3 1725.6961211706341 3 2
tr 5 3 3 6 3 3 1.8806138177475852e6 4 1
ann 5 3 3 6 4 1 2.6150225822789314e-13 24 0
tr 5 3 3 6 4 1 51.72642455946459 2 2
tr 5 3 3 6 4 1 360096.6191425586 3 1
tr 5 3 3 6 4 1 205769.49665289093 4 2
tr 5 3 3 6 4 1 2.4310151293507615e8 5 1
ann 5 3 3 6 4 2 3.7289442287795187e-13 24 0
tr 5 3 3 6 4 2 232.76891051759097 2 2
tr 5 3 3 6 4 2 648173.9144566058 3 1
tr 5 3 3 6 4 2 205769.49665289064 4 2
tr 5 3 3 6 4 2 1.5627954402969143e8 5 1
ann 5 3 3 6 4 3 5.605321086847097e-13 24 0
tr 5 3 3 6 4 3 543.1274578743798 2 2
tr 5 3 3 6 4 3 756202.9001993734 3 1
tr 5 3 3 6 4 3 144038.64765702368 4 2
tr 5 3 3 6 4 3 7.293045388052304e7 5 1
ann 5 3 3 6 4 4 9.054745509799938e-13 24 0
tr 5 3 3 6 4 4 724.1699438325056 2 2
tr 5 3 3 6 4 4 504135.2667995821 3 1
tr 5 3 3 6 4 4 57615.45906280936 4 2
ann 5 3 3 6 5 1 2.0457972199365207e-15 26 0
tr 5 3 3 6 5 1 612.6194944751818 2 1
tr 5 3 3 6 5 1 2734.9084574785006 3 2
tr 5 3 3 6 5 1 7.754841631503827e6 4 1
ann 5 3 3 6 5 2 3.0105708832878387e-15 26 0
tr 5 3 3 6 5 2 4288.336461326287 2 1
tr 5 3 3 6 5 2 7657.743680939807 3 2
tr 5 3 3 6 5 2 1.2063086982339315e7 4 1
ann 5 3 3 6 5 3 4.360328659156274e-15 26 0
tr 5 3 3 6 5 3 17153.345845305157 2 1
tr 5 3 3 6 5 3 15315.487361879615 3 2
tr 5 3 3 6 5 3 1.4475704378807154e7 4 1
ann 5 3 3 6 5 4 6.2469306806210905e-15 26 0
tr 5 3 3 6 5 4 51460.03753591548 2 1
tr 5 3 3 6 5 4 22973.231042819418 3 2
tr 5 3 3 6 5 4 1.302813394092647e7 4 1
ann 5 3 3 6 5 5 8.877212984141478e-15 26 0
tr 5 3 3 6 5 5 128650.09383978866 2 1
tr 5 3 3 6 5 5 22973.231042819436 3 2
tr 5 3 3 6 5 5 7.237852189403564e6 4 1
ann 5 3 3 7 1 1 3.565090883166307e-9 18 0
tr 5 3 3 7 1 1 424.1912259054194 2 1
tr 5 3 3 7 1 1 8.41649257748848 3 2
tr 5 3 3 7 1 1 1966.4837647939603 4 1
ann 5 3 3 7 2 1 2.1165646302685954e-10 20 0
tr 5 3 3 7 2 1 0.9651874725514715 2 2
tr 5 3 3 7 2 1 6221.254080519431 3 1
tr 5 3 3 7 2 1 319.9502098552853 4 2
tr 5 3 3 7 2 1 431235.8582619974 5 1
ann 5 3 3 7 2 2 3.472480773972302e-10 20 0
tr 5 3 3 7 2 2 0.9651874725514719 2 2
tr 5 3 3 7 2 2 2488.501632207772 3 1
tr 5 3 3 7 2 2 71.10004663450721 4 2
tr 5 3 3 7 2 2 61605.12260885661 5 1
ann 5 3 3 7 3 1 8.12678954267796e-12 22 0
tr 5 3 3 7 3 1 281.8892801508196 2 1
tr 5 3 3 7 3 1 201.3494858220142 3 2
tr 5 3 3 7 3 1 40149.06241003333 4 1
ann 5 3 3 7 3 2 1.1075662786741813e-11 22 0
tr 5 3 3 7 3 2 704.7232003770488 2 1
tr 5 3 3 7 3 2 201.34948582201446 3 2
tr 5 3 3 7 3 2 22305.03467224073 4 1
ann 5 3 3 7 3 3 2.2151325573483612e-11 22 0
tr 5 3 3 7 3 3 704.7232003770488 2 1
tr 5 3 3 7 3 3 100.67474291100685 3 2
tr 5 3 3 7 3 3 6691.510401672223 4 1
ann 5 3 3 7 4 1 2.261916974944296e-13 24 0
tr 5 3 3 7 4 1 6.225993501399282 2 2
tr 5 3 3 7 4 1 215.4405599274394 3 1
tr 5 3 3 7 4 1 123.10889138710843 4 2
tr 5 3 3 7 4 1 4.468573189968405e7 5 1
ann 5 3 3 7 4 2 3.2254261781296093e-13 24 0
tr 5 3 3 7 4 2 28.016970756296804 2 2
tr 5 3 3 7 4 2 387.79300786939115 3 1
tr 5 3 3 7 4 2 123.10889138710829 4 2
tr 5 3 3 7 4 2 2.8726541935511105e7 5 1
ann 5 3 3 7 4 3 4.848436532089827e-13 24 0
tr 5 3 3 7 4 3 65.37293176469267 2 2
tr 5 3 3 7 4 3 452.4251758476228 3 1
tr 5 3 3 7 4 3 86.17622397097591 4 2
tr 5 3 3 7 4 3 1.3405719569905248e7 5 1
ann 5 3 3 7 4 4 7.832086373476158e-13 24 0
tr 5 3 3 7 4 4 87.1639090195901 2 2
tr 5 3 3 7 4 4 301.6167838984151 3 1
tr 5 3 3 7 4 4 3.5748585519746915e6 5 1
ann 5 3 3 7 5 1 2.83653912190851e-15 26 0
tr 5 3 3 7 5 1 16.183499697406457 2 1
tr 5 3 3 7 5 1 72.24776650627913 3 2
tr 5 3 3 7 5 1 2.9902444142706585e6 4 1
tr 5 3 3 7 5 1 1.2892618341035005e6 5 2
tr 5 3 3 7 5 1 3.1781713091708126e9 6 1
ann 5 3 3 7 5 2 4.174217283399969e-15 26 0
tr 5 3 3 7 5 2 113.28449788184557 2 1
tr 5 3 3 7 5 2 202.29374621758166 3 2
tr 5 3 3 7 5 2 4.651491311087702e6 4 1
tr 5 3 3 7 5 2 1.2892618341034981e6 5 2
tr 5 3 3 7 5 2 2.224719916419569e9 6 1
ann 5 3 3 7 5 3 6.0456836914764536e-15 26 0
tr 5 3 3 7 5 3 453.13799152738267 2 1
tr 5 3 3 7 5 3 404.5874924351634 3 2
tr 5 3 3 7 5 3 5.581789573305234e6 4 1
tr 5 3 3 7 5 3 1.0314094672828009e6 5 2
ann 5 3 3 7 5 4 8.661495485209358e-15 26 0
tr 5 3 3 7 5 4 1359.413974582148 2 1
tr 5 3 3 7 5 4 606.8812386527447 3 2
tr 5 3 3 7 5 4 5.0236106159747215e6 4 1
ann 5 3 3 7 5 5 1.2308435001690241e-14 26 0
tr 5 3 3 7 5 5 3398.534936455369 2 1
tr 5 3 3 7 5 5 606.8812386527454 3 2
tr 5 3 3 7 5 5 2.790894786652612e6 4 1
ann 5 3 3 7 6 1 1.1923959059819129e-17 28 0
tr 5 3 3 7 6 1 23337.546936584444 3 1
tr 5 3 3 7 6 1 58810.61828019256 4 2
tr 5 3 3 7 6 1 2.0917548465673548e8 5 1
tr 5 3 3 7 6 1 6.877983682733244e7 6 2
ann 5 3 3 7 6 2 1.760522336338755e-17 28 0
tr 5 3 3 7 6 2 93350.18774633705 3 1
tr 5 3 3 7 6 2 130690.26284487252 4 2
tr 5 3 3 7 6 2 2.9882212093819356e8 5 1
ann 5 3 3 7 6 3 2.5277808382383035e-17 28 0
tr 5 3 3 7 6 3 280050.56323901284 3 1
tr 5 3 3 7 6 3 235242.47312077062 4 2
tr 5 3 3 7 6 3 3.585865451258326e8 5 1
ann 5 3 3 7 6 4 3.540061995363682e-17 28 0
tr 5 3 3 7 6 4 700126.4080975297 3 1
tr 5 3 3 7 6 4 352863.7096811559 4 2
tr 5 3 3 7 6 4 3.5858654512583226e8 5 1
ann 5 3 3 7 6 5 4.8472486817185695e-17 28 0
tr 5 3 3 7 6 5 1.5402780978145706e6 3 1
tr 5 3 3 7 6 5 431277.8673880793 4 2
tr 5 3 3 7 6 5 2.8174657117029667e8 5 1
ann 5 3 3 7 6 6 6.501912909868666e-17 28 0
tr 5 3 3 7 6 6 3.080556195629136e6 3 1
tr 5 3 3 7 6 6 369666.74347549625 4 2
tr 5 3 3 7 6 6 1.4087328558514804e8 5 1
ann 5 3 3 9 8 2 2.10835656152996e-22 32 0
tr 5 3 3 9 8 2 1.4652838133092014e7 5 1
tr 5 3 3 9 8 2 1.1335822028238246e7 6 2
tr 5 3 3 9 8 2 4.9798375029573715e10 7 1
tr 5 3 3 9 8 2 7.85800689075441e9 8 2
ann 5 3 3 9 8 4 4.0680375118500473e-22 32 0
tr 5 3 3 9 8 4 6.4472487785605e7 5 1
tr 5 3 3 9 8 4 2.54477637368614e7 6 2
tr 5 3 3 9 8 4 6.288315214193621e10 7 1
ann 5 3 3 9 8 6 7.21840745927811e-22 32 0
tr 5 3 3 9 8 6 2.0953558530321625e8 5 1
tr 5 3 3 9 8 6 3.85957750009064e7 6 2
tr 5 3 3 9 8 6 5.086548306592169e10 7 1
ann 5 3 3 9 8 8 1.1956209258519705e-21 32 0
tr 5 3 3 9 8 8 5.587615608085779e8 5 1
tr 5 3 3 9 8 8 2.806965454611377e7 6 2
tr 5 3 3 9 8 8 1.5413782747248974e10 7 1
ann 5 3 3 11 10 2 8.559737251868647e-28 36 0
tr 5 3 3 11 10 2 6.561214017171816e8 7 1
tr 5 3 3 11 10 2 3.101414188789189e8 8 2
tr 5 3 3 11 10 2 2.3159682803692686e12 9 1
tr 5 3 3 11 10 2 2.602636853570896e11 10 2
tr 5 3 3 11 10 2 5.442244188559688e14 11 1
ann 5 3 3 11 10 4 1.575423721591928e-27 36 0
tr 5 3 3 11 10 4 2.132394555580842e9 7 1
tr 5 3 3 11 10 4 6.097533451415789e8 8 2
tr 5 3 3 11 10 4 2.9141171251263706e12 9 1
ann 5 3 3 11 10 6 2.7117557596752305e-27 36 0
tr 5 3 3 11 10 6 5.686385481548906e9 7 1
tr 5 3 3 11 10 6 9.502649534673979e8 8 2
tr 5 3 3 11 10 6 2.838425771226986e12 9 1
ann 5 3 3 11 10 8 4.418426534448722e-27 36 0
tr 5 3 3 11 10 8 1.3182075434499748e10 7 1
tr 5 3 3 11 10 8 1.1183887529270148e9 8 2
tr 5 3 3 11 10 8 1.9089193098801218e12 9 1
ann 5 3 3 11 10 10 6.877548681025028e-27 36 0
tr 5 3 3 11 10 10 2.7523014643461018e10 7 1
tr 5 3 3 11 10 10 6.745836922416899e8 8 2
tr 5 3 3 11 10 10 5.037425956628101e11 9 1
ann 5 3 3 13 12 2 1.4904275885630735e-33 40 0
tr 5 3 3 13 12 2 1.118206765718445e10 9 1
tr 5 3 3 13 12 2 3.5317907197756753e9 10 2
tr 5 3 3 13 12 2 4.089080757547762e13 11 1
tr 5 3 3 13 12 2 3.4115042866254404e12 12 2
tr 5 3 3 13 12 2 1.0960115330163398e16 13 1
ann 5 3 3 13 12 4 2.619075074536667e-33 40 0
tr 5 3 3 13 12 4 2.9818847085825333e10 9 1
tr 5 3 3 13 12 4 6.304684260095429e9 10 2
tr 5 3 3 13 12 4 5.069108377125333e13 11 1
ann 5 3 3 13 12 6 4.358680809464424e-33 40 0
tr 5 3 3 13 12 6 6.912550915350433e10 9 1
tr 5 3 3 13 12 6 9.61868496091483e9 10 2
tr 5 3 3 13 12 6 5.303067225300352e13 11 1
ann 5 3 3 13 12 8 6.933643255517181e-33 40 0
tr 5 3 3 13 12 8 1.4432798614467947e11 9 1
tr 5 3 3 13 12 8 1.2432313895059992e10 10 2
tr 5 3 3 13 12 8 4.498137378602981e13 11 1
ann 5 3 3 13 12 10 1.0618784850828987e-32 40 0
tr 5 3 3 13 12 10 2.7783137332850793e11 9 1
tr 5 3 3 13 12 10 1.2669990484230274e10 10 2
tr 5 3 3 13 12 10 2.7165221815876793e13 11 1
ann 5 3 3 13 12 12 1.5744725577808548e-32 40 0
tr 5 3 3 13 12 12 5.0118600678868054e11 9 1
tr 5 3 3 13 12 12 6.816603067539058e9 10 2
tr 5 3 3 13 12 12 6.5768431764753955e12 11 1
ann 5 4 1 5 4 1 1.6044548917760953e-15 26 0
ann 5 4 1 5 4 2 5.479677051472824e-15 26 0
tr 5 4 1 5 4 2 7438.775510204087 2 1
ann 5 4 1 5 4 3 3.648019205342993e-15 26 0
tr 5 4 1 5 4 3 11571.428571428552 2 1
tr 5 4 1 5 4 3 8265.306122448977 3 2
ann 5 4 1 5 4 4 2.7427979294300353e-15 26 0
tr 5 4 1 5 4 4 2755.102040816324 3 2
tr 5 4 1 5 4 4 1.7578125000000014e6 4 1
ann 5 4 1 6 1 1 6.077450981066512e-11 20 0
tr 5 4 1 6 1 1 27693.983596457114 3 1
tr 5 4 1 6 1 1 2584.7718023359994 4 2
tr 5 4 1 6 1 1 2.812960151129377e7 5 1
ann 5 4 1 6 2 1 5.706888486113585e-12 22 0
tr 5 4 1 6 2 1 685.728965913378 2 1
tr 5 4 1 6 2 1 68.02866725331118 3 2
tr 5 4 1 6 2 1 103642.84899135424 4 1
ann 5 4 1 6 2 2 5.09536273232146e-12 22 0
tr 5 4 1 6 2 2 114.28816098556229 2 1
tr 5 4 1 6 2 2 90.70488967108165 3 2
tr 5 4 1 6 2 2 2.0728569798270646e6 4 1
ann 5 4 1 6 3 1 2.8711750399515893e-13 24 0
tr 5 4 1 6 3 1 1.0345284911892951 2 2
tr 5 4 1 6 3 1 23204.304489975442 3 1
tr 5 4 1 6 3 1 14320.370770956182 4 2
ann 5 4 1 6 3 2 2.2110999328276003e-13 24 0
tr 5 4 1 6 3 2 3.3794597378850306 2 2
tr 5 4 1 6 3 2 49502.5162452806 3 1
tr 5 4 1 6 3 2 3.497173549794741e7 5 1
ann 5 4 1 6 3 3 1.6945345921812558e-13 24 0
tr 5 4 1 6 3 3 0.41381139647571674 2 2
tr 5 4 1 6 3 3 46408.60897995046 3 1
tr 5 4 1 6 3 3 26519.20513140031 4 2
tr 5 4 1 6 3 3 5.8752515636551574e7 5 1
ann 5 4 1 6 4 1 7.198011812514007e-15 26 0
tr 5 4 1 6 4 1 3150.614543015253 2 1
tr 5 4 1 6 4 1 1135.3425614721261 3 2
tr 5 4 1 6 4 1 586243.409926188 4 1
ann 5 4 1 6 4 2 6.145822556761706e-15 26 0
tr 5 4 1 6 4 2 2649.13264343496 2 1
tr 5 4 1 6 4 2 336.397795991741 3 2
tr 5 4 1 6 4 2 2.6055262663385984e6 4 1
ann 5 4 1 6 4 3 4.091496364973861e-15 26 0
tr 5 4 1 6 4 3 4120.873000898817 2 1
tr 5 4 1 6 4 3 2943.4807149277303 3 2
tr 5 4 1 6 4 3 506630.1073436151 4 1
ann 5 4 1 6 4 4 3.0762303946898126e-15 26 0
tr 5 4 1 6 4 4 981.1602383092427 3 2
tr 5 4 1 6 4 4 3.5464107514053145e6 4 1
tr 5 4 1 6 4 4 1.3373670173649658e6 5 2
tr 5 4 1 6 4 4 7.947308369708004e8 6 1
ann 5 4 1 6 5 1 6.417541826435831e-17 28 0
tr 5 4 1 6 5 1 191.51601820363825 2 2
tr 5 4 1 6 5 1 136605.61554862093 3 1
tr 5 4 1 6 5 1 71519.28348667387 4 2
ann 5 4 1 6 5 2 6.250145456097731e-17 28 0
tr 5 4 1 6 5 2 223.43535457091107 2 2
tr 5 4 1 6 5 2 226036.2539825741 3 1
tr 5 4 1 6 5 2 3.481575293140201e7 5 1
ann 5 4 1 6 5 3 4.938333260981622e-17 28 0
tr 5 4 1 6 5 3 1340.612127425465 2 2
tr 5 4 1 6 5 3 13244.31175679141 3 1
tr 5 4 1 6 5 3 92710.18229754023 4 2
ann 5 4 1 6 5 4 3.40770142785181e-17 28 0
tr 5 4 1 6 5 4 357596.41743336944 3 1
tr 5 4 1 6 5 4 119198.80581112303 4 2
ann 5 4 1 6 5 5 2.3499518577183893e-17 28 0
tr 5 4 1 6 5 5 95359.04464889839 4 2
tr 5 4 1 6 5 5 7.162097745888412e7 5 1
tr 5 4 1 6 5 5 1.8171283309423048e7 6 2
ann 5 4 1 7 1 1 3.856210228554743e-11 20 0
tr 5 4 1 7 1 1 954.4755721576792 3 1
tr 5 4 1 7 1 1 89.08438673471682 4 2
tr 5 4 1 7 1 1 27869.399210883214 5 1
ann 5 4 1 7 2 1 3.7411712142311495e-12 22 0
tr 5 4 1 7 2 1 44.30835710343863 2 1
tr 5 4 1 7 2 1 4.39567034756335 3 2
tr 5 4 1 7 2 1 401.2143246560957 4 1
ann 5 4 1 7 2 2 3.340283290551346e-12 22 0
tr 5 4 1 7 2 2 7.384726183906391 2 1
tr 5 4 1 7 2 2 5.860893796751134 3 2
tr 5 4 1 7 2 2 8024.286493121839 4 1
ann 5 4 1 7 3 1 2.0486629784910556e-13 24 0
tr 5 4 1 7 3 1 0.10271841130254737 2 2
tr 5 4 1 7 3 1 468.31280890894254 3 1
tr 5 4 1 7 3 1 289.0159049266598 4 2
tr 5 4 1 7 3 1 3760.347016135353 5 1
ann 5 4 1 7 3 2 1.5776810901045906e-13 24 0
tr 5 4 1 7 3 2 0.33554681025498806 2 2
tr 5 4 1 7 3 2 999.0673256724041 3 1
tr 5 4 1 7 3 2 783405.628361503 5 1
ann 5 4 1 7 3 3 1.2090973904664467e-13 24 0
tr 5 4 1 7 3 3 0.04108736452101882 2 2
tr 5 4 1 7 3 3 936.6256178178767 3 1
tr 5 4 1 7 3 3 535.2146387530732 4 2
tr 5 4 1 7 3 3 1.3161214556473237e6 5 1
ann 5 4 1 7 4 1 6.226066739288398e-15 26 0
tr 5 4 1 7 4 1 147.58476283029424 2 1
tr 5 4 1 7 4 1 53.18304107923092 3 2
tr 5 4 1 7 4 1 6597.867147777883 4 1
ann 5 4 1 7 4 2 5.315954248261307e-15 26 0
tr 5 4 1 7 4 2 124.09376251820542 2 1
tr 5 4 1 7 4 2 15.757938097549893 3 2
tr 5 4 1 7 4 2 29323.853990123756 4 1
ann 5 4 1 7 4 3 3.539023018084737e-15 26 0
tr 5 4 1 7 4 3 193.0347416949857 2 1
tr 5 4 1 7 4 3 137.88195835356143 3 2
tr 5 4 1 7 4 3 5701.860498079606 4 1
ann 5 4 1 7 4 4 2.6608480342257364e-15 26 0
tr 5 4 1 7 4 4 45.960652784520434 3 2
tr 5 4 1 7 4 4 39913.023486557344 4 1
tr 5 4 1 7 4 4 15051.375860250566 5 2
tr 5 4 1 7 4 4 2.1969631253554112e8 6 1
ann 5 4 1 7 5 1 8.898051263494745e-17 28 0
tr 5 4 1 7 5 1 14.380577582356649 2 2
tr 5 4 1 7 5 1 2464.4449565033206 3 1
tr 5 4 1 7 5 1 1290.249575565446 4 2
tr 5 4 1 7 5 1 2.644762497079644e6 5 1
ann 5 4 1 7 5 2 8.665952820717367e-17 28 0
tr 5 4 1 7 5 2 16.777340512749408 2 2
tr 5 4 1 7 5 2 4077.825819071037 3 1
tr 5 4 1 7 5 2 1.5427781232964559e7 5 1
ann 5 4 1 7 5 3 6.847098749682867e-17 28 0
tr 5 4 1 7 5 3 100.66404307649634 2 2
tr 5 4 1 7 5 3 238.93510658619277 3 1
tr 5 4 1 7 5 3 1672.5457461033561 4 2
tr 5 4 1 7 5 3 1.3223812485398242e7 5 1
ann 5 4 1 7 5 4 4.724846813382534e-17 28 0
tr 5 4 1 7 5 4 6451.247877827231 3 1
tr 5 4 1 7 5 4 2150.4159592757424 4 2
ann 5 4 1 7 5 5 3.258255652118643e-17 28 0
tr 5 4 1 7 5 5 1720.3327674205925 4 2
tr 5 4 1 7 5 5 3.1737149964955658e7 5 1
tr 5 4 1 7 5 5 8.052176386142278e6 6 2
tr 5 4 1 7 5 5 7.813467488673903e9 7 1
ann 5 4 1 7 6 1 4.731127217473615e-19 30 0
tr 5 4 1 7 6 1 21895.14431262576 2 1
tr 5 4 1 7 6 1 2172.1373326017588 3 2
tr 5 4 1 7 6 1 1.9162631303559807e6 4 1
ann 5 4 1 7 6 2 4.814709669831172e-19 30 0
tr 5 4 1 7 6 2 23354.82060013413 2 1
tr 5 4 1 7 6 2 289.61831101356745 3 2
tr 5 4 1 7 6 2 3.8325262607119526e6 4 1
ann 5 4 1 7 6 3 4.349920117310419e-19 30 0
tr 5 4 1 7 6 3 13137.08658757544 2 1
tr 5 4 1 7 6 3 6516.41199780528 3 2
tr 5 4 1 7 6 3 1.9162631303559847e6 4 1
ann 5 4 1 7 6 4 3.4570836967474864e-19 30 0
tr 5 4 1 7 6 4 11729.541596049496 3 2
tr 5 4 1 7 6 4 164251.1254590835 4 1
tr 5 4 1 7 6 4 1.8061651032300696e6 5 2
tr 5 4 1 7 6 4 2.687298645382052e8 6 1
ann 5 4 1 7 6 5 2.4323174367002654e-19 30 0
tr 5 4 1 7 6 5 7.227049520199669e6 4 1
tr 5 4 1 7 6 5 981126.722742259 5 2
tr 5 4 1 7 6 5 1.0054518741225252e8 6 1
ann 5 4 1 7 6 6 1.4811288558507382e-19 30 0
tr 5 4 1 7 6 6 1.839612605141734e6 5 2
tr 5 4 1 7 6 6 1.658995592302177e9 6 1
tr 5 4 1 7 6 6 2.929937270549363e8 7 2
tr 5 4 1 7 6 6 8.6476613586353e10 8 1
ann 5 4 1 9 8 2 1.0706907760377503e-23 34 0
tr 5 4 1 9 8 2 2.1233535149722486e6 4 1
tr 5 4 1 9 8 2 6756.124820366236 5 2
tr 5 4 1 9 8 2 3.7264178052932966e8 6 1
ann 5 4 1 9 8 4 9.740430173373425e-24 34 0
tr 5 4 1 9 8 4 1.334679352268273e6 4 1
tr 5 4 1 9 8 4 312132.9667009204 5 2
tr 5 4 1 9 8 4 1.9138812591060942e8 6 1
ann 5 4 1 9 8 6 6.498183954840717e-24 34 0
tr 5 4 1 9 8 6 483062.9246561864 5 2
tr 5 4 1 9 8 6 2.5903125207750013e8 6 1
tr 5 4 1 9 8 6 1.1711303076659356e8 7 2
ann 5 4 1 9 8 8 2.1585771869391132e-24 34 0
tr 5 4 1 9 8 8 1.9982410874549985e8 7 2
tr 5 4 1 9 8 8 2.530294057594118e11 8 1
tr 5 4 1 9 8 8 2.3830006336857e10 9 2
tr 5 4 1 9 8 8 1.0191884334396826e13 10 1
ann 5 4 1 11 10 2 7.790310918623256e-29 38 0
tr 5 4 1 11 10 2 7.94019745912635e7 6 1
tr 5 4 1 11 10 2 740595.585712515 7 2
tr 5 4 1 11 10 2 1.204102140571842e10 8 1
ann 5 4 1 11 10 4 7.597572626833011e-29 38 0
tr 5 4 1 11 10 4 7.168233817266816e7 6 1
tr 5 4 1 11 10 4 2.228644123671932e6 7 2
tr 5 4 1 11 10 4 1.361853426232876e10 8 1
ann 5 4 1 11 10 6 6.175150440650905e-29 38 0
tr 5 4 1 11 10 6 3.1279565748073366e7 6 1
tr 5 4 1 11 10 6 1.0956824928016134e7 7 2
tr 5 4 1 11 10 6 5.2147252491025215e8 8 1
ann 5 4 1 11 10 8 3.699919619969083e-29 38 0
tr 5 4 1 11 10 8 8.011897699980833e6 7 2
tr 5 4 1 11 10 8 1.9180675706013046e10 8 1
tr 5 4 1 11 10 8 1.8064130619430642e9 9 2
tr 5 4 1 11 10 8 9.080727157432251e11 10 1
ann 5 4 1 11 10 10 1.010825444034342e-29 38 0
tr 5 4 1 11 10 10 6.483015766751195e9 9 2
tr 5 4 1 11 10 10 1.092714167944345e13 10 1
tr 5 4 1 11 10 10 6.076555012266846e11 11 2
tr 5 4 1 11 10 10 3.499109592488478e14 12 1
ann 5 4 1 13 12 2 2.2424137083238228e-34 42 0
tr 5 4 1 13 12 2 1.2257607505128276e9 8 1
tr 5 4 1 13 12 2 1.3032170422525194e7 9 2
tr 5 4 1 13 12 2 1.6305788171802267e11 10 1
ann 5 4 1 13 12 4 2.264410866376037e-34 42 0
tr 5 4 1 13 12 4 1.248047309613065e9 8 1
tr 5 4 1 13 12 4 5.307647590264753e6 9 2
tr 5 4 1 13 12 4 2.413107506573261e11 10 1
ann 5 4 1 13 12 6 2.0073328107764e-34 42 0
tr 5 4 1 13 12 6 8.743188570091522e8 8 1
tr 5 4 1 13 12 6 6.427294599592622e7 9 2
tr 5 4 1 13 12 6 1.008665901809977e11 10 1
ann 5 4 1 13 12 8 1.489277656937668e-34 42 0
tr 5 4 1 13 12 8 3.164201577747407e8 8 1
tr 5 4 1 13 12 8 1.2144576765456127e8 9 2
tr 5 4 1 13 12 8 1.3300644898514292e10 10 1
ann 5 4 1 13 12 10 8.085193211839523e-35 42 0
tr 5 4 1 13 12 10 6.1712339323895805e7 9 2
tr 5 4 1 13 12 10 4.003584793307727e11 10 1
tr 5 4 1 13 12 10 9.29547866546475e9 11 2
tr 5 4 1 13 12 10 4.465674203109441e13 12 1
ann 5 4 1 13 12 12 1.9242563498690228e-35 42 0
tr 5 4 1 13 12 12 8.399128937009207e10 11 2
tr 5 4 1 13 12 12 1.799567741543896e14 12 1
tr 5 4 1 13 12 12 6.374510375391964e12 13 2
tr 5 4 1 13 12 12 4.686224109957838e15 14 1
ann 5 4 2 5 4 2 1.7797032271195224e-15 26 0
ann 5 4 2 5 4 3 6.028325793539622e-15 26 0
tr 5 4 2 5 4 3 16071.428571428556 2 1
ann 5 4 2 5 4 4 4.203032535700961e-15 26 0
tr 5 4 2 5 4 4 5142.857142857132 2 1
tr 5 4 2 5 4 4 8265.30612244897 3 2
ann 5 4 2 6 1 1 6.929368172426249e-11 20 0
tr 5 4 2 6 1 1 41540.975394685665 3 1
tr 5 4 2 6 1 1 2326.2946221023963 4 2
tr 5 4 2 6 1 1 1.6877760906776246e7 5 1
ann 5 4 2 6 2 1 5.944432062343349e-12 22 0
tr 5 4 2 6 2 1 914.3052878845021 2 1
tr 5 4 2 6 2 1 11.338111208885234 3 2
tr 5 4 2 6 2 1 839507.0768299623 4 1
ann 5 4 2 6 2 2 6.685746657936401e-12 22 0
tr 5 4 2 6 2 2 342.8644829566882 2 1
tr 5 4 2 6 2 2 136.0573345066223 3 2
tr 5 4 2 6 2 2 1.8655712818443556e6 4 1
ann 5 4 2 6 3 1 2.875064563873725e-13 24 0
tr 5 4 2 6 3 1 0.3448428303964322 2 2
tr 5 4 2 6 3 1 61878.14530660087 3 1
tr 5 4 2 6 3 1 2545.8436926144286 4 2
tr 5 4 2 6 3 1 2.0692076459425464e7 5 1
ann 5 4 2 6 3 2 3.0879739426947257e-13 24 0
tr 5 4 2 6 3 2 3.310491171805746 2 2
tr 5 4 2 6 3 2 4640.860897995038 3 1
tr 5 4 2 6 3 2 7955.761539420098 4 2
tr 5 4 2 6 3 2 5.371658572484711e7 5 1
ann 5 4 2 6 3 3 2.4163557996845024e-13 24 0
tr 5 4 2 6 3 3 1.8621512841407275 2 2
tr 5 4 2 6 3 3 83535.4961639109 3 1
tr 5 4 2 6 3 3 26519.20513140028 4 2
tr 5 4 2 6 3 3 3.776947433778308e7 5 1
ann 5 4 2 6 4 1 6.145822556761701e-15 26 0
tr 5 4 2 6 4 1 2649.13264343496 2 1
tr 5 4 2 6 4 1 336.3977959917409 3 2
tr 5 4 2 6 4 1 2.6055262663385984e6 4 1
ann 5 4 2 6 4 2 7.984222501110456e-15 26 0
tr 5 4 2 6 4 2 697.7139472421313 2 1
tr 5 4 2 6 4 2 2368.8011467751744 3 2
tr 5 4 2 6 4 2 875746.328408252 4 1
ann 5 4 2 6 4 3 6.761168644249275e-15 26 0
tr 5 4 2 6 4 3 5723.434723470584 2 1
tr 5 4 2 6 4 3 588.6961429855455 3 2
tr 5 4 2 6 4 3 506630.1073436155 4 1
ann 5 4 2 6 4 4 4.713980727827354e-15 26 0
tr 5 4 2 6 4 4 1831.4991115105843 2 1
tr 5 4 2 6 4 4 2943.4807149277276 3 2
tr 5 4 2 6 4 4 4.559670966092533e6 4 1
ann 5 4 2 6 5 1 5.319694487554718e-17 28 0
tr 5 4 2 6 5 1 1021.4187637527364 2 2
tr 5 4 2 6 5 1 116613.0116109874 3 1
tr 5 4 2 6 5 1 19866.467635187186 4 2
ann 5 4 2 6 5 2 6.783710882176632e-17 28 0
tr 5 4 2 6 5 2 670.3060637127327 2 2
tr 5 4 2 6 5 2 5297.724702716609 3 1
tr 5 4 2 6 5 2 111252.21875704816 4 2
ann 5 4 2 6 5 3 7.211758339831062e-17 28 0
tr 5 4 2 6 5 3 214557.85046002155 3 1
tr 5 4 2 6 5 3 92710.18229754016 4 2
ann 5 4 2 6 5 4 5.787577605204402e-17 28 0
tr 5 4 2 6 5 4 1340.6121274254645 2 2
tr 5 4 2 6 5 4 211908.98810866312 3 1
ann 5 4 2 6 5 5 4.0931839779873506e-17 28 0
tr 5 4 2 6 5 5 198664.67635187117 3 1
tr 5 4 2 6 5 5 214557.85046002138 4 2
tr 5 4 2 6 5 5 7.162097745888402e7 5 1
ann 5 4 2 7 1 1 4.396761164916082e-11 20 0
tr 5 4 2 7 1 1 1431.7133582365186 3 1
tr 5 4 2 7 1 1 80.17594806124501 4 2
tr 5 4 2 7 1 1 16721.639526529907 5 1
ann 5 4 2 7 2 1 3.896893765668416e-12 22 0
tr 5 4 2 7 2 1 59.07780947125141 2 1
tr 5 4 2 7 2 1 0.7326117245938939 3 2
tr 5 4 2 7 2 1 3249.836029714349 4 1
ann 5 4 2 7 2 2 4.382865181337749e-12 22 0
tr 5 4 2 7 2 2 22.154178551719262 2 1
tr 5 4 2 7 2 2 8.791340695126694 3 2
tr 5 4 2 7 2 2 7221.857843809643 4 1
ann 5 4 2 7 3 1 2.051438261232358e-13 24 0
tr 5 4 2 7 3 1 0.03423947043418251 2 2
tr 5 4 2 7 3 1 1248.834157090507 3 1
tr 5 4 2 7 3 1 51.380605320295025 4 2
tr 5 4 2 7 3 1 463525.44218893285 5 1
ann 5 4 2 7 3 2 2.2033550053497921e-13 24 0
tr 5 4 2 7 3 2 0.3286989161681517 2 2
tr 5 4 2 7 3 2 93.6625617817875 3 1
tr 5 4 2 7 3 2 160.56439162592207 4 2
tr 5 4 2 7 3 2 1.2033110451632661e6 5 1
ann 5 4 2 7 3 3 1.724136833219558e-13 24 0
tr 5 4 2 7 3 3 0.18489314034458496 2 2
tr 5 4 2 7 3 3 1685.9261120721792 3 1
tr 5 4 2 7 3 3 535.2146387530726 4 2
tr 5 4 2 7 3 3 846078.0786304206 5 1
ann 5 4 2 7 4 1 5.315954248261314e-15 26 0
tr 5 4 2 7 4 1 124.09376251820542 2 1
tr 5 4 2 7 4 1 15.757938097549886 3 2
tr 5 4 2 7 4 1 29323.853990123756 4 1
ann 5 4 2 7 4 2 6.9061156666402125e-15 26 0
tr 5 4 2 7 4 2 32.68313086899246 2 1
tr 5 4 2 7 4 2 110.96214743691375 3 2
tr 5 4 2 7 4 2 9856.073146680495 4 1
ann 5 4 2 7 4 3 5.848210366815951e-15 26 0
tr 5 4 2 7 4 3 268.1038079097026 2 1
tr 5 4 2 7 4 3 27.576391670712265 3 2
tr 5 4 2 7 4 3 5701.860498079609 4 1
ann 5 4 2 7 4 4 4.077453515376937e-15 26 0
tr 5 4 2 7 4 4 85.79321853110471 2 1
tr 5 4 2 7 4 4 137.88195835356132 3 2
tr 5 4 2 7 4 4 51316.74448271642 4 1
ann 5 4 2 7 5 1 7.37586378465569e-17 28 0
tr 5 4 2 7 5 1 76.69641377256872 2 2
tr 5 4 2 7 5 1 2103.766724180339 3 1
tr 5 4 2 7 5 1 358.40265987929047 4 2
tr 5 4 2 7 5 1 1.763174998053095e7 5 1
ann 5 4 2 7 5 2 9.405752051608267e-17 28 0
tr 5 4 2 7 5 2 50.332021538248185 2 2
tr 5 4 2 7 5 2 95.57404263447793 3 1
tr 5 4 2 7 5 2 2007.0548953240257 4 2
tr 5 4 2 7 5 2 9.256668739778772e6 5 1
ann 5 4 2 7 5 3 9.999248487289937e-17 28 0
tr 5 4 2 7 5 3 3870.7487266963367 3 1
tr 5 4 2 7 5 3 1672.5457461033552 4 2
ann 5 4 2 7 5 4 8.024593175387498e-17 28 0
tr 5 4 2 7 5 4 100.66404307649634 2 2
tr 5 4 2 7 5 4 3822.9617053790953 3 1
tr 5 4 2 7 5 4 1.3223812485398194e7 5 1
ann 5 4 2 7 5 5 5.675282187413941e-17 28 0
tr 5 4 2 7 5 5 3584.0265987928933 3 1
tr 5 4 2 7 5 5 3870.7487266963326 4 2
tr 5 4 2 7 5 5 3.1737149964955617e7 5 1
ann 5 4 2 7 6 1 3.952695300644876e-19 30 0
tr 5 4 2 7 6 1 7298.3814375419015 2 1
tr 5 4 2 7 6 1 9050.57221917398 3 2
tr 5 4 2 7 6 1 1.7246368173203748e6 4 1
ann 5 4 2 7 6 2 4.823659709602298e-19 30 0
tr 5 4 2 7 6 2 17516.11545010056 2 1
tr 5 4 2 7 6 2 6950.839464325619 3 2
ann 5 4 2 7 6 3 5.35451358791766e-19 30 0
tr 5 4 2 7 6 3 26274.173175150852 2 1
tr 5 4 2 7 6 3 1303.2823995610527 3 2
tr 5 4 2 7 6 3 1.9162631303559847e6 4 1
ann 5 4 2 7 6 4 5.215427896924362e-19 30 0
tr 5 4 2 7 6 4 21895.1443126257 2 1
tr 5 4 2 7 6 4 1737.709866081404 3 2
tr 5 4 2 7 6 4 4.599031512854352e6 4 1
ann 5 4 2 7 6 5 4.2591274764812337e-19 30 0
tr 5 4 2 7 6 5 14336.106395171606 3 2
tr 5 4 2 7 6 5 1.806762380049921e6 4 1
tr 5 4 2 7 6 5 245281.68068556453 5 2
tr 5 4 2 7 6 5 9.652337991576298e8 6 1
ann 5 4 2 7 6 6 2.9880085283571e-19 30 0
tr 5 4 2 7 6 6 4.818033013466437e6 4 1
tr 5 4 2 7 6 6 3.3113026892551235e6 5 2
tr 5 4 2 7 6 6 1.3573600300654144e9 6 1
ann 5 4 2 9 8 2 1.0030053207200693e-23 34 0
tr 5 4 2 9 8 2 1.327095946857653e6 4 1
tr 5 4 2 9 8 2 405367.4892219742 5 2
tr 5 4 2 9 8 2 1.264691682107578e7 6 1
ann 5 4 2 9 8 4 1.1832414952269492e-23 34 0
tr 5 4 2 9 8 4 2.335688866469477e6 4 1
tr 5 4 2 9 8 4 33973.656239555996 5 2
tr 5 4 2 9 8 4 2.8340761965562385e8 6 1
ann 5 4 2 9 8 6 1.0771827964818294e-23 34 0
tr 5 4 2 9 8 6 1.2651648026709626e6 4 1
tr 5 4 2 9 8 6 386450.33972494904 5 2
tr 5 4 2 9 8 6 3.767727302945466e8 6 1
ann 5 4 2 9 8 8 5.6305081290067445e-24 34 0
tr 5 4 2 9 8 8 8.289000066479977e8 6 1
tr 5 4 2 9 8 8 2.569167112442138e8 7 2
tr 5 4 2 9 8 8 1.5181764345564697e11 8 1
ann 5 4 2 11 10 2 6.885931838558687e-29 38 0
tr 5 4 2 11 10 2 4.631781851157018e7 6 1
tr 5 4 2 11 10 2 9.216300622200191e6 7 2
tr 5 4 2 11 10 2 1.1622213139273968e9 8 1
ann 5 4 2 11 10 4 8.351295398025022e-29 38 0
tr 5 4 2 11 10 4 8.06426304442516e7 6 1
tr 5 4 2 11 10 4 3.209247538087565e6 7 2
tr 5 4 2 11 10 4 4.647750273957669e9 8 1
ann 5 4 2 11 10 6 8.630020739592618e-29 38 0
tr 5 4 2 11 10 6 8.601880580720179e7 6 1
tr 5 4 2 11 10 6 518666.2687818334 7 2
tr 5 4 2 11 10 6 1.8177867738145603e10 8 1
ann 5 4 2 11 10 8 7.114359635128755e-29 38 0
tr 5 4 2 11 10 8 3.323453860732796e7 6 1
tr 5 4 2 11 10 8 1.2717297936477516e7 7 2
tr 5 4 2 11 10 8 6.74261704745449e9 8 1
ann 5 4 2 11 10 10 3.2311530659034925e-29 38 0
tr 5 4 2 11 10 10 3.999262972995862e10 8 1
tr 5 4 2 11 10 10 6.483015766751187e9 9 2
tr 5 4 2 11 10 10 5.176014479736378e12 10 1
ann 5 4 2 13 12 2 1.8706935451422654e-34 42 0
tr 5 4 2 13 12 2 6.894904221634657e8 8 1
tr 5 4 2 13 12 2 9.383162704218113e7 9 2
tr 5 4 2 13 12 2 2.7299107902375156e10 10 1
ann 5 4 2 13 12 4 2.307963243183096e-34 42 0
tr 5 4 2 13 12 4 1.1440433671453094e9 8 1
tr 5 4 2 13 12 4 5.05490246691883e7 9 2
tr 5 4 2 13 12 4 2.7919542172884182e10 10 1
ann 5 4 2 13 12 6 2.5275570448166963e-34 42 0
tr 5 4 2 13 12 6 1.420768142639873e9 8 1
tr 5 4 2 13 12 6 2.9746156824561036e6 9 2
tr 5 4 2 13 12 6 2.0482785195962018e11 10 1
ann 5 4 2 13 12 8 2.3960912333185853e-34 42 0
tr 5 4 2 13 12 8 1.1865755916552806e9 8 1
tr 5 4 2 13 12 8 3.2295827409523256e7 9 2
tr 5 4 2 13 12 8 2.7780762617101465e11 10 1
ann 5 4 2 13 12 10 1.8115169501820758e-34 42 0
tr 5 4 2 13 12 10 3.806930023227356e8 8 1
tr 5 4 2 13 12 10 1.493286235491804e8 9 2
tr 5 4 2 13 12 10 3.1918956932008232e10 10 1
ann 5 4 2 13 12 12 7.268918838230289e-35 42 0
tr 5 4 2 13 12 12 7.2648875933789e11 10 1
tr 5 4 2 13 12 12 6.872014584825719e10 11 2
tr 5 4 2 13 12 12 7.041786814736978e13 12 1
ann 5 4 3 5 4 3 2.284045593634345e-15 26 0
ann 5 4 3 5 4 4 7.123501748242795e-15 26 0
tr 5 4 3 5 4 4 17999.999999999967 2 1
tr 5 4 3 5 4 4 11571.428571428562 3 2
ann 5 4 3 6 1 1 7.763954529703329e-11 20 0
tr 5 4 3 6 1 1 58157.365552559895 3 1
tr 5 4 3 6 1 1 1809.3402616352046 4 2
tr 5 4 3 6 1 1 8.438880453388114e6 5 1
ann 5 4 3 6 2 1 6.101875672204327e-12 22 0
tr 5 4 3 6 2 1 800.0171268989387 2 1
tr 5 4 3 6 2 1 15.873355692439278 3 2
tr 5 4 3 6 2 1 1.813749857348682e6 4 1
ann 5 4 3 6 2 2 8.518721820700468e-12 22 0
tr 5 4 3 6 2 2 800.0171268989387 2 1
tr 5 4 3 6 2 2 158.73355692439287 3 2
tr 5 4 3 6 2 2 1.3058998972910496e6 4 1
ann 5 4 3 6 3 1 2.1882712332565282e-13 24 0
tr 5 4 3 6 3 1 4.827799625550042 2 2
tr 5 4 3 6 3 1 21657.350857310284 3 1
tr 5 4 3 6 3 1 4455.226462075251 4 2
tr 5 4 3 6 3 1 5.373896763556585e7 5 1
ann 5 4 3 6 3 2 3.775468909218791e-13 24 0
tr 5 4 3 6 3 2 0.4827799625550048 2 2
tr 5 4 3 6 3 2 21657.35085731027 3 1
tr 5 4 3 6 3 2 22276.132310376237 4 2
tr 5 4 3 6 3 2 4.7393695946818314e7 5 1
ann 5 4 3 6 3 3 3.6322479849073424e-13 24 0
tr 5 4 3 6 3 3 4.345019662995039 2 2
tr 5 4 3 6 3 3 97458.078857896 3 1
tr 5 4 3 6 3 3 18563.443591980224 4 2
tr 5 4 3 6 3 3 1.7625754690965522e7 5 1
ann 5 4 3 6 4 1 4.091496364973857e-15 26 0
tr 5 4 3 6 4 1 4120.873000898817 2 1
tr 5 4 3 6 4 1 2943.4807149277303 3 2
tr 5 4 3 6 4 1 506630.1073436151 4 1
ann 5 4 3 6 4 2 6.76116864424928e-15 26 0
tr 5 4 3 6 4 2 5723.434723470584 2 1
tr 5 4 3 6 4 2 588.6961429855454 3 2
tr 5 4 3 6 4 2 506630.1073436155 4 1
ann 5 4 3 6 4 3 1.024683662222346e-14 26 0
tr 5 4 3 6 4 3 534.1872408572538 2 1
tr 5 4 3 6 4 3 686.8121668164696 3 2
tr 5 4 3 6 4 3 3.19176967626478e6 4 1
ann 5 4 3 6 4 4 7.98948139410241e-15 26 0
tr 5 4 3 6 4 4 6410.246890287048 2 1
tr 5 4 3 6 4 4 4120.87300089882 3 2
tr 5 4 3 6 4 4 3.546410751405316e6 4 1
ann 5 4 3 6 5 1 3.5585155000049045e-17 28 0
tr 5 4 3 6 5 1 223.43535457091073 2 2
tr 5 4 3 6 5 1 267093.6204286278 3 1
tr 5 4 3 6 5 1 139065.27344631022 4 2
ann 5 4 3 6 5 2 5.2754864252989675e-17 28 0
tr 5 4 3 6 5 2 797.9834091818248 2 2
tr 5 4 3 6 5 2 302853.2621719645 3 1
tr 5 4 3 6 5 2 39732.93527037426 4 2
ann 5 4 3 6 5 3 7.569848283567059e-17 28 0
tr 5 4 3 6 5 3 1149.0961092218279 2 2
tr 5 4 3 6 5 3 111252.21875704823 3 1
tr 5 4 3 6 5 3 5297.724702716562 4 2
ann 5 4 3 6 5 4 9.468226758308386e-17 28 0
tr 5 4 3 6 5 4 383.0320364072758 2 2
tr 5 4 3 6 5 4 18542.036459507963 3 1
tr 5 4 3 6 5 4 119198.80581112315 4 2
tr 5 4 3 6 5 4 5.968414788240343e7 5 1
ann 5 4 3 6 5 5 7.544763580631054e-17 28 0
tr 5 4 3 6 5 5 957.5800910181898 2 2
tr 5 4 3 6 5 5 463550.91148770123 3 1
tr 5 4 3 6 5 5 214557.85046002147 4 2
ann 5 4 3 7 1 1 4.926315495465599e-11 20 0
tr 5 4 3 7 1 1 2004.3987015311252 3 1
tr 5 4 3 7 1 1 62.35907071430194 4 2
tr 5 4 3 7 1 1 8360.819763264946 5 1
ann 5 4 3 7 2 1 4.0001064832584864e-12 22 0
tr 5 4 3 7 2 1 51.693083287344926 2 1
tr 5 4 3 7 2 1 1.0256564144314482 3 2
tr 5 4 3 7 2 1 7021.25068148161 4 1
ann 5 4 3 7 2 2 5.584478636443327e-12 22 0
tr 5 4 3 7 2 2 51.693083287344926 2 1
tr 5 4 3 7 2 2 10.256564144314487 3 2
tr 5 4 3 7 2 2 5055.300490666752 4 1
ann 5 4 3 7 3 1 1.5613921793175468e-13 24 0
tr 5 4 3 7 3 1 0.4793525860785543 2 2
tr 5 4 3 7 3 1 437.0919549816771 3 1
tr 5 4 3 7 3 1 89.91605931051627 4 2
tr 5 4 3 7 3 1 1.2038124247654185e6 5 1
ann 5 4 3 7 3 2 2.693901719668213e-13 24 0
tr 5 4 3 7 3 2 0.047935258607855497 2 2
tr 5 4 3 7 3 2 437.09195498167696 3 1
tr 5 4 3 7 3 2 449.5802965525811 4 2
tr 5 4 3 7 3 2 1.0616713075555083e6 5 1
ann 5 4 3 7 3 3 2.591709619100798e-13 24 0
tr 5 4 3 7 3 3 0.431417327470699 2 2
tr 5 4 3 7 3 3 1966.913797417542 3 1
tr 5 4 3 7 3 3 374.6502471271514 4 2
tr 5 4 3 7 3 3 394836.43669419806 5 1
ann 5 4 3 7 4 1 3.5390230180847324e-15 26 0
tr 5 4 3 7 4 1 193.0347416949857 2 1
tr 5 4 3 7 4 1 137.88195835356143 3 2
tr 5 4 3 7 4 1 5701.860498079606 4 1
ann 5 4 3 7 4 2 5.848210366815948e-15 26 0
tr 5 4 3 7 4 2 268.1038079097026 2 1
tr 5 4 3 7 4 2 27.576391670712255 3 2
tr 5 4 3 7 4 2 5701.860498079609 4 1
ann 5 4 3 7 4 3 8.86320977132948e-15 26 0
tr 5 4 3 7 4 3 25.023022071572207 2 1
tr 5 4 3 7 4 3 32.1724569491643 3 2
tr 5 4 3 7 4 3 35921.721137901564 4 1
ann 5 4 3 7 4 4 6.910664477679325e-15 26 0
tr 5 4 3 7 4 4 300.2762648588667 2 1
tr 5 4 3 7 4 4 193.03474169498585 3 2
tr 5 4 3 7 4 4 39913.02348655735 4 1
ann 5 4 3 7 5 1 4.9339535697147463e-17 28 0
tr 5 4 3 7 5 1 16.777340512749383 2 2
tr 5 4 3 7 5 1 4818.524649488242 3 1
tr 5 4 3 7 5 1 2508.818619155032 4 2
tr 5 4 3 7 5 1 2.2039687475663717e6 5 1
ann 5 4 3 7 5 2 7.314568418588544e-17 28 0
tr 5 4 3 7 5 2 59.919073259819285 2 2
tr 5 4 3 7 5 2 5463.649437270959 3 1
tr 5 4 3 7 5 2 716.805319758579 4 2
tr 5 4 3 7 5 2 2.2039687475663717e6 5 1
ann 5 4 3 7 5 3 1.0495747430598768e-16 28 0
tr 5 4 3 7 5 3 86.28346549413975 2 2
tr 5 4 3 7 5 3 2007.0548953240266 3 1
tr 5 4 3 7 5 3 95.57404263447711 4 2
tr 5 4 3 7 5 3 1.5868574982477821e7 5 1
ann 5 4 3 7 5 4 1.3127887479001606e-16 28 0
tr 5 4 3 7 5 4 28.761155164713248 2 2
tr 5 4 3 7 5 4 334.50914922066977 3 1
tr 5 4 3 7 5 4 2150.415959275744 4 2
tr 5 4 3 7 5 4 2.6447624970796384e7 5 1
ann 5 4 3 7 5 5 1.046096700991757e-16 28 0
tr 5 4 3 7 5 5 71.90288791178315 2 2
tr 5 4 3 7 5 5 8362.728730516783 3 1
tr 5 4 3 7 5 5 3870.748726696334 4 2
tr 5 4 3 7 5 5 1.8513337479557455e7 5 1
ann 5 4 3 7 6 1 2.653903702353378e-19 30 0
tr 5 4 3 7 6 1 521.3129598244235 2 1
tr 5 4 3 7 6 1 2989.274710104326 3 2
tr 5 4 3 7 6 1 4.626406700430849e6 4 1
ann 5 4 3 7 6 2 3.711749993669182e-19 30 0
tr 5 4 3 7 6 2 3336.4029428763056 2 1
tr 5 4 3 7 6 2 6992.213508756142 3 2
tr 5 4 3 7 6 2 4.927533763772513e6 4 1
ann 5 4 3 7 6 3 4.983040168044721e-19 30 0
tr 5 4 3 7 6 3 11260.359932207519 2 1
tr 5 4 3 7 6 3 10053.892796613849 3 2
tr 5 4 3 7 6 3 2.737518757651392e6 4 1
ann 5 4 3 7 6 4 6.271439117155334e-19 30 0
tr 5 4 3 7 6 4 25023.022071572235 2 1
tr 5 4 3 7 6 4 7757.63333072057 3 2
tr 5 4 3 7 6 4 164251.12545908347 4 1
ann 5 4 3 7 6 5 7.021110518503857e-19 30 0
tr 5 4 3 7 6 5 34406.65534841191 2 1
tr 5 4 3 7 6 5 682.671733103409 3 2
tr 5 4 3 7 6 5 1.806762380049921e6 4 1
ann 5 4 3 7 6 6 6.014955777114539e-19 30 0
tr 5 4 3 7 6 6 12288.091195861378 3 2
tr 5 4 3 7 6 6 8.431557773566287e6 4 1
tr 5 4 3 7 6 6 2.575457647198431e6 5 2
tr 5 4 3 7 6 6 6.334346806971954e8 6 1
ann 5 4 3 9 8 2 7.221410079943425e-24 34 0
tr 5 4 3 9 8 2 303336.21642460726 4 1
tr 5 4 3 9 8 2 348423.0085931737 5 2
tr 5 4 3 9 8 2 5.454641572673308e8 6 1
ann 5 4 3 9 8 4 1.1476868284630032e-23 34 0
tr 5 4 3 9 8 4 1.3346793522682744e6 4 1
tr 5 4 3 9 8 4 513851.5506232842 5 2
tr 5 4 3 9 8 4 1.811407357185312e8 6 1
ann 5 4 3 9 8 6 1.4893060007413635e-23 34 0
tr 5 4 3 9 8 6 2.8918052632479183e6 4 1
tr 5 4 3 9 8 6 124216.18062587644 5 2
tr 5 4 3 9 8 6 9.89028417023184e7 6 1
ann 5 4 3 9 8 8 1.3671926520441227e-23 34 0
tr 5 4 3 9 8 8 920119.8564879737 5 2
tr 5 4 3 9 8 8 9.670500077559996e8 6 1
tr 5 4 3 9 8 8 1.3833976759303862e8 7 2
tr 5 4 3 9 8 8 5.0605881151882355e10 8 1
ann 5 4 3 11 10 2 4.474224547562798e-29 38 0
tr 5 4 3 11 10 2 1.1343139227323325e7 6 1
tr 5 4 3 11 10 2 7.347178429687639e6 7 2
tr 5 4 3 11 10 2 2.0664612756519485e10 8 1
ann 5 4 3 11 10 4 7.049065937793663e-29 38 0
tr 5 4 3 11 10 4 3.686520248880084e7 6 1
tr 5 4 3 11 10 4 1.104133974413457e7 7 2
tr 5 4 3 11 10 4 1.1386988171196278e10 8 1
ann 5 4 3 11 10 6 9.643798563379492e-29 38 0
tr 5 4 3 11 10 6 8.192267219733505e7 6 1
tr 5 4 3 11 10 6 8.252350812225164e6 7 2
tr 5 4 3 11 10 6 2.1908587149968916e8 8 1
ann 5 4 3 11 10 8 1.106996999649305e-28 38 0
tr 5 4 3 11 10 8 1.139469895108388e8 6 1
tr 5 4 3 11 10 8 236178.39024887246 7 2
tr 5 4 3 11 10 8 1.2634513681793581e10 8 1
ann 5 4 3 11 10 10 9.340332226570972e-29 38 0
tr 5 4 3 11 10 10 2.4162866079307303e7 7 2
tr 5 4 3 11 10 10 3.499355101371383e10 8 1
tr 5 4 3 11 10 10 2.669477080426962e9 9 2
tr 5 4 3 11 10 10 1.341929679931651e12 10 1
ann 5 4 3 13 12 2 1.103843916747207e-34 42 0
tr 5 4 3 13 12 2 1.7510867864468956e8 8 1
tr 5 4 3 13 12 2 7.156523300598091e7 9 2
tr 5 4 3 13 12 2 3.218735441114428e11 10 1
ann 5 4 3 13 12 4 1.7206424935877899e-34 42 0
tr 5 4 3 13 12 4 4.669564763858398e8 8 1
tr 5 4 3 13 12 4 1.0505170519643101e8 9 2
tr 5 4 3 13 12 4 2.201921226034766e11 10 1
ann 5 4 3 13 12 6 2.4143925873636986e-34 42 0
tr 5 4 3 13 12 6 9.74241012095913e8 8 1
tr 5 4 3 13 12 6 1.0358036751409595e8 9 2
tr 5 4 3 13 12 6 4.969439878207732e10 10 1
ann 5 4 3 13 12 8 3.010755546871913e-34 42 0
tr 5 4 3 13 12 8 1.5821007888737063e9 8 1
tr 5 4 3 13 12 8 4.709808163888794e7 9 2
tr 5 4 3 13 12 8 2.312310800472168e10 10 1
ann 5 4 3 13 12 10 3.1917186343375443e-34 42 0
tr 5 4 3 13 12 10 1.7403108677610774e9 8 1
tr 5 4 3 13 12 10 1.8502817786705722e6 9 2
tr 5 4 3 13 12 10 3.168205842352826e11 10 1
ann 5 4 3 13 12 12 2.4516024594166607e-34 42 0
tr 5 4 3 13 12 12 2.7035881989516324e8 9 2
tr 5 4 3 13 12 12 5.0854213153652313e11 10 1
tr 5 4 3 13 12 12 2.2906715282752403e10 11 2
tr 5 4 3 13 12 12 1.4937123546411783e13 12 1
ann 5 4 4 5 4 4 3.561750874121409e-15 26 0
ann 5 4 4 6 1 1 8.581210052897754e-11 20 0
tr 5 4 4 6 1 1 77543.15407007988 3 1
tr 5 4 4 6 1 1 1033.9087209343954 4 2
ann 5 4 4 6 2 1 6.519438360111425e-12 22 0
tr 5 4 4 6 2 1 190.48026830927122 3 2
tr 5 4 4 6 2 1 2.0313998402305213e6 4 1
tr 5 4 4 6 2 1 68944.47942600555 5 2
ann 5 4 4 6 2 2 1.051800528128951e-11 22 0
tr 5 4 4 6 2 2 1600.034253797878 2 1
tr 5 4 4 6 2 2 126.98684553951395 3 2
tr 5 4 4 6 2 2 580399.9543515774 4 1
ann 5 4 4 6 3 1 1.8096279759660862e-13 24 0
tr 5 4 4 6 3 1 64972.05257193066 3 1
tr 5 4 4 6 3 1 31186.585234526738 4 2
tr 5 4 4 6 3 1 5.26422540103501e7 5 1
ann 5 4 4 6 3 2 2.8871723124494924e-13 24 0
tr 5 4 4 6 3 2 3.8622397004400333 2 2
tr 5 4 4 6 3 2 108286.7542865511 3 1
tr 5 4 4 6 3 2 22276.132310376244 4 2
tr 5 4 4 6 3 2 2.1934272504312597e7 5 1
ann 5 4 4 6 3 3 5.867475002280894e-13 24 0
tr 5 4 4 6 3 3 5.793359550660043 2 2
tr 5 4 4 6 3 3 64972.05257193066 3 1
tr 5 4 4 6 3 3 7425.377436792076 4 2
tr 5 4 4 6 3 3 4.700201250924082e6 5 1
ann 5 4 4 6 4 1 3.0762303946898095e-15 26 0
tr 5 4 4 6 4 1 981.1602383092427 3 2
tr 5 4 4 6 4 1 3.546410751405316e6 4 1
tr 5 4 4 6 4 1 1.3373670173649658e6 5 2
tr 5 4 4 6 4 1 7.947308369708e8 6 1
ann 5 4 4 6 4 2 4.713980727827345e-15 26 0
tr 5 4 4 6 4 2 1831.4991115105843 2 1
tr 5 4 4 6 4 2 2943.4807149277262 3 2
tr 5 4 4 6 4 2 4.559670966092533e6 4 1
ann 5 4 4 6 4 3 7.98948139410242e-15 26 0
tr 5 4 4 6 4 3 6410.246890287048 2 1
tr 5 4 4 6 4 3 4120.8730008988205 3 2
tr 5 4 4 6 4 3 3.546410751405316e6 4 1
ann 5 4 4 6 4 4 1.597896278820483e-14 26 0
tr 5 4 4 6 4 4 8546.995853716062 2 1
tr 5 4 4 6 4 4 2747.2486672658797 3 2
tr 5 4 4 6 4 4 1.418564300562121e6 4 1
ann 5 4 4 6 5 1 2.2357047660291334e-17 28 0
tr 5 4 4 6 5 1 26488.623513582654 3 1
tr 5 4 4 6 5 1 79465.8705407486 4 2
tr 5 4 4 6 5 1 5.968414788240334e7 5 1
ann 5 4 4 6 5 2 3.5097809620380805e-17 28 0
tr 5 4 4 6 5 2 63.83867273454589 2 2
tr 5 4 4 6 5 2 123613.57639672032 3 1
tr 5 4 4 6 5 2 158931.74108149717 4 2
tr 5 4 4 6 5 2 6.963150586280395e7 5 1
ann 5 4 4 6 5 3 5.584771678468806e-17 28 0
tr 5 4 4 6 5 3 383.0320364072757 2 2
tr 5 4 4 6 5 3 296672.58335212787 3 1
tr 5 4 4 6 5 3 211908.98810866306 4 2
tr 5 4 4 6 5 3 5.968414788240334e7 5 1
ann 5 4 4 6 5 4 9.233682235975672e-17 28 0
tr 5 4 4 6 5 4 1149.0961092218279 2 2
tr 5 4 4 6 5 4 445008.87502819294 3 1
tr 5 4 4 6 5 4 190718.08929779677 4 2
ann 5 4 4 6 5 5 1.5989356857354258e-16 28 0
tr 5 4 4 6 5 5 1915.160182036378 2 2
tr 5 4 4 6 5 5 370840.7291901601 3 1
tr 5 4 4 6 5 5 95359.04464889821 4 2
ann 5 4 4 7 1 1 5.444873220203291e-11 20 0
tr 5 4 4 7 1 1 2672.531602041501 3 1
tr 5 4 4 7 1 1 35.63375469388657 4 2
ann 5 4 4 7 2 1 4.273841166600992e-12 22 0
tr 5 4 4 7 2 1 12.307876973177374 3 2
tr 5 4 4 7 2 1 7863.800763259393 4 1
tr 5 4 4 7 2 1 266.89263196516725 5 2
tr 5 4 4 7 2 1 3.354406238400578e6 6 1
ann 5 4 4 7 2 2 6.895116106285653e-12 22 0
tr 5 4 4 7 2 2 103.38616657468991 2 1
tr 5 4 4 7 2 2 8.20525131545157 3 2
tr 5 4 4 7 2 2 2246.800218074112 4 1
ann 5 4 4 7 3 1 1.2912197089326966e-13 24 0
tr 5 4 4 7 3 1 1311.2758649450275 3 1
tr 5 4 4 7 3 1 629.4124151736137 4 2
tr 5 4 4 7 3 1 1.1792448242599997e6 5 1
ann 5 4 4 7 3 2 2.0600774688615584e-13 24 0
tr 5 4 4 7 3 2 0.38348206886284336 2 2
tr 5 4 4 7 3 2 2185.459774908379 3 1
tr 5 4 4 7 3 2 449.5802965525812 4 2
tr 5 4 4 7 3 2 491352.0101083343 5 1
ann 5 4 4 7 3 3 4.1866060698185274e-13 24 0
tr 5 4 4 7 3 3 0.5752231032942644 2 2
tr 5 4 4 7 3 3 1311.2758649450275 3 1
tr 5 4 4 7 3 3 149.86009885086028 4 2
tr 5 4 4 7 3 3 105289.71645178489 5 1
ann 5 4 4 7 4 1 2.6608480342257356e-15 26 0
tr 5 4 4 7 4 1 45.960652784520434 3 2
tr 5 4 4 7 4 1 39913.02348655735 4 1
tr 5 4 4 7 4 1 15051.375860250566 5 2
tr 5 4 4 7 4 1 2.1969631253554112e8 6 1
ann 5 4 4 7 4 2 4.0774535153769345e-15 26 0
tr 5 4 4 7 4 2 85.79321853110471 2 1
tr 5 4 4 7 4 2 137.88195835356126 3 2
tr 5 4 4 7 4 2 51316.74448271642 4 1
ann 5 4 4 7 4 3 6.910664477679338e-15 26 0
tr 5 4 4 7 4 3 300.2762648588667 2 1
tr 5 4 4 7 4 3 193.0347416949859 3 2
tr 5 4 4 7 4 3 39913.02348655735 4 1
ann 5 4 4 7 4 4 1.3821328955358676e-14 26 0
tr 5 4 4 7 4 4 400.3683531451555 2 1
tr 5 4 4 7 4 4 128.68982779665726 3 2
tr 5 4 4 7 4 4 15965.20939462288 4 1
ann 5 4 4 7 5 1 3.099849756446745e-17 28 0
tr 5 4 4 7 5 1 477.87021317238265 3 1
tr 5 4 4 7 5 1 1433.6106395171596 4 2
tr 5 4 4 7 5 1 2.6447624970796347e7 5 1
tr 5 4 4 7 5 1 7.891132858419435e6 6 2
ann 5 4 4 7 5 2 4.866382125776379e-17 28 0
tr 5 4 4 7 5 2 4.793525860785534 2 2
tr 5 4 4 7 5 2 2230.0609948044757 3 1
tr 5 4 4 7 5 2 2867.2212790343187 4 2
tr 5 4 4 7 5 2 3.0855562465929095e7 5 1
ann 5 4 4 7 5 3 7.743398654264994e-17 28 0
tr 5 4 4 7 5 3 28.76115516471324 2 2
tr 5 4 4 7 5 3 5352.1463875307245 3 1
tr 5 4 4 7 5 3 3822.9617053790957 4 2
tr 5 4 4 7 5 3 2.6447624970796347e7 5 1
ann 5 4 4 7 5 4 1.280268681506487e-16 28 0
tr 5 4 4 7 5 4 86.28346549413975 2 2
tr 5 4 4 7 5 4 8028.219581296106 3 1
tr 5 4 4 7 5 4 3440.665534841185 4 2
tr 5 4 4 7 5 4 1.5868574982477818e7 5 1
ann 5 4 4 7 5 5 2.2169566035654033e-16 28 0
tr 5 4 4 7 5 5 143.8057758235662 2 2
tr 5 4 4 7 5 5 6690.182984413409 3 1
tr 5 4 4 7 5 5 1720.3327674205896 4 2
tr 5 4 4 7 5 5 5.289524994159248e6 5 1
ann 5 4 4 7 6 1 1.3787831788911938e-19 30 0
tr 5 4 4 7 6 1 124.12213329152834 3 2
tr 5 4 4 7 6 1 766505.2521423898 4 1
tr 5 4 4 7 6 1 1.2747214617446775e6 5 2
tr 5 4 4 7 6 1 1.2540727011782846e9 6 1
ann 5 4 4 7 6 2 2.1974823188971297e-19 30 0
tr 5 4 4 7 6 2 104.26259196488121 2 1
tr 5 4 4 7 6 2 827.4808886101918 3 2
tr 5 4 4 7 6 2 2.1900150061211074e6 4 1
tr 5 4 4 7 6 2 2.1245357695744624e6 5 2
ann 5 4 4 7 6 3 3.443651957741958e-19 30 0
tr 5 4 4 7 6 3 938.3633276839627 2 1
tr 5 4 4 7 6 3 2978.9311989966945 3 2
tr 5 4 4 7 6 3 4.380030012242231e6 4 1
ann 5 4 4 7 6 4 5.349559047103158e-19 30 0
tr 5 4 4 7 6 4 4691.816638419783 2 1
tr 5 4 4 7 6 4 7447.327997491741 3 2
tr 5 4 4 7 6 4 6.570045018363332e6 4 1
ann 5 4 4 7 6 5 8.283752376251038e-19 30 0
tr 5 4 4 7 6 5 17203.32767420594 2 1
tr 5 4 4 7 6 5 13653.434662068206 3 2
tr 5 4 4 7 6 5 7.227049520199669e6 4 1
ann 5 4 4 7 6 6 1.2821345574524023e-18 30 0
tr 5 4 4 7 6 6 51609.983022617744 2 1
tr 5 4 4 7 6 6 16384.12159448182 3 2
tr 5 4 4 7 6 6 4.818033013466437e6 4 1
ann 5 4 4 9 8 2 3.2960424944498496e-24 34 0
tr 5 4 4 9 8 2 18958.513526537772 4 1
tr 5 4 4 9 8 2 54048.99856292988 5 2
tr 5 4 4 9 8 2 2.582078850969602e8 6 1
tr 5 4 4 9 8 2 1.489812881771182e8 7 2
tr 5 4 4 9 8 2 1.8864914275553766e11 8 1
ann 5 4 4 9 8 4 7.536557789590309e-24 34 0
tr 5 4 4 9 8 4 208543.64879191635 4 1
tr 5 4 4 9 8 4 254802.4217966698 5 2
tr 5 4 4 9 8 4 6.086328720142651e8 6 1
tr 5 4 4 9 8 4 1.9509454404146445e8 7 2
ann 5 4 4 9 8 6 1.5795208682154654e-23 34 0
tr 5 4 4 9 8 6 1.2651648026709626e6 4 1
tr 5 4 4 9 8 6 662486.296671341 5 2
tr 5 4 4 9 8 6 7.912227336185431e8 6 1
ann 5 4 4 9 8 8 3.081312560493327e-23 34 0
tr 5 4 4 9 8 8 5.42213486858985e6 4 1
tr 5 4 4 9 8 8 736095.8851903791 5 2
tr 5 4 4 9 8 8 3.516545482749077e8 6 1
ann 5 4 4 11 10 2 1.668017725969804e-29 38 0
tr 5 4 4 11 10 2 886182.7521346285 6 1
tr 5 4 4 11 10 2 1.2695924326500199e6 7 2
tr 5 4 4 11 10 2 1.0010539051601082e10 8 1
tr 5 4 4 11 10 2 3.7500780967298245e9 9 2
tr 5 4 4 11 10 2 7.984127234268258e12 10 1
ann 5 4 4 11 10 4 3.600926378317296e-29 38 0
tr 5 4 4 11 10 4 5.3761753629501145e6 6 1
tr 5 4 4 11 10 4 4.278996717450082e6 7 2
tr 5 4 4 11 10 4 2.024353452657111e10 8 1
tr 5 4 4 11 10 4 4.825858075993741e9 9 2
tr 5 4 4 11 10 4 6.849682219836885e12 10 1
ann 5 4 4 11 10 6 7.178378306138794e-29 38 0
tr 5 4 4 11 10 6 2.3040751555500418e7 6 1
tr 5 4 4 11 10 6 1.018808742250021e7 7 2
tr 5 4 4 11 10 6 2.8919335037958736e10 8 1
ann 5 4 4 11 10 8 1.3384825785752799e-28 38 0
tr 5 4 4 11 10 8 7.833855528870161e7 6 1
tr 5 4 4 11 10 8 1.7004844097918533e7 7 2
tr 5 4 4 11 10 8 2.6816110671561707e10 8 1
ann 5 4 4 11 10 10 2.3575344237832087e-28 38 0
tr 5 4 4 11 10 10 2.2552008340686852e8 6 1
tr 5 4 4 11 10 10 1.3807352045318443e7 7 2
tr 5 4 4 11 10 10 9.331613603657003e9 8 1
ann 5 4 4 13 12 2 3.539005107522125e-35 42 0
tr 5 4 4 13 12 2 1.5322009381410211e7 8 1
tr 5 4 4 13 12 2 1.3106639967796672e7 9 2
tr 5 4 4 13 12 2 1.5765234813621695e11 10 1
tr 5 4 4 13 12 2 4.1143559140711815e10 11 2
tr 5 4 4 13 12 2 1.3414547184917619e14 12 1
ann 5 4 4 13 12 4 7.223062703904691e-35 42 0
tr 5 4 4 13 12 4 6.566575449175863e7 8 1
tr 5 4 4 13 12 4 3.574538173035469e7 9 2
tr 5 4 4 13 12 4 2.8664063297494073e11 10 1
tr 5 4 4 13 12 4 5.1789095421875e10 11 2
tr 5 4 4 13 12 4 1.2061031434990866e14 12 1
ann 5 4 4 13 12 6 1.3786513052110216e-34 42 0
tr 5 4 4 13 12 6 2.2326356527197972e8 8 1
tr 5 4 4 13 12 6 7.73400077438583e7 9 2
tr 5 4 4 13 12 6 4.134573978668836e11 10 1
tr 5 4 4 13 12 6 5.17166631205857e10 11 2
ann 5 4 4 13 12 8 2.4867810725834663e-34 42 0
tr 5 4 4 13 12 8 6.427284454799428e8 8 1
tr 5 4 4 13 12 8 1.345659475396803e8 9 2
tr 5 4 4 13 12 8 4.6246216009443463e11 10 1
ann 5 4 4 13 12 10 4.274117163705447e-34 42 0
tr 5 4 4 13 12 10 1.6315414385260105e9 8 1
tr 5 4 4 13 12 10 1.776270507523782e8 9 2
tr 5 4 4 13 12 10 3.560958632727138e11 10 1
ann 5 4 4 13 12 12 7.0458187469193735e-34 42 0
tr 5 4 4 13 12 12 3.752545308609817e9 8 1
tr 5 4 4 13 12 12 1.2015947550896116e8 9 2
tr 5 4 4 13 12 12 1.0706150137610968e11 10 1
ann 6 1 1 6 1 1 1.5621147645309926e-7 16 0
ann 6 1 1 6 2 1 6.098013155951201e-8 16 0
tr 6 1 1 6 2 1 552.9599999999998 2 2
tr 6 1 1 6 2 1 5.443199999999987e6 3 1
ann 6 1 1 6 2 2 3.811239152176417e-8 16 0
tr 6 1 1 6 2 2 368.6399999999997 2 2
tr 6 1 1 6 2 2 1.814399999999995e6 3 1
ann 6 1 1 6 3 1 3.906545103333989e-9 18 0
tr 6 1 1 6 3 1 191956.11428571417 2 1
tr 6 1 1 6 3 1 19043.265306122426 3 2
tr 6 1 1 6 3 1 1.7635967999999964e8 4 1
ann 6 1 1 6 3 2 4.083493464724263e-9 18 0
tr 6 1 1 6 3 2 319926.8571428569 2 1
tr 6 1 1 6 3 2 15869.387755102034 3 2
tr 6 1 1 6 3 2 8.817983999999961e7 4 1
ann 6 1 1 6 3 3 4.083489323903033e-9 18 0
tr 6 1 1 6 3 3 479890.285714285 2 1
tr 6 1 1 6 3 3 9521.632653061211 3 2
tr 6 1 1 6 3 3 2.9393279999999907e7 4 1
ann 6 1 1 6 4 1 6.816265761711438e-11 20 0
tr 6 1 1 6 4 1 4.443428571428569e6 3 1
tr 6 1 1 6 4 1 414720.0 4 2
tr 6 1 1 6 4 1 3.1424088436363587e9 5 1
ann 6 1 1 6 4 2 7.771747607468255e-11 20 0
tr 6 1 1 6 4 2 6.665142857142851e6 3 1
tr 6 1 1 6 4 2 373247.99999999953 4 2
tr 6 1 1 6 4 2 1.8854453061818132e9 5 1
ann 6 1 1 6 4 3 8.70779177352803e-11 20 0
tr 6 1 1 6 4 3 9.331199999999987e6 3 1
tr 6 1 1 6 4 3 290304.0000000008 4 2
tr 6 1 1 6 4 3 9.427226530909057e8 5 1
ann 6 1 1 6 4 4 9.624398259890735e-11 20 0
tr 6 1 1 6 4 4 1.2441599999999976e7 3 1
tr 6 1 1 6 4 4 165887.9999999993 4 2
tr 6 1 1 6 4 4 3.142408843636352e8 5 1
ann 6 1 1 6 5 1 3.543922785502084e-13 22 0
tr 6 1 1 6 5 1 5.038847999999999e7 4 1
tr 6 1 1 6 5 1 3.8478475636363635e6 5 2
tr 6 1 1 6 5 1 2.344227131076921e10 6 1
ann 6 1 1 6 5 2 4.133125062060804e-13 22 0
tr 6 1 1 6 5 2 7.054387199999997e7 4 1
tr 6 1 1 6 5 2 3.5913243927272717e6 5 2
tr 6 1 1 6 5 2 1.562818087384615e10 6 1
ann 6 1 1 6 5 3 4.754425963395603e-13 22 0
tr 6 1 1 6 5 3 9.405849599999985e7 4 1
tr 6 1 1 6 5 3 3.0782780509090875e6 5 2
tr 6 1 1 6 5 3 9.376908524307673e9 6 1
ann 6 1 1 6 5 4 5.407825489506486e-13 22 0
tr 6 1 1 6 5 4 1.209323519999998e8 4 1
tr 6 1 1 6 5 4 2.3087085381818176e6 5 2
tr 6 1 1 6 5 4 4.688454262153864e9 6 1
ann 6 1 1 6 5 5 6.093323640393454e-13 22 0
tr 6 1 1 6 5 5 1.5116543999999967e8 4 1
tr 6 1 1 6 5 5 1.2826158545454524e6 5 2
tr 6 1 1 6 5 5 1.5628180873846014e9 6 1
ann 6 1 1 7 1 1 3.964716848658409e-7 16 0
tr 6 1 1 7 1 1 24378.11099614243 2 1
ann 6 1 1 7 2 1 3.997574444397835e-8 16 0
tr 6 1 1 7 2 1 84.85428355881082 2 2
tr 6 1 1 7 2 1 3.8919799701808253e6 3 1
ann 6 1 1 7 2 2 2.4984715536671605e-8 16 0
tr 6 1 1 7 2 2 56.569522372540526 2 2
tr 6 1 1 7 2 2 1.2973266567269415e6 3 1
ann 6 1 1 7 3 1 2.787428226744818e-9 18 0
tr 6 1 1 7 3 1 155960.25371400692 2 1
tr 6 1 1 7 3 1 15472.247392262587 3 2
tr 6 1 1 7 3 1 3.375158098713843e8 4 1
ann 6 1 1 7 3 2 2.913685795124321e-9 18 0
tr 6 1 1 7 3 2 259933.75619001163 2 1
tr 6 1 1 7 3 2 12893.539493552164 3 2
tr 6 1 1 7 3 2 1.687579049356918e8 4 1
ann 6 1 1 7 3 3 2.913682850058563e-9 18 0
tr 6 1 1 7 3 3 389900.6342850171 2 1
tr 6 1 1 7 3 3 7736.123696131291 3 2
tr 6 1 1 7 3 3 5.6252634978564e7 4 1
ann 6 1 1 7 4 1 5.895867713218408e-11 20 0
tr 6 1 1 7 4 1 1.2946934846571174e7 3 1
tr 6 1 1 7 4 1 1.208380585679977e6 4 2
tr 6 1 1 7 4 1 1.630369964698204e10 5 1
ann 6 1 1 7 4 2 6.722331178552146e-11 20 0
tr 6 1 1 7 4 2 1.9420402269856755e7 3 1
tr 6 1 1 7 4 2 1.087542527111978e6 4 2
tr 6 1 1 7 4 2 9.782219788189213e9 5 1
ann 6 1 1 7 4 3 7.531981629652878e-11 20 0
tr 6 1 1 7 4 3 2.7188563177799437e7 3 1
tr 6 1 1 7 4 3 845866.4099759862 4 2
tr 6 1 1 7 4 3 4.891109894094603e9 5 1
ann 6 1 1 7 4 4 8.32481906652062e-11 20 0
tr 6 1 1 7 4 4 3.625141757039925e7 3 1
tr 6 1 1 7 4 4 483352.2342719887 4 2
tr 6 1 1 7 4 4 1.630369964698201e9 5 1
ann 6 1 1 7 5 1 4.91372043702036e-13 22 0
tr 6 1 1 7 5 1 5.797975937992793e8 4 1
tr 6 1 1 7 5 1 4.42754526173995e7 5 2
tr 6 1 1 7 5 1 4.1336956917656946e11 6 1
ann 6 1 1 7 5 2 5.730661284376779e-13 22 0
tr 6 1 1 7 5 2 8.117166313189907e8 4 1
tr 6 1 1 7 5 2 4.132375577623953e7 5 2
tr 6 1 1 7 5 2 2.755797127843799e11 6 1
ann 6 1 1 7 5 3 6.592107523513755e-13 22 0
tr 6 1 1 7 5 3 1.0822888417586532e9 4 1
tr 6 1 1 7 5 3 3.5420362093919575e7 5 2
tr 6 1 1 7 5 3 1.653478276706276e11 6 1
ann 6 1 1 7 5 4 7.498059154431284e-13 22 0
tr 6 1 1 7 5 4 1.3915142251182683e9 4 1
tr 6 1 1 7 5 4 2.6565271570439696e7 5 2
tr 6 1 1 7 5 4 8.267391383531427e10 6 1
ann 6 1 1 7 5 5 8.448516177129382e-13 22 0
tr 6 1 1 7 5 5 1.739392781397834e9 4 1
tr 6 1 1 7 5 5 1.4758484205799809e7 5 2
tr 6 1 1 7 5 5 2.755797127843774e10 6 1
ann 6 1 1 7 6 1 1.403585532044891e-15 24 0
tr 6 1 1 7 6 1 1.014151738867545e10 5 1
tr 6 1 1 7 6 1 6.226782000372851e8 6 2
tr 6 1 1 7 6 1 4.294817452338263e12 7 1
ann 6 1 1 7 6 2 1.6426672250283481e-15 24 0
tr 6 1 1 7 6 2 1.3522023184900583e10 5 1
tr 6 1 1 7 6 2 5.930268571783671e8 6 2
tr 6 1 1 7 6 2 3.0677267516701943e12 7 1
ann 6 1 1 7 6 3 1.8989511178418994e-15 24 0
tr 6 1 1 7 6 3 1.7385458380586475e10 5 1
tr 6 1 1 7 6 3 5.3372417146052885e8 6 2
tr 6 1 1 7 6 3 2.0451511677801223e12 7 1
ann 6 1 1 7 6 4 2.1724372104855466e-15 24 0
tr 6 1 1 7 6 4 2.173182297573307e10 5 1
tr 6 1 1 7 6 4 4.4477014288377583e8 6 2
tr 6 1 1 7 6 4 1.2270907006680735e12 7 1
ann 6 1 1 7 6 5 2.4631255029592893e-15 24 0
tr 6 1 1 7 6 5 2.6561116970340473e10 5 1
tr 6 1 1 7 6 5 3.261647714481021e8 6 2
tr 6 1 1 7 6 5 6.135453503340382e11 7 1
ann 6 1 1 7 6 6 2.771015995263126e-15 24 0
tr 6 1 1 7 6 6 3.1873340364408543e10 5 1
tr 6 1 1 7 6 6 1.7790805715350989e8 6 2
tr 6 1 1 7 6 6 2.0451511677801172e11 7 1
ann 6 1 1 9 8 2 1.0290889348069985e-20 28 0
tr 6 1 1 9 8 2 4.080737738919027e13 7 1
tr 6 1 1 9 8 2 1.2965306904699163e12 8 2
tr 6 1 1 9 8 2 1.1462621112590556e16 9 1
ann 6 1 1 9 8 4 1.3431587371976382e-20 28 0
tr 6 1 1 9 8 4 5.985082017081252e13 7 1
tr 6 1 1 9 8 4 1.1113120204027854e12 8 2
tr 6 1 1 9 8 4 6.140689881744916e15 9 1
ann 6 1 1 9 8 6 1.6992253672921737e-20 28 0
tr 6 1 1 9 8 6 8.252158538702919e13 7 1
tr 6 1 1 9 8 6 7.779184142819487e11 8 2
tr 6 1 1 9 8 6 2.4562759526979655e15 9 1
ann 6 1 1 9 8 8 2.097288825090602e-20 28 0
tr 6 1 1 9 8 8 1.0881967303784086e14 7 1
tr 6 1 1 9 8 8 2.9634987210741e11 8 2
tr 6 1 1 9 8 8 4.093793254496582e14 9 1
ann 6 1 1 11 10 2 2.450454694675757e-26 32 0
tr 6 1 1 11 10 2 1.8893602061925908e16 9 1
tr 6 1 1 11 10 2 4.4385871195817694e14 10 2
tr 6 1 1 11 10 2 6.47189198141892e18 11 1
ann 6 1 1 11 10 4 3.1260197386610824e-26 32 0
tr 6 1 1 11 10 4 2.605026950962513e16 9 1
tr 6 1 1 11 10 4 4.027606830731595e14 10 2
tr 6 1 1 11 10 4 4.0269550106606556e18 11 1
ann 6 1 1 11 10 6 3.8851640239462587e-26 32 0
tr 6 1 1 11 10 6 3.435200374895615e16 9 1
tr 6 1 1 11 10 6 3.2878423108013056e14 10 2
tr 6 1 1 11 10 6 2.1572973271396344e18 11 1
ann 6 1 1 11 10 8 4.7278875505312905e-26 32 0
tr 6 1 1 11 10 8 4.379880477991916e16 9 1
tr 6 1 1 11 10 8 2.219293559790897e14 10 2
tr 6 1 1 11 10 8 8.62918930855843e17 11 1
ann 6 1 1 11 10 10 5.654190318416177e-26 32 0
tr 6 1 1 11 10 10 5.4390672602514e16 9 1
tr 6 1 1 11 10 10 8.219605777003247e13 10 2
tr 6 1 1 11 10 10 1.4381982180930856e17 11 1
ann 6 1 1 13 12 2 2.6941390391294254e-32 36 0
tr 6 1 1 13 12 2 2.568424915927704e18 11 1
tr 6 1 1 13 12 2 4.600900749616124e16 12 2
tr 6 1 1 13 12 2 1.0313539622604114e21 13 1
ann 6 1 1 13 12 4 3.3613052312975657e-32 36 0
tr 6 1 1 13 12 4 3.3869339550695086e18 11 1
tr 6 1 1 13 12 4 4.3021409606800056e16 12 2
tr 6 1 1 13 12 4 7.031958833593707e20 13 1
ann 6 1 1 13 12 6 4.1035648562970383e-32 36 0
tr 6 1 1 13 12 6 4.3183407927136256e18 11 1
tr 6 1 1 13 12 6 3.764373340595014e16 12 2
tr 6 1 1 13 12 6 4.3754410520138704e20 13 1
ann 6 1 1 13 12 8 4.920917914127832e-32 36 0
tr 6 1 1 13 12 8 5.362645428860065e18 11 1
tr 6 1 1 13 12 8 2.987597889361114e16 12 2
tr 6 1 1 13 12 8 2.343986277864575e20 13 1
ann 6 1 1 13 12 10 5.813364404789968e-32 36 0
tr 6 1 1 13 12 10 6.519847863508817e18 11 1
tr 6 1 1 13 12 10 1.971814606978352e16 12 2
tr 6 1 1 13 12 10 9.375945111458292e19 13 1
ann 6 1 1 13 12 12 6.78090432828342e-32 36 0
tr 6 1 1 13 12 12 7.789948096659869e18 11 1
tr 6 1 1 13 12 12 7.170234934466624e15 12 2
tr 6 1 1 13 12 12 1.5626575185763635e19 13 1
ann 6 2 1 6 2 1 1.806818336843666e-9 18 0
ann 6 2 1 6 2 2 2.258507316159913e-9 18 0
tr 6 2 1 6 2 2 281089.1755102039 2 1
tr 6 2 1 6 2 2 20077.798250728843 3 2
ann 6 2 1 6 3 1 2.736867293923901e-10 20 0
tr 6 2 1 6 3 1 533.2114285714289 2 2
tr 6 2 1 6 3 1 699575.5102040862 3 1
ann 6 2 1 6 3 2 2.927032678244112e-10 20 0
tr 6 2 1 6 3 2 5.246816326530615e6 3 1
tr 6 2 1 6 3 2 816171.4285714303 4 2
ann 6 2 1 6 3 3 2.3465153447687296e-10 20 0
tr 6 2 1 6 3 3 1333.0285714285708 2 2
tr 6 2 1 6 3 3 8.744693877551008e6 3 1
ann 6 2 1 6 4 1 6.400655314803547e-12 22 0
tr 6 2 1 6 4 1 142824.4897959186 2 1
tr 6 2 1 6 4 1 14169.096209912537 3 2
ann 6 2 1 6 4 2 6.667076255058168e-12 22 0
tr 6 2 1 6 4 2 190432.65306122444 2 1
tr 6 2 1 6 4 2 2361.51603498543 3 2
tr 6 2 1 6 4 2 7.028036081632659e7 4 1
ann 6 2 1 6 4 3 6.843659739889963e-12 22 0
tr 6 2 1 6 4 3 166628.5714285712 2 1
tr 6 2 1 6 4 3 3306.122448979591 3 2
tr 6 2 1 6 4 3 1.518402857142856e8 4 1
ann 6 2 1 6 4 4 7.311984061871719e-12 22 0
tr 6 2 1 6 4 4 39673.469387755074 3 2
tr 6 2 1 6 4 4 1.7006111999999976e8 4 1
ann 6 2 1 6 5 1 4.9345279608523494e-14 24 0
tr 6 2 1 6 5 1 1.8514285714285756e6 3 1
tr 6 2 1 6 5 1 172800.00000000015 4 2
ann 6 2 1 6 5 2 5.1748856197541636e-14 24 0
tr 6 2 1 6 5 2 2.4300000000000014e6 3 1
tr 6 2 1 6 5 2 60480.000000000015 4 2
tr 6 2 1 6 5 2 4.399372381090917e8 5 1
ann 6 2 1 6 5 3 5.285709597941516e-14 24 0
tr 6 2 1 6 5 3 2.5919999999999986e6 3 1
tr 6 2 1 6 5 3 1.0474696145454538e9 5 1
ann 6 2 1 6 5 4 5.3824310127405004e-14 24 0
tr 6 2 1 6 5 4 1.9439999999999974e6 3 1
tr 6 2 1 6 5 4 103679.9999999999 4 2
tr 6 2 1 6 5 4 1.5397803333818183e9 5 1
ann 6 2 1 6 5 5 5.6329400032305033e-14 24 0
tr 6 2 1 6 5 5 518399.9999999997 4 2
tr 6 2 1 6 5 5 1.414083979636365e9 5 1
ann 6 2 1 7 1 1 3.8692571875627985e-8 16 0
tr 6 2 1 7 1 1 15.249844795482815 2 2
tr 6 2 1 7 1 1 1.984060924929109e6 3 1
ann 6 2 1 7 2 1 4.7378649859971466e-9 18 0
tr 6 2 1 7 2 1 11474.05796523354 2 1
tr 6 2 1 7 2 1 6556.604551562008 3 2
tr 6 2 1 7 2 1 2.2535246879745397e8 4 1
ann 6 2 1 7 2 2 1.4805726027626844e-9 18 0
tr 6 2 1 7 2 2 68844.34779140109 2 1
tr 6 2 1 7 2 2 4917.453413671506 3 2
tr 6 2 1 7 2 2 7.042264649920428e7 4 1
ann 6 2 1 7 3 1 1.952830689349419e-10 20 0
tr 6 2 1 7 3 1 137.7811829766903 2 2
tr 6 2 1 7 3 1 656737.3541732752 3 1
tr 6 2 1 7 3 1 781830.1835396079 4 2
tr 6 2 1 7 3 1 1.3860859438743301e10 5 1
ann 6 2 1 7 3 2 2.0885189627061306e-10 20 0
tr 6 2 1 7 3 2 4.925530156299532e6 3 1
tr 6 2 1 7 3 2 766193.5798688174 4 2
tr 6 2 1 7 3 2 6.653212530596791e9 5 1
ann 6 2 1 7 3 3 1.674303760049995e-10 20 0
tr 6 2 1 7 3 3 344.4529574417253 2 2
tr 6 2 1 7 3 3 8.209216927165869e6 3 1
tr 6 2 1 7 3 3 422188.2991113882 4 2
tr 6 2 1 7 3 3 1.9405203214240596e9 5 1
ann 6 2 1 7 4 1 5.5363770318636016e-12 22 0
tr 6 2 1 7 4 1 225528.22961669622 2 1
tr 6 2 1 7 4 1 22373.83230324363 3 2
tr 6 2 1 7 4 1 2.6481583932215717e7 4 1
ann 6 2 1 7 4 2 5.766823248206916e-12 22 0
tr 6 2 1 7 4 2 300704.3061555944 2 1
tr 6 2 1 7 4 2 3728.972050540616 3 2
tr 6 2 1 7 4 2 2.1450082985094556e8 4 1
ann 6 2 1 7 4 3 5.919562723899004e-12 22 0
tr 6 2 1 7 4 3 263116.26788614475 2 1
tr 6 2 1 7 4 3 5220.560870756846 3 2
tr 6 2 1 7 4 3 4.634277188137705e8 4 1
ann 6 2 1 7 4 4 6.324649359638585e-12 22 0
tr 6 2 1 7 4 4 62646.73044908211 3 2
tr 6 2 1 7 4 4 5.190390450714225e8 4 1
tr 6 2 1 7 4 4 1.7615870620605856e7 5 2
tr 6 2 1 7 4 4 3.705683661159428e10 6 1
ann 6 2 1 7 5 1 6.841822599172485e-14 24 0
tr 6 2 1 7 5 1 1.4191757693734983e7 3 1
tr 6 2 1 7 5 1 1.3245640514152637e6 4 2
tr 6 2 1 7 5 1 6.060181941063541e8 5 1
ann 6 2 1 7 5 2 7.175083350310328e-14 24 0
tr 6 2 1 7 5 2 1.862668197302714e7 3 1
tr 6 2 1 7 5 2 463597.417995342 4 2
tr 6 2 1 7 5 2 5.090552830493371e9 5 1
ann 6 2 1 7 5 3 7.328743034064473e-14 24 0
tr 6 2 1 7 5 3 1.9868460771228924e7 3 1
tr 6 2 1 7 5 3 1.2120363882127045e10 5 1
ann 6 2 1 7 5 4 7.46284921853909e-14 24 0
tr 6 2 1 7 5 4 1.490134557842168e7 3 1
tr 6 2 1 7 5 4 794738.4308491569 4 2
tr 6 2 1 7 5 4 1.781693490672677e10 5 1
ann 6 2 1 7 5 5 7.810184962699507e-14 24 0
tr 6 2 1 7 5 5 3.9736921542457854e6 4 2
tr 6 2 1 7 5 5 1.6362491240871534e10 5 1
tr 6 2 1 7 5 5 3.736261736177312e8 6 2
tr 6 2 1 7 5 5 4.305511537100272e11 7 1
ann 6 2 1 7 6 1 2.788161962638185e-16 26 0
tr 6 2 1 7 6 1 3.5340128159009796e8 4 1
tr 6 2 1 7 6 1 2.698700695778929e7 5 2
tr 6 2 1 7 6 1 5.891752672626639e9 6 1
ann 6 2 1 7 6 2 2.9737000119684605e-16 26 0
tr 6 2 1 7 6 2 4.5235364043532574e8 4 1
tr 6 2 1 7 6 2 1.2953763339738864e7 5 2
tr 6 2 1 7 6 2 5.050073719394244e10 6 1
ann 6 2 1 7 6 3 3.070748622959174e-16 26 0
tr 6 2 1 7 6 3 5.088978454897405e8 4 1
tr 6 2 1 7 6 3 1.8505376199626853e6 5 2
tr 6 2 1 7 6 3 1.2625184298485675e11 6 1
ann 6 2 1 7 6 4 3.087987109247013e-16 26 0
tr 6 2 1 7 6 4 4.8466461475213385e8 4 1
tr 6 2 1 7 6 4 2.313172024953353e6 5 2
tr 6 2 1 7 6 4 2.0621134354193216e11 6 1
ann 6 2 1 7 6 5 3.04375537180017e-16 26 0
tr 6 2 1 7 6 5 3.3320692264209247e8 4 1
tr 6 2 1 7 6 5 2.5444892274487045e7 5 2
tr 6 2 1 7 6 5 2.499786491100155e11 6 1
ann 6 2 1 7 6 6 2.966053898918342e-16 26 0
tr 6 2 1 7 6 6 8.481630758162352e7 5 2
tr 6 2 1 7 6 6 2.0368630668223477e11 6 1
tr 6 2 1 7 6 6 3.237557072460955e9 7 2
ann 6 2 1 9 8 2 3.401953862335835e-21 30 0
tr 6 2 1 9 8 2 1.2386300607104375e12 6 1
tr 6 2 1 9 8 2 3.2091419780842815e10 7 2
tr 6 2 1 9 8 2 8.160477192962061e13 8 1
ann 6 2 1 9 8 4 3.7046736974115684e-21 30 0
tr 6 2 1 9 8 4 1.5138811853127634e12 6 1
tr 6 2 1 9 8 4 1.8826966271427865e9 7 2
tr 6 2 1 9 8 4 3.80822269004899e14 8 1
ann 6 2 1 9 8 6 3.550119051924191e-21 30 0
tr 6 2 1 9 8 6 1.2523926169405542e12 6 1
tr 6 2 1 9 8 6 2.336255360045361e10 7 2
tr 6 2 1 9 8 6 6.582784935656085e14 8 1
ann 6 2 1 9 8 8 2.788232059662653e-21 30 0
tr 6 2 1 9 8 8 1.6773115405453836e11 7 2
tr 6 2 1 9 8 8 4.663129824549761e14 8 1
tr 6 2 1 9 8 8 3.9525118292709414e12 9 2
tr 6 2 1 9 8 8 3.555293517108644e15 10 1
ann 6 2 1 11 10 2 1.2847168464345348e-26 34 0
tr 6 2 1 11 10 2 5.3088714929027525e14 8 1
tr 6 2 1 11 10 2 1.1062908590847143e13 9 2
tr 6 2 1 11 10 2 2.4677831880532976e16 10 1
ann 6 2 1 11 10 4 1.441501392817873e-26 34 0
tr 6 2 1 11 10 4 6.587826898011136e14 8 1
tr 6 2 1 11 10 4 2.80164568209763e12 9 2
tr 6 2 1 11 10 4 1.219166138789302e17 10 1
ann 6 2 1 11 10 6 1.4680187112371168e-26 34 0
tr 6 2 1 11 10 6 6.75674553642168e14 8 1
tr 6 2 1 11 10 6 4.104975358384927e11 9 2
tr 6 2 1 11 10 6 2.4576277016827315e17 10 1
ann 6 2 1 11 10 8 1.304746217778541e-26 34 0
tr 6 2 1 11 10 8 4.9227717479643694e14 8 1
tr 6 2 1 11 10 8 1.3084608954851617e13 9 2
tr 6 2 1 11 10 8 3.084728985066657e17 10 1
ann 6 2 1 11 10 10 8.849304155968344e-27 34 0
tr 6 2 1 11 10 10 5.264630897128549e13 9 2
tr 6 2 1 11 10 10 1.833065289891456e17 10 1
tr 6 2 1 11 10 10 9.174265477358265e14 11 2
tr 6 2 1 11 10 10 1.0657838653575482e18 12 1
ann 6 2 1 13 12 2 2.0458830669194756e-32 38 0
tr 6 2 1 13 12 2 6.8045922379229176e16 10 1
tr 6 2 1 13 12 2 1.1264069660826908e15 11 2
tr 6 2 1 13 12 2 2.405214816122264e18 12 1
ann 6 2 1 13 12 4 2.323796774767693e-32 38 0
tr 6 2 1 13 12 4 8.374882754366699e16 10 1
tr 6 2 1 13 12 4 4.584480936437468e14 11 2
tr 6 2 1 13 12 4 1.2244729972986157e19 12 1
ann 6 2 1 13 12 6 2.456058442552464e-32 38 0
tr 6 2 1 13 12 6 9.152550438700738e16 10 1
tr 6 2 1 13 12 6 2.338085277583124e13 11 2
tr 6 2 1 13 12 6 2.6457362977344975e19 12 1
ann 6 2 1 13 12 8 2.3708728286152454e-32 38 0
tr 6 2 1 13 12 8 8.52443423212325e16 10 1
tr 6 2 1 13 12 8 2.613154133769378e14 11 2
tr 6 2 1 13 12 8 3.904569506691996e19 12 1
ann 6 2 1 13 12 10 1.9868057896253885e-32 38 0
tr 6 2 1 13 12 10 5.757731893627103e16 10 1
tr 6 2 1 13 12 10 1.729724657317857e15 11 2
tr 6 2 1 13 12 10 4.134678802953044e19 12 1
ann 6 2 1 13 12 12 1.212784280580112e-32 38 0
tr 6 2 1 13 12 12 5.103444178442199e15 11 2
tr 6 2 1 13 12 12 2.2032184203094032e19 12 1
tr 6 2 1 13 12 12 7.023906085758762e16 13 2
tr 6 2 1 13 12 12 1.0247002956499817e20 14 1
ann 6 2 2 6 2 2 1.129253658079955e-9 18 0
ann 6 2 2 6 3 1 2.2780767950158728e-10 20 0
tr 6 2 2 6 3 1 799.8171428571424 2 2
tr 6 2 2 6 3 1 8.394906122448975e6 3 1
ann 6 2 2 6 3 2 2.847591150007065e-10 20 0
tr 6 2 2 6 3 2 1333.0285714285708 2 2
tr 6 2 2 6 3 2 6.995755102040803e6 3 1
ann 6 2 2 6 3 3 3.8497427604837453e-10 20 0
tr 6 2 2 6 3 3 1333.0285714285708 2 2
tr 6 2 2 6 3 3 3.4978775510204057e6 3 1
ann 6 2 2 6 4 1 5.714788446679585e-12 22 0
tr 6 2 2 6 4 1 23804.08163265296 2 1
tr 6 2 2 6 4 1 18892.128279883393 3 2
tr 6 2 2 6 4 1 1.7353175510204074e8 4 1
ann 6 2 2 6 4 2 7.498509902310496e-12 22 0
tr 6 2 2 6 4 2 71412.24489795914 2 1
tr 6 2 2 6 4 2 28338.19241982506 3 2
tr 6 2 2 6 4 2 1.5617857959183645e8 4 1
ann 6 2 2 6 4 3 9.554313588906728e-12 22 0
tr 6 2 2 6 4 3 166628.5714285712 2 1
tr 6 2 2 6 4 3 33061.22448979594 3 2
tr 6 2 2 6 4 3 1.0932500571428554e8 4 1
ann 6 2 2 6 4 4 1.1796643115941717e-11 22 0
tr 6 2 2 6 4 4 333257.14285714255 2 1
tr 6 2 2 6 4 4 26448.979591836673 3 2
ann 6 2 2 6 5 1 3.9033773182109475e-14 24 0
tr 6 2 2 6 5 1 347142.85714285634 3 1
tr 6 2 2 6 5 1 215999.99999999994 4 2
tr 6 2 2 6 5 1 1.5712044218181808e9 5 1
ann 6 2 2 6 5 2 5.197055506219363e-14 24 0
tr 6 2 2 6 5 2 809999.9999999994 3 1
tr 6 2 2 6 5 2 302400.00000000006 4 2
tr 6 2 2 6 5 2 1.4664574603636367e9 5 1
ann 6 2 2 6 5 3 6.70265174448497e-14 24 0
tr 6 2 2 6 5 3 1.6199999999999986e6 3 1
tr 6 2 2 6 5 3 362879.9999999994 4 2
tr 6 2 2 6 5 3 1.1731659682909074e9 5 1
ann 6 2 2 6 5 4 8.395237362940579e-14 24 0
tr 6 2 2 6 5 4 2.915999999999996e6 3 1
tr 6 2 2 6 5 4 362879.9999999999 4 2
tr 6 2 2 6 5 4 7.541781224727281e8 5 1
ann 6 2 2 6 5 5 1.0236768936080622e-13 24 0
tr 6 2 2 6 5 5 4.859999999999993e6 3 1
tr 6 2 2 6 5 5 259199.99999999985 4 2
ann 6 2 2 7 1 1 2.4182736668547873e-8 16 0
tr 6 2 2 7 1 1 10.166563196988534 2 2
tr 6 2 2 7 1 1 661353.6416430363 3 1
ann 6 2 2 7 2 1 1.4805726027626873e-9 18 0
tr 6 2 2 7 2 1 68844.34779140103 2 1
tr 6 2 2 7 2 1 4917.453413671506 3 2
tr 6 2 2 7 2 1 7.042264649920428e7 4 1
ann 6 2 2 7 2 2 2.961145205525378e-9 18 0
tr 6 2 2 7 2 2 45896.23186093399 2 1
tr 6 2 2 7 2 2 1639.1511378905002 3 2
tr 6 2 2 7 2 2 1.4084529299840933e7 4 1
ann 6 2 2 7 3 1 1.6254709514534818e-10 20 0
tr 6 2 2 7 3 1 206.6717744650352 2 2
tr 6 2 2 7 3 1 7.880848250079245e6 3 1
tr 6 2 2 7 3 1 625464.146831686 4 2
tr 6 2 2 7 3 1 4.1582578316229887e9 5 1
ann 6 2 2 7 3 2 2.03183524281493e-10 20 0
tr 6 2 2 7 3 2 344.4529574417254 2 2
tr 6 2 2 7 3 2 6.567373541732693e6 3 1
tr 6 2 2 7 3 2 312732.0734158435 4 2
tr 6 2 2 7 3 2 1.38608594387433e9 5 1
ann 6 2 2 7 3 3 2.746898208344811e-10 20 0
tr 6 2 2 7 3 3 344.4529574417254 2 2
tr 6 2 2 7 3 3 3.283686770866351e6 3 1
tr 6 2 2 7 3 3 93819.62202475205 4 2
tr 6 2 2 7 3 3 2.7721718877486455e8 5 1
ann 6 2 2 7 4 1 4.943122515526494e-12 22 0
tr 6 2 2 7 4 1 37588.03826944914 2 1
tr 6 2 2 7 4 1 29831.77640432485 3 2
tr 6 2 2 7 4 1 5.296316786443093e8 4 1
ann 6 2 2 7 4 2 6.485988687461191e-12 22 0
tr 6 2 2 7 4 2 112764.11480834785 2 1
tr 6 2 2 7 4 2 44747.66460648723 3 2
tr 6 2 2 7 4 2 4.7666851077987766e8 4 1
ann 6 2 2 7 4 3 8.26419792587601e-12 22 0
tr 6 2 2 7 4 3 263116.26788614475 2 1
tr 6 2 2 7 4 3 52205.6087075685 3 2
tr 6 2 2 7 4 3 3.336679575459145e8 4 1
ann 6 2 2 7 4 4 1.0203746492113434e-11 22 0
tr 6 2 2 7 4 4 526232.5357722898 2 1
tr 6 2 2 7 4 4 41764.48696605468 3 2
tr 6 2 2 7 4 4 1.4829687002040634e8 4 1
ann 6 2 2 7 5 1 5.412111404585412e-14 24 0
tr 6 2 2 7 5 1 2.6609545675752973e6 3 1
tr 6 2 2 7 5 1 1.6557050642690773e6 4 2
tr 6 2 2 7 5 1 1.8180545823190567e10 5 1
ann 6 2 2 7 5 2 7.205822322951405e-14 24 0
tr 6 2 2 7 5 2 6.208893991009039e6 3 1
tr 6 2 2 7 5 2 2.31798708997671e6 4 2
tr 6 2 2 7 5 2 1.6968509434977879e10 5 1
ann 6 2 2 7 5 3 9.293361898938215e-14 24 0
tr 6 2 2 7 5 3 1.2417787982018072e7 3 1
tr 6 2 2 7 5 3 2.7815845079720477e6 4 2
tr 6 2 2 7 5 3 1.357480754798228e10 5 1
ann 6 2 2 7 5 4 1.1640166030282034e-13 24 0
tr 6 2 2 7 5 4 2.2352018367632523e7 3 1
tr 6 2 2 7 5 4 2.781584507972051e6 4 2
tr 6 2 2 7 5 4 8.726661995131489e9 5 1
ann 6 2 2 7 5 5 1.4193486742003677e-13 24 0
tr 6 2 2 7 5 5 3.725336394605419e7 3 1
tr 6 2 2 7 5 5 1.9868460771228925e6 4 2
tr 6 2 2 7 5 5 3.636109164638098e9 5 1
ann 6 2 2 7 6 1 1.9290562275162919e-16 26 0
tr 6 2 2 7 6 1 7.068025631801954e7 4 1
tr 6 2 2 7 6 1 3.238440834934711e7 5 2
tr 6 2 2 7 6 1 2.4745361225031818e11 6 1
ann 6 2 2 7 6 2 2.5619664219633905e-16 26 0
tr 6 2 2 7 6 2 1.4136051263603887e8 4 1
tr 6 2 2 7 6 2 4.317921113246288e7 5 2
tr 6 2 2 7 6 2 2.3567010690506516e11 6 1
ann 6 2 2 7 6 3 3.3109481480162864e-16 26 0
tr 6 2 2 7 6 3 2.5444892274487057e8 4 1
tr 6 2 2 7 6 3 5.181505335895539e7 5 2
tr 6 2 2 7 6 3 2.0200294877577e11 6 1
ann 6 2 2 7 6 4 4.17769961593881e-16 26 0
tr 6 2 2 7 6 4 4.2408153790811694e8 4 1
tr 6 2 2 7 6 4 5.551612859888083e7 5 2
tr 6 2 2 7 6 4 1.515022115818273e11 6 1
ann 6 2 2 7 6 5 5.161503889161924e-16 26 0
tr 6 2 2 7 6 5 6.664138452841855e8 4 1
tr 6 2 2 7 6 5 5.088978454897411e7 5 2
tr 6 2 2 7 6 5 9.258468485556137e10 6 1
ann 6 2 2 7 6 6 6.259228884283721e-16 26 0
tr 6 2 2 7 6 6 9.99620767926276e8 4 1
tr 6 2 2 7 6 6 3.392652303264937e7 5 2
tr 6 2 2 7 6 6 3.703387394222437e10 6 1
ann 6 2 2 9 8 2 2.2693040455712233e-21 30 0
tr 6 2 2 9 8 2 3.6126710104054376e11 6 1
tr 6 2 2 9 8 2 7.188478030908789e10 7 2
tr 6 2 2 9 8 2 6.528381754369666e14 8 1
ann 6 2 2 9 8 4 3.630746546725732e-21 30 0
tr 6 2 2 9 8 4 8.515581667384259e11 6 1
tr 6 2 2 9 8 4 9.413483135713885e10 7 2
tr 6 2 2 9 8 4 5.129442807004728e14 8 1
ann 6 2 2 9 8 6 5.46760930425169e-21 30 0
tr 6 2 2 9 8 6 1.7220398482932612e12 6 1
tr 6 2 2 9 8 6 9.345021440181427e10 7 2
tr 6 2 2 9 8 6 2.8289654268935156e14 8 1
ann 6 2 2 9 8 8 7.853785529519055e-21 30 0
tr 6 2 2 9 8 8 3.130981542351386e12 6 1
tr 6 2 2 9 8 8 4.792318687272529e10 7 2
tr 6 2 2 9 8 8 6.217506432732967e13 8 1
ann 6 2 2 11 10 2 7.161649476097738e-27 34 0
tr 6 2 2 11 10 2 1.493120107378897e14 8 1
tr 6 2 2 11 10 2 2.0319628024004895e13 9 2
tr 6 2 2 11 10 2 3.01617945206517e17 10 1
ann 6 2 2 11 10 4 1.107586911086366e-26 34 0
tr 6 2 2 11 10 4 3.0194206615884375e14 8 1
tr 6 2 2 11 10 4 2.614869303291135e13 9 2
tr 6 2 2 11 10 4 2.5876179272262765e17 10 1
ann 6 2 2 11 10 6 1.6335126805185583e-26 34 0
tr 6 2 2 11 10 6 5.489855748342603e14 8 1
tr 6 2 2 11 10 6 2.8734827508693855e13 9 2
tr 6 2 2 11 10 6 1.8279875467061603e17 10 1
ann 6 2 2 11 10 8 2.3191842272809654e-26 34 0
tr 6 2 2 11 10 8 9.230197027433184e14 8 1
tr 6 2 2 11 10 8 2.5122449193315227e13 9 2
tr 6 2 2 11 10 8 9.322736488201366e16 10 1
ann 6 2 2 11 10 10 3.1916512509811095e-26 34 0
tr 6 2 2 11 10 10 1.4614478626769212e15 8 1
tr 6 2 2 11 10 10 1.1699179771396758e13 9 2
tr 6 2 2 11 10 10 1.929542410412055e16 10 1
ann 6 2 2 13 12 2 1.0031239373353636e-32 38 0
tr 6 2 2 13 12 2 1.8712628654288e16 10 1
tr 6 2 2 13 12 2 1.8356261669495628e15 11 2
tr 6 2 2 13 12 2 4.169039014611926e19 12 1
ann 6 2 2 13 12 4 1.4987215874339854e-32 38 0
tr 6 2 2 13 12 4 3.4022961189614604e16 10 1
tr 6 2 2 13 12 4 2.3105783919644855e15 11 2
tr 6 2 2 13 12 4 3.748386726424312e19 12 1
ann 6 2 2 13 12 6 2.1541261587990855e-32 38 0
tr 6 2 2 13 12 6 5.720344024187956e16 10 1
tr 6 2 2 13 12 6 2.6186555108930875e15 11 2
tr 6 2 2 13 12 6 2.973720136296625e19 12 1
ann 6 2 2 13 12 8 2.9992109587148487e-32 38 0
tr 6 2 2 13 12 8 9.057211371630947e16 10 1
tr 6 2 2 13 12 8 2.613154133769364e15 11 2
tr 6 2 2 13 12 8 1.9783152167239463e19 12 1
ann 6 2 2 13 12 10 4.0662590198835045e-32 38 0
tr 6 2 2 13 12 10 1.3674613247364387e17 10 1
tr 6 2 2 13 12 10 2.1180301926341215e15 11 2
tr 6 2 2 13 12 10 9.620859264489056e18 12 1
ann 6 2 2 13 12 12 5.389963100425304e-32 38 0
tr 6 2 2 13 12 12 1.98641750330135e17 10 1
tr 6 2 2 13 12 12 9.27898941534942e14 11 2
tr 6 2 2 13 12 12 1.9158421046168586e18 12 1
ann 6 3 1 6 3 1 3.6365330289509197e-12 22 0
ann 6 3 1 6 3 2 1.0280086945382383e-11 22 0
tr 6 3 1 6 3 2 121104.00000000003 2 1
ann 6 3 1 6 3 3 8.277672079980326e-12 22 0
tr 6 3 1 6 3 3 80735.9999999999 2 1
tr 6 3 1 6 3 3 57668.57142857141 3 2
ann 6 3 1 6 4 1 3.220213926489852e-13 24 0
tr 6 3 1 6 4 1 411.4285714285717 2 2
tr 6 3 1 6 4 1 1.1935102040816408e6 3 1
ann 6 3 1 6 4 2 3.2245762876745586e-13 24 0
tr 6 3 1 6 4 2 137.14285714285748 2 2
tr 6 3 1 6 4 2 3.1826938775510257e6 3 1
ann 6 3 1 6 4 3 2.454291864697095e-13 24 0
tr 6 3 1 6 4 3 1920.0000000000005 2 2
tr 6 3 1 6 4 3 1.1139428571428587e6 3 1
ann 6 3 1 6 4 4 2.0296182211604688e-13 24 0
tr 6 3 1 6 4 4 3.341828571428564e6 3 1
tr 6 3 1 6 4 4 1.6040777142857136e6 4 2
ann 6 3 1 6 5 1 2.7344753788104304e-15 26 0
tr 6 3 1 6 5 1 61714.28571428584 2 1
tr 6 3 1 6 5 1 6122.448979591841 3 2
ann 6 3 1 6 5 2 2.850843592635856e-15 26 0
tr 6 3 1 6 5 2 72000.00000000004 2 1
ann 6 3 1 6 5 3 2.6848412637187536e-15 26 0
tr 6 3 1 6 5 3 47999.99999999996 2 1
tr 6 3 1 6 5 3 8571.42857142857 3 2
ann 6 3 1 6 5 4 2.251638764714657e-15 26 0
tr 6 3 1 6 5 4 25714.285714285703 3 2
tr 6 3 1 6 5 4 2.6671679999999916e6 4 1
ann 6 3 1 6 5 5 1.7011233502812736e-15 26 0
tr 6 3 1 6 5 5 5.334335999999993e7 4 1
tr 6 3 1 6 5 5 1.629397178181818e7 5 2
ann 6 3 1 7 1 1 2.478746317696142e-9 18 0
tr 6 3 1 7 1 1 14006.061388991746 2 1
tr 6 3 1 7 1 1 1389.4902171618794 3 2
tr 6 3 1 7 1 1 8.617305233847083e7 4 1
ann 6 3 1 7 2 1 1.794163179136705e-10 20 0
tr 6 3 1 7 2 1 9.574895560591624 2 2
tr 6 3 1 7 2 1 228608.81983670825 3 1
tr 6 3 1 7 2 1 272153.35694846034 4 2
tr 6 3 1 7 2 1 6.881516686134285e9 5 1
ann 6 3 1 7 2 2 1.493401411383902e-10 20 0
tr 6 3 1 7 2 2 14.362343340887415 2 2
tr 6 3 1 7 2 2 2.743305838040481e6 3 1
tr 6 3 1 7 2 2 217722.68555876828 4 2
tr 6 3 1 7 2 2 2.0644550058402855e9 5 1
ann 6 3 1 7 3 1 1.0379068495220655e-11 22 0
tr 6 3 1 7 3 1 19444.747386830903 2 1
tr 6 3 1 7 3 1 7716.169597948735 3 2
tr 6 3 1 7 3 1 4.1032736059121247e6 4 1
ann 6 3 1 7 3 2 7.335127046498905e-12 22 0
tr 6 3 1 7 3 2 32407.912311384673 2 1
tr 6 3 1 7 3 2 1.3130475538918595e8 4 1
ann 6 3 1 7 3 3 5.906348483678354e-12 22 0
tr 6 3 1 7 3 3 21605.274874256425 2 1
tr 6 3 1 7 3 3 15432.339195897463 3 2
tr 6 3 1 7 3 3 2.215767747192509e8 4 1
ann 6 3 1 7 4 1 2.785389549018128e-13 24 0
tr 6 3 1 7 4 1 200.78942113786553 2 2
tr 6 3 1 7 4 1 1.6142142878974578e6 3 1
tr 6 3 1 7 4 1 996200.8176738537 4 2
ann 6 3 1 7 4 2 2.789162862700643e-13 24 0
tr 6 3 1 7 4 2 66.9298070459553 2 2
tr 6 3 1 7 4 2 4.304571434393198e6 3 1
tr 6 3 1 7 4 2 177102.3675864626 4 2
tr 6 3 1 7 4 2 3.662996305074422e9 5 1
ann 6 3 1 7 4 3 2.1228896871531613e-13 24 0
tr 6 3 1 7 4 3 937.0172986433722 2 2
tr 6 3 1 7 4 3 1.5066000020376188e6 3 1
tr 6 3 1 7 4 3 309929.1432763096 4 2
tr 6 3 1 7 4 3 9.513092621399345e9 5 1
ann 6 3 1 7 4 4 1.755559565797317e-13 24 0
tr 6 3 1 7 4 4 4.519800006112841e6 3 1
tr 6 3 1 7 4 4 2.1695040029341667e6 4 2
tr 6 3 1 7 4 4 9.31894787402383e9 5 1
ann 6 3 1 7 5 1 3.791405305192378e-15 26 0
tr 6 3 1 7 5 1 251681.04608802317 2 1
tr 6 3 1 7 5 1 24968.357746827667 3 2
tr 6 3 1 7 5 1 6.992590736990502e7 4 1
ann 6 3 1 7 5 2 3.9527521819704986e-15 26 0
tr 6 3 1 7 5 2 293627.8871026933 2 1
tr 6 3 1 7 5 2 2.071193818295357e8 4 1
ann 6 3 1 7 5 3 3.72258660301768e-15 26 0
tr 6 3 1 7 5 3 195751.9247351286 2 1
tr 6 3 1 7 5 3 34955.700845558706 3 2
tr 6 3 1 7 5 3 1.9660160072100466e8 4 1
ann 6 3 1 7 5 4 3.121942593431928e-15 26 0
tr 6 3 1 7 5 4 104867.10253667609 3 2
tr 6 3 1 7 5 4 1.699026179070404e7 4 1
tr 6 3 1 7 5 4 3.690490803508089e7 5 2
tr 6 3 1 7 5 4 2.6957667213710037e11 6 1
ann 6 3 1 7 5 5 2.3586418473947246e-15 26 0
tr 6 3 1 7 5 5 3.3980523581408143e8 4 1
tr 6 3 1 7 5 5 1.0379505384866497e8 5 2
tr 6 3 1 7 5 5 2.0218250410282495e11 6 1
ann 6 3 1 7 6 1 1.8576189965371354e-17 28 0
tr 6 3 1 7 6 1 8.854830061021287e6 3 1
tr 6 3 1 7 6 1 826450.8056953195 4 2
tr 6 3 1 7 6 1 1.1750553456640463e9 5 1
ann 6 3 1 7 6 2 1.9427431274141735e-17 28 0
tr 6 3 1 7 6 2 1.062579607322552e7 3 1
tr 6 3 1 7 6 2 66116.06445562538 4 2
tr 6 3 1 7 6 2 3.5251660369921317e9 5 1
ann 6 3 1 7 6 3 1.922905472888189e-17 28 0
tr 6 3 1 7 6 3 9.56321646590297e6 3 1
tr 6 3 1 7 6 3 297522.2900503147 4 2
tr 6 3 1 7 6 3 4.532356333275613e9 5 1
ann 6 3 1 7 6 4 1.783995572655959e-17 28 0
tr 6 3 1 7 6 4 5.312898036612752e6 3 1
tr 6 3 1 7 6 4 1.7709660122042517e6 4 2
tr 6 3 1 7 6 4 2.5179757407086697e9 5 1
ann 6 3 1 7 6 5 1.501537968434564e-17 28 0
tr 6 3 1 7 6 5 3.1169001814794843e6 4 2
tr 6 3 1 7 6 5 9.10740362102473e8 6 2
tr 6 3 1 7 6 5 2.8098395054946724e12 7 1
ann 6 3 1 7 6 6 1.0263206756702241e-17 28 0
tr 6 3 1 7 6 6 8.309319944338566e9 5 1
tr 6 3 1 7 6 6 1.669690663854535e9 6 2
tr 6 3 1 7 6 6 1.7956370804344595e12 7 1
ann 6 3 1 9 8 2 3.303490760258724e-22 32 0
tr 6 3 1 9 8 2 2.363057530473308e10 5 1
tr 6 3 1 9 8 2 3.730864546878692e8 6 2
tr 6 3 1 9 8 2 5.413691582564903e12 7 1
ann 6 3 1 9 8 4 3.28888329146773e-22 32 0
tr 6 3 1 9 8 4 2.2280256715891266e10 5 1
tr 6 3 1 9 8 4 4.559945557296175e8 6 2
tr 6 3 1 9 8 4 9.049314361691375e12 7 1
ann 6 3 1 9 8 6 2.6963533720166297e-22 32 0
tr 6 3 1 9 8 6 7.50927170794851e9 5 1
tr 6 3 1 9 8 6 3.3950867376596127e9 6 2
tr 6 3 1 9 8 6 1.1515463760722458e12 7 1
ann 6 3 1 9 8 8 1.2450798099206888e-22 32 0
tr 6 3 1 9 8 8 2.1831400046369504e13 7 1
tr 6 3 1 9 8 8 2.1403333378793628e12 8 2
tr 6 3 1 9 8 8 2.881327960426221e15 9 1
ann 6 3 1 11 10 2 1.8047663774070406e-27 36 0
tr 6 3 1 11 10 2 9.063050915493396e12 7 1
tr 6 3 1 11 10 2 1.469137571891112e11 8 2
tr 6 3 1 11 10 2 1.653210432613288e15 9 1
ann 6 3 1 11 10 4 1.8682455639840203e-27 36 0
tr 6 3 1 11 10 4 9.818305158451154e12 7 1
tr 6 3 1 11 10 4 7.292264675023162e9 8 2
tr 6 3 1 11 10 4 3.4690127900342e15 9 1
ann 6 3 1 11 10 6 1.6917210384569247e-27 36 0
tr 6 3 1 11 10 6 7.14058556978266e12 7 1
tr 6 3 1 11 10 6 3.6648304520629175e11 8 2
tr 6 3 1 11 10 6 2.470252576320045e15 9 1
ann 6 3 1 11 10 8 1.2407171911599566e-27 36 0
tr 6 3 1 11 10 8 2.0009333190050305e12 7 1
tr 6 3 1 11 10 8 9.209088532457782e11 8 2
tr 6 3 1 11 10 8 1.338961434715145e12 9 1
ann 6 3 1 11 10 10 4.866685655049617e-28 36 0
tr 6 3 1 11 10 10 9.730902226790258e15 9 1
tr 6 3 1 11 10 10 5.2939784487661794e14 10 2
tr 6 3 1 11 10 10 9.14314334430924e17 11 1
ann 6 3 1 13 12 2 3.9592420524636533e-33 40 0
tr 6 3 1 13 12 2 1.0789624659468314e15 9 1
tr 6 3 1 13 12 2 1.5333714851222102e13 10 2
tr 6 3 1 13 12 2 1.6790411545215498e17 11 1
ann 6 3 1 13 12 4 4.202612452700857e-33 40 0
tr 6 3 1 13 12 4 1.2206444059196525e15 9 1
tr 6 3 1 13 12 4 3.851482537198673e11 10 2
tr 6 3 1 13 12 4 3.814168007266529e17 11 1
ann 6 3 1 13 12 6 4.027078596649842e-33 40 0
tr 6 3 1 13 12 6 1.0994422729927786e15 9 1
tr 6 3 1 13 12 6 1.0522800503417662e13 10 2
tr 6 3 1 13 12 6 4.121780801201006e17 11 1
ann 6 3 1 13 12 8 3.3777393580539166e-33 40 0
tr 6 3 1 13 12 8 6.96313439562094e14 9 1
tr 6 3 1 13 12 8 4.7435134034033805e13 10 2
tr 6 3 1 13 12 8 1.6569864415543715e17 11 1
ann 6 3 1 13 12 10 2.2663537889373746e-33 40 0
tr 6 3 1 13 12 10 1.7521612694863138e14 9 1
tr 6 3 1 13 12 10 7.65241436609653e13 10 2
tr 6 3 1 13 12 10 2.6638633701543676e16 11 1
ann 6 3 1 13 12 12 7.921774543421565e-34 40 0
tr 6 3 1 13 12 12 1.3104727857065034e18 11 1
tr 6 3 1 13 12 12 4.342395029560017e16 12 2
tr 6 3 1 13 12 12 9.392488450217725e19 13 1
ann 6 3 2 6 3 2 4.3891378981654204e-12 22 0
ann 6 3 2 6 3 3 1.1281294378083411e-11 22 0
tr 6 3 2 6 3 3 201839.99999999968 2 1
tr 6 3 2 6 3 3 57668.571428571486 3 2
ann 6 3 2 6 4 1 2.4798957692395884e-13 24 0
tr 6 3 2 6 4 1 1344.0000000000007 2 2
tr 6 3 2 6 4 1 2.546155102040818e6 3 1
ann 6 3 2 6 4 2 3.463368333560426e-13 24 0
tr 6 3 2 6 4 2 1316.5714285714298 2 2
tr 6 3 2 6 4 2 238702.04081632572 3 1
ann 6 3 2 6 4 3 4.234439688938212e-13 24 0
tr 6 3 2 6 4 3 192.0000000000002 2 2
tr 6 3 2 6 4 3 1.113942857142858e6 3 1
ann 6 3 2 6 4 4 3.238155957153013e-13 24 0
tr 6 3 2 6 4 4 1535.9999999999995 2 2
tr 6 3 2 6 4 4 5.569714285714276e6 3 1
ann 6 3 2 6 5 1 2.2594029556862304e-15 26 0
tr 6 3 2 6 5 1 16457.142857142844 2 1
tr 6 3 2 6 5 1 16530.61224489796 3 2
ann 6 3 2 6 5 2 2.8397465044125573e-15 26 0
tr 6 3 2 6 5 2 43200.0 2 1
tr 6 3 2 6 5 2 17142.857142857145 3 2
ann 6 3 2 6 5 3 3.358503133314062e-15 26 0
tr 6 3 2 6 5 3 76799.99999999991 2 1
tr 6 3 2 6 5 3 8571.42857142857 3 2
ann 6 3 2 6 5 4 3.612747116011361e-15 26 0
tr 6 3 2 6 5 4 86399.99999999988 2 1
ann 6 3 2 6 5 5 3.2656979256375434e-15 26 0
tr 6 3 2 6 5 5 25714.285714285703 3 2
tr 6 3 2 6 5 5 6.66792000000001e7 4 1
ann 6 3 2 7 1 1 2.5910220269961587e-9 18 0
tr 6 3 2 7 1 1 23343.435648319584 2 1
tr 6 3 2 7 1 1 1157.9085143015668 3 2
tr 6 3 2 7 1 1 4.308652616923534e7 4 1
ann 6 3 2 7 2 1 1.9188267812330564e-10 20 0
tr 6 3 2 7 2 1 1.7145661487753019e6 3 1
tr 6 3 2 7 2 1 266710.28980949166 4 2
tr 6 3 2 7 2 1 3.303128009344461e9 5 1
ann 6 3 2 7 2 2 1.8667485995945874e-10 20 0
tr 6 3 2 7 2 2 23.937238901479027 2 2
tr 6 3 2 7 2 2 2.286088198367063e6 3 1
tr 6 3 2 7 2 2 108861.34277938426 4 2
tr 6 3 2 7 2 2 6.881516686134285e8 5 1
ann 6 3 2 7 3 1 7.335127046498899e-12 22 0
tr 6 3 2 7 3 1 32407.912311384684 2 1
tr 6 3 2 7 3 1 1.3130475538918595e8 4 1
ann 6 3 2 7 3 2 1.2527086248766991e-11 22 0
tr 6 3 2 7 3 2 7716.16959794874 3 2
tr 6 3 2 7 3 2 2.0106040668969062e8 4 1
tr 6 3 2 7 3 2 1.3926261935216669e7 5 2
tr 6 3 2 7 3 2 4.979669164013857e10 6 1
ann 6 3 2 7 3 3 8.049516327909173e-12 22 0
tr 6 3 2 7 3 3 54013.18718564102 2 1
tr 6 3 2 7 3 3 15432.339195897484 3 2
tr 6 3 2 7 3 3 1.2309820817736152e8 4 1
ann 6 3 2 7 4 1 2.1450363044412125e-13 24 0
tr 6 3 2 7 4 1 655.9121090503609 2 2
tr 6 3 2 7 4 1 3.443657147514554e6 3 1
tr 6 3 2 7 4 1 6.190840158657433e9 5 1
ann 6 3 2 7 4 2 2.9957109036168573e-13 24 0
tr 6 3 2 7 4 2 642.5261476411699 2 2
tr 6 3 2 7 4 2 322842.85757948813 3 1
tr 6 3 2 7 4 2 553444.8987076962 4 2
tr 6 3 2 7 4 2 9.509130483697796e9 5 1
ann 6 3 2 7 4 3 3.662664752889046e-13 24 0
tr 6 3 2 7 4 3 93.7017298643373 2 2
tr 6 3 2 7 4 3 1.5066000020376176e6 3 1
tr 6 3 2 7 4 3 1.5496457163815473e6 4 2
tr 6 3 2 7 4 3 8.3898265830125475e9 5 1
ann 6 3 2 7 4 4 2.8009088863430663e-13 24 0
tr 6 3 2 7 4 4 749.6138389146976 2 2
tr 6 3 2 7 4 4 7.533000010188073e6 3 1
tr 6 3 2 7 4 4 1.5496457163815473e6 4 2
tr 6 3 2 7 4 4 3.8828949475099387e9 5 1
ann 6 3 2 7 5 1 3.132707802210356e-15 26 0
tr 6 3 2 7 5 1 67114.94562347265 2 1
tr 6 3 2 7 5 1 67414.56591643466 3 2
tr 6 3 2 7 5 1 1.8059376903384483e8 4 1
ann 6 3 2 7 5 2 3.937365847090158e-15 26 0
tr 6 3 2 7 5 2 176176.73226161586 2 1
tr 6 3 2 7 5 2 69911.40169111744 3 2
tr 6 3 2 7 5 2 4.045300426358112e7 4 1
ann 6 3 2 7 5 3 4.656632381478341e-15 26 0
tr 6 3 2 7 5 3 313203.0795762057 2 1
tr 6 3 2 7 5 3 34955.700845558706 3 2
tr 6 3 2 7 5 3 1.213590127907431e7 4 1
ann 6 3 2 7 5 4 5.0091467922648145e-15 26 0
tr 6 3 2 7 5 4 352353.46452323126 2 1
tr 6 3 2 7 5 4 1.9417442046518955e8 4 1
ann 6 3 2 7 5 5 4.527956088591823e-15 26 0
tr 6 3 2 7 5 5 104867.10253667609 3 2
tr 6 3 2 7 5 5 4.2475654476760304e8 4 1
tr 6 3 2 7 5 5 5.7663918804813884e7 5 2
tr 6 3 2 7 5 5 6.739416803427514e10 6 1
ann 6 3 2 7 6 1 1.5335879323308388e-17 28 0
tr 6 3 2 7 6 1 2.656449018306379e6 3 1
tr 6 3 2 7 6 1 2.0000109497826693e6 4 2
tr 6 3 2 7 6 1 3.5251660369921236e9 5 1
ann 6 3 2 7 6 2 1.8725824484493272e-17 28 0
tr 6 3 2 7 6 2 5.667091239053617e6 3 1
tr 6 3 2 7 6 2 2.1157140625800155e6 4 2
tr 6 3 2 7 6 2 1.175055345664047e9 5 1
ann 6 3 2 7 6 3 2.169885658318735e-17 28 0
tr 6 3 2 7 6 3 9.56321646590297e6 3 1
tr 6 3 2 7 6 3 1.4876114502515714e6 4 2
ann 6 3 2 7 6 4 2.3777712869209953e-17 28 0
tr 6 3 2 7 6 4 1.2750955287870632e7 3 1
tr 6 3 2 7 6 4 396696.3867337541 4 2
tr 6 3 2 7 6 4 1.5107854444252e9 5 1
ann 6 3 2 7 6 5 2.444551178917345e-17 28 0
tr 6 3 2 7 6 5 1.1688375680548092e7 3 1
tr 6 3 2 7 6 5 155845.00907397445 4 2
tr 6 3 2 7 6 5 5.53954662955906e9 5 1
ann 6 3 2 7 6 6 2.320290898249842e-17 28 0
tr 6 3 2 7 6 6 3.7402802177753816e6 4 2
tr 6 3 2 7 6 6 8.309319944338584e9 5 1
tr 6 3 2 7 6 6 7.58950301752061e8 6 2
ann 6 3 2 9 8 2 2.882200858067179e-22 32 0
tr 6 3 2 9 8 2 1.1342676146271893e10 5 1
tr 6 3 2 9 8 2 2.785712195002759e9 6 2
tr 6 3 2 9 8 2 3.460175408870928e12 7 1
ann 6 3 2 9 8 4 3.7562178400425452e-22 32 0
tr 6 3 2 9 8 4 2.3765607163617367e10 5 1
tr 6 3 2 9 8 4 1.6415804006266255e9 6 2
tr 6 3 2 9 8 4 1.8124728332181204e11 7 1
ann 6 3 2 9 8 6 4.14645774873249e-22 32 0
tr 6 3 2 9 8 6 3.0037086831794086e10 5 1
tr 6 3 2 9 8 6 8.816526941803088e12 7 1
ann 6 3 2 9 8 8 3.6639412471170404e-22 32 0
tr 6 3 2 9 8 8 6.035709755839308e9 6 2
tr 6 3 2 9 8 8 1.5593857175978246e13 7 1
tr 6 3 2 9 8 8 7.134444459597898e11 8 2
tr 6 3 2 9 8 8 6.00276658422128e14 9 1
ann 6 3 2 11 10 2 1.4165790067980824e-27 36 0
tr 6 3 2 11 10 2 4.143108989939834e12 7 1
tr 6 3 2 11 10 2 6.769785931274225e11 8 2
tr 6 3 2 11 10 2 1.5919857646573138e15 9 1
ann 6 3 2 11 10 4 1.885507934141212e-27 36 0
tr 6 3 2 11 10 4 7.8546441267609375e12 7 1
tr 6 3 2 11 10 4 5.3476607616836194e11 8 2
tr 6 3 2 11 10 4 4.180972715261598e13 9 1
ann 6 3 2 11 10 6 2.2270029844588807e-27 36 0
tr 6 3 2 11 10 6 1.1424936911652268e13 7 1
tr 6 3 2 11 10 6 1.555683130671594e11 8 2
tr 6 3 2 11 10 6 1.1486188778191228e15 9 1
ann 6 3 2 11 10 8 2.2622614918113435e-27 36 0
tr 6 3 2 11 10 8 1.120522658642819e13 7 1
tr 6 3 2 11 10 8 6.538997774526185e10 8 2
tr 6 3 2 11 10 8 4.860430008014974e15 9 1
ann 6 3 2 11 10 10 1.7615617851649986e-27 36 0
tr 6 3 2 11 10 10 1.6565461028799807e12 8 2
tr 6 3 2 11 10 10 5.406056792661256e15 9 1
tr 6 3 2 11 10 10 1.3931522233595206e14 10 2
tr 6 3 2 11 10 10 1.5238572240515306e17 11 1
ann 6 3 2 13 12 2 2.842307283939364e-33 40 0
tr 6 3 2 13 12 2 4.7953887375414756e14 9 1
tr 6 3 2 13 12 2 5.507620028194055e13 10 2
tr 6 3 2 13 12 2 2.1643889882504346e17 11 1
ann 6 3 2 13 12 4 3.799006454514324e-33 40 0
tr 6 3 2 13 12 4 8.370133069163326e14 9 1
tr 6 3 2 13 12 4 4.906788752391049e13 10 2
tr 6 3 2 13 12 4 3.0271174660844976e16 11 1
ann 6 3 2 13 12 6 4.646637088435381e-33 40 0
tr 6 3 2 13 12 6 1.2313753457519112e15 9 1
tr 6 3 2 13 12 6 2.6938369288749336e13 10 2
tr 6 3 2 13 12 6 3.430733128229137e16 11 1
ann 6 3 2 13 12 8 5.1258324144819333e-33 40 0
tr 6 3 2 13 12 8 1.4854686710658015e15 9 1
tr 6 3 2 13 12 8 2.6657761275324624e12 10 2
tr 6 3 2 13 12 8 3.08117313512176e17 11 1
ann 6 3 2 13 12 10 4.87244346783663e-33 40 0
tr 6 3 2 13 12 10 1.2615561140301478e15 9 1
tr 6 3 2 13 12 10 1.6099197005490234e13 10 2
tr 6 3 2 13 12 10 6.9371441931104e17 11 1
ann 6 3 2 13 12 12 3.401655695627678e-33 40 0
tr 6 3 2 13 12 12 1.461637622866881e14 10 2
tr 6 3 2 13 12 12 5.956694480484119e17 11 1
tr 6 3 2 13 12 12 9.439989194695708e15 12 2
tr 6 3 2 13 12 12 1.3045122847524633e19 13 1
ann 6 3 3 6 3 3 5.6406471890417025e-12 22 0
ann 6 3 3 6 4 1 1.9005333294325135e-13 24 0
tr 6 3 3 6 4 1 164.57142857142813 2 2
tr 6 3 3 6 4 1 2.387020408163262e6 3 1
ann 6 3 3 6 4 2 2.71010387962252e-13 24 0
tr 6 3 3 6 4 2 740.5714285714274 2 2
tr 6 3 3 6 4 2 4.296636734693874e6 3 1
ann 6 3 3 6 4 3 4.0738079244116276e-13 24 0
tr 6 3 3 6 4 3 1728.0000000000011 2 2
tr 6 3 3 6 4 3 5.012742857142851e6 3 1
ann 6 3 3 6 4 4 6.580763826187507e-13 24 0
tr 6 3 3 6 4 4 2303.999999999998 2 2
tr 6 3 3 6 4 4 3.3418285714285662e6 3 1
ann 6 3 3 6 5 1 1.4868344890695036e-15 26 0
tr 6 3 3 6 5 1 685.7142857142818 2 1
tr 6 3 3 6 5 1 3061.2244897959135 3 2
tr 6 3 3 6 5 1 3.0617999999999937e7 4 1
ann 6 3 3 6 5 2 2.1880079789235245e-15 26 0
tr 6 3 3 6 5 2 4799.999999999988 2 1
tr 6 3 3 6 5 2 8571.428571428563 3 2
tr 6 3 3 6 5 2 4.7628000000000015e7 4 1
ann 6 3 3 6 5 3 3.1689783484588056e-15 26 0
tr 6 3 3 6 5 3 19199.999999999975 2 1
tr 6 3 3 6 5 3 17142.85714285713 3 2
tr 6 3 3 6 5 3 5.7153599999999925e7 4 1
ann 6 3 3 6 5 4 4.5401137694576026e-15 26 0
tr 6 3 3 6 5 4 57599.99999999993 2 1
tr 6 3 3 6 5 4 25714.285714285696 3 2
ann 6 3 3 6 5 5 6.451737535187677e-15 26 0
tr 6 3 3 6 5 5 143999.9999999998 2 1
tr 6 3 3 6 5 5 25714.28571428571 3 2
ann 6 3 3 7 1 1 2.5910194072499823e-9 18 0
tr 6 3 3 7 1 1 35015.153472479346 2 1
tr 6 3 3 7 1 1 694.7451085809395 3 2
tr 6 3 3 7 1 1 1.4362175389745122e7 4 1
ann 6 3 3 7 2 1 1.5382665488728624e-10 20 0
tr 6 3 3 7 2 1 23.937238901479027 2 2
tr 6 3 3 7 2 1 2.8576102479588296e6 3 1
tr 6 3 3 7 2 1 146962.81275216857 4 2
tr 6 3 3 7 2 1 9.634123360587989e8 5 1
ann 6 3 3 7 2 2 2.523712701038046e-10 20 0
tr 6 3 3 7 2 2 23.937238901479027 2 2
tr 6 3 3 7 2 2 1.143044099183532e6 3 1
tr 6 3 3 7 2 2 32658.40283381494 4 2
tr 6 3 3 7 2 2 1.376303337226852e8 5 1
ann 6 3 3 7 3 1 5.906348483678359e-12 22 0
tr 6 3 3 7 3 1 21605.274874256425 2 1
tr 6 3 3 7 3 1 15432.339195897463 3 2
tr 6 3 3 7 3 1 2.215767747192509e8 4 1
ann 6 3 3 7 3 2 8.049516327909167e-12 22 0
tr 6 3 3 7 3 2 54013.18718564102 2 1
tr 6 3 3 7 3 2 15432.339195897484 3 2
tr 6 3 3 7 3 2 1.2309820817736152e8 4 1
ann 6 3 3 7 3 3 1.609903265581836e-11 22 0
tr 6 3 3 7 3 3 54013.18718564102 2 1
tr 6 3 3 7 3 3 7716.169597948711 3 2
tr 6 3 3 7 3 3 3.69294624532085e7 4 1
ann 6 3 3 7 4 1 1.6439049622066568e-13 24 0
tr 6 3 3 7 4 1 80.31576845514596 2 2
tr 6 3 3 7 4 1 3.228428575794888e6 3 1
tr 6 3 3 7 4 1 1.844816329025653e6 4 2
tr 6 3 3 7 4 1 1.0400611466544474e10 5 1
ann 6 3 3 7 4 2 2.344159489252036e-13 24 0
tr 6 3 3 7 4 2 361.4209580481573 2 2
tr 6 3 3 7 4 2 5.811171436430802e6 3 1
tr 6 3 3 7 4 2 1.844816329025651e6 4 2
tr 6 3 3 7 4 2 6.686107371350002e9 5 1
ann 6 3 3 7 4 3 3.523723058752448e-13 24 0
tr 6 3 3 7 4 3 843.3155687790351 2 2
tr 6 3 3 7 4 3 6.779700009169267e6 3 1
tr 6 3 3 7 4 3 1.2913714303179572e6 4 2
tr 6 3 3 7 4 3 3.1201834399633503e9 5 1
ann 6 3 3 7 4 4 5.692165575980606e-13 24 0
tr 6 3 3 7 4 4 1124.4207583720454 2 2
tr 6 3 3 7 4 4 4.519800006112844e6 3 1
tr 6 3 3 7 4 4 516548.57212718204 4 2
tr 6 3 3 7 4 4 8.320489173235508e8 5 1
ann 6 3 3 7 5 1 2.0615260178031523e-15 26 0
tr 6 3 3 7 5 1 2796.456067644681 2 1
tr 6 3 3 7 5 1 12484.178873413808 3 2
tr 6 3 3 7 5 1 1.950412705565517e8 4 1
ann 6 3 3 7 5 2 3.0337172170698866e-15 26 0
tr 6 3 3 7 5 2 19575.19247351283 2 1
tr 6 3 3 7 5 2 34955.700845558684 3 2
tr 6 3 3 7 5 2 3.033975319768589e8 4 1
ann 6 3 3 7 5 3 4.3938524403861424e-15 26 0
tr 6 3 3 7 5 3 78300.7698940514 2 1
tr 6 3 3 7 5 3 69911.40169111737 3 2
tr 6 3 3 7 5 3 3.640770383722301e8 4 1
ann 6 3 3 7 5 4 6.294959385171885e-15 26 0
tr 6 3 3 7 5 4 234902.30968215418 2 1
tr 6 3 3 7 5 4 104867.10253667604 3 2
tr 6 3 3 7 5 4 3.2766933453500783e8 4 1
ann 6 3 3 7 5 5 8.94546433004197e-15 26 0
tr 6 3 3 7 5 5 587255.7742053854 2 1
tr 6 3 3 7 5 5 104867.10253667612 3 2
tr 6 3 3 7 5 5 1.8203851918611476e8 4 1
ann 6 3 3 7 6 1 8.666036546046607e-18 28 0
tr 6 3 3 7 6 1 177096.60122042595 3 1
tr 6 3 3 7 6 1 446283.43507547147 4 2
tr 6 3 3 7 6 1 4.112693709824145e9 5 1
ann 6 3 3 7 6 2 1.2795038019344587e-17 28 0
tr 6 3 3 7 6 2 708386.4048816981 3 1
tr 6 3 3 7 6 2 991740.9668343826 4 2
tr 6 3 3 7 6 2 5.875276728320209e9 5 1
ann 6 3 3 7 6 3 1.8371281844978235e-17 28 0
tr 6 3 3 7 6 3 2.1251592146451077e6 3 1
tr 6 3 3 7 6 3 1.7851337403018898e6 4 2
tr 6 3 3 7 6 3 7.050332073984256e9 5 1
ann 6 3 3 7 6 4 2.5728289383380437e-17 28 0
tr 6 3 3 7 6 4 5.312898036612752e6 3 1
tr 6 3 3 7 6 4 2.6777006104528336e6 4 2
tr 6 3 3 7 6 4 7.050332073984247e9 5 1
ann 6 3 3 7 6 5 3.5228596977336967e-17 28 0
tr 6 3 3 7 6 5 1.1688375680548092e7 3 1
tr 6 3 3 7 6 5 3.2727451905534617e6 4 2
tr 6 3 3 7 6 5 5.539546629559051e9 5 1
ann 6 3 3 7 6 6 4.7254284972175516e-17 28 0
tr 6 3 3 7 6 6 2.3376751361096147e7 3 1
tr 6 3 3 7 6 6 2.805210163331537e6 4 2
tr 6 3 3 7 6 6 2.7697733147795196e9 5 1
ann 6 3 3 9 8 2 1.5323010420802406e-22 32 0
tr 6 3 3 9 8 2 1.575371686982202e9 5 1
tr 6 3 3 9 8 2 1.2187490853137066e9 6 2
tr 6 3 3 9 8 2 1.1626189373806242e13 7 1
ann 6 3 3 9 8 4 2.956548363067704e-22 32 0
tr 6 3 3 9 8 4 6.931635422721704e9 5 1
tr 6 3 3 9 8 4 2.7359673343777122e9 6 2
tr 6 3 3 9 8 4 1.4681029949066562e13 7 1
ann 6 3 3 9 8 6 5.246158812203341e-22 32 0
tr 6 3 3 9 8 6 2.2527815123845535e10 5 1
tr 6 3 3 9 8 6 4.149550457139524e9 6 2
tr 6 3 3 9 8 6 1.1875322003244945e13 7 1
ann 6 3 3 9 8 8 8.689475233079304e-22 32 0
tr 6 3 3 9 8 8 6.007417366358823e10 5 1
tr 6 3 3 9 8 8 3.017854877919657e9 6 2
tr 6 3 3 9 8 8 3.5985824252257354e12 7 1
ann 6 3 3 11 10 2 6.221003813369668e-28 36 0
tr 6 3 3 11 10 2 6.04203394366225e11 7 1
tr 6 3 3 11 10 2 2.8560034397563074e11 8 2
tr 6 3 3 11 10 2 4.386083229157873e15 9 1
ann 6 3 3 11 10 4 1.1449787199570304e-27 36 0
tr 6 3 3 11 10 4 1.9636610316902341e12 7 1
tr 6 3 3 11 10 4 5.615043799767808e11 8 2
tr 6 3 3 11 10 4 5.518883984145315e15 9 1
ann 6 3 3 11 10 6 1.9708365457125627e-27 36 0
tr 6 3 3 11 10 6 5.236429417840616e12 7 1
tr 6 3 3 11 10 6 8.75071761002777e11 8 2
tr 6 3 3 11 10 6 5.375536348193493e15 9 1
ann 6 3 3 11 10 8 3.211202364904454e-27 36 0
tr 6 3 3 11 10 8 1.2138995468630531e13 7 1
tr 6 3 3 11 10 8 1.0298921494878843e12 8 2
tr 6 3 3 11 10 8 3.6151958737301185e15 9 1
ann 6 3 3 11 10 10 4.998431108740796e-27 36 0
tr 6 3 3 11 10 10 2.5345155374063754e13 7 1
tr 6 3 3 11 10 10 6.212047885799922e11 8 2
tr 6 3 3 11 10 10 9.540100222343378e14 9 1
ann 6 3 3 13 12 2 1.0832056372156772e-33 40 0
tr 6 3 3 13 12 2 7.193083106312183e13 9 1
tr 6 3 3 13 12 2 2.27189326163004e13 10 2
tr 6 3 3 13 12 2 5.290728637945512e17 11 1
ann 6 3 3 13 12 4 1.903478512709746e-33 40 0
tr 6 3 3 13 12 4 1.918155495016591e14 9 1
tr 6 3 3 13 12 4 4.055611111670161e13 10 2
tr 6 3 3 13 12 4 6.558754509849818e17 11 1
ann 6 3 3 13 12 6 3.16778062516428e-33 40 0
tr 6 3 3 13 12 6 4.446633192993016e14 9 1
tr 6 3 3 13 12 6 6.187406696009608e13 10 2
tr 6 3 3 13 12 6 6.861466256458278e17 11 1
ann 6 3 3 13 12 8 5.039199188502035e-33 40 0
tr 6 3 3 13 12 8 9.28417919416125e14 9 1
tr 6 3 3 13 12 8 7.997328382597458e13 10 2
tr 6 3 3 13 12 8 5.819993699674435e17 11 1
ann 6 3 3 13 12 10 7.717468307136542e-33 40 0
tr 6 3 3 13 12 10 1.7872044948760405e15 9 1
tr 6 3 3 13 12 10 8.15021848402948e13 10 2
tr 6 3 3 13 12 10 3.514819724509262e17 11 1
ann 6 3 3 13 12 12 1.1442874351808904e-32 40 0
tr 6 3 3 13 12 12 3.2239767358548145e15 9 1
tr 6 3 3 13 12 12 4.384912868600633e13 10 2
tr 6 3 3 13 12 12 8.509563543548691e16 11 1
ann 6 4 1 6 4 1 2.018262336271465e-15 26 0
ann 6 4 1 6 4 2 6.892949081561105e-15 26 0
tr 6 4 1 6 4 2 51845.289795918405 2 1
ann 6 4 1 6 4 3 4.588885519044396e-15 26 0
tr 6 4 1 6 4 3 80648.22857142845 2 1
tr 6 4 1 6 4 3 57605.87755102041 3 2
ann 6 4 1 6 4 4 3.4501970924193816e-15 26 0
tr 6 4 1 6 4 4 19201.959183673447 3 2
tr 6 4 1 6 4 4 8.398080000000007e7 4 1
ann 6 4 1 6 5 1 7.197700267768247e-17 28 0
tr 6 4 1 6 5 1 230.40000000000026 2 2
tr 6 4 1 6 5 1 668365.7142857171 3 1
ann 6 4 1 6 5 2 7.009954096564635e-17 28 0
tr 6 4 1 6 5 2 268.8000000000001 2 2
tr 6 4 1 6 5 2 1.1059200000000007e6 3 1
ann 6 4 1 6 5 3 5.538669408323965e-17 28 0
tr 6 4 1 6 5 3 1612.7999999999995 2 2
tr 6 4 1 6 5 3 64799.999999999825 3 1
ann 6 4 1 6 5 4 3.8219639148445347e-17 28 0
tr 6 4 1 6 5 4 1.749600000000002e6 3 1
tr 6 4 1 6 5 4 583200.0000000002 4 2
ann 6 4 1 6 5 5 2.6356273473173955e-17 28 0
tr 6 4 1 6 5 5 466560.0 4 2
tr 6 4 1 6 5 5 1.0055708299636363e9 5 1
ann 6 4 1 7 1 1 4.324996422471582e-11 20 0
tr 6 4 1 7 1 1 522160.37204670144 3 1
tr 6 4 1 7 1 1 48734.96805769217 4 2
tr 6 4 1 7 1 1 1.8868222185347168e9 5 1
ann 6 4 1 7 2 1 4.195972546901104e-12 22 0
tr 6 4 1 7 2 1 6513.636996779693 2 1
tr 6 4 1 7 2 1 646.1941465059208 3 2
tr 6 4 1 7 2 1 3.4468993393145115e6 4 1
ann 6 4 1 7 2 2 3.746350036356033e-12 22 0
tr 6 4 1 7 2 2 1085.6061661299418 2 1
tr 6 4 1 7 2 2 861.5921953412281 3 2
tr 6 4 1 7 2 2 6.893798678628956e7 4 1
ann 6 4 1 7 3 1 2.297711899213343e-13 24 0
tr 6 4 1 7 3 1 4.606836442141884 2 2
tr 6 4 1 7 3 1 351337.5641877756 3 1
tr 6 4 1 7 3 1 216825.46818445442 4 2
ann 6 4 1 7 3 2 1.7694743699604438e-13 24 0
tr 6 4 1 7 3 2 15.048999044330156 2 2
tr 6 4 1 7 3 2 749520.1369339162 3 1
tr 6 4 1 7 3 2 2.228869760630963e9 5 1
ann 6 4 1 7 3 3 1.3560831981325346e-13 24 0
tr 6 4 1 7 3 3 1.8427345768567478 2 2
tr 6 4 1 7 3 3 702675.128375545 3 1
tr 6 4 1 7 3 3 401528.6447860263 4 2
tr 6 4 1 7 3 3 3.744501197860012e9 5 1
ann 6 4 1 7 4 1 6.9829482531118345e-15 26 0
tr 6 4 1 7 4 1 18245.298741886905 2 1
tr 6 4 1 7 4 1 6574.801177872225 3 2
tr 6 4 1 7 4 1 1.7190617269650538e7 4 1
ann 6 4 1 7 4 2 5.962196535085301e-15 26 0
tr 6 4 1 7 4 2 15341.202748368518 2 1
tr 6 4 1 7 4 2 1948.0892378880656 3 2
tr 6 4 1 7 4 2 7.640274342066863e7 4 1
ann 6 4 1 7 4 3 3.96924988575851e-15 26 0
tr 6 4 1 7 4 3 23864.093164128746 2 1
tr 6 4 1 7 4 3 17045.780831520562 3 2
tr 6 4 1 7 4 3 1.4856088998463312e7 4 1
ann 6 4 1 7 4 4 2.9843181339417083e-15 26 0
tr 6 4 1 7 4 4 5681.926943840182 3 2
tr 6 4 1 7 4 4 1.0399262298924342e8 4 1
tr 6 4 1 7 4 4 3.9216073315808915e7 5 2
tr 6 4 1 7 4 4 1.0967316131113217e11 6 1
ann 6 4 1 7 5 1 9.97975668784089e-17 28 0
tr 6 4 1 7 5 1 282.7074744879499 2 2
tr 6 4 1 7 5 1 1.6412354388370314e6 3 1
tr 6 4 1 7 5 1 859261.7671473626 4 2
tr 6 4 1 7 5 1 4.6303835078250223e8 5 1
ann 6 4 1 7 5 2 9.719442835839414e-17 28 0
tr 6 4 1 7 5 2 329.825386902608 2 2
tr 6 4 1 7 5 2 2.715691510984256e6 3 1
tr 6 4 1 7 5 2 2.701057046231258e9 5 1
ann 6 4 1 7 5 3 7.679476936131938e-17 28 0
tr 6 4 1 7 5 3 1978.952321415646 2 2
tr 6 4 1 7 5 3 159122.54947173316 3 1
tr 6 4 1 7 5 3 1.1138578463021368e6 4 2
ann 6 4 1 7 5 4 5.299230113390521e-17 28 0
tr 6 4 1 7 5 4 4.296308835736813e6 3 1
tr 6 4 1 7 5 4 1.4321029452456033e6 4 2
ann 6 4 1 7 5 5 3.654350480870346e-17 28 0
tr 6 4 1 7 5 5 1.1456823561964822e6 4 2
tr 6 4 1 7 5 5 5.556460209390015e9 5 1
tr 6 4 1 7 5 5 1.4097547428799813e9 6 2
tr 6 4 1 7 5 5 1.7158787741887576e12 7 1
ann 6 4 1 7 6 1 5.306274009212015e-19 30 0
tr 6 4 1 7 6 1 200004.75572089638 2 1
tr 6 4 1 7 6 1 19841.741638977797 3 2
tr 6 4 1 7 6 1 4.802769569652254e7 4 1
ann 6 4 1 7 6 2 5.40001729141151e-19 30 0
tr 6 4 1 7 6 2 213338.40610228933 2 1
tr 6 4 1 7 6 2 2645.5655518637022 3 2
tr 6 4 1 7 6 2 9.605539139304487e7 4 1
ann 6 4 1 7 6 3 4.878724868827671e-19 30 0
tr 6 4 1 7 6 3 120002.8534325377 2 1
tr 6 4 1 7 6 3 59525.2249169334 3 2
tr 6 4 1 7 6 3 4.802769569652263e7 4 1
ann 6 4 1 7 6 4 3.87734939264318e-19 30 0
tr 6 4 1 7 6 4 107145.40485048006 3 2
tr 6 4 1 7 6 4 4.116659631130491e6 4 1
tr 6 4 1 7 6 4 4.52682862710495e7 5 2
ann 6 4 1 7 6 5 2.7280058243436155e-19 30 0
tr 6 4 1 7 6 5 1.8113302376974142e8 4 1
tr 6 4 1 7 6 5 2.4590180196619466e7 5 2
tr 6 4 1 7 6 5 6.015957499600508e9 6 1
ann 6 4 1 7 6 6 1.6611845334119675e-19 30 0
tr 6 4 1 7 6 6 4.6106587868661456e7 5 2
tr 6 4 1 7 6 6 9.926329874340904e10 6 1
tr 6 4 1 7 6 6 1.7530802368341427e10 7 2
ann 6 4 1 9 8 2 1.2008509391471934e-23 34 0
tr 6 4 1 9 8 2 2.894357374242171e8 4 1
tr 6 4 1 9 8 2 920931.8918043257 5 2
tr 6 4 1 9 8 2 1.1270955154068263e11 6 1
ann 6 4 1 9 8 4 1.092454044557632e-23 34 0
tr 6 4 1 9 8 4 1.819310349523654e8 4 1
tr 6 4 1 9 8 4 4.254705340135988e7 5 2
tr 6 4 1 9 8 4 5.7887416196205826e10 6 1
ann 6 4 1 9 8 6 7.288145550333791e-24 34 0
tr 6 4 1 9 8 6 6.584663026400935e7 5 2
tr 6 4 1 9 8 6 7.834681397025655e10 6 1
tr 6 4 1 9 8 6 3.542210741512386e10 7 2
ann 6 4 1 9 8 8 2.4209878720690206e-24 34 0
tr 6 4 1 9 8 8 6.043897077705498e10 7 2
tr 6 4 1 9 8 8 1.614545994166322e14 8 1
tr 6 4 1 9 8 8 1.5205600770652486e13 9 2
tr 6 4 1 9 8 8 1.3214193394202448e16 10 1
ann 6 4 1 11 10 2 8.737351893285325e-29 38 0
tr 6 4 1 11 10 2 9.389515844489864e10 6 1
tr 6 4 1 11 10 2 8.757759516942842e8 7 2
tr 6 4 1 11 10 2 2.9632827481640797e13 8 1
ann 6 4 1 11 10 4 8.521183072319397e-29 38 0
tr 6 4 1 11 10 4 8.476646248497763e10 6 1
tr 6 4 1 11 10 4 2.6354368916726284e9 7 2
tr 6 4 1 11 10 4 3.351507008838545e13 8 1
ann 6 4 1 11 10 6 6.925841947963266e-29 38 0
tr 6 4 1 11 10 6 3.698900181162658e10 6 1
tr 6 4 1 11 10 6 1.2956766100150452e10 7 2
tr 6 4 1 11 10 6 1.2833384184287275e12 8 1
ann 6 4 1 11 10 8 4.149705920185478e-29 38 0
tr 6 4 1 11 10 8 9.474303477419966e9 7 2
tr 6 4 1 11 10 8 4.720344188638799e13 8 1
tr 6 4 1 11 10 8 4.445563613043635e12 9 2
tr 6 4 1 11 10 8 4.526933765994578e15 10 1
ann 6 4 1 11 10 10 1.1337079520337592e-29 38 0
tr 6 4 1 11 10 10 1.5954633855700988e13 9 2
tr 6 4 1 11 10 10 5.4474102984134616e16 10 1
tr 6 4 1 11 10 10 3.0292906712255885e15 11 2
tr 6 4 1 11 10 10 3.4578828886651535e18 12 1
ann 6 4 1 13 12 2 2.515016111941984e-34 42 0
tr 6 4 1 13 12 2 1.0164162250579744e13 8 1
tr 6 4 1 13 12 2 1.0806439559786359e11 9 2
tr 6 4 1 13 12 2 2.740479521372712e15 10 1
ann 6 4 1 13 12 4 2.5396873877016623e-34 42 0
tr 6 4 1 13 12 4 1.0348965200590318e13 8 1
tr 6 4 1 13 12 4 4.401168111622038e10 9 2
tr 6 4 1 13 12 4 4.0556590303747655e15 10 1
ann 6 4 1 13 12 6 2.2513572470560992e-34 42 0
tr 6 4 1 13 12 6 7.249961885028927e12 8 1
tr 6 4 1 13 12 6 5.329593488386926e11 9 2
tr 6 4 1 13 12 6 1.6952435654704398e15 10 1
ann 6 4 1 13 12 8 1.6703239326520136e-34 42 0
tr 6 4 1 13 12 8 2.6237957298199917e12 8 1
tr 6 4 1 13 12 8 1.0070435740177927e12 9 2
tr 6 4 1 13 12 8 2.2354114122776584e14 10 1
ann 6 4 1 13 12 10 9.0680818269515e-35 42 0
tr 6 4 1 13 12 10 5.11726476384957e11 9 2
tr 6 4 1 13 12 10 6.728740752999938e15 10 1
tr 6 4 1 13 12 10 1.562271547726568e14 11 2
tr 6 4 1 13 12 10 1.495462811698042e18 12 1
ann 6 4 1 13 12 12 2.1581814383381627e-35 42 0
tr 6 4 1 13 12 12 1.4116239341957895e15 11 2
tr 6 4 1 13 12 12 6.026383726641908e18 12 1
tr 6 4 1 13 12 12 2.1346929434628947e17 13 2
tr 6 4 1 13 12 12 3.0825046303056514e20 14 1
ann 6 4 2 6 4 2 2.238709240107951e-15 26 0
ann 6 4 2 6 4 3 7.583100681945454e-15 26 0
tr 6 4 2 6 4 3 112011.42857142849 2 1
ann 6 4 2 6 4 4 5.287043132208744e-15 26 0
tr 6 4 2 6 4 4 35843.65714285707 2 1
tr 6 4 2 6 4 4 57605.87755102034 3 2
ann 6 4 2 6 5 1 5.966391408855886e-17 28 0
tr 6 4 2 6 5 1 1228.8000000000006 2 2
tr 6 4 2 6 5 1 570548.5714285708 3 1
ann 6 4 2 6 5 2 7.608383233619754e-17 28 0
tr 6 4 2 6 5 2 806.3999999999997 2 2
tr 6 4 2 6 5 2 25920.000000000153 3 1
ann 6 4 2 6 5 3 8.088466941957253e-17 28 0
tr 6 4 2 6 5 3 1.049760000000001e6 3 1
tr 6 4 2 6 5 3 453600.00000000035 4 2
ann 6 4 2 6 5 4 6.491153457372629e-17 28 0
tr 6 4 2 6 5 4 1612.7999999999986 2 2
tr 6 4 2 6 5 4 1.0367999999999999e6 3 1
ann 6 4 2 6 5 5 4.5907781850296576e-17 28 0
tr 6 4 2 6 5 5 971999.9999999974 3 1
tr 6 4 2 6 5 5 1.0497599999999995e6 4 2
ann 6 4 2 7 1 1 4.93126028430979e-11 20 0
tr 6 4 2 7 1 1 783240.558070052 3 1
tr 6 4 2 7 1 1 43861.47125192291 4 2
tr 6 4 2 7 1 1 1.1320933311208289e9 5 1
ann 6 4 2 7 2 1 4.370625758876973e-12 22 0
tr 6 4 2 7 2 1 8684.849329039575 2 1
tr 6 4 2 7 2 1 107.69902441765377 3 2
tr 6 4 2 7 2 1 2.7919884648447305e7 4 1
ann 6 4 2 7 2 2 4.915675038888916e-12 22 0
tr 6 4 2 7 2 2 3256.8184983898386 2 1
tr 6 4 2 7 2 2 1292.3882930118407 3 2
tr 6 4 2 7 2 2 6.204418810766052e7 4 1
ann 6 4 2 7 3 1 2.3008245644005486e-13 24 0
tr 6 4 2 7 3 1 1.5356121473806308 2 2
tr 6 4 2 7 3 1 936900.1711673969 3 1
tr 6 4 2 7 3 1 38546.74989945851 4 2
tr 6 4 2 7 3 1 1.318777659970124e9 5 1
ann 6 4 2 7 3 2 2.471209308994731e-13 24 0
tr 6 4 2 7 3 2 14.74187661485404 2 2
tr 6 4 2 7 3 2 70267.51283755437 3 1
tr 6 4 2 7 3 2 120458.59343580798 4 2
tr 6 4 2 7 3 2 3.4235439523291497e9 5 1
ann 6 4 2 7 3 3 1.9337342295859392e-13 24 0
tr 6 4 2 7 3 3 8.292305595855376 2 2
tr 6 4 2 7 3 3 1.2648152310759819e6 3 1
tr 6 4 2 7 3 3 401528.64478602586 4 2
tr 6 4 2 7 3 3 2.407179341481432e9 5 1
ann 6 4 2 7 4 1 5.962196535085293e-15 26 0
tr 6 4 2 7 4 1 15341.202748368518 2 1
tr 6 4 2 7 4 1 1948.0892378880649 3 2
tr 6 4 2 7 4 1 7.640274342066863e7 4 1
ann 6 4 2 7 4 2 7.745668387378423e-15 26 0
tr 6 4 2 7 4 2 4040.481382286369 2 1
tr 6 4 2 7 4 2 13717.795050128456 3 2
tr 6 4 2 7 4 2 2.5679810983058088e7 4 1
ann 6 4 2 7 4 3 6.559157204055606e-15 26 0
tr 6 4 2 7 4 3 33144.57383906773 2 1
tr 6 4 2 7 4 3 3409.156166304109 3 2
tr 6 4 2 7 4 3 1.485608899846332e7 4 1
ann 6 4 2 7 4 4 4.573135498436768e-15 26 0
tr 6 4 2 7 4 4 10606.26362850166 2 1
tr 6 4 2 7 4 4 17045.78083152054 3 2
tr 6 4 2 7 4 4 1.3370480098616973e8 4 1
ann 6 4 2 7 5 1 8.272522119571864e-17 28 0
tr 6 4 2 7 5 1 1507.7731972690651 2 2
tr 6 4 2 7 5 1 1.4010361617773105e6 3 1
tr 6 4 2 7 5 1 238683.82420760064 4 2
tr 6 4 2 7 5 1 3.086922338550014e9 5 1
ann 6 4 2 7 5 2 1.0549176910982853e-16 28 0
tr 6 4 2 7 5 2 989.4761607078232 2 2
tr 6 4 2 7 5 2 63649.019788693826 3 1
tr 6 4 2 7 5 2 1.3366294155625633e6 4 2
tr 6 4 2 7 5 2 1.620634227738761e9 5 1
ann 6 4 2 7 5 3 1.1214822658041967e-16 28 0
tr 6 4 2 7 5 3 2.577785301442087e6 3 1
tr 6 4 2 7 5 3 1.113857846302136e6 4 2
ann 6 4 2 7 5 4 9.000115296524924e-17 28 0
tr 6 4 2 7 5 4 1978.9523214156452 2 2
tr 6 4 2 7 5 4 2.5459607915477375e6 3 1
ann 6 4 2 7 5 5 6.365206597109309e-17 28 0
tr 6 4 2 7 5 5 2.3868382420759983e6 3 1
tr 6 4 2 7 5 5 2.5777853014420844e6 4 2
tr 6 4 2 7 5 5 5.556460209390009e9 5 1
ann 6 4 2 7 6 1 4.433210798328151e-19 30 0
tr 6 4 2 7 6 1 66668.25190696529 2 1
tr 6 4 2 7 6 1 82673.92349574067 3 2
tr 6 4 2 7 6 1 4.322492612687008e7 4 1
ann 6 4 2 7 6 2 5.410055352646367e-19 30 0
tr 6 4 2 7 6 2 160003.8045767167 2 1
tr 6 4 2 7 6 2 63493.57324472885 3 2
ann 6 4 2 7 6 3 6.005443307912614e-19 30 0
tr 6 4 2 7 6 3 240005.70686507513 2 1
tr 6 4 2 7 6 3 11905.044983386653 3 2
tr 6 4 2 7 6 3 4.802769569652263e7 4 1
ann 6 4 2 7 6 4 5.84944944185402e-19 30 0
tr 6 4 2 7 6 4 200004.7557208958 2 1
tr 6 4 2 7 6 4 15873.393311182206 3 2
tr 6 4 2 7 6 4 1.1526646967165405e8 4 1
ann 6 4 2 7 6 5 4.776894859251737e-19 30 0
tr 6 4 2 7 6 5 130955.49481725344 3 2
tr 6 4 2 7 6 5 4.528325594243546e7 4 1
tr 6 4 2 7 6 5 6.147545049154862e6 5 2
ann 6 4 2 7 6 6 3.3512503420684174e-19 30 0
tr 6 4 2 7 6 6 1.2075534917982739e8 4 1
tr 6 4 2 7 6 6 8.299185816359068e7 5 2
tr 6 4 2 7 6 6 8.12154262446072e10 6 1
ann 6 4 2 9 8 2 1.1249371947449145e-23 34 0
tr 6 4 2 9 8 2 1.8089733589013526e8 4 1
tr 6 4 2 9 8 2 5.525591350825956e7 5 2
tr 6 4 2 9 8 2 3.8251972745809045e9 6 1
ann 6 4 2 9 8 4 1.327084058757578e-23 34 0
tr 6 4 2 9 8 4 3.183793111666393e8 4 1
tr 6 4 2 9 8 4 4.630971798787475e6 5 2
tr 6 4 2 9 8 4 8.57197109492761e10 6 1
ann 6 4 2 9 8 6 1.2081321669390208e-23 34 0
tr 6 4 2 9 8 6 1.7245546021526244e8 4 1
tr 6 4 2 9 8 6 5.267730421120747e7 5 2
tr 6 4 2 9 8 6 1.1395900213855522e11 6 1
ann 6 4 2 9 8 8 6.314989353552813e-24 34 0
tr 6 4 2 9 8 8 2.5070980470482007e11 6 1
tr 6 4 2 9 8 8 7.770724814192775e10 7 2
tr 6 4 2 9 8 8 9.687275964997925e13 8 1
ann 6 4 2 11 10 2 7.723030574963995e-29 38 0
tr 6 4 2 11 10 2 5.477217575952398e10 6 1
tr 6 4 2 11 10 2 1.0898545176639984e10 7 2
tr 6 4 2 11 10 2 2.8602144727307373e12 8 1
ann 6 4 2 11 10 4 9.366533299357245e-29 38 0
tr 6 4 2 11 10 4 9.536227029559975e10 6 1
tr 6 4 2 11 10 4 3.7950291240085635e9 7 2
tr 6 4 2 11 10 4 1.143806471272684e13 8 1
ann 6 4 2 11 10 6 9.679142310083044e-29 38 0
tr 6 4 2 11 10 6 1.0171975498197316e11 6 1
tr 6 4 2 11 10 6 6.133380402438139e8 7 2
tr 6 4 2 11 10 6 4.4735541987553984e13 8 1
ann 6 4 2 11 10 8 7.979227525385224e-29 38 0
tr 6 4 2 11 10 8 3.930081442485326e10 6 1
tr 6 4 2 11 10 8 1.5038576948285664e10 7 2
tr 6 4 2 11 10 8 1.6593509886719443e13 8 1
ann 6 4 2 11 10 10 3.623953038597816e-29 38 0
tr 6 4 2 11 10 10 9.84214426163371e13 8 1
tr 6 4 2 11 10 10 1.5954633855700973e13 9 2
tr 6 4 2 11 10 10 2.5803522466169068e16 10 1
ann 6 4 2 13 12 2 2.098107221470245e-34 42 0
tr 6 4 2 13 12 2 5.717341265951105e12 8 1
tr 6 4 2 13 12 2 7.78063648304616e11 9 2
tr 6 4 2 13 12 2 4.588103645770231e14 10 1
ann 6 4 2 13 12 4 2.5885342732283993e-34 42 0
tr 6 4 2 13 12 4 9.486551433874453e12 8 1
tr 6 4 2 13 12 4 4.1915886777352893e11 9 2
tr 6 4 2 13 12 4 4.69237872862873e14 10 1
ann 6 4 2 13 12 6 2.834823328585621e-34 42 0
tr 6 4 2 13 12 6 1.178118806317201e13 8 1
tr 6 4 2 13 12 6 2.4665887218980927e10 9 2
tr 6 4 2 13 12 6 3.4424986255666395e15 10 1
ann 6 4 2 13 12 8 2.6873756746809832e-34 42 0
tr 6 4 2 13 12 8 9.839233986824992e12 8 1
tr 6 4 2 13 12 8 2.6780106123464877e11 9 2
tr 6 4 2 13 12 8 4.669054340589308e15 10 1
ann 6 4 2 13 12 10 2.0317367296250687e-34 42 0
tr 6 4 2 13 12 10 3.1567542374396836e12 8 1
tr 6 4 2 13 12 10 1.2382517206352073e12 9 2
tr 6 4 2 13 12 10 5.3645519550544844e14 10 1
ann 6 4 2 13 12 12 8.152575811986168e-35 42 0
tr 6 4 2 13 12 12 1.2209943772702034e16 10 1
tr 6 4 2 13 12 12 1.1549650370692828e15 11 2
tr 6 4 2 13 12 12 2.358150153903353e18 12 1
ann 6 4 3 6 4 3 2.873127321078042e-15 26 0
ann 6 4 3 6 4 4 8.960735211787466e-15 26 0
tr 6 4 3 6 4 4 125452.79999999977 2 1
ann 6 4 3 6 5 1 3.9911119384439744e-17 28 0
tr 6 4 3 6 5 1 268.7999999999997 2 2
tr 6 4 3 6 5 1 1.3068000000000019e6 3 1
ann 6 4 3 6 5 2 5.916809117455727e-17 28 0
tr 6 4 3 6 5 2 960.0 2 2
tr 6 4 3 6 5 2 1.481760000000001e6 3 1
ann 6 4 3 6 5 3 8.490088647869858e-17 28 0
tr 6 4 3 6 5 3 1382.3999999999996 2 2
tr 6 4 3 6 5 3 544320.0000000005 3 1
ann 6 4 3 6 5 4 1.0619246440558276e-16 28 0
tr 6 4 3 6 5 4 460.79999999999984 2 2
tr 6 4 3 6 5 4 90719.9999999997 3 1
ann 6 4 3 6 5 5 8.461954456618961e-17 28 0
tr 6 4 3 6 5 5 1152.0 2 2
tr 6 4 3 6 5 5 2.2680000000000037e6 3 1
ann 6 4 3 7 1 1 5.5251907235033864e-11 20 0
tr 6 4 3 7 1 1 1.0965367812980716e6 3 1
tr 6 4 3 7 1 1 34114.47764038461 4 2
ann 6 4 3 7 2 1 4.48638568947757e-12 22 0
tr 6 4 3 7 2 1 7599.243162909618 2 1
tr 6 4 3 7 2 1 150.77863418471483 3 2
tr 6 4 3 7 2 1 6.032073843800336e7 4 1
ann 6 4 3 7 2 2 6.2633645335706395e-12 22 0
tr 6 4 3 7 2 2 7599.243162909618 2 1
tr 6 4 3 7 2 2 1507.7863418471495 3 2
tr 6 4 3 7 2 2 4.343093167536237e7 4 1
ann 6 4 3 7 3 1 1.7512052733965238e-13 24 0
tr 6 4 3 7 3 1 21.49857006332878 2 2
tr 6 4 3 7 3 1 327915.05990858865 3 1
tr 6 4 3 7 3 1 67456.8123240524 4 2
tr 6 4 3 7 3 1 3.424970428975958e9 5 1
ann 6 4 3 7 3 2 3.02139009329635e-13 24 0
tr 6 4 3 7 3 2 2.1498570063328817 2 2
tr 6 4 3 7 3 2 327915.0599085886 3 1
tr 6 4 3 7 3 2 337284.0616202618 4 2
tr 6 4 3 7 3 2 3.0205642996070786e9 5 1
ann 6 4 3 7 3 3 2.9067748754869434e-13 24 0
tr 6 4 3 7 3 3 19.348713056995916 2 2
tr 6 4 3 7 3 3 1.4756177695886453e6 3 1
tr 6 4 3 7 3 3 281070.0513502185 4 2
tr 6 4 3 7 3 3 1.1233503593580065e9 5 1
ann 6 4 3 7 4 1 3.969249885758509e-15 26 0
tr 6 4 3 7 4 1 23864.093164128746 2 1
tr 6 4 3 7 4 1 17045.780831520562 3 2
tr 6 4 3 7 4 1 1.4856088998463312e7 4 1
ann 6 4 3 7 4 2 6.559157204055613e-15 26 0
tr 6 4 3 7 4 2 33144.57383906773 2 1
tr 6 4 3 7 4 2 3409.1561663041084 3 2
tr 6 4 3 7 4 2 1.485608899846332e7 4 1
ann 6 4 3 7 4 3 9.940679679121063e-15 26 0
tr 6 4 3 7 4 3 3093.493558312984 2 1
tr 6 4 3 7 4 3 3977.3488606881256 3 2
tr 6 4 3 7 4 3 9.359336069031896e7 4 1
ann 6 4 3 7 4 4 7.750770227426906e-15 26 0
tr 6 4 3 7 4 4 37121.92269975582 2 1
tr 6 4 3 7 4 4 23864.093164128764 3 2
tr 6 4 3 7 4 4 1.0399262298924345e8 4 1
ann 6 4 3 7 5 1 5.5337572636088406e-17 28 0
tr 6 4 3 7 5 1 329.82538690260753 2 2
tr 6 4 3 7 5 1 3.208971414346633e6 3 1
tr 6 4 3 7 5 1 1.670786769453204e6 4 2
ann 6 4 3 7 5 2 8.203775276875205e-17 28 0
tr 6 4 3 7 5 2 1177.9478103664565 2 2
tr 6 4 3 7 5 2 3.6386022979203113e6 3 1
tr 6 4 3 7 5 2 477367.6484152 4 2
ann 6 4 3 7 5 3 1.1771679269303045e-16 28 0
tr 6 4 3 7 5 3 1696.2448469276976 2 2
tr 6 4 3 7 5 3 1.3366294155625636e6 3 1
tr 6 4 3 7 5 3 63649.019788693266 4 2
tr 6 4 3 7 5 3 2.778230104695006e9 5 1
ann 6 4 3 7 5 4 1.472379949720849e-16 28 0
tr 6 4 3 7 5 4 565.4149489758989 2 2
tr 6 4 3 7 5 4 222771.56926042633 3 1
tr 6 4 3 7 5 4 1.4321029452456047e6 4 2
tr 6 4 3 7 5 4 4.630383507825014e9 5 1
ann 6 4 3 7 5 5 1.1732670674713423e-16 28 0
tr 6 4 3 7 5 5 1413.5373724397482 2 2
tr 6 4 3 7 5 5 5.569289231510686e6 3 1
tr 6 4 3 7 5 5 2.5777853014420858e6 4 2
tr 6 4 3 7 5 5 3.2412684554775066e9 5 1
ann 6 4 3 7 6 1 2.976529572447802e-19 30 0
tr 6 4 3 7 6 1 4762.017993354681 2 1
tr 6 4 3 7 6 1 27306.015874593253 3 2
tr 6 4 3 7 6 1 1.1595257961017539e8 4 1
ann 6 4 3 7 6 2 4.1629745897237803e-19 30 0
tr 6 4 3 7 6 2 30476.91515746991 2 1
tr 6 4 3 7 6 2 63871.511180709495 3 2
tr 6 4 3 7 6 2 1.2349978893391488e8 4 1
ann 6 4 3 7 6 3 5.588811131640221e-19 30 0
tr 6 4 3 7 6 3 102859.58865646087 2 1
tr 6 4 3 7 6 3 91838.91844326859 3 2
tr 6 4 3 7 6 3 6.861099385217482e7 4 1
ann 6 4 3 7 6 4 7.033836302589925e-19 30 0
tr 6 4 3 7 6 4 228576.8636810239 2 1
tr 6 4 3 7 6 4 70863.36299634927 3 2
ann 6 4 3 7 6 5 7.874642662065783e-19 30 0
tr 6 4 3 7 6 5 314293.18756140856 2 1
tr 6 4 3 7 6 5 6235.975943678727 3 2
tr 6 4 3 7 6 5 4.528325594243546e7 4 1
ann 6 4 3 7 6 6 6.746173110783848e-19 30 0
tr 6 4 3 7 6 6 112247.56698621718 3 2
tr 6 4 3 7 6 6 2.1132186106469852e8 4 1
tr 6 4 3 7 6 6 6.454922301612611e7 5 2
ann 6 4 3 9 8 2 8.099291773033451e-24 34 0
tr 6 4 3 9 8 2 4.1347962489173904e7 4 1
tr 6 4 3 9 8 2 4.749377327733745e7 5 2
tr 6 4 3 9 8 2 1.6498155536877158e11 6 1
ann 6 4 3 9 8 4 1.2872071298572194e-23 34 0
tr 6 4 3 9 8 4 1.819310349523655e8 4 1
tr 6 4 3 9 8 4 7.004344845666052e7 5 2
tr 6 4 3 9 8 4 5.47879817973821e10 6 1
ann 6 4 3 9 8 6 1.6703557641851368e-23 34 0
tr 6 4 3 9 8 6 3.941839090634572e8 4 1
tr 6 4 3 9 8 6 1.693199063931668e7 5 2
tr 6 4 3 9 8 6 2.991423806137073e10 6 1
ann 6 4 3 9 8 8 1.533397501865506e-23 34 0
tr 6 4 3 9 8 8 1.2542215288382727e8 5 2
tr 6 4 3 9 8 8 2.924947721556242e11 6 1
tr 6 4 3 9 8 8 4.184236438411506e10 7 2
tr 6 4 3 9 8 8 3.2290919883326434e13 8 1
ann 6 4 3 11 10 2 5.018140406569804e-29 38 0
tr 6 4 3 11 10 2 1.3413594063556915e10 6 1
tr 6 4 3 11 10 2 8.688253489030582e9 7 2
tr 6 4 3 11 10 2 5.0855395415047016e13 8 1
ann 6 4 3 11 10 4 7.905996305236207e-29 38 0
tr 6 4 3 11 10 4 4.3594180706560005e10 6 1
tr 6 4 3 11 10 4 1.3056707343315142e10 7 2
tr 6 4 3 11 10 4 2.802325854618071e13 8 1
ann 6 4 3 11 10 6 1.0816161564383318e-28 38 0
tr 6 4 3 11 10 6 9.687595712568872e10 6 1
tr 6 4 3 11 10 6 9.75864631887916e9 7 2
tr 6 4 3 11 10 6 5.3916803359655383e11 8 1
ann 6 4 3 11 10 8 1.241570770471406e-28 38 0
tr 6 4 3 11 10 8 1.3474564945663983e11 6 1
tr 6 4 3 11 10 8 2.7928785761102456e8 7 2
tr 6 4 3 11 10 8 3.1093405752871945e13 8 1
ann 6 4 3 11 10 10 1.047580378883111e-28 38 0
tr 6 4 3 11 10 10 2.857329620174279e10 7 2
tr 6 4 3 11 10 10 8.611876228929505e13 8 1
tr 6 4 3 11 10 10 6.569555117053348e12 9 2
tr 6 4 3 11 10 10 6.689802120858632e15 10 1
ann 6 4 3 13 12 2 1.2380343587224688e-34 42 0
tr 6 4 3 13 12 2 1.4520231786542483e12 8 1
tr 6 4 3 13 12 2 5.934279095402656e11 9 2
tr 6 4 3 13 12 2 5.409660954840975e15 10 1
ann 6 4 3 13 12 4 1.92981498468006e-34 42 0
tr 6 4 3 13 12 4 3.87206180974467e12 8 1
tr 6 4 3 13 12 4 8.711019469907732e11 9 2
tr 6 4 3 13 12 4 3.7007226906451345e15 10 1
ann 6 4 3 13 12 6 2.707901857518347e-34 42 0
tr 6 4 3 13 12 6 8.078528957603664e12 8 1
tr 6 4 3 13 12 6 8.589014299466531e11 9 2
tr 6 4 3 13 12 6 8.35203307894802e14 10 1
ann 6 4 3 13 12 8 3.376762583917108e-34 42 0
tr 6 4 3 13 12 8 1.311897864909998e13 8 1
tr 6 4 3 13 12 8 3.905432143005283e11 9 2
tr 6 4 3 13 12 8 3.8862521265309144e14 10 1
ann 6 4 3 13 12 10 3.57972472167281e-34 42 0
tr 6 4 3 13 12 10 1.4430876514009984e13 8 1
tr 6 4 3 13 12 10 1.5342769133234829e10 9 2
tr 6 4 3 13 12 10 5.324736921013027e15 10 1
ann 6 4 3 13 12 12 2.7496351856686628e-34 42 0
tr 6 4 3 13 12 12 2.2418493251150547e12 9 2
tr 6 4 3 13 12 12 8.546960640891428e15 10 1
tr 6 4 3 13 12 12 3.849883456897611e14 11 2
tr 6 4 3 13 12 12 5.002136690098026e17 12 1
ann 6 4 4 6 4 4 4.4803676058937395e-15 26 0
ann 6 4 4 6 5 1 2.5074916356198808e-17 28 0
tr 6 4 4 6 5 1 129599.99999999884 3 1
tr 6 4 4 6 5 1 388799.9999999997 4 2
ann 6 4 4 6 5 2 3.936452878869887e-17 28 0
tr 6 4 4 6 5 2 76.79999999999987 2 2
tr 6 4 4 6 5 2 604800.0000000008 3 1
ann 6 4 4 6 5 3 6.263693075523511e-17 28 0
tr 6 4 4 6 5 3 460.7999999999996 2 2
tr 6 4 4 6 5 3 1.4515199999999977e6 3 1
ann 6 4 4 6 5 4 1.0356189147660052e-16 28 0
tr 6 4 4 6 5 4 1382.3999999999996 2 2
tr 6 4 4 6 5 4 2.177280000000002e6 3 1
ann 6 4 4 6 5 5 1.7933127911824415e-16 28 0
tr 6 4 4 6 5 5 2303.999999999998 2 2
tr 6 4 4 6 5 5 1.8143999999999981e6 3 1
ann 6 4 4 7 1 1 6.106787740052363e-11 20 0
tr 6 4 4 7 1 1 1.4620490417307632e6 3 1
tr 6 4 4 7 1 1 19493.987223076787 4 2
ann 6 4 4 7 2 1 4.793397339924153e-12 22 0
tr 6 4 4 7 2 1 1809.3436102165774 3 2
tr 6 4 4 7 2 1 6.75592270505637e7 4 1
tr 6 4 4 7 2 1 2.29291922111004e6 5 2
ann 6 4 4 7 2 2 7.733331727217119e-12 22 0
tr 6 4 4 7 2 2 15198.486325819244 2 1
tr 6 4 4 7 2 2 1206.2290734777166 3 2
tr 6 4 4 7 2 2 1.9302636300161052e7 4 1
ann 6 4 4 7 3 1 1.4481888452085008e-13 24 0
tr 6 4 4 7 3 1 983745.1797257632 3 1
tr 6 4 4 7 3 1 472197.68626836664 4 2
tr 6 4 4 7 3 1 3.3550730732825637e9 5 1
ann 6 4 4 7 3 2 2.3105140275923437e-13 24 0
tr 6 4 4 7 3 2 17.19885605066303 2 2
tr 6 4 4 7 3 2 1.6395752995429388e6 3 1
tr 6 4 4 7 3 2 337284.0616202619 4 2
tr 6 4 4 7 3 2 1.3979471138677385e9 5 1
ann 6 4 4 7 3 3 4.695557419170747e-13 24 0
tr 6 4 4 7 3 3 25.798284075994513 2 2
tr 6 4 4 7 3 3 983745.1797257632 3 1
tr 6 4 4 7 3 3 112428.02054008721 4 2
tr 6 4 4 7 3 3 2.995600958287982e8 5 1
ann 6 4 4 7 4 1 2.9843181339417083e-15 26 0
tr 6 4 4 7 4 1 5681.926943840182 3 2
tr 6 4 4 7 4 1 1.0399262298924345e8 4 1
tr 6 4 4 7 4 1 3.9216073315808915e7 5 2
tr 6 4 4 7 4 1 1.096731613111321e11 6 1
ann 6 4 4 7 4 2 4.573135498436769e-15 26 0
tr 6 4 4 7 4 2 10606.26362850166 2 1
tr 6 4 4 7 4 2 17045.780831520537 3 2
tr 6 4 4 7 4 2 1.3370480098616973e8 4 1
ann 6 4 4 7 4 3 7.750770227426905e-15 26 0
tr 6 4 4 7 4 3 37121.92269975582 2 1
tr 6 4 4 7 4 3 23864.09316412877 3 2
tr 6 4 4 7 4 3 1.0399262298924345e8 4 1
ann 6 4 4 7 4 4 1.550154045485382e-14 26 0
tr 6 4 4 7 4 4 49495.89693300777 2 1
tr 6 4 4 7 4 4 15909.39544275251 3 2
tr 6 4 4 7 4 4 4.1597049195697226e7 4 1
ann 6 4 4 7 5 1 3.476687733583882e-17 28 0
tr 6 4 4 7 5 1 318245.0989434644 3 1
tr 6 4 4 7 5 1 954735.296830401 4 2
tr 6 4 4 7 5 1 4.630383507825005e9 5 1
ann 6 4 4 7 5 2 5.45797134803807e-17 28 0
tr 6 4 4 7 5 2 94.23582482931636 2 2
tr 6 4 4 7 5 2 1.485143795069516e6 3 1
tr 6 4 4 7 5 2 1.9094705936608016e6 4 2
tr 6 4 4 7 5 2 5.402114092462511e9 5 1
ann 6 4 4 7 5 3 8.684736874513669e-17 28 0
tr 6 4 4 7 5 3 565.4149489758986 2 2
tr 6 4 4 7 5 3 3.564345108166827e6 3 1
tr 6 4 4 7 5 3 2.545960791547738e6 4 2
tr 6 4 4 7 5 3 4.630383507825005e9 5 1
ann 6 4 4 7 5 4 1.4359065307498623e-16 28 0
tr 6 4 4 7 5 4 1696.2448469276976 2 2
tr 6 4 4 7 5 4 5.346517662250254e6 3 1
tr 6 4 4 7 5 4 2.2913647123929644e6 4 2
tr 6 4 4 7 5 4 2.7782301046950045e9 5 1
ann 6 4 4 7 5 5 2.4864643838639523e-16 28 0
tr 6 4 4 7 5 5 2827.0747448794928 2 2
tr 6 4 4 7 5 5 4.455431385208537e6 3 1
tr 6 4 4 7 5 5 1.14568235619648e6 4 2
ann 6 4 4 7 6 1 1.5463970515547275e-19 30 0
tr 6 4 4 7 6 1 1133.8138079415814 3 2
tr 6 4 4 7 6 1 1.9211078278608948e7 4 1
tr 6 4 4 7 6 1 3.194860533121393e7 5 2
tr 6 4 4 7 6 1 7.50353971768359e10 6 1
ann 6 4 4 7 6 2 2.4646226068533916e-19 30 0
tr 6 4 4 7 6 2 952.4035986709046 2 1
tr 6 4 4 7 6 2 7558.758719610568 3 2
tr 6 4 4 7 6 2 5.4888795081739716e7 4 1
ann 6 4 4 7 6 3 3.862284775600881e-19 30 0
tr 6 4 4 7 6 3 8571.63238803843 2 1
tr 6 4 4 7 6 3 27211.53139059809 3 2
tr 6 4 4 7 6 3 1.0977759016347985e8 4 1
ann 6 4 4 7 6 4 5.999886406375027e-19 30 0
tr 6 4 4 7 6 4 42858.16194019188 2 1
tr 6 4 4 7 6 4 68028.82847649526 3 2
tr 6 4 4 7 6 4 1.6466638524521938e8 4 1
ann 6 4 4 7 6 5 9.29077950150882e-19 30 0
tr 6 4 4 7 6 5 157146.59378070416 2 1
tr 6 4 4 7 6 5 124719.51887357475 3 2
tr 6 4 4 7 6 5 1.8113302376974142e8 4 1
ann 6 4 4 7 6 6 1.4379992282958755e-18 30 0
tr 6 4 4 7 6 6 471439.78134211176 2 1
tr 6 4 4 7 6 6 149663.42264828944 3 2
tr 6 4 4 7 6 6 1.2075534917982739e8 4 1
ann 6 4 4 9 8 2 3.696730880183509e-24 34 0
tr 6 4 4 9 8 2 2.5842476555733434e6 4 1
tr 6 4 4 9 8 2 7.367455134434601e6 5 2
tr 6 4 4 9 8 2 7.809777768935901e10 6 1
tr 6 4 4 9 8 2 4.5061007798277664e10 7 2
ann 6 4 4 9 8 4 8.452750866308078e-24 34 0
tr 6 4 4 9 8 4 2.8426724211306907e7 4 1
tr 6 4 4 9 8 4 3.473228849090604e7 5 2
tr 6 4 4 9 8 4 1.8408761883920386e11 6 1
ann 6 4 4 9 8 6 1.7715377282990276e-23 34 0
tr 6 4 4 9 8 6 1.7245546021526244e8 4 1
tr 6 4 4 9 8 6 9.030395007635562e7 5 2
tr 6 4 4 9 8 6 2.3931390449096457e11 6 1
ann 6 4 4 9 8 8 3.455897038805095e-23 34 0
tr 6 4 4 9 8 8 7.390948294939831e8 4 1
tr 6 4 4 9 8 8 1.0033772230706187e8 5 2
tr 6 4 4 9 8 8 1.0636173532931747e11 6 1
ann 6 4 4 11 10 2 1.870792806642391e-29 38 0
tr 6 4 4 11 10 2 1.0479370362153764e9 6 1
tr 6 4 4 11 10 2 1.50133020290448e9 7 2
tr 6 4 4 11 10 2 2.463583168894998e13 8 1
tr 6 4 4 11 10 2 9.228902892764562e12 9 2
tr 6 4 4 11 10 2 3.980255605326013e16 10 1
ann 6 4 4 11 10 4 4.038678415663735e-29 38 0
tr 6 4 4 11 10 4 6.357484686373325e9 6 1
tr 6 4 4 11 10 4 5.060038832011414e9 7 2
tr 6 4 4 11 10 4 4.981912630432117e13 8 1
ann 6 4 4 11 10 6 8.051028700943117e-29 38 0
tr 6 4 4 11 10 6 2.724636294159988e10 6 1
tr 6 4 4 11 10 6 1.2047711504789095e10 7 2
tr 6 4 4 11 10 6 7.117018043474453e13 8 1
ann 6 4 4 11 10 8 1.501197239284657e-28 38 0
tr 6 4 4 11 10 8 9.26376340014398e10 6 1
tr 6 4 4 11 10 8 2.010872574799344e10 7 2
tr 6 4 4 11 10 8 6.599416731221755e13 8 1
ann 6 4 4 11 10 10 2.6441316755035166e-28 38 0
tr 6 4 4 11 10 10 2.6668409788293304e11 6 1
tr 6 4 4 11 10 10 1.632759782956729e10 7 2
tr 6 4 4 11 10 10 2.296500327714531e13 8 1
ann 6 4 4 13 12 2 3.969229554179568e-35 42 0
tr 6 4 4 13 12 2 1.2705202813224565e11 8 1
tr 6 4 4 13 12 2 1.0868190642985065e11 9 2
tr 6 4 4 13 12 2 2.649629855432315e15 10 1
tr 6 4 4 13 12 2 6.914911445770688e14 11 2
tr 6 4 4 13 12 2 4.492257056469669e18 12 1
ann 6 4 4 13 12 4 8.101145137736498e-35 42 0
tr 6 4 4 13 12 4 5.445086919953435e11 8 1
tr 6 4 4 13 12 4 2.9640519935413916e11 9 2
tr 6 4 4 13 12 4 4.817508828058768e15 10 1
ann 6 4 4 13 12 6 1.5462491190161855e-34 42 0
tr 6 4 4 13 12 6 1.8513295527841702e12 8 1
tr 6 4 4 13 12 6 6.413130676935007e11 9 2
tr 6 4 4 13 12 6 6.948891521684759e15 10 1
ann 6 4 4 13 12 8 2.789090350026348e-34 42 0
tr 6 4 4 13 12 8 5.329585076196864e12 8 1
tr 6 4 4 13 12 8 1.1158377551443706e12 9 2
tr 6 4 4 13 12 8 7.772504253061847e15 10 1
ann 6 4 4 13 12 10 4.793706649929449e-34 42 0
tr 6 4 4 13 12 10 1.3528946731884363e13 8 1
tr 6 4 4 13 12 10 1.4729058367905703e12 9 2
tr 6 4 4 13 12 10 5.984828274857608e15 10 1
ann 6 4 4 13 12 12 7.902354327844817e-34 42 0
tr 6 4 4 13 12 12 3.111657748333398e13 8 1
tr 6 4 4 13 12 12 9.963774778289106e11 9 2
tr 6 4 4 13 12 12 1.799360134924503e15 10 1
ann 6 5 1 6 5 1 1.716885001929299e-19 30 0
ann 6 5 1 6 5 2 6.197452130266513e-19 30 0
tr 6 5 1 6 5 2 19756.800000000036 2 1
ann 6 5 1 6 5 3 4.461748051785167e-19 30 0
tr 6 5 1 6 5 3 52684.79999999994 2 1
ann 6 5 1 6 5 4 2.8187656943925997e-19 30 0
tr 6 5 1 6 5 4 28224.000000000004 3 2
tr 6 5 1 6 5 4 2.48832e7 4 1
ann 6 5 1 6 5 5 1.7011524510639424e-19 30 0
tr 6 5 1 6 5 5 4.97663999999997e6 4 1
tr 6 5 1 6 5 5 9.500858181818178e6 5 2
ann 6 5 1 7 1 1 2.2486584078414329e-13 22 0
tr 6 5 1 7 1 1 7.938052626344111e6 4 1
tr 6 5 1 7 1 1 606178.5641935501 5 2
tr 6 5 1 7 1 1 1.641747960952231e10 6 1
ann 6 5 1 7 2 1 3.234847486693357e-14 24 0
tr 6 5 1 7 2 1 132308.8784273683 3 1
tr 6 5 1 7 2 1 12348.82865322103 4 2
ann 6 5 1 7 2 2 2.5588729739959932e-14 24 0
tr 6 5 1 7 2 2 24807.914705131443 3 1
tr 6 5 1 7 2 2 15436.035816526264 4 2
tr 6 5 1 7 2 2 7.191271632549789e8 5 1
ann 6 5 1 7 3 1 1.951123971925821e-15 26 0
tr 6 5 1 7 3 1 1680.9933850782445 2 1
tr 6 5 1 7 3 1 166.7652167736352 3 2
tr 6 5 1 7 3 1 3.515466506131805e6 4 1
ann 6 5 1 7 3 2 1.6121466237156863e-15 26 0
tr 6 5 1 7 3 2 448.26490268753065 2 1
tr 6 5 1 7 3 2 450.2660852888147 3 2
tr 6 5 1 7 3 2 9.079200687323833e6 4 1
ann 6 5 1 7 3 3 1.0608976050690125e-15 26 0
tr 6 5 1 7 3 3 18.67770427864701 2 1
tr 6 5 1 7 3 3 83.3826083868174 3 2
tr 6 5 1 7 3 3 9.805536742309706e6 4 1
ann 6 5 1 7 4 1 6.225797241409146e-17 28 0
tr 6 5 1 7 4 1 1.4575616845443544 2 2
tr 6 5 1 7 4 1 172381.25276171224 3 1
tr 6 5 1 7 4 1 90249.46474228118 4 2
tr 6 5 1 7 4 1 9.87896734597805e7 5 1
ann 6 5 1 7 4 2 5.1607515986820064e-17 28 0
tr 6 5 1 7 4 2 7.773662317569888 2 2
tr 6 5 1 7 4 2 147152.78686814598 3 1
tr 6 5 1 7 4 2 25069.29576174477 4 2
tr 6 5 1 7 4 2 6.585978230652027e8 5 1
ann 6 5 1 7 4 3 3.4521934331368955e-17 28 0
tr 6 5 1 7 4 3 1.70048863196841 2 2
tr 6 5 1 7 4 3 337042.75413012423 3 1
tr 6 5 1 7 4 3 175485.0703322133 4 2
tr 6 5 1 7 4 3 8.232472788315047e7 5 1
ann 6 5 1 7 4 4 2.1689058625727273e-17 28 0
tr 6 5 1 7 4 4 33425.72768232607 3 1
tr 6 5 1 7 4 4 100277.18304697891 4 2
tr 6 5 1 7 4 4 9.87896734597801e8 5 1
ann 6 5 1 7 5 1 9.521982798567058e-19 30 0
tr 6 5 1 7 5 1 11550.274642881806 2 1
tr 6 5 1 7 5 1 3992.6875308727076 3 2
tr 6 5 1 7 5 1 1.082215292146607e7 4 1
ann 6 5 1 7 5 2 8.592892441188786e-19 30 0
tr 6 5 1 7 5 2 5989.031296309066 2 1
tr 6 5 1 7 5 2 3850.0915476272467 3 2
tr 6 5 1 7 5 2 2.3673459515706982e7 4 1
ann 6 5 1 7 5 3 6.186303716390984e-19 30 0
tr 6 5 1 7 5 3 15970.750123490798 2 1
tr 6 5 1 7 5 3 11407.678659636294 3 2
ann 6 5 1 7 5 4 3.908275508738848e-19 30 0
tr 6 5 1 7 5 4 8555.758994727223 3 2
tr 6 5 1 7 5 4 4.0583073455497675e7 4 1
tr 6 5 1 7 5 4 8.608530732984357e6 5 2
ann 6 5 1 7 5 5 2.358682173020208e-19 30 0
tr 6 5 1 7 5 5 8.11661469109949e6 4 1
tr 6 5 1 7 5 5 1.5495355319371844e7 5 2
tr 6 5 1 7 5 5 3.825024880801375e10 6 1
ann 6 5 1 7 6 1 5.3988876180491056e-21 32 0
tr 6 5 1 7 6 1 391.2130059818453 2 2
tr 6 5 1 7 6 1 1.0824714984184229e6 3 1
tr 6 5 1 7 6 1 527833.7211335546 4 2
ann 6 5 1 7 6 2 5.219824162559249e-21 32 0
tr 6 5 1 7 6 2 938.911214356429 2 2
tr 6 5 1 7 6 2 1.2989657981021053e6 3 1
tr 6 5 1 7 6 2 65979.21514169415 4 2
ann 6 5 1 7 6 3 4.2669889210649e-21 32 0
tr 6 5 1 7 6 3 3755.6448574257156 2 2
tr 6 5 1 7 6 3 1.1876258725504943e6 4 2
ann 6 5 1 7 6 4 2.992737182994486e-21 32 0
tr 6 5 1 7 6 4 2.597931596204203e6 3 1
tr 6 5 1 7 6 4 554225.4071902307 4 2
tr 6 5 1 7 6 4 2.2364023731849736e8 5 1
ann 6 5 1 7 6 5 1.8869327024279876e-21 32 0
tr 6 5 1 7 6 5 1.5241198697731334e6 4 2
tr 6 5 1 7 6 5 1.1790736772235572e9 5 1
tr 6 5 1 7 6 5 7.478703374235657e7 6 2
ann 6 5 1 7 6 6 1.0343090311372434e-21 32 0
tr 6 5 1 7 6 6 4.366939545272433e8 5 1
tr 6 5 1 7 6 6 5.484382474439478e8 6 2
tr 6 5 1 7 6 6 5.1708347273464197e11 7 1
ann 6 5 1 9 8 2 1.430893511184965e-25 36 0
tr 6 5 1 9 8 2 1.892759513359396e6 3 1
tr 6 5 1 9 8 2 11777.17030534738 4 2
tr 6 5 1 9 8 2 1.0070390236880391e9 5 1
ann 6 5 1 9 8 4 1.1572256191217258e-25 36 0
tr 6 5 1 9 8 4 555209.4572520899 3 1
tr 6 5 1 9 8 4 895737.9243667055 4 2
tr 6 5 1 9 8 4 6.593707893195757e6 5 1
ann 6 5 1 9 8 6 6.289586178567365e-26 36 0
tr 6 5 1 9 8 6 2.0000913942692816e9 5 1
tr 6 5 1 9 8 6 7.068461910251733e11 7 1
ann 6 5 1 9 8 8 1.6576728936291322e-26 36 0
tr 6 5 1 9 8 8 7.00114322539216e11 7 1
tr 6 5 1 9 8 8 4.28991619202951e11 8 2
tr 6 5 1 9 8 8 5.4966361794077656e14 9 1
ann 6 5 1 11 10 2 1.3095106332896083e-30 40 0
tr 6 5 1 11 10 2 4.6603923355364716e8 5 1
tr 6 5 1 11 10 2 817551.569663765 6 2
tr 6 5 1 11 10 2 2.12653004162055e11 7 1
ann 6 5 1 11 10 4 1.2000170003462944e-30 40 0
tr 6 5 1 11 10 4 3.245630376534318e8 5 1
tr 6 5 1 11 10 4 5.978345853166315e7 6 2
tr 6 5 1 11 10 4 9.905900041589891e10 7 1
ann 6 5 1 11 10 6 8.652252182101694e-31 40 0
tr 6 5 1 11 10 6 5.7700095582832105e7 5 1
tr 6 5 1 11 10 6 1.1626574292218342e8 6 2
tr 6 5 1 11 10 6 7.569008168142131e10 7 1
ann 6 5 1 11 10 8 4.303256552210652e-31 40 0
tr 6 5 1 11 10 8 4.179389281183518e11 7 1
tr 6 5 1 11 10 8 1.821084654110472e10 8 2
tr 6 5 1 11 10 8 2.084809359475192e14 9 1
ann 6 5 1 11 10 10 9.012950705836497e-32 40 0
tr 6 5 1 11 10 10 2.5225976307989006e14 9 1
tr 6 5 1 11 10 10 8.57742759941067e13 10 2
tr 6 5 1 11 10 10 1.4456126701282358e17 11 1
ann 6 5 1 13 12 2 4.746940496183273e-36 44 0
tr 6 5 1 13 12 2 4.4417546195745384e10 7 1
tr 6 5 1 13 12 2 2.5920603522260493e8 8 2
tr 6 5 1 13 12 2 1.7199799910974297e13 9 1
ann 6 5 1 13 12 4 4.5876356057566326e-36 44 0
tr 6 5 1 13 12 4 3.9482263285107124e10 7 1
tr 6 5 1 13 12 4 1.4368916376784308e9 8 2
tr 6 5 1 13 12 4 1.5761271191147424e13 9 1
ann 6 5 1 13 12 6 3.768024831671649e-36 44 0
tr 6 5 1 13 12 6 1.9612942476043465e10 7 1
tr 6 5 1 13 12 6 5.936966205355028e9 8 2
tr 6 5 1 13 12 6 3.1157812692540686e11 9 1
ann 6 5 1 13 12 8 2.4752042578617373e-36 44 0
tr 6 5 1 13 12 8 2.73000664501704e9 7 1
tr 6 5 1 13 12 8 5.4198661334897e9 8 2
tr 6 5 1 13 12 8 1.875895060420289e13 9 1
ann 6 5 1 13 12 10 1.1140912161220163e-36 44 0
tr 6 5 1 13 12 10 3.228858164484092e13 9 1
tr 6 5 1 13 12 10 3.122881473843416e12 10 2
tr 6 5 1 13 12 10 1.6995866122680402e16 11 1
ann 6 5 1 13 12 12 1.9803121429072074e-37 44 0
tr 6 5 1 13 12 12 3.0334773397094416e16 11 1
tr 6 5 1 13 12 12 6.282349520108318e15 12 2
tr 6 5 1 13 12 12 1.3399465797924508e19 13 1
ann 6 5 2 6 5 2 1.8268983648383068e-19 30 0
ann 6 5 2 6 5 3 6.621394697031512e-19 30 0
tr 6 5 2 6 5 3 47039.99999999996 2 1
ann 6 5 2 6 5 4 4.570858907650926e-19 30 0
tr 6 5 2 6 5 4 33868.80000000005 2 1
tr 6 5 2 6 5 4 54431.99999999995 3 2
ann 6 5 2 6 5 5 2.876723393739086e-19 30 0
tr 6 5 2 6 5 5 10079.999999999987 3 2
tr 6 5 2 6 5 5 1.7418239999999985e7 4 1
ann 6 5 2 7 1 1 2.6225138048725684e-13 22 0
tr 6 5 2 7 1 1 1.1113273676881755e7 4 1
tr 6 5 2 7 1 1 565766.65991398 5 2
ann 6 5 2 7 2 1 3.392414816775564e-14 24 0
tr 6 5 2 7 2 1 173655.4029359207 3 1
tr 6 5 2 7 2 1 4322.090028627357 4 2
tr 6 5 2 7 2 1 2.0135560571139446e8 5 1
ann 6 5 2 7 2 2 3.406948346706733e-14 24 0
tr 6 5 2 7 2 2 57885.134311973445 3 1
tr 6 5 2 7 2 2 21610.450143136783 4 2
tr 6 5 2 7 2 2 6.711853523713143e8 5 1
ann 6 5 2 7 3 1 2.034155918610376e-15 26 0
tr 6 5 2 7 3 1 1961.1589492579494 2 1
tr 6 5 2 7 3 1 1.0412753684277948e7 4 1
ann 6 5 2 7 3 2 2.0262378345931836e-15 26 0
tr 6 5 2 7 3 2 1176.695369554769 2 1
tr 6 5 2 7 3 2 466.94260696617835 3 2
tr 6 5 2 7 3 2 2.0337409539605337e6 4 1
ann 6 5 2 7 3 3 1.5612043222355145e-15 26 0
tr 6 5 2 7 3 3 130.74392995052955 2 1
tr 6 5 2 7 3 3 233.4713034830889 3 2
tr 6 5 2 7 3 3 1.5253057154704023e7 4 1
ann 6 5 2 7 4 1 6.063402371480522e-17 28 0
tr 6 5 2 7 4 1 1.7004886319684127 2 2
tr 6 5 2 7 4 1 285232.8762225182 3 1
tr 6 5 2 7 4 1 5.762730951820515e8 5 1
ann 6 5 2 7 4 2 6.58102582566407e-17 28 0
tr 6 5 2 7 4 2 5.101465895905235 2 2
tr 6 5 2 7 4 2 6685.145536465312 3 1
tr 6 5 2 7 4 2 140388.05626577063 4 2
tr 6 5 2 7 4 2 3.457638571092322e8 5 1
ann 6 5 2 7 4 3 5.1178643834257e-17 28 0
tr 6 5 2 7 4 3 6.0731736856014695 2 2
tr 6 5 2 7 4 3 382167.4865012645 3 1
tr 6 5 2 7 4 3 50138.59152348939 4 2
tr 6 5 2 7 4 3 8.232472788315047e7 5 1
ann 6 5 2 7 4 4 3.404914951259801e-17 28 0
tr 6 5 2 7 4 4 0.4858538948481164 2 2
tr 6 5 2 7 4 4 155986.72918418972 3 1
tr 6 5 2 7 4 4 200554.36609395774 4 2
tr 6 5 2 7 4 4 1.152546190364102e9 5 1
ann 6 5 2 7 5 1 8.592892441188786e-19 30 0
tr 6 5 2 7 5 1 5989.031296309066 2 1
tr 6 5 2 7 5 1 3850.0915476272467 3 2
tr 6 5 2 7 5 1 2.3673459515706982e7 4 1
ann 6 5 2 7 5 2 1.0132125788347514e-18 30 0
tr 6 5 2 7 5 2 5133.455396836339 2 1
tr 6 5 2 7 5 2 10776.182162406423 3 2
tr 6 5 2 7 5 2 676384.5575916324 4 1
ann 6 5 2 7 5 3 9.180697365691309e-19 30 0
tr 6 5 2 7 5 3 14259.598324545354 2 1
tr 6 5 2 7 5 3 40.74170949870053 3 2
tr 6 5 2 7 5 3 2.0291536727748904e7 4 1
ann 6 5 2 7 5 4 6.337588118417269e-19 30 0
tr 6 5 2 7 5 4 10266.910793672681 2 1
tr 6 5 2 7 5 4 16500.392346973913 3 2
tr 6 5 2 7 5 4 2.029153672774884e7 4 1
ann 6 5 2 7 5 5 3.9886350080715465e-19 30 0
tr 6 5 2 7 5 5 3055.628212402575 3 2
tr 6 5 2 7 5 5 2.8408151418848347e7 4 1
tr 6 5 2 7 5 5 2.410388605235618e7 5 2
tr 6 5 2 7 5 5 3.570023222081296e10 6 1
ann 6 5 2 7 6 1 4.70667242427349e-21 32 0
tr 6 5 2 7 6 1 3017.9289032885195 2 2
tr 6 5 2 7 6 1 463916.3564650358 3 1
tr 6 5 2 7 6 1 456199.1446939999 4 2
ann 6 5 2 7 6 2 5.618448012525499e-21 32 0
tr 6 5 2 7 6 2 1430.7218504478908 2 2
tr 6 5 2 7 6 2 247422.0567813535 3 1
tr 6 5 2 7 6 2 1.1782002703873962e6 4 2
ann 6 5 2 7 6 3 5.710268002510307e-21 32 0
tr 6 5 2 7 6 3 134.13017347948983 2 2
tr 6 5 2 7 6 3 1.6700988832741396e6 3 1
tr 6 5 2 7 6 3 339321.67787156976 4 2
ann 6 5 2 7 6 4 4.7469346832231235e-21 32 0
tr 6 5 2 7 6 4 4023.905204384689 2 2
tr 6 5 2 7 6 4 556699.6277580451 3 1
tr 6 5 2 7 6 4 361943.1230630081 4 2
ann 6 5 2 7 6 5 3.2317271028742327e-21 32 0
tr 6 5 2 7 6 5 2.041231968446161e6 3 1
tr 6 5 2 7 6 5 1.7418512797407247e6 4 2
tr 6 5 2 7 6 5 2.0379051211271438e8 5 1
ann 6 5 2 7 6 6 1.9442061874909772e-21 32 0
tr 6 5 2 7 6 6 653194.2299027712 4 2
tr 6 5 2 7 6 6 1.2227430726762846e9 5 1
tr 6 5 2 7 6 6 6.980123149286608e8 6 2
ann 6 5 2 9 8 2 1.4008665062483033e-25 36 0
tr 6 5 2 9 8 2 1.4421024863690655e6 3 1
tr 6 5 2 9 8 2 538384.9282444501 4 2
tr 6 5 2 9 8 2 2.9971399514524594e7 5 1
ann 6 5 2 9 8 4 1.5087621862738317e-25 36 0
tr 6 5 2 9 8 4 1.9035752820071708e6 3 1
tr 6 5 2 9 8 4 59222.34210688952 4 2
tr 6 5 2 9 8 4 1.1077429260568392e9 5 1
ann 6 5 2 9 8 6 1.0864629256302182e-25 36 0
tr 6 5 2 9 8 6 1.154835671084346e6 4 2
tr 6 5 2 9 8 6 2.8572734203846805e7 5 1
tr 6 5 2 9 8 6 5.871947659988531e8 6 2
tr 6 5 2 9 8 6 4.039121091572414e11 7 1
ann 6 5 2 9 8 8 3.9271841131783297e-26 36 0
tr 6 5 2 9 8 8 5.741459934210994e8 6 2
tr 6 5 2 9 8 8 1.4002286450784343e12 7 1
tr 6 5 2 9 8 8 4.0039217792275433e11 8 2
tr 6 5 2 9 8 8 3.206371104654532e14 9 1
ann 6 5 2 11 10 2 1.223102983052441e-30 40 0
tr 6 5 2 11 10 2 3.195697601510709e8 5 1
tr 6 5 2 11 10 2 7.848495068772157e7 6 2
tr 6 5 2 11 10 2 4.571953865348833e8 7 1
ann 6 5 2 11 10 4 1.3922479758344553e-30 40 0
tr 6 5 2 11 10 4 4.945722478528467e8 5 1
tr 6 5 2 11 10 4 3.7957751448674896e6 6 2
tr 6 5 2 11 10 4 1.8766373846647702e11 7 1
ann 6 5 2 11 10 6 1.2760520210360848e-30 40 0
tr 6 5 2 11 10 6 3.2971483190189815e8 5 1
tr 6 5 2 11 10 6 6.4781229139071725e7 6 2
tr 6 5 2 11 10 6 1.6057849911574817e11 7 1
ann 6 5 2 11 10 8 8.451517645463626e-31 40 0
tr 6 5 2 11 10 8 1.2670987574503073e8 6 2
tr 6 5 2 11 10 8 1.0661707349957927e11 7 1
tr 6 5 2 11 10 8 9.443624706315733e10 8 2
tr 6 5 2 11 10 8 1.822309950009533e13 9 1
ann 6 5 2 11 10 10 2.603277489882943e-31 40 0
tr 6 5 2 11 10 10 1.235736015289245e11 8 2
tr 6 5 2 11 10 10 3.924040759020515e14 9 1
tr 6 5 2 11 10 10 6.320209810092064e13 10 2
tr 6 5 2 11 10 10 6.746192460598423e16 11 1
ann 6 5 2 13 12 2 4.259396378733824e-36 44 0
tr 6 5 2 13 12 2 2.9007377107425533e10 7 1
tr 6 5 2 13 12 2 4.7397675012133465e9 8 2
tr 6 5 2 13 12 2 2.730126969995931e10 9 1
ann 6 5 2 13 12 4 4.965496611728173e-36 44 0
tr 6 5 2 13 12 4 4.5122586611550934e10 7 1
tr 6 5 2 13 12 4 1.1059457502831085e9 8 2
tr 6 5 2 13 12 4 1.072195319125675e13 9 1
ann 6 5 2 13 12 6 4.989072986838895e-36 44 0
tr 6 5 2 13 12 6 4.4829582802385e10 7 1
tr 6 5 2 13 12 6 6.104246024289892e8 8 2
tr 6 5 2 13 12 6 2.188057396333674e13 9 1
ann 6 5 2 13 12 8 4.145461407661321e-36 44 0
tr 6 5 2 13 12 8 2.1840053160136303e10 7 1
tr 6 5 2 13 12 8 6.245113240235047e9 8 2
tr 6 5 2 13 12 8 4.143989088107943e12 9 1
ann 6 5 2 13 12 10 2.5170335165215265e-36 44 0
tr 6 5 2 13 12 10 5.88824962650732e9 8 2
tr 6 5 2 13 12 10 2.0756945343112035e13 9 1
tr 6 5 2 13 12 10 4.579394567259578e12 10 2
tr 6 5 2 13 12 10 7.194017406425477e13 11 1
ann 6 5 2 13 12 12 6.740417638213207e-37 44 0
tr 6 5 2 13 12 12 9.619590254249797e12 10 2
tr 6 5 2 13 12 12 3.860789341448384e16 11 1
tr 6 5 2 13 12 12 3.824038838326799e15 12 2
tr 6 5 2 13 12 12 5.210903365859529e18 13 1
ann 6 5 3 6 5 3 2.0723198425262964e-19 30 0
ann 6 5 3 6 5 4 7.44697970102448e-19 30 0
tr 6 5 3 6 5 4 69148.79999999996 2 1
ann 6 5 3 6 5 5 4.9541126243233585e-19 30 0
tr 6 5 3 6 5 5 14111.999999999949 2 1
tr 6 5 3 6 5 5 40319.999999999956 3 2
ann 6 5 3 7 1 1 3.0167361365258377e-13 22 0
tr 6 5 3 7 1 1 1.4817698235842317e7 4 1
tr 6 5 3 7 1 1 484942.8513548396 5 2
ann 6 5 3 7 2 1 3.4650658740837885e-14 24 0
tr 6 5 3 7 2 1 185232.42979831525 3 1
tr 6 5 3 7 2 1 4.7941810883665264e8 5 1
ann 6 5 3 7 2 2 4.3939473598807356e-14 24 0
tr 6 5 3 7 2 2 115770.26862394687 3 1
tr 6 5 3 7 2 2 25932.540171764096 4 2
tr 6 5 3 7 2 2 5.369482818970506e8 5 1
ann 6 5 3 7 3 1 1.915708652338973e-15 26 0
tr 6 5 3 7 3 1 1307.4392995052972 2 1
tr 6 5 3 7 3 1 233.4713034830891 3 2
tr 6 5 3 7 3 1 9.883981036248213e6 4 1
ann 6 5 3 7 3 2 2.396385070868014e-15 26 0
tr 6 5 3 7 3 2 2091.902879208476 2 1
tr 6 5 3 7 3 2 233.4713034830891 3 2
tr 6 5 3 7 3 2 610122.2861881588 4 1
ann 6 5 3 7 3 3 2.261153870352519e-15 26 0
tr 6 5 3 7 3 3 522.9757198021189 2 1
tr 6 5 3 7 3 3 466.94260696617783 3 2
tr 6 5 3 7 3 3 1.8303668585644804e7 4 1
ann 6 5 3 7 4 1 4.7907847527347926e-17 28 0
tr 6 5 3 7 4 1 10.202931791810467 2 2
tr 6 5 3 7 4 1 16712.863841163125 3 1
tr 6 5 3 7 4 1 116990.04688814229 4 2
tr 6 5 3 7 4 1 4.93948367298903e8 5 1
ann 6 5 3 7 4 2 6.996283991866436e-17 28 0
tr 6 5 3 7 4 2 270748.39422684343 3 1
tr 6 5 3 7 4 2 116990.04688814223 4 2
ann 6 5 3 7 4 3 7.343674856013053e-17 28 0
tr 6 5 3 7 4 3 8.745370107266117 2 2
tr 6 5 3 7 4 3 140388.05626577075 3 1
tr 6 5 3 7 4 3 6685.145536465245 4 2
tr 6 5 3 7 4 3 5.927380407586808e8 5 1
ann 6 5 3 7 4 4 5.417908698783349e-17 28 0
tr 6 5 3 7 4 4 2.915123369088703 2 2
tr 6 5 3 7 4 4 374368.1500420543 3 1
tr 6 5 3 7 4 4 267405.8214586107 4 2
tr 6 5 3 7 4 4 9.87896734597801e8 5 1
ann 6 5 3 7 5 1 6.18630371639098e-19 30 0
tr 6 5 3 7 5 1 15970.750123490798 2 1
tr 6 5 3 7 5 1 11407.678659636294 3 2
ann 6 5 3 7 5 2 9.180697365691295e-19 30 0
tr 6 5 3 7 5 2 14259.59832454536 2 1
tr 6 5 3 7 5 2 40.741709498700615 3 2
tr 6 5 3 7 5 2 2.0291536727748916e7 4 1
ann 6 5 3 7 5 3 1.1493253110409031e-18 30 0
tr 6 5 3 7 5 3 142.5959832454546 2 1
tr 6 5 3 7 5 3 9859.493698685654 3 2
tr 6 5 3 7 5 3 2.434984407329862e7 4 1
ann 6 5 3 7 5 4 1.032538763585356e-18 30 0
tr 6 5 3 7 5 4 20961.609537081684 2 1
tr 6 5 3 7 5 4 7822.408223750611 3 2
ann 6 5 3 7 5 5 6.868977111608816e-19 30 0
tr 6 5 3 7 5 5 4277.879497363596 2 1
tr 6 5 3 7 5 5 12222.512849610303 3 2
tr 6 5 3 7 5 5 4.8699688146597125e7 4 1
ann 6 5 3 7 6 1 3.3169272591943887e-21 32 0
tr 6 5 3 7 6 1 894.2011565299318 2 2
tr 6 5 3 7 6 1 1.9793764542508225e6 3 1
tr 6 5 3 7 6 1 916168.5302532378 4 2
ann 6 5 3 7 6 2 4.70161317537663e-21 32 0
tr 6 5 3 7 6 2 2704.9584985030438 2 2
tr 6 5 3 7 6 2 1.51546009778579e6 3 1
ann 6 5 3 7 6 3 6.052196963443775e-21 32 0
tr 6 5 3 7 6 3 2716.1360129596665 2 2
tr 6 5 3 7 6 3 92783.27129300644 3 1
tr 6 5 3 7 6 3 636228.1460091937 4 2
ann 6 5 3 7 6 4 6.608724800612344e-21 32 0
tr 6 5 3 7 6 4 167.6627168493623 2 2
tr 6 5 3 7 6 4 927832.7129300765 3 1
tr 6 5 3 7 6 4 1.374252795379857e6 4 2
ann 6 5 3 7 6 5 5.545833727689713e-21 32 0
tr 6 5 3 7 6 5 3688.5797706859694 2 2
tr 6 5 3 7 6 5 2.0412319684461637e6 3 1
tr 6 5 3 7 6 5 186626.92282936355 4 2
ann 6 5 3 7 6 6 3.649513327595293e-21 32 0
tr 6 5 3 7 6 6 1.0206159842230778e6 3 1
tr 6 5 3 7 6 6 1.9595826897083146e6 4 2
tr 6 5 3 7 6 6 1.630324096901709e9 5 1
ann 6 5 3 9 8 2 1.1110250745772668e-25 36 0
tr 6 5 3 9 8 2 405591.3242912988 3 1
tr 6 5 3 9 8 2 729343.3324811544 4 2
tr 6 5 3 9 8 2 1.0130333035909382e9 5 1
ann 6 5 3 9 8 4 1.6144875385886938e-25 36 0
tr 6 5 3 9 8 4 1.7846018268817232e6 3 1
tr 6 5 3 9 8 4 544105.2681070487 4 2
tr 6 5 3 9 8 4 6.5937078931957465e6 5 1
ann 6 5 3 9 8 6 1.6688612226748532e-25 36 0
tr 6 5 3 9 8 6 1.8044307360692918e6 3 1
tr 6 5 3 9 8 6 216531.68832831542 4 2
tr 6 5 3 9 8 6 1.3714912417846575e9 5 1
ann 6 5 3 9 8 8 8.900470152280709e-26 36 0
tr 6 5 3 9 8 8 1.4286367101923435e9 5 1
tr 6 5 3 9 8 8 1.1482919868421986e9 6 2
tr 6 5 3 9 8 8 1.2925187493031697e12 7 1
ann 6 5 3 11 10 2 9.224741226718738e-31 40 0
tr 6 5 3 11 10 2 9.986555004720968e7 5 1
tr 6 5 3 11 10 2 9.267531007545689e7 6 2
tr 6 5 3 11 10 2 2.3434665311302542e11 7 1
ann 6 5 3 11 10 4 1.3249578276149161e-30 40 0
tr 6 5 3 11 10 4 3.2456303765343165e8 5 1
tr 6 5 3 11 10 4 9.622289992239067e7 6 2
tr 6 5 3 11 10 4 1.8113645790335743e10 7 1
ann 6 5 3 11 10 6 1.573500542942073e-30 40 0
tr 6 5 3 11 10 6 5.563937788344538e8 5 1
tr 6 5 3 11 10 6 1.1387325434602393e7 6 2
tr 6 5 3 11 10 6 1.3501505901924214e11 7 1
ann 6 5 3 11 10 8 1.4279065768016635e-30 40 0
tr 6 5 3 11 10 8 3.152898080061905e8 5 1
tr 6 5 3 11 10 8 8.623310988203484e7 6 2
tr 6 5 3 11 10 8 2.625513779205046e11 7 1
ann 6 5 3 11 10 10 7.01789603672961e-31 40 0
tr 6 5 3 11 10 10 4.726690258481357e11 7 1
tr 6 5 3 11 10 10 1.8536040229338663e11 8 2
tr 6 5 3 11 10 10 2.769911124014485e14 9 1
ann 6 5 3 13 12 2 3.02527070485436e-36 44 0
tr 6 5 3 13 12 2 9.51804561337402e9 7 1
tr 6 5 3 13 12 2 5.190292276719285e9 8 2
tr 6 5 3 13 12 2 2.1229467318688207e13 9 1
ann 6 5 3 13 12 4 4.333084335737278e-36 44 0
tr 6 5 3 13 12 4 2.5381454968997433e10 7 1
tr 6 5 3 13 12 4 5.941166902562534e9 8 2
tr 6 5 3 13 12 4 4.815943975072772e12 9 1
ann 6 5 3 13 12 6 5.409377527226184e-36 44 0
tr 6 5 3 13 12 6 4.623050726495959e10 7 1
tr 6 5 3 13 12 6 2.7812470948170905e9 8 2
tr 6 5 3 13 12 6 2.5315722812689556e12 9 1
ann 6 5 3 13 12 8 5.7377289939391496e-36 44 0
tr 6 5 3 13 12 8 5.323512957783232e10 7 1
tr 6 5 3 13 12 8 5.5759939644956045e7 8 2
tr 6 5 3 13 12 8 2.3309938620607152e13 9 1
ann 6 5 3 13 12 10 4.767478879125779e-36 44 0
tr 6 5 3 13 12 10 2.2522554821390594e10 7 1
tr 6 5 3 13 12 10 7.421647966743621e9 8 2
tr 6 5 3 13 12 10 1.465196141866735e13 9 1
ann 6 5 3 13 12 12 2.113026175088222e-36 44 0
tr 6 5 3 13 12 12 5.304552698795283e13 9 1
tr 6 5 3 13 12 12 1.154350830509976e13 10 2
tr 6 5 3 13 12 12 2.206165337970503e16 11 1
ann 6 5 4 6 5 4 2.6847952352201055e-19 30 0
ann 6 5 4 6 5 5 9.108891085491906e-19 30 0
tr 6 5 4 6 5 5 63504.00000000007 2 1
ann 6 5 4 7 1 1 3.4313254028012417e-13 22 0
tr 6 5 4 7 1 1 1.9051326303225845e7 4 1
tr 6 5 4 7 1 1 363707.13851613004 5 2
ann 6 5 4 7 2 1 3.528471936420155e-14 24 0
tr 6 5 4 7 2 1 138924.32234873626 3 1
tr 6 5 4 7 2 1 7409.2971919326055 4 2
tr 6 5 4 7 2 1 7.047446199898795e8 5 1
ann 6 5 4 7 2 2 5.503527936157858e-14 24 0
tr 6 5 4 7 2 2 208386.4835231044 3 1
tr 6 5 4 7 2 2 25932.54017176414 4 2
tr 6 5 4 7 2 2 3.451810383623906e8 5 1
ann 6 5 4 7 3 1 1.6066066551944813e-15 26 0
tr 6 5 4 7 3 1 700.413910449267 3 2
tr 6 5 4 7 3 1 854171.2006634229 4 1
tr 6 5 4 7 3 1 1.8553633837440691e6 5 2
tr 6 5 4 7 3 1 2.8381899291010994e10 6 1
ann 6 5 4 7 3 2 2.5777951976575934e-15 26 0
tr 6 5 4 7 3 2 2353.390739109535 2 1
tr 6 5 4 7 3 2 9.761956579010569e6 4 1
ann 6 5 4 7 3 3 3.239497001347017e-15 26 0
tr 6 5 4 7 3 3 1568.9271594063564 2 1
tr 6 5 4 7 3 3 700.4139104492666 3 2
tr 6 5 4 7 3 3 1.6473301727080362e7 4 1
ann 6 5 4 7 4 1 3.3058854074649904e-17 28 0
tr 6 5 4 7 4 1 451247.32371140603 3 1
tr 6 5 4 7 4 1 150415.77457046855 4 2
ann 6 5 4 7 4 2 5.614655202007527e-17 28 0
tr 6 5 4 7 4 2 10.202931791810462 2 2
tr 6 5 4 7 4 2 267405.82145861065 3 1
tr 6 5 4 7 4 2 4.9394836729890126e8 5 1
ann 6 5 4 7 4 3 9.185333188580082e-17 28 0
tr 6 5 4 7 4 3 2.915123369088705 2 2
tr 6 5 4 7 4 3 23398.009377628357 3 1
tr 6 5 4 7 4 3 150415.7745704687 4 2
tr 6 5 4 7 4 3 9.878967345978026e8 5 1
ann 6 5 4 7 4 4 8.957796432027967e-17 28 0
tr 6 5 4 7 4 4 8.745370107266117 2 2
tr 6 5 4 7 4 4 561552.225063083 3 1
tr 6 5 4 7 4 4 240665.2393127496 4 2
tr 6 5 4 7 4 4 5.92738040758681e8 5 1
ann 6 5 4 7 5 1 3.9082755087388565e-19 30 0
tr 6 5 4 7 5 1 8555.758994727223 3 2
tr 6 5 4 7 5 1 4.0583073455497675e7 4 1
tr 6 5 4 7 5 1 8.608530732984357e6 5 2
ann 6 5 4 7 5 2 6.337588118417265e-19 30 0
tr 6 5 4 7 5 2 10266.910793672681 2 1
tr 6 5 4 7 5 2 16500.392346973913 3 2
tr 6 5 4 7 5 2 2.029153672774884e7 4 1
ann 6 5 4 7 5 3 1.0325387635853571e-18 30 0
tr 6 5 4 7 5 3 20961.609537081684 2 1
tr 6 5 4 7 5 3 7822.408223750607 3 2
ann 6 5 4 7 5 4 1.4890091064632558e-18 30 0
tr 6 5 4 7 5 4 5133.455396836346 2 1
tr 6 5 4 7 5 4 733.3507709766199 3 2
tr 6 5 4 7 5 4 2.4349844073298603e7 4 1
ann 6 5 4 7 5 5 1.2629661318683403e-18 30 0
tr 6 5 4 7 5 5 19250.457738136265 2 1
tr 6 5 4 7 5 5 22000.523129298574 3 2
tr 6 5 4 7 5 5 4.869968814659719e7 4 1
ann 6 5 4 7 6 1 2.0069026408308074e-21 32 0
tr 6 5 4 7 6 1 371133.0851720294 3 1
tr 6 5 4 7 6 1 1.2668009307205288e6 4 2
tr 6 5 4 7 6 1 1.1208478166199257e9 5 1
ann 6 5 4 7 6 2 3.103254488240785e-21 32 0
tr 6 5 4 7 6 2 402.3905204384692 2 2
tr 6 5 4 7 6 2 1.3917490693951102e6 3 1
tr 6 5 4 7 6 2 1.7107467926024983e6 4 2
ann 6 5 4 7 6 3 4.734481063835087e-21 32 0
tr 6 5 4 7 6 3 1888.9999431694819 2 2
tr 6 5 4 7 6 3 2.2267985110321776e6 3 1
tr 6 5 4 7 6 3 1.0179650336147088e6 4 2
ann 6 5 4 7 6 4 6.864476139389353e-21 32 0
tr 6 5 4 7 6 4 3576.80462611973 2 2
tr 6 5 4 7 6 4 1.3917490693951102e6 3 1
ann 6 5 4 7 6 5 8.666184716508417e-21 32 0
tr 6 5 4 7 6 5 1844.289885342986 2 2
tr 6 5 4 7 6 5 746507.6913174539 4 2
ann 6 5 4 7 6 6 7.187469781130664e-21 32 0
tr 6 5 4 7 6 6 2459.0531804573143 2 2
tr 6 5 4 7 6 6 3.061847952669242e6 3 1
tr 6 5 4 7 6 6 2.519463458196404e6 4 2
ann 6 5 4 9 8 2 6.882573892089848e-26 36 0
tr 6 5 4 9 8 2 36052.562159226836 3 1
tr 6 5 4 9 8 2 189556.36015273366 4 2
tr 6 5 4 9 8 2 1.028019003348197e9 5 1
ann 6 5 4 9 8 4 1.3342554257748709e-25 36 0
tr 6 5 4 9 8 4 528770.911668658 3 1
tr 6 5 4 9 8 4 789631.228091861 4 2
tr 6 5 4 9 8 4 1.329731091794416e9 5 1
ann 6 5 4 9 8 6 2.0982140185779807e-25 36 0
tr 6 5 4 9 8 6 2.405907648092391e6 3 1
tr 6 5 4 9 8 6 673654.1414658693 4 2
tr 6 5 4 9 8 6 2.8572734203846805e7 5 1
ann 6 5 4 9 8 8 1.9777892496735013e-25 36 0
tr 6 5 4 9 8 8 1.2831507456492737e6 4 2
tr 6 5 4 9 8 8 2.5715460783462243e9 5 1
tr 6 5 4 9 8 8 9.395116255981655e8 6 2
tr 6 5 4 9 8 8 6.462593746515854e11 7 1
ann 6 5 4 11 10 2 5.1811437574974375e-31 40 0
tr 6 5 4 11 10 2 1.2681339688534573e7 5 1
tr 6 5 4 11 10 2 2.8127667099146154e7 6 2
tr 6 5 4 11 10 2 2.4104402124553934e11 7 1
tr 6 5 4 11 10 2 9.766468255290208e10 8 2
ann 6 5 4 11 10 4 9.619376340347607e-31 40 0
tr 6 5 4 11 10 4 8.655014337424862e7 5 1
tr 6 5 4 11 10 4 8.50253632450314e7 6 2
tr 6 5 4 11 10 4 3.220655751021921e11 7 1
ann 6 5 4 11 10 6 1.5352063373510007e-30 40 0
tr 6 5 4 11 10 6 3.2971483190189815e8 5 1
tr 6 5 4 11 10 6 1.2399532139900438e8 6 2
tr 6 5 4 11 10 6 1.300149380458677e11 7 1
ann 6 5 4 11 10 8 2.0111500680910162e-30 40 0
tr 6 5 4 11 10 8 7.006440177915348e8 5 1
tr 6 5 4 11 10 8 3.4415027980132e7 6 2
tr 6 5 4 11 10 8 3.985838286215083e10 7 1
ann 6 5 4 11 10 10 1.778662194561169e-30 40 0
tr 6 5 4 11 10 10 2.229155221440357e8 6 2
tr 6 5 4 11 10 10 6.077173189476039e11 7 1
tr 6 5 4 11 10 10 1.1121624137603212e11 8 2
tr 6 5 4 11 10 10 1.038716671505429e14 9 1
ann 6 5 4 13 12 2 1.5405246501784866e-36 44 0
tr 6 5 4 13 12 2 1.410080831610958e9 7 1
tr 6 5 4 13 12 2 1.6934794301210124e9 8 2
tr 6 5 4 13 12 2 2.180279398238735e13 9 1
tr 6 5 4 13 12 2 5.842812990993088e12 10 2
ann 6 5 4 13 12 4 2.7822739380672866e-36 44 0
tr 6 5 4 13 12 4 6.446083801650124e9 7 1
tr 6 5 4 13 12 4 4.213126667745182e9 8 2
tr 6 5 4 13 12 4 2.888474334255681e13 9 1
ann 6 5 4 13 12 6 4.4702974049923736e-36 44 0
tr 6 5 4 13 12 6 2.054689211775979e10 7 1
tr 6 5 4 13 12 6 6.770626215274876e9 8 2
tr 6 5 4 13 12 6 1.996566672494103e13 9 1
ann 6 5 4 13 12 8 6.302815903049505e-36 44 0
tr 6 5 4 13 12 8 4.7320115180295364e10 7 1
tr 6 5 4 13 12 8 5.79903372307539e9 8 2
tr 6 5 4 13 12 8 1.8499951286196194e12 9 1
ann 6 5 4 13 12 10 7.429704091595132e-36 44 0
tr 6 5 4 13 12 10 7.007017055543738e10 7 1
tr 6 5 4 13 12 10 4.0890622406301224e8 8 2
tr 6 5 4 13 12 10 1.3295298324346287e13 9 1
ann 6 5 4 13 12 12 6.097114316124315e-36 44 0
tr 6 5 4 13 12 12 1.5047749045518724e10 8 2
tr 6 5 4 13 12 12 5.304552698795295e13 9 1
tr 6 5 4 13 12 12 5.467977618205149e12 10 2
tr 6 5 4 13 12 12 6.618496013911506e15 11 1
ann 6 5 5 6 5 5 4.554445542745958e-19 30 0
ann 6 5 5 7 1 1 3.8662816036987753e-13 22 0
tr 6 5 5 7 1 1 2.3814157879032277e7 4 1
tr 6 5 5 7 1 1 202059.52139784978 5 2
ann 6 5 5 7 2 1 3.692693980052248e-14 24 0
tr 6 5 5 7 2 1 37046.48595966304 4 2
tr 6 5 5 7 2 1 6.47214446929482e8 5 1
ann 6 5 5 7 2 2 6.710750573561595e-14 24 0
tr 6 5 5 7 2 2 347310.80587184057 3 1
tr 6 5 5 7 2 2 18523.242979831513 4 2
tr 6 5 5 7 2 2 1.4382543265099537e8 5 1
ann 6 5 5 7 3 1 1.2137986440811464e-15 26 0
tr 6 5 5 7 3 1 1.7083424013268486e7 4 1
tr 6 5 5 7 3 1 5.218209516780195e6 5 2
tr 6 5 5 7 3 1 2.1286424468258217e10 6 1
ann 6 5 5 7 3 2 2.330165965629388e-15 26 0
tr 6 5 5 7 3 2 700.413910449267 3 2
tr 6 5 5 7 3 2 2.1354280016585663e7 4 1
tr 6 5 5 7 3 2 2.8990052871001074e6 5 2
ann 6 5 5 7 3 3 4.6034935549234674e-15 26 0
tr 6 5 5 7 3 3 3922.317898515891 2 1
tr 6 5 5 7 3 3 700.4139104492671 3 2
tr 6 5 5 7 3 3 9.151834292822393e6 4 1
ann 6 5 5 7 4 1 2.2797394498763074e-17 28 0
tr 6 5 5 7 4 1 120332.6196563748 4 2
tr 6 5 5 7 4 1 1.1854760815173626e9 5 1
tr 6 5 5 7 4 1 3.00772518026066e8 6 2
ann 6 5 5 7 4 2 3.970886931286485e-17 28 0
tr 6 5 5 7 4 2 250692.9576174469 3 1
tr 6 5 5 7 4 2 270748.3942268432 4 2
tr 6 5 5 7 4 2 1.185476081517361e9 5 1
ann 6 5 5 7 4 3 7.319339600757457e-17 28 0
tr 6 5 5 7 4 3 7.287808422721765 2 2
tr 6 5 5 7 4 3 584950.2344407117 3 1
tr 6 5 5 7 4 3 270748.3942268433 4 2
tr 6 5 5 7 4 3 6.915277142184612e8 5 1
ann 6 5 5 7 4 4 1.5511623757109965e-16 28 0
tr 6 5 5 7 4 4 14.575616845443518 2 2
tr 6 5 5 7 4 4 467960.18755256815 3 1
tr 6 5 5 7 4 4 120332.61965637456 4 2
tr 6 5 5 7 4 4 1.975793469195594e8 5 1
ann 6 5 5 7 5 1 2.3586821730202086e-19 30 0
tr 6 5 5 7 5 1 8.11661469109949e6 4 1
tr 6 5 5 7 5 1 1.5495355319371833e7 5 2
tr 6 5 5 7 5 1 3.825024880801375e10 6 1
ann 6 5 5 7 5 2 3.988635008071545e-19 30 0
tr 6 5 5 7 5 2 3055.628212402575 3 2
tr 6 5 5 7 5 2 2.8408151418848347e7 4 1
tr 6 5 5 7 5 2 2.410388605235618e7 5 2
tr 6 5 5 7 5 2 3.570023222081296e10 6 1
ann 6 5 5 7 5 3 6.868977111608826e-19 30 0
tr 6 5 5 7 5 3 4277.879497363596 2 1
tr 6 5 5 7 5 3 12222.512849610303 3 2
tr 6 5 5 7 5 3 4.8699688146597125e7 4 1
ann 6 5 5 7 5 4 1.2629661318683403e-18 30 0
tr 6 5 5 7 5 4 19250.457738136265 2 1
tr 6 5 5 7 5 4 22000.523129298574 3 2
tr 6 5 5 7 5 4 4.869968814659718e7 4 1
ann 6 5 5 7 5 5 2.525932263736682e-18 30 0
tr 6 5 5 7 5 5 32084.09623022707 2 1
tr 6 5 5 7 5 5 18333.76927441546 3 2
tr 6 5 5 7 5 5 2.434984407329854e7 4 1
ann 6 5 5 7 6 1 1.0104760938318857e-21 32 0
tr 6 5 5 7 6 1 98968.82271254087 4 2
tr 6 5 5 7 6 1 4.168442293214616e8 5 1
tr 6 5 5 7 6 1 4.663991377023325e8 6 2
tr 6 5 5 7 6 1 4.7773638019658594e11 7 1
ann 6 5 5 7 6 2 1.7132171338958462e-21 32 0
tr 6 5 5 7 6 2 92783.27129300644 3 1
tr 6 5 5 7 6 2 494844.1135627053 4 2
tr 6 5 5 7 6 2 9.263205096032425e8 5 1
ann 6 5 5 7 6 3 2.8801619990627286e-21 32 0
tr 6 5 5 7 6 3 111.77514456624131 2 2
tr 6 5 5 7 6 3 556699.6277580444 3 1
tr 6 5 5 7 6 3 1.2724562920183875e6 4 2
tr 6 5 5 7 6 3 1.3894807644048698e9 5 1
ann 6 5 5 7 6 4 4.898602192187112e-21 32 0
tr 6 5 5 7 6 4 838.3135842468107 2 2
tr 6 5 5 7 6 4 1.6700988832741298e6 3 1
tr 6 5 5 7 6 4 2.120760486697309e6 4 2
ann 6 5 5 7 6 5 8.544599704266817e-21 32 0
tr 6 5 5 7 6 5 3073.816475571642 2 2
tr 6 5 5 7 6 5 3.061847952669242e6 3 1
tr 6 5 5 7 6 5 2.3328365353670437e6 4 2
ann 6 5 5 7 6 6 1.5330249319947605e-20 32 0
tr 6 5 5 7 6 6 6147.632951143277 2 2
tr 6 5 5 7 6 6 3.0618479526692354e6 3 1
tr 6 5 5 7 6 6 1.399701921220224e6 4 2
ann 6 5 5 9 8 2 2.862969793199914e-26 36 0
tr 6 5 5 9 8 2 600.8760359870557 3 1
tr 6 5 5 9 8 2 9814.308587789465 4 2
tr 6 5 5 9 8 2 1.3986653106778145e8 5 1
tr 6 5 5 9 8 2 2.759404774484114e8 6 2
tr 6 5 5 9 8 2 8.088513311158982e11 7 1
ann 6 5 5 9 8 4 7.58348783772819e-26 36 0
tr 6 5 5 9 8 4 39657.81837514888 3 1
tr 6 5 5 9 8 4 154224.84923669155 4 2
tr 6 5 5 9 8 4 8.242134866494287e8 5 1
ann 6 5 5 9 8 6 1.8750523750292007e-25 36 0
tr 6 5 5 9 8 6 601476.9120230969 3 1
tr 6 5 5 9 8 6 842067.6768323368 4 2
tr 6 5 5 9 8 6 2.0000913942692816e9 5 1
ann 6 5 5 9 8 8 4.419120955855408e-25 36 0
tr 6 5 5 9 8 8 4.811815296184787e6 3 1
tr 6 5 5 9 8 8 1.6039384320615942e6 4 2
tr 6 5 5 9 8 8 1.4286367101923435e9 5 1
ann 6 5 5 11 10 2 1.7273864856977336e-31 40 0
tr 6 5 5 11 10 2 475550.23832003603 5 1
tr 6 5 5 11 10 2 2.189870275885074e6 6 2
tr 6 5 5 11 10 2 4.133127936308953e10 7 1
tr 6 5 5 11 10 2 4.46389823302738e10 8 2
tr 6 5 5 11 10 2 2.0428630513121503e14 9 1
ann 6 5 5 11 10 4 4.303700982574494e-31 40 0
tr 6 5 5 11 10 4 7.212511947854006e6 5 1
tr 6 5 5 11 10 4 1.5499415174875565e7 6 2
tr 6 5 5 11 10 4 1.5601792565504056e11 7 1
tr 6 5 5 11 10 4 9.847630041345264e10 8 2
ann 6 5 5 11 10 6 9.86355132859173e-31 40 0
tr 6 5 5 11 10 6 5.770009558283208e7 5 1
tr 6 5 5 11 10 6 6.3262919081124745e7 6 2
tr 6 5 5 11 10 6 3.582044211467772e11 7 1
ann 6 5 5 11 10 8 2.1084244925825523e-30 40 0
tr 6 5 5 11 10 8 3.152898080061906e8 5 1
tr 6 5 5 11 10 8 1.61320443656868e8 6 2
tr 6 5 5 11 10 8 4.871580127596169e11 7 1
ann 6 5 5 11 10 10 4.247864488206335e-30 40 0
tr 6 5 5 11 10 10 1.331223633803915e9 5 1
tr 6 5 5 11 10 10 1.8576293512002972e8 6 2
tr 6 5 5 11 10 10 2.3373743036446277e11 7 1
ann 6 5 5 13 12 2 4.364030029235607e-37 44 0
tr 6 5 5 13 12 2 7.050404158054733e7 7 1
tr 6 5 5 13 12 2 1.5840368819159025e8 8 2
tr 6 5 5 13 12 2 4.2043955337937075e12 9 1
tr 6 5 5 13 12 2 2.87170392752023e12 10 2
tr 6 5 5 13 12 2 1.9449255230571148e16 11 1
ann 6 5 5 13 12 4 1.0217936106336874e-36 44 0
tr 6 5 5 13 12 4 5.640323326443847e8 7 1
tr 6 5 5 13 12 4 7.405886720645833e8 8 2
tr 6 5 5 13 12 4 1.228557136498163e13 9 1
tr 6 5 5 13 12 4 5.522507552923524e12 10 2
tr 6 5 5 13 12 4 2.5647369534819084e16 11 1
ann 6 5 5 13 12 6 2.2188961267655224e-36 44 0
tr 6 5 5 13 12 6 3.0820338176639695e9 7 1
tr 6 5 5 13 12 6 2.448056999324596e9 8 2
tr 6 5 5 13 12 6 2.599080875436112e13 9 1
ann 6 5 5 13 12 8 4.518865857015865e-36 44 0
tr 6 5 5 13 12 8 1.3013031674581234e10 7 1
tr 6 5 5 13 12 8 6.040660128203555e9 8 2
tr 6 5 5 13 12 8 4.0083227786758266e13 9 1
ann 6 5 5 13 12 10 8.706408953969395e-36 44 0
tr 6 5 5 13 12 10 4.5545610861034294e10 7 1
tr 6 5 5 13 12 10 1.0733788381654e10 8 2
tr 6 5 5 13 12 10 4.069989282963142e13 9 1
ann 6 5 5 13 12 12 1.5981172408342612e-35 44 0
tr 6 5 5 13 12 12 1.3813833623786224e11 7 1
tr 6 5 5 13 12 12 9.404843153449198e9 8 2
tr 6 5 5 13 12 12 1.5601625584691977e13 9 1
ann 7 1 1 7 1 1 6.289142468564356e-8 16 0
ann 7 1 1 7 2 1 2.5365054577995556e-8 16 0
tr 7 1 1 7 2 1 1058.3999999999994 2 2
tr 7 1 1 7 2 1 3.630311999999991e7 3 1
ann 7 1 1 7 2 2 1.5853080125315033e-8 16 0
tr 7 1 1 7 2 2 705.5999999999993 2 2
tr 7 1 1 7 2 2 1.210103999999997e7 3 1
ann 7 1 1 7 3 1 1.7686542123856057e-9 18 0
tr 7 1 1 7 3 1 740879.9999999995 2 1
tr 7 1 1 7 3 1 73499.99999999991 3 2
tr 7 1 1 7 3 1 2.3718038399999957e9 4 1
ann 7 1 1 7 3 2 1.8487660480246946e-9 18 0
tr 7 1 1 7 3 2 1.2347999999999993e6 2 1
tr 7 1 1 7 3 2 61249.99999999996 3 2
tr 7 1 1 7 3 2 1.185901919999995e9 4 1
ann 7 1 1 7 3 3 1.8487641848068836e-9 18 0
tr 7 1 1 7 3 3 1.8521999999999977e6 2 1
tr 7 1 1 7 3 3 36749.999999999956 3 2
tr 7 1 1 7 3 3 3.953006399999989e8 4 1
ann 7 1 1 7 4 1 3.740993625904783e-11 20 0
tr 7 1 1 7 4 1 3.851604166666665e7 3 1
tr 7 1 1 7 4 1 3.5948305555555564e6 4 2
tr 7 1 1 7 4 1 9.491168366399985e10 5 1
ann 7 1 1 7 4 2 4.2653938899040844e-11 20 0
tr 7 1 1 7 4 2 5.777406249999996e7 3 1
tr 7 1 1 7 4 2 3.2353474999999967e6 4 2
tr 7 1 1 7 4 2 5.694701019839983e10 5 1
ann 7 1 1 7 4 3 4.7791261105104905e-11 20 0
tr 7 1 1 7 4 3 8.088368749999988e7 3 1
tr 7 1 1 7 4 3 2.5163813888888964e6 4 2
tr 7 1 1 7 4 3 2.8473505099199894e10 5 1
ann 7 1 1 7 4 4 5.2821902877239965e-11 20 0
tr 7 1 1 7 4 4 1.0784491666666648e8 3 1
tr 7 1 1 7 4 4 1.437932222222217e6 4 2
tr 7 1 1 7 4 4 9.491168366399965e9 5 1
ann 7 1 1 7 5 1 3.117810246794853e-13 22 0
tr 7 1 1 7 5 1 1.2970802249999998e9 4 1
tr 7 1 1 7 5 1 9.904976263636363e7 5 2
tr 7 1 1 7 5 1 2.1026588380947668e12 6 1
ann 7 1 1 7 5 2 3.63616829969173e-13 22 0
tr 7 1 1 7 5 2 1.8159123149999995e9 4 1
tr 7 1 1 7 5 2 9.244644512727271e7 5 2
tr 7 1 1 7 5 2 1.4017725587298457e12 6 1
ann 7 1 1 7 5 3 4.182765518940761e-13 22 0
tr 7 1 1 7 5 3 2.4212164199999967e9 4 1
tr 7 1 1 7 5 3 7.923981010909082e7 5 2
tr 7 1 1 7 5 3 8.410635352379059e11 6 1
ann 7 1 1 7 5 4 4.757601904541943e-13 22 0
tr 7 1 1 7 5 4 3.112992539999995e9 4 1
tr 7 1 1 7 5 4 5.9429857581818156e7 5 2
tr 7 1 1 7 5 4 4.2053176761895544e11 6 1
ann 7 1 1 7 5 5 5.360677456495279e-13 22 0
tr 7 1 1 7 5 5 3.8912406749999924e9 4 1
tr 7 1 1 7 5 5 3.3016587545454487e7 5 2
tr 7 1 1 7 5 5 1.4017725587298337e11 6 1
ann 7 1 1 7 6 1 8.90590621704554e-16 24 0
tr 7 1 1 7 6 1 1.8685737721350014e10 5 1
tr 7 1 1 7 6 1 1.147284088246154e9 6 2
tr 7 1 1 7 6 1 1.9732139033745562e13 7 1
ann 7 1 1 7 6 2 1.0422906139718112e-15 24 0
tr 7 1 1 7 6 2 2.4914316961799988e10 5 1
tr 7 1 1 7 6 2 1.0926515126153853e9 6 2
tr 7 1 1 7 6 2 1.4094385024104e13 7 1
ann 7 1 1 7 6 3 1.204905593319303e-15 24 0
tr 7 1 1 7 6 3 3.2032693236600006e10 5 1
tr 7 1 1 7 6 3 9.833863613538439e8 6 2
tr 7 1 1 7 6 3 9.396256682735967e12 7 1
ann 7 1 1 7 6 4 1.3784355597470328e-15 24 0
tr 7 1 1 7 6 4 4.004086654574996e10 5 1
tr 7 1 1 7 6 4 8.194886344615397e8 6 2
tr 7 1 1 7 6 4 5.63775400964158e12 7 1
ann 7 1 1 7 6 5 1.5628805132549978e-15 24 0
tr 7 1 1 7 6 5 4.8938836889250046e10 5 1
tr 7 1 1 7 6 5 6.009583319384624e8 6 2
tr 7 1 1 7 6 5 2.8188770048207964e12 7 1
ann 7 1 1 7 6 6 1.7582404538431983e-15 24 0
tr 7 1 1 7 6 6 5.8726604267100006e10 5 1
tr 7 1 1 7 6 6 3.2779545378461504e8 6 2
ann 7 1 1 9 8 2 6.5296836370884415e-21 28 0
tr 7 1 1 9 8 2 1.1505484520843045e15 7 1
tr 7 1 1 9 8 2 3.655518865554706e13 8 2
tr 7 1 1 9 8 2 6.37898159056887e17 9 1
ann 7 1 1 9 8 4 8.522491434600134e-21 28 0
tr 7 1 1 9 8 4 1.6874710630569832e15 7 1
tr 7 1 1 9 8 4 3.133301884761177e13 8 2
tr 7 1 1 9 8 4 3.417311566376167e17 9 1
ann 7 1 1 9 8 6 1.0781773770997628e-20 28 0
tr 7 1 1 9 8 6 2.3266646475482585e15 7 1
tr 7 1 1 9 8 6 2.1933113193328215e13 8 2
tr 7 1 1 9 8 6 1.3669246265504669e17 9 1
ann 7 1 1 9 8 8 1.3307530646280961e-20 28 0
tr 7 1 1 9 8 8 3.068129205558149e15 7 1
tr 7 1 1 9 8 8 8.355471692696488e12 8 2
tr 7 1 1 9 8 8 2.278207710917429e16 9 1
ann 7 1 1 11 10 2 1.554840720754789e-26 32 0
tr 7 1 1 11 10 2 4.045732755428553e18 9 1
tr 7 1 1 11 10 2 9.504454067921006e16 10 2
tr 7 1 1 11 10 2 2.567914742786918e21 11 1
ann 7 1 1 11 10 4 1.983494245201833e-26 32 0
tr 7 1 1 11 10 4 5.578207283999978e18 9 1
tr 7 1 1 11 10 4 8.624412024594963e16 10 2
tr 7 1 1 11 10 4 1.59781361773408e21 11 1
ann 7 1 1 11 10 6 2.4651797266385218e-26 32 0
tr 7 1 1 11 10 6 7.355877737142816e18 9 1
tr 7 1 1 11 10 6 7.040336346608145e16 10 2
tr 7 1 1 11 10 6 8.559715809289706e20 11 1
ann 7 1 1 11 10 8 2.9998971650648514e-26 32 0
tr 7 1 1 11 10 8 9.378744114857105e18 9 1
tr 7 1 1 11 10 8 4.7522270339605304e16 10 2
tr 7 1 1 11 10 8 3.423886323715839e20 11 1
ann 7 1 1 11 10 10 3.587646560480815e-26 32 0
tr 7 1 1 11 10 10 1.1646806417142809e19 9 1
tr 7 1 1 11 10 10 1.760084086652032e16 10 2
tr 7 1 1 11 10 10 5.70647720619312e19 11 1
ann 7 1 1 13 12 2 1.7094611319990344e-32 36 0
tr 7 1 1 13 12 2 3.243196001405185e21 11 1
tr 7 1 1 13 12 2 5.809639527121433e19 12 2
tr 7 1 1 13 12 2 2.353341630167411e24 13 1
ann 7 1 1 13 12 4 2.1327854885982023e-32 36 0
tr 7 1 1 13 12 4 4.276741979874982e21 11 1
tr 7 1 1 13 12 4 5.432390207178475e19 12 2
tr 7 1 1 13 12 4 1.6045511114777792e24 13 1
ann 7 1 1 13 12 6 2.6037574620993125e-32 36 0
tr 7 1 1 13 12 6 5.452846024340603e21 11 1
tr 7 1 1 13 12 6 4.753341431281177e19 12 2
tr 7 1 1 13 12 6 9.98387358252842e23 13 1
ann 7 1 1 13 12 8 3.1223770525023615e-32 36 0
tr 7 1 1 13 12 8 6.771508134802067e21 11 1
tr 7 1 1 13 12 8 3.772493199429496e19 12 2
tr 7 1 1 13 12 8 5.348503704925943e23 13 1
ann 7 1 1 13 12 10 3.6886442598073587e-32 36 0
tr 7 1 1 13 12 10 8.232728311259355e21 11 1
tr 7 1 1 13 12 10 2.489845511623488e19 12 2
tr 7 1 1 13 12 10 2.1394014819703755e23 13 1
ann 7 1 1 13 12 12 4.302559084014288e-32 36 0
tr 7 1 1 13 12 12 9.836506553712453e21 11 1
tr 7 1 1 13 12 12 9.053983678630727e18 12 2
tr 7 1 1 13 12 12 3.5656691366172496e22 13 1
ann 7 2 1 7 2 1 7.764810996699045e-10 18 0
ann 7 2 1 7 2 2 9.705947004761813e-10 18 0
tr 7 2 1 7 2 2 1.0188863999999994e6 2 1
tr 7 2 1 7 2 2 72777.59999999992 3 2
ann 7 2 1 7 3 1 1.2801851685309725e-10 20 0
tr 7 2 1 7 3 1 1075.2000000000007 2 2
tr 7 2 1 7 3 1 5.090564629629663e6 3 1
ann 7 2 1 7 3 2 1.369136104472075e-10 20 0
tr 7 2 1 7 3 2 3.817923472222223e7 3 1
tr 7 2 1 7 3 2 5.938992067901247e6 4 2
ann 7 2 1 7 3 3 1.0975958339581244e-10 20 0
tr 7 2 1 7 3 3 2687.9999999999977 2 2
tr 7 2 1 7 3 3 6.363205787037027e7 3 1
ann 7 2 1 7 4 1 3.629391818876053e-12 22 0
tr 7 2 1 7 4 1 646800.0000000009 2 1
tr 7 2 1 7 4 1 64166.66666666665 3 2
ann 7 2 1 7 4 2 3.7804616703433645e-12 22 0
tr 7 2 1 7 4 2 862399.9999999995 2 1
tr 7 2 1 7 4 2 10694.444444444474 3 2
ann 7 2 1 7 4 3 3.880590576072746e-12 22 0
tr 7 2 1 7 4 3 754599.9999999986 2 1
tr 7 2 1 7 4 3 14972.222222222215 3 2
tr 7 2 1 7 4 3 2.4753082215909076e9 4 1
ann 7 2 1 7 4 4 4.146146539696405e-12 22 0
tr 7 2 1 7 4 4 179666.6666666665 3 2
tr 7 2 1 7 4 4 2.7723452081818147e9 4 1
ann 7 2 1 7 5 1 4.4851813212771905e-14 24 0
tr 7 2 1 7 5 1 2.489925925925931e7 3 1
tr 7 2 1 7 5 1 2.3239308641975317e6 4 2
ann 7 2 1 7 5 2 4.7036516085062275e-14 24 0
tr 7 2 1 7 5 2 3.268027777777779e7 3 1
tr 7 2 1 7 5 2 813375.8024691357 4 2
ann 7 2 1 7 5 3 4.804383766591307e-14 24 0
tr 7 2 1 7 5 3 3.485896296296295e7 3 1
tr 7 2 1 7 5 3 5.06315484192424e10 5 1
ann 7 2 1 7 5 4 4.8922975456666336e-14 24 0
tr 7 2 1 7 5 4 2.614422222222218e7 3 1
tr 7 2 1 7 5 4 1.394358518518517e6 4 2
tr 7 2 1 7 5 4 7.442837617628638e10 5 1
ann 7 2 1 7 5 5 5.119994705840104e-14 24 0
tr 7 2 1 7 5 5 6.971792592592587e6 4 2
tr 7 2 1 7 5 5 6.835259036597734e10 5 1
ann 7 2 1 7 6 1 1.8277895583110374e-16 26 0
tr 7 2 1 7 6 1 4.585637159090911e8 4 1
tr 7 2 1 7 6 1 3.501759285123967e7 5 2
ann 7 2 1 7 6 2 1.9494196930593953e-16 26 0
tr 7 2 1 7 6 2 5.869615563636367e8 4 1
tr 7 2 1 7 6 2 1.6808444568595048e7 5 2
ann 7 2 1 7 6 3 2.013040258720449e-16 26 0
tr 7 2 1 7 6 3 6.603317509090904e8 4 1
tr 7 2 1 7 6 3 2.4012063669421375e6 5 2
tr 7 2 1 7 6 3 4.42478711720281e11 6 1
ann 7 2 1 7 6 4 2.0243410093389436e-16 26 0
tr 7 2 1 7 6 4 6.288873818181813e8 4 1
tr 7 2 1 7 6 4 3.0015079586776667e6 5 2
tr 7 2 1 7 6 4 7.227152291431238e11 6 1
ann 7 2 1 7 6 5 1.9953447313243153e-16 26 0
tr 7 2 1 7 6 5 4.323600750000002e8 4 1
tr 7 2 1 7 6 5 3.3016587545454543e7 5 2
tr 7 2 1 7 6 5 8.761078492061534e11 6 1
ann 7 2 1 7 6 6 1.9444072434507111e-16 26 0
tr 7 2 1 7 6 6 1.1005529181818183e8 5 2
tr 7 2 1 7 6 6 7.138656549087174e11 6 1
ann 7 2 1 9 8 2 2.230163022353628e-21 30 0
tr 7 2 1 9 8 2 2.7860672449550598e13 6 1
tr 7 2 1 9 8 2 7.218366187901744e11 7 2
tr 7 2 1 9 8 2 3.709583634736788e15 8 1
ann 7 2 1 9 8 4 2.428612094312746e-21 30 0
tr 7 2 1 9 8 4 3.405193299389533e13 6 1
tr 7 2 1 9 8 4 4.234774830235706e10 7 2
tr 7 2 1 9 8 4 1.7311390295438474e16 8 1
ann 7 2 1 9 8 6 2.3272932418017438e-21 30 0
tr 7 2 1 9 8 6 2.8170235476767836e13 6 1
tr 7 2 1 9 8 6 5.2549705847924774e11 7 2
tr 7 2 1 9 8 6 2.9923974653543524e16 8 1
ann 7 2 1 9 8 8 1.8278354906684473e-21 30 0
tr 7 2 1 9 8 8 3.772799394209975e12 7 2
tr 7 2 1 9 8 8 2.119762076992456e16 8 1
tr 7 2 1 9 8 8 1.7967298788130088e14 9 2
ann 7 2 1 11 10 2 8.422007185393338e-27 34 0
tr 7 2 1 11 10 2 9.338370562427006e16 8 1
tr 7 2 1 11 10 2 1.9459792925426572e15 9 2
tr 7 2 1 11 10 2 8.142080149051335e18 10 1
ann 7 2 1 11 10 4 9.44981388410156e-27 34 0
tr 7 2 1 11 10 4 1.1588068925193499e17 8 1
tr 7 2 1 11 10 4 4.9281293772183775e14 9 2
tr 7 2 1 11 10 4 4.0224556456527544e19 10 1
ann 7 2 1 11 10 6 9.623649112323835e-27 34 0
tr 7 2 1 11 10 6 1.188519889763436e17 8 1
tr 7 2 1 11 10 6 7.220702384202962e13 9 2
tr 7 2 1 11 10 6 8.10857364638042e19 10 1
ann 7 2 1 11 10 8 8.553310441109615e-27 34 0
tr 7 2 1 11 10 8 8.659216339705038e16 8 1
tr 7 2 1 11 10 8 2.3015988849646355e15 9 2
tr 7 2 1 11 10 8 1.0177600186314285e20 10 1
ann 7 2 1 11 10 10 5.8011929326025885e-27 34 0
tr 7 2 1 11 10 10 9.260550807740092e15 9 2
tr 7 2 1 11 10 10 6.047923732114311e19 10 1
tr 7 2 1 11 10 10 3.0269111641144877e17 11 2
tr 7 2 1 11 10 10 6.430402709461222e20 12 1
ann 7 2 1 13 12 2 1.3411859459659635e-32 38 0
tr 7 2 1 13 12 2 7.134870396323248e19 10 1
tr 7 2 1 13 12 2 1.1810799876773916e18 11 2
tr 7 2 1 13 12 2 4.592383084626139e21 12 1
ann 7 2 1 13 12 4 1.5233732693470124e-32 38 0
tr 7 2 1 13 12 4 8.78137894932095e19 10 1
tr 7 2 1 13 12 4 4.80700035684732e17 11 2
tr 7 2 1 13 12 4 2.337940479446051e22 12 1
ann 7 2 1 13 12 6 1.6100778778410978e-32 38 0
tr 7 2 1 13 12 6 9.596792708900743e19 10 1
tr 7 2 1 13 12 6 2.451570181992149e16 11 2
tr 7 2 1 13 12 6 5.051621393088767e22 12 1
ann 7 2 1 13 12 8 1.554234144344266e-32 38 0
tr 7 2 1 13 12 8 8.938189287701686e19 10 1
tr 7 2 1 13 12 8 2.739990203402995e17 11 2
tr 7 2 1 13 12 8 7.455167345172325e22 12 1
ann 7 2 1 13 12 10 1.3024576253175767e-32 38 0
tr 7 2 1 13 12 10 6.037198027658151e19 10 1
tr 7 2 1 13 12 10 1.813681234638494e18 11 2
tr 7 2 1 13 12 10 7.894525207381146e22 12 1
ann 7 2 1 13 12 12 7.950450607871157e-33 38 0
tr 7 2 1 13 12 12 5.351152797242445e18 11 2
tr 7 2 1 13 12 12 4.2067024273025685e22 12 1
tr 7 2 1 13 12 12 1.3411054713294037e20 13 2
tr 7 2 1 13 12 12 3.5065499433621965e23 14 1
ann 7 2 2 7 2 2 4.852973502380916e-10 18 0
ann 7 2 2 7 3 1 1.0655833106132203e-10 20 0
tr 7 2 2 7 3 1 1612.7999999999986 2 2
tr 7 2 2 7 3 1 6.108677555555553e7 3 1
ann 7 2 2 7 3 2 1.3319768865422593e-10 20 0
tr 7 2 2 7 3 2 2687.999999999998 2 2
tr 7 2 2 7 3 2 5.090564629629619e7 3 1
ann 7 2 2 7 3 3 1.8007389917105367e-10 20 0
tr 7 2 2 7 3 3 2687.999999999998 2 2
tr 7 2 2 7 3 3 2.5452823148148134e7 3 1
ann 7 2 2 7 4 1 3.2404816711132654e-12 22 0
tr 7 2 2 7 4 1 107799.9999999995 2 1
tr 7 2 2 7 4 1 85555.55555555555 3 2
tr 7 2 2 7 4 1 2.8289236818181806e9 4 1
ann 7 2 2 7 4 2 4.251913127919567e-12 22 0
tr 7 2 2 7 4 2 323399.9999999997 2 1
tr 7 2 2 7 4 2 128333.33333333321 3 2
tr 7 2 2 7 4 2 2.5460313136363587e9 4 1
ann 7 2 2 7 4 3 5.417624584505908e-12 22 0
tr 7 2 2 7 4 3 754599.9999999986 2 1
tr 7 2 2 7 4 3 149722.22222222225 3 2
tr 7 2 2 7 4 3 1.7822219195454519e9 4 1
ann 7 2 2 7 4 4 6.68910262931541e-12 22 0
tr 7 2 2 7 4 4 1.509199999999998e6 2 1
tr 7 2 2 7 4 4 119777.77777777748 3 2
ann 7 2 2 7 5 1 3.547929005181734e-14 24 0
tr 7 2 2 7 5 1 4.668611111111099e6 3 1
tr 7 2 2 7 5 1 2.904913580246912e6 4 2
tr 7 2 2 7 5 1 7.594732262886362e10 5 1
ann 7 2 2 7 5 2 4.723802626403109e-14 24 0
tr 7 2 2 7 5 2 1.0893425925925918e7 3 1
tr 7 2 2 7 5 2 4.0668790123456786e6 4 2
tr 7 2 2 7 5 2 7.088416778693942e10 5 1
ann 7 2 2 7 5 3 6.09229668151191e-14 24 0
tr 7 2 2 7 5 3 2.1786851851851825e7 3 1
tr 7 2 2 7 5 3 4.880254814814807e6 4 2
tr 7 2 2 7 5 3 5.670733422955147e10 5 1
ann 7 2 2 7 5 4 7.630752551674624e-14 24 0
tr 7 2 2 7 5 4 3.921633333333326e7 3 1
tr 7 2 2 7 5 4 4.880254814814812e6 4 2
tr 7 2 2 7 5 4 3.645471486185461e10 5 1
ann 7 2 2 7 5 5 9.304591115564285e-14 24 0
tr 7 2 2 7 5 5 6.536055555555543e7 3 1
tr 7 2 2 7 5 5 3.4858962962962934e6 4 2
ann 7 2 2 7 6 1 1.2645997118201877e-16 26 0
tr 7 2 2 7 6 1 9.171274318181813e7 4 1
tr 7 2 2 7 6 1 4.2021111421487555e7 5 2
tr 7 2 2 7 6 1 8.672582749717474e11 6 1
ann 7 2 2 7 6 2 1.6795062561651682e-16 26 0
tr 7 2 2 7 6 2 1.8342548636363596e8 4 1
tr 7 2 2 7 6 2 5.602814856198349e7 5 2
tr 7 2 2 7 6 2 8.259602618778552e11 6 1
ann 7 2 2 7 6 3 2.1705039095367293e-16 26 0
tr 7 2 2 7 6 3 3.301658754545456e8 4 1
tr 7 2 2 7 6 3 6.72337782743801e7 5 2
tr 7 2 2 7 6 3 7.07965938752447e11 6 1
ann 7 2 2 7 6 4 2.7387059401404303e-16 26 0
tr 7 2 2 7 6 4 5.502764590909084e8 4 1
tr 7 2 2 7 6 4 7.203619100826445e7 5 2
tr 7 2 2 7 6 4 5.309744540643343e11 6 1
ann 7 2 2 7 6 5 3.3836423580906607e-16 26 0
tr 7 2 2 7 6 5 8.647201500000012e8 4 1
tr 7 2 2 7 6 5 6.603317509090911e7 5 2
ann 7 2 2 7 6 6 4.103259915410633e-16 26 0
tr 7 2 2 7 6 6 1.2970802249999986e9 4 1
tr 7 2 2 7 6 6 4.402211672727268e7 5 2
ann 7 2 2 9 8 2 1.4876503793522063e-21 30 0
tr 7 2 2 9 8 2 8.126029464452243e12 6 1
tr 7 2 2 9 8 2 1.6169140260899905e12 7 2
tr 7 2 2 9 8 2 2.9676669077894384e16 8 1
ann 7 2 2 9 8 4 2.3801488808820878e-21 30 0
tr 7 2 2 9 8 4 1.9154212309066043e13 6 1
tr 7 2 2 9 8 4 2.1173874151178428e12 7 2
tr 7 2 2 9 8 4 2.3317382846916976e16 8 1
ann 7 2 2 9 8 6 3.5843108338236124e-21 30 0
tr 7 2 2 9 8 6 3.8734073780555766e13 6 1
tr 7 2 2 9 8 6 2.1019882339169873e12 7 2
tr 7 2 2 9 8 6 1.2859889933754206e16 8 1
ann 7 2 2 9 8 8 5.148577198267985e-21 30 0
tr 7 2 2 9 8 8 7.042558869191964e13 6 1
tr 7 2 2 9 8 8 1.0779426840599943e12 7 2
tr 7 2 2 9 8 8 2.8263494359899185e15 8 1
ann 7 2 2 11 10 2 4.6948448897848885e-27 34 0
tr 7 2 2 11 10 2 2.626416720682591e16 8 1
tr 7 2 2 11 10 2 3.57424768018038e15 9 2
tr 7 2 2 11 10 2 9.951431293285057e19 10 1
ann 7 2 2 11 10 4 7.260825555799739e-27 34 0
tr 7 2 2 11 10 4 5.311198257380355e16 8 1
tr 7 2 2 11 10 4 4.599587418737176e15 9 2
tr 7 2 2 11 10 4 8.537456880569121e19 10 1
ann 7 2 2 11 10 6 1.07085507297033e-26 34 0
tr 7 2 2 11 10 6 9.656724104327898e16 8 1
tr 7 2 2 11 10 6 5.054491668941964e15 9 2
tr 7 2 2 11 10 6 6.031170480778812e19 10 1
ann 7 2 2 11 10 8 1.520349505790476e-26 34 0
tr 7 2 2 11 10 8 1.6236030636946934e17 8 1
tr 7 2 2 11 10 8 4.419069859132122e15 9 2
tr 7 2 2 11 10 8 3.0758969451971764e19 10 1
ann 7 2 2 11 10 10 2.09229838140397e-26 34 0
tr 7 2 2 11 10 10 2.5707048508499312e17 8 1
tr 7 2 2 11 10 10 2.0579001794977952e15 9 2
tr 7 2 2 11 10 10 6.366235507488737e18 10 1
ann 7 2 2 13 12 2 6.576014759592094e-33 38 0
tr 7 2 2 13 12 2 1.96208935898889e19 10 1
tr 7 2 2 13 12 2 1.9247229428816676e18 11 2
tr 7 2 2 13 12 2 7.960130680018646e22 12 1
ann 7 2 2 13 12 4 9.82492284195913e-33 38 0
tr 7 2 2 13 12 4 3.5674351981616247e19 10 1
tr 7 2 2 13 12 4 2.422728179851051e18 11 2
tr 7 2 2 13 12 4 7.15696065136542e22 12 1
ann 7 2 2 13 12 6 1.412145090180383e-32 38 0
tr 7 2 2 13 12 6 5.997995443062958e19 10 1
tr 7 2 2 13 12 6 2.745758603831194e18 11 2
tr 7 2 2 13 12 6 5.677855450083241e22 12 1
ann 7 2 2 13 12 8 1.9661434471927272e-32 38 0
tr 7 2 2 13 12 8 9.496826118183035e19 10 1
tr 7 2 2 13 12 8 2.73999020340298e18 11 2
tr 7 2 2 13 12 8 3.777284788220647e22 12 1
ann 7 2 2 13 12 10 2.665650612621815e-32 38 0
tr 7 2 2 13 12 10 1.4338345315688127e20 10 1
tr 7 2 2 13 12 10 2.2208341648634737e18 11 2
tr 7 2 2 13 12 10 1.8369532338504565e22 12 1
ann 7 2 2 13 12 12 3.533409547965244e-32 38 0
tr 7 2 2 13 12 12 2.082833319542061e20 10 1
tr 7 2 2 13 12 12 9.729368722258962e17 11 2
tr 7 2 2 13 12 12 3.6580021106978597e21 12 1
ann 7 3 1 7 3 1 1.8514382718868e-12 22 0
ann 7 3 1 7 3 2 5.233816510904879e-12 22 0
tr 7 3 1 7 3 2 470596.0 2 1
ann 7 3 1 7 3 3 4.214343365330894e-12 22 0
tr 7 3 1 7 3 3 313730.66666666634 2 1
tr 7 3 1 7 3 3 224093.33333333334 3 2
ann 7 3 1 7 4 1 1.9874526527806448e-13 24 0
tr 7 3 1 7 4 1 924.0000000000003 2 2
tr 7 3 1 7 4 1 1.023153409090916e7 3 1
ann 7 3 1 7 4 2 1.9901450163064198e-13 24 0
tr 7 3 1 7 4 2 308.00000000000074 2 2
tr 7 3 1 7 4 2 2.728409090909095e7 3 1
ann 7 3 1 7 4 3 1.5147406339304803e-13 24 0
tr 7 3 1 7 4 3 4312.000000000001 2 2
tr 7 3 1 7 4 3 9.549431818181828e6 3 1
ann 7 3 1 7 4 4 1.2526403999433473e-13 24 0
tr 7 3 1 7 4 4 2.8648295454545382e7 3 1
tr 7 3 1 7 4 4 1.3751181818181807e7 4 2
ann 7 3 1 7 5 1 2.7052727684334474e-15 26 0
tr 7 3 1 7 5 1 411600.00000000076 2 1
tr 7 3 1 7 5 1 40833.333333333336 3 2
ann 7 3 1 7 5 2 2.8203982380952742e-15 26 0
tr 7 3 1 7 5 2 480200.0000000002 2 1
ann 7 3 1 7 5 3 2.656168713156803e-15 26 0
tr 7 3 1 7 5 3 320133.33333333296 2 1
tr 7 3 1 7 5 3 57166.66666666664 3 2
ann 7 3 1 7 5 4 2.2275925545181727e-15 26 0
tr 7 3 1 7 5 4 171499.99999999985 3 2
tr 7 3 1 7 5 4 6.725601166666645e7 4 1
ann 7 3 1 7 5 5 1.6829563098804133e-15 26 0
tr 7 3 1 7 5 5 1.3451202333333313e9 4 1
tr 7 3 1 7 5 5 4.1087308945454514e8 5 2
ann 7 3 1 7 6 1 1.3254626337087577e-17 28 0
tr 7 3 1 7 6 1 8.665225168350184e6 3 1
tr 7 3 1 7 6 1 808754.3490460168 4 2
ann 7 3 1 7 6 2 1.3862010612059638e-17 28 0
tr 7 3 1 7 6 2 1.0398270202020196e7 3 1
ann 7 3 1 7 6 3 1.3720463439142013e-17 28 0
tr 7 3 1 7 6 3 9.358443181818178e6 3 1
tr 7 3 1 7 6 3 291151.56565656565 4 2
ann 7 3 1 7 6 4 1.2729302771302654e-17 28 0
tr 7 3 1 7 6 4 5.199135101010091e6 3 1
tr 7 3 1 7 6 4 1.7330450336700317e6 4 2
ann 7 3 1 7 6 5 1.0713889445968525e-17 28 0
tr 7 3 1 7 6 5 3.050159259259257e6 4 2
ann 7 3 1 7 6 6 7.323082359772462e-18 28 0
tr 7 3 1 7 6 6 2.4159337659927208e10 5 1
tr 7 3 1 7 6 6 4.854623580016782e9 6 2
ann 7 3 1 9 8 2 2.357132189279577e-22 32 0
tr 7 3 1 9 8 2 4.591465529520389e11 5 1
tr 7 3 1 9 8 2 7.249140463741539e9 6 2
tr 7 3 1 9 8 2 2.1812869430084634e14 7 1
ann 7 3 1 9 8 4 2.3467093546271204e-22 32 0
tr 7 3 1 9 8 4 4.329096070690666e11 5 1
tr 7 3 1 9 8 4 8.86006056679521e9 6 2
tr 7 3 1 9 8 4 3.6461536382876725e14 7 1
ann 7 3 1 9 8 6 1.9239228328704013e-22 32 0
tr 7 3 1 9 8 6 1.4590657127142563e11 5 1
tr 7 3 1 9 8 6 6.596717822004807e10 6 2
tr 7 3 1 9 8 6 4.639815615807644e13 7 1
ann 7 3 1 9 8 8 8.88398934144482e-23 32 0
tr 7 3 1 9 8 8 8.796317104968598e14 7 1
tr 7 3 1 9 8 8 8.623840298988819e13 8 2
tr 7 3 1 9 8 8 2.2749059672025824e17 9 1
ann 7 3 1 11 10 2 1.2877508077707685e-27 36 0
tr 7 3 1 11 10 2 1.4174734210351055e15 7 1
tr 7 3 1 11 10 2 2.297751032645867e13 8 2
tr 7 3 1 11 10 2 4.9130135231421146e17 9 1
ann 7 3 1 11 10 4 1.3330449662145242e-27 36 0
tr 7 3 1 11 10 4 1.53559620612136e15 7 1
tr 7 3 1 11 10 4 1.1405200580224043e12 8 2
tr 7 3 1 11 10 4 1.0309217999822337e18 9 1
ann 7 3 1 11 10 6 1.207089825716905e-27 36 0
tr 7 3 1 11 10 6 1.1167972408155348e15 7 1
tr 7 3 1 11 10 6 5.7318443941638695e13 8 2
tr 7 3 1 11 10 6 7.341100729598362e17 9 1
ann 7 3 1 11 10 8 8.85286084380289e-28 36 0
tr 7 3 1 11 10 8 3.12948677371386e14 7 1
tr 7 3 1 11 10 8 1.4403139018454303e14 8 2
ann 7 3 1 11 10 10 3.4725150100581977e-28 36 0
tr 7 3 1 11 10 10 2.891831148018004e18 9 1
tr 7 3 1 11 10 10 1.5732653990633968e17 10 2
tr 7 3 1 11 10 10 5.019735838216686e20 11 1
ann 7 3 1 13 12 2 2.8250288717450042e-33 40 0
tr 7 3 1 13 12 2 1.0162712456645485e18 9 1
tr 7 3 1 13 12 2 1.4442776263622474e16 10 2
tr 7 3 1 13 12 2 2.9030444983214785e20 11 1
ann 7 3 1 13 12 4 2.9986803941789057e-33 40 0
tr 7 3 1 13 12 4 1.1497210051962614e18 9 1
tr 7 3 1 13 12 4 3.6276989045205875e14 10 2
tr 7 3 1 13 12 4 6.594656372388986e20 11 1
ann 7 3 1 13 12 6 2.873432124949282e-33 40 0
tr 7 3 1 13 12 6 1.0355611094683743e18 9 1
tr 7 3 1 13 12 6 9.911391649850754e15 10 2
tr 7 3 1 13 12 6 7.126515658053276e20 11 1
ann 7 3 1 13 12 8 2.410110589711672e-33 40 0
tr 7 3 1 13 12 8 6.558553693299712e17 9 1
tr 7 3 1 13 12 8 4.4678998829425336e16 10 2
tr 7 3 1 13 12 8 2.864912131542374e20 11 1
ann 7 3 1 13 12 10 1.6171061992587233e-33 40 0
tr 7 3 1 13 12 10 1.650355014327051e17 9 1
tr 7 3 1 13 12 10 7.20778426091926e16 10 2
tr 7 3 1 13 12 10 4.605791752144629e19 11 1
ann 7 3 1 13 12 12 5.652405524864438e-34 40 0
tr 7 3 1 13 12 12 2.2657936647356073e21 11 1
tr 7 3 1 13 12 12 7.507955338768884e19 12 2
tr 7 3 1 13 12 12 2.9299606117046452e23 13 1
ann 7 3 2 7 3 2 2.234605825862196e-12 22 0
ann 7 3 2 7 3 3 5.7435530836918655e-12 22 0
tr 7 3 2 7 3 3 784326.6666666653 2 1
ann 7 3 2 7 4 1 1.530542860076423e-13 24 0
tr 7 3 2 7 4 1 3018.400000000001 2 2
tr 7 3 2 7 4 1 2.1827272727272738e7 3 1
ann 7 3 2 7 4 2 2.1375227694781445e-13 24 0
tr 7 3 2 7 4 2 2956.8000000000025 2 2
tr 7 3 2 7 4 2 2.0463068181818102e6 3 1
ann 7 3 2 7 4 3 2.6134128272870834e-13 24 0
tr 7 3 2 7 4 3 431.2000000000004 2 2
tr 7 3 2 7 4 3 9.549431818181824e6 3 1
ann 7 3 2 7 4 4 1.9985261233660486e-13 24 0
tr 7 3 2 7 4 4 3449.5999999999985 2 2
tr 7 3 2 7 4 4 4.774715909090901e7 3 1
ann 7 3 2 7 5 1 2.2352738336076517e-15 26 0
tr 7 3 2 7 5 1 109759.99999999987 2 1
tr 7 3 2 7 5 1 110249.99999999999 3 2
ann 7 3 2 7 5 2 2.809419656160295e-15 26 0
tr 7 3 2 7 5 2 288119.99999999994 2 1
tr 7 3 2 7 5 2 114333.3333333333 3 2
ann 7 3 2 7 5 3 3.3226362687605557e-15 26 0
tr 7 3 2 7 5 3 512213.3333333328 2 1
tr 7 3 2 7 5 3 57166.66666666664 3 2
ann 7 3 2 7 5 4 3.574165069078589e-15 26 0
tr 7 3 2 7 5 4 576239.9999999991 2 1
ann 7 3 2 7 5 5 3.2308221433068634e-15 26 0
tr 7 3 2 7 5 5 171499.99999999985 3 2
tr 7 3 2 7 5 5 1.6814002916666691e9 4 1
ann 7 3 2 7 6 1 1.0942574846240986e-17 28 0
tr 7 3 2 7 6 1 2.599567550505048e6 3 1
tr 7 3 2 7 6 1 1.957185524691357e6 4 2
ann 7 3 2 7 6 2 1.3361394682837615e-17 28 0
tr 7 3 2 7 6 2 5.545744107744112e6 3 1
tr 7 3 2 7 6 2 2.0704111335578004e6 4 2
ann 7 3 2 7 6 3 1.5482735501430198e-17 28 0
tr 7 3 2 7 6 3 9.358443181818178e6 3 1
tr 7 3 2 7 6 3 1.4557578282828266e6 4 2
ann 7 3 2 7 6 4 1.6966057088632247e-17 28 0
tr 7 3 2 7 6 4 1.2477924242424244e7 3 1
tr 7 3 2 7 6 4 388202.08754208876 4 2
ann 7 3 2 7 6 5 1.7442550102120632e-17 28 0
tr 7 3 2 7 6 5 1.1438097222222239e7 3 1
tr 7 3 2 7 6 5 152507.9629629631 4 2
ann 7 3 2 7 6 6 1.6555918451686902e-17 28 0
tr 7 3 2 7 6 6 3.6601911111111096e6 4 2
tr 7 3 2 7 6 6 2.415933765992726e10 5 1
ann 7 3 2 9 8 2 2.056530165326339e-22 32 0
tr 7 3 2 9 8 2 2.2039034541697894e11 5 1
tr 7 3 2 9 8 2 5.412691546260354e10 6 2
tr 7 3 2 9 8 2 1.3941753653268153e14 7 1
ann 7 3 2 9 8 4 2.680165502994217e-22 32 0
tr 7 3 2 9 8 4 4.617702475403381e11 5 1
tr 7 3 2 9 8 4 3.1896218040462803e10 6 2
tr 7 3 2 9 8 4 7.302823342188141e12 7 1
ann 7 3 2 9 8 6 2.9586124919036547e-22 32 0
tr 7 3 2 9 8 6 5.836262850857035e11 5 1
tr 7 3 2 9 8 6 3.5523588308527106e14 7 1
ann 7 3 2 9 8 8 2.6143235813883506e-22 32 0
tr 7 3 2 9 8 8 1.1727498350230759e11 6 2
tr 7 3 2 9 8 8 6.283083646406154e14 7 1
tr 7 3 2 9 8 8 2.8746134329962816e13 8 2
tr 7 3 2 9 8 8 4.739387431672037e16 9 1
ann 7 3 2 11 10 2 1.0107683627226487e-27 36 0
tr 7 3 2 11 10 2 6.479878496160475e14 7 1
tr 7 3 2 11 10 2 1.0588036758432128e14 8 2
tr 7 3 2 11 10 2 4.7310659527157024e17 9 1
ann 7 3 2 11 10 4 1.3453621442033896e-27 36 0
tr 7 3 2 11 10 4 1.2284769648970898e15 7 1
tr 7 3 2 11 10 4 8.363813758830912e13 8 2
tr 7 3 2 11 10 4 1.242502169400073e16 9 1
ann 7 3 2 11 10 6 1.589028324289685e-27 36 0
tr 7 3 2 11 10 6 1.7868755853048575e15 7 1
tr 7 3 2 11 10 6 2.43310945711444e13 8 2
tr 7 3 2 11 10 6 3.4134674983518566e17 9 1
ann 7 3 2 11 10 8 1.6141862455364433e-27 36 0
tr 7 3 2 11 10 8 1.7525125932797645e15 7 1
tr 7 3 2 11 10 8 1.0227080959849129e13 8 2
tr 7 3 2 11 10 8 1.4444234010740163e18 9 1
ann 7 3 2 11 10 10 1.2569231276951716e-27 36 0
tr 7 3 2 11 10 10 2.5908605098284678e14 8 2
tr 7 3 2 11 10 10 1.6065728600100027e18 9 1
tr 7 3 2 11 10 10 4.140172102798412e16 10 2
tr 7 3 2 11 10 10 8.36622639702776e19 11 1
ann 7 3 2 13 12 2 2.0280649730812507e-33 40 0
tr 7 3 2 13 12 2 4.5167610918424416e17 9 1
tr 7 3 2 13 12 2 5.1876094334643944e16 10 2
tr 7 3 2 13 12 2 3.742205798617529e20 11 1
ann 7 3 2 13 12 4 2.7106963321639753e-33 40 0
tr 7 3 2 13 12 4 7.883801178488645e17 9 1
tr 7 3 2 13 12 4 4.621688404359171e16 10 2
tr 7 3 2 13 12 4 5.233854263800695e19 11 1
ann 7 3 2 13 12 6 3.3155042697898996e-33 40 0
tr 7 3 2 13 12 6 1.1598284426045786e18 9 1
tr 7 3 2 13 12 6 2.5373162623618052e16 10 2
tr 7 3 2 13 12 6 5.931701498974189e19 11 1
ann 7 3 2 13 12 8 3.6574234093013766e-33 40 0
tr 7 3 2 13 12 8 1.3991581212372728e18 9 1
tr 7 3 2 13 12 8 2.510885884628847e15 10 2
tr 7 3 2 13 12 8 5.327315947082918e20 11 1
ann 7 3 2 13 12 10 3.476623375273409e-33 40 0
tr 7 3 2 13 12 10 1.188255610315478e18 9 1
tr 7 3 2 13 12 10 1.516378142089585e16 10 2
tr 7 3 2 13 12 10 1.199424935454342e21 11 1
ann 7 3 2 13 12 12 2.4271755511006797e-33 40 0
tr 7 3 2 13 12 12 1.3767117342655483e17 10 2
tr 7 3 2 13 12 12 1.0299062112434597e21 11 1
tr 7 3 2 13 12 12 1.6321642040801948e19 12 2
tr 7 3 2 13 12 12 4.069389738478678e22 13 1
ann 7 3 3 7 3 3 2.871776541845938e-12 22 0
ann 7 3 3 7 4 1 1.1729717464311963e-13 24 0
tr 7 3 3 7 4 1 369.59999999999894 2 2
tr 7 3 3 7 4 1 2.0463068181818143e7 3 1
ann 7 3 3 7 4 2 1.6726227647800458e-13 24 0
tr 7 3 3 7 4 2 1663.1999999999975 2 2
tr 7 3 3 7 4 2 3.6833522727272674e7 3 1
ann 7 3 3 7 4 3 2.514274076099185e-13 24 0
tr 7 3 3 7 4 3 3880.800000000001 2 2
tr 7 3 3 7 4 3 4.297244318181812e7 3 1
ann 7 3 3 7 4 4 4.061517934298594e-13 24 0
tr 7 3 3 7 4 4 5174.399999999995 2 2
tr 7 3 3 7 4 4 2.8648295454545405e7 3 1
ann 7 3 3 7 5 1 1.4709559343377573e-15 26 0
tr 7 3 3 7 5 1 4573.333333333308 2 1
tr 7 3 3 7 5 1 20416.666666666628 3 2
tr 7 3 3 7 5 1 7.720715624999983e8 4 1
ann 7 3 3 7 5 2 2.1646412980906984e-15 26 0
tr 7 3 3 7 5 2 32013.333333333256 2 1
tr 7 3 3 7 5 2 57166.6666666666 3 2
tr 7 3 3 7 5 2 1.2010002083333335e9 4 1
ann 7 3 3 7 5 3 3.135135478653193e-15 26 0
tr 7 3 3 7 5 3 128053.33333333312 2 1
tr 7 3 3 7 5 3 114333.33333333321 3 2
ann 7 3 3 7 5 4 4.491627982772315e-15 26 0
tr 7 3 3 7 5 4 384159.9999999994 2 1
tr 7 3 3 7 5 4 171499.99999999977 3 2
ann 7 3 3 7 5 5 6.382836741970483e-15 26 0
tr 7 3 3 7 5 5 960399.9999999981 2 1
tr 7 3 3 7 5 5 171499.9999999999 3 2
ann 7 3 3 7 6 1 6.183457172026642e-18 28 0
tr 7 3 3 7 6 1 173304.50336700387 3 1
tr 7 3 3 7 6 1 436727.348484848 4 2
tr 7 3 3 7 6 1 1.1957651973095304e10 5 1
ann 7 3 3 7 6 2 9.129614135045601e-18 28 0
tr 7 3 3 7 6 2 693218.0134680101 3 1
tr 7 3 3 7 6 2 970505.2188552191 4 2
tr 7 3 3 7 6 2 1.7082359961564722e10 5 1
ann 7 3 3 7 6 3 1.3108418629698661e-17 28 0
tr 7 3 3 7 6 3 2.079654040404043e6 3 1
tr 7 3 3 7 6 3 1.7469093939393957e6 4 2
tr 7 3 3 7 6 3 2.049883195387768e10 5 1
ann 7 3 3 7 6 4 1.8357847397628642e-17 28 0
tr 7 3 3 7 6 4 5.199135101010091e6 3 1
tr 7 3 3 7 6 4 2.6203640909090927e6 4 2
ann 7 3 3 7 6 5 2.513658017871596e-17 28 0
tr 7 3 3 7 6 5 1.1438097222222239e7 3 1
tr 7 3 3 7 6 5 3.2026672222222234e6 4 2
ann 7 3 3 7 6 6 3.371724190574504e-17 28 0
tr 7 3 3 7 6 6 2.2876194444444433e7 3 1
tr 7 3 3 7 6 6 2.745143333333332e6 4 2
ann 7 3 3 9 8 2 1.0933392422363813e-22 32 0
tr 7 3 3 9 8 2 3.060977019680252e10 5 1
tr 7 3 3 9 8 2 2.368052551488904e10 6 2
tr 7 3 3 9 8 2 4.68442922749807e14 7 1
ann 7 3 3 9 8 4 2.1095791656196933e-22 32 0
tr 7 3 3 9 8 4 1.346829888659314e11 5 1
tr 7 3 3 9 8 4 5.316036340077138e10 6 2
tr 7 3 3 9 8 4 5.91528690717231e14 7 1
ann 7 3 3 9 8 6 3.7432796615497788e-22 32 0
tr 7 3 3 9 8 6 4.37719713814277e11 5 1
tr 7 3 3 9 8 6 8.062655115783647e10 6 2
tr 7 3 3 9 8 6 4.784809853801597e14 7 1
ann 7 3 3 9 8 8 6.200181344233433e-22 32 0
tr 7 3 3 9 8 8 1.1672525701714077e12 5 1
tr 7 3 3 9 8 8 5.863749175115387e10 6 2
tr 7 3 3 9 8 8 1.449942379939876e14 7 1
ann 7 3 3 11 10 2 4.438858538012575e-28 36 0
tr 7 3 3 11 10 2 9.449822806900681e13 7 1
tr 7 3 3 11 10 2 4.466828007463542e13 8 2
tr 7 3 3 11 10 2 1.3034569461563574e18 9 1
ann 7 3 3 11 10 4 8.169740328589457e-28 36 0
tr 7 3 3 11 10 4 3.0711924122427244e14 7 1
tr 7 3 3 11 10 4 8.782004446772469e13 8 2
tr 7 3 3 11 10 4 1.6401028636080983e18 9 1
ann 7 3 3 11 10 6 1.4062464698812676e-27 36 0
tr 7 3 3 11 10 6 8.189846432647255e14 7 1
tr 7 3 3 11 10 6 1.3686240696268816e14 8 2
tr 7 3 3 11 10 6 1.5975027892286682e18 9 1
ann 7 3 3 11 10 8 2.291281844635721e-27 36 0
tr 7 3 3 11 10 8 1.8985553093864105e15 7 1
tr 7 3 3 11 10 8 1.6107652511762538e14 8 2
tr 7 3 3 11 10 8 1.0743645131955411e18 9 1
ann 7 3 3 11 10 10 3.566519068563794e-27 36 0
tr 7 3 3 11 10 10 3.964016580037563e15 7 1
tr 7 3 3 11 10 10 9.715726911856744e13 8 2
tr 7 3 3 11 10 10 2.8351285764882355e17 9 1
ann 7 3 3 13 12 2 7.728972227405169e-34 40 0
tr 7 3 3 13 12 2 6.775141637763632e16 9 1
tr 7 3 3 13 12 2 2.1398888913040556e16 10 2
tr 7 3 3 13 12 2 9.147614174398415e20 11 1
ann 7 3 3 13 12 4 1.3581846390903969e-33 40 0
tr 7 3 3 13 12 4 1.8067044367369766e17 9 1
tr 7 3 3 13 12 4 3.819966946460138e16 10 2
tr 7 3 3 13 12 4 1.1340017571568301e21 11 1
ann 7 3 3 13 12 6 2.2602992154906316e-33 40 0
tr 7 3 3 13 12 6 4.1882693760720915e17 9 1
tr 7 3 3 13 12 6 5.8278982901122664e16 10 2
tr 7 3 3 13 12 6 1.1863402997948387e21 11 1
ann 7 3 3 13 12 8 3.595608197044439e-33 40 0
tr 7 3 3 13 12 8 8.744738257732946e17 9 1
tr 7 3 3 13 12 8 7.532657653886608e16 10 2
tr 7 3 3 13 12 8 1.0062707900045513e21 11 1
ann 7 3 3 13 12 10 5.5066274006609655e-33 40 0
tr 7 3 3 13 12 10 1.6833621146135923e18 9 1
tr 7 3 3 13 12 10 7.676664344328568e16 10 2
tr 7 3 3 13 12 10 6.077086339635323e20 11 1
ann 7 3 3 13 12 12 8.164807808995127e-33 40 0
tr 7 3 3 13 12 12 3.0366532263617705e18 9 1
tr 7 3 3 13 12 12 4.1301352027966344e16 10 2
tr 7 3 3 13 12 12 1.4712945874906484e20 11 1
ann 7 4 1 7 4 1 1.5100107846894096e-15 26 0
ann 7 4 1 7 4 2 5.1571231852089e-15 26 0
tr 7 4 1 7 4 2 226961.19669421512 2 1
ann 7 4 1 7 4 3 3.4332834389110795e-15 26 0
tr 7 4 1 7 4 3 353050.7504132226 2 1
tr 7 4 1 7 4 3 252179.10743801657 3 2
ann 7 4 1 7 4 4 2.5813466552799394e-15 26 0
tr 7 4 1 7 4 4 84059.70247933878 3 2
tr 7 4 1 7 4 4 1.5489925001033072e9 4 1
ann 7 4 1 7 5 1 8.632193526496944e-17 28 0
tr 7 4 1 7 5 1 684.2181818181825 2 2
tr 7 4 1 7 5 1 8.273627727272761e6 3 1
ann 7 4 1 7 5 2 8.407029764885275e-17 28 0
tr 7 4 1 7 5 2 798.2545454545455 2 2
tr 7 4 1 7 5 2 1.3690065454545463e7 3 1
ann 7 4 1 7 5 3 6.642519764640125e-17 28 0
tr 7 4 1 7 5 3 4789.527272727268 2 2
tr 7 4 1 7 5 3 802152.2727272705 3 1
ann 7 4 1 7 5 4 4.583676845983368e-17 28 0
tr 7 4 1 7 5 4 2.1658111363636386e7 3 1
tr 7 4 1 7 5 4 7.219370454545457e6 4 2
ann 7 4 1 7 5 5 3.160904732375799e-17 28 0
tr 7 4 1 7 5 5 5.775496363636364e6 4 2
tr 7 4 1 7 5 5 5.3547969185639656e10 5 1
ann 7 4 1 7 6 1 4.589769609366369e-19 30 0
tr 7 4 1 7 6 1 166680.99173553742 2 1
tr 7 4 1 7 6 1 16535.81267217632 3 2
ann 7 4 1 7 6 2 4.670854767532738e-19 30 0
tr 7 4 1 7 6 2 177793.05785123986 2 1
ann 7 4 1 7 6 3 4.219952280818235e-19 30 0
tr 7 4 1 7 6 3 100008.59504132233 2 1
tr 7 4 1 7 6 3 49607.43801652896 3 2
ann 7 4 1 7 6 4 3.353792190811828e-19 30 0
tr 7 4 1 7 6 4 89293.38842975209 3 2
tr 7 4 1 7 6 4 1.1434316033057842e7 4 1
ann 7 4 1 7 6 5 2.359644091686466e-19 30 0
tr 7 4 1 7 6 5 5.031099054545448e8 4 1
tr 7 4 1 7 6 5 6.83009811041322e7 5 2
ann 7 4 1 7 6 6 1.436875321737018e-19 30 0
tr 7 4 1 7 6 6 1.2806433957024777e8 5 2
tr 7 4 1 7 6 6 7.037825036598206e11 6 1
ann 7 4 1 9 8 2 1.03870043136678e-23 34 0
tr 7 4 1 9 8 2 5.540630001798751e9 4 1
tr 7 4 1 9 8 2 1.7629277278450552e7 5 2
tr 7 4 1 9 8 2 4.602238711232651e12 6 1
ann 7 4 1 9 8 4 9.44940332190949e-24 34 0
tr 7 4 1 9 8 4 3.4826817154163656e9 4 1
tr 7 4 1 9 8 4 8.144726102644162e8 5 2
tr 7 4 1 9 8 4 2.363701248649302e12 6 1
ann 7 4 1 9 8 6 6.304029607427461e-24 34 0
tr 7 4 1 9 8 6 1.260493325409216e9 5 2
tr 7 4 1 9 8 6 3.199114318412572e12 6 1
tr 7 4 1 9 8 6 1.4463813558914004e12 7 2
ann 7 4 1 9 8 8 2.094082646543607e-24 34 0
tr 7 4 1 9 8 8 2.4678881884896963e12 7 2
tr 7 4 1 9 8 8 1.3171327529977786e16 8 1
tr 7 4 1 9 8 8 1.240459849171166e15 9 2
tr 7 4 1 9 8 8 2.054469687555551e18 10 1
ann 7 4 1 11 10 2 7.557550087207741e-29 38 0
tr 7 4 1 11 10 2 1.4877401613633715e13 6 1
tr 7 4 1 11 10 2 1.387640297190001e11 7 2
tr 7 4 1 11 10 2 9.045408915649826e15 8 1
ann 7 4 1 11 10 4 7.370570469182361e-29 38 0
tr 7 4 1 11 10 4 1.343098756786372e13 6 1
tr 7 4 1 11 10 4 4.175769412840303e11 7 2
tr 7 4 1 11 10 4 1.0230461942044976e16 8 1
ann 7 4 1 11 10 6 5.990647728644785e-29 38 0
tr 7 4 1 11 10 6 5.860794575067803e12 6 1
tr 7 4 1 11 10 6 2.0529600895127485e12 7 2
tr 7 4 1 11 10 6 3.917385466858729e14 8 1
ann 7 4 1 11 10 8 3.589372445213964e-29 38 0
tr 7 4 1 11 10 8 1.5011745033237258e12 7 2
tr 7 4 1 11 10 8 1.440883204118902e16 8 1
tr 7 4 1 11 10 8 1.357006541661504e15 9 2
tr 7 4 1 11 10 8 2.5801096593105935e18 10 1
ann 7 4 1 11 10 10 9.806237218085806e-30 38 0
tr 7 4 1 11 10 10 4.870145699518491e15 9 2
tr 7 4 1 11 10 10 3.10473195670374e19 10 1
tr 7 4 1 11 10 10 1.7265333503220457e18 11 2
tr 7 4 1 11 10 10 3.5896741237853405e21 12 1
ann 7 4 1 13 12 2 2.1754142858712247e-34 42 0
tr 7 4 1 13 12 2 9.79100961722392e15 8 1
tr 7 4 1 13 12 2 1.0409707268474817e14 9 2
tr 7 4 1 13 12 2 4.886956942709679e18 10 1
ann 7 4 1 13 12 4 2.1967542071190365e-34 42 0
tr 7 4 1 13 12 4 9.969027973900752e15 8 1
tr 7 4 1 13 12 4 4.239589869342428e13 9 2
tr 7 4 1 13 12 4 7.232249283813429e18 10 1
ann 7 4 1 13 12 6 1.947357191833018e-34 42 0
tr 7 4 1 13 12 6 6.983797069628269e15 8 1
tr 7 4 1 13 12 6 5.1339303539466825e14 9 2
tr 7 4 1 13 12 6 3.023041131031665e18 10 1
ann 7 4 1 13 12 8 1.444780618735477e-34 42 0
tr 7 4 1 13 12 8 2.5274694156749915e15 8 1
tr 7 4 1 13 12 8 9.700724048958745e14 9 2
tr 7 4 1 13 12 8 3.986294820247634e17 10 1
ann 7 4 1 13 12 10 7.843621574325483e-35 42 0
tr 7 4 1 13 12 10 4.9293967649792706e14 9 2
tr 7 4 1 13 12 10 1.1999019179714728e19 10 1
tr 7 4 1 13 12 10 2.785918933900986e17 11 2
tr 7 4 1 13 12 10 4.844745000295754e21 12 1
ann 7 4 1 13 12 12 1.8667628659557954e-35 42 0
tr 7 4 1 13 12 12 2.517276750989101e18 11 2
tr 7 4 1 13 12 12 1.9523248723491004e22 12 1
tr 7 4 1 13 12 12 6.915613604102586e20 13 2
tr 7 4 1 13 12 12 1.7859927653463904e24 14 1
ann 7 4 2 7 4 2 1.6749433583305784e-15 26 0
ann 7 4 2 7 4 3 5.673476461936827e-15 26 0
tr 7 4 2 7 4 3 490348.2644628094 2 1
ann 7 4 2 7 4 4 3.9556265693496644e-15 26 0
tr 7 4 2 7 4 4 156911.44462809883 2 1
tr 7 4 2 7 4 4 252179.10743801628 3 2
ann 7 4 2 7 5 1 7.155486260982583e-17 28 0
tr 7 4 2 7 5 1 3649.1636363636367 2 2
tr 7 4 2 7 5 1 7.062759772727264e6 3 1
ann 7 4 2 7 5 2 9.124725130025847e-17 28 0
tr 7 4 2 7 5 2 2394.7636363636348 2 2
tr 7 4 2 7 5 2 320860.909090911 3 1
ann 7 4 2 7 5 3 9.70048895509167e-17 28 0
tr 7 4 2 7 5 3 1.2994866818181826e7 3 1
tr 7 4 2 7 5 3 5.615065909090914e6 4 2
ann 7 4 2 7 5 4 7.784832772811234e-17 28 0
tr 7 4 2 7 5 4 4789.527272727267 2 2
tr 7 4 2 7 5 4 1.2834436363636365e7 3 1
ann 7 4 2 7 5 5 5.505714864164527e-17 28 0
tr 7 4 2 7 5 5 1.203228409090906e7 3 1
tr 7 4 2 7 5 5 1.2994866818181813e7 4 2
ann 7 4 2 7 6 1 3.83459582317163e-19 30 0
tr 7 4 2 7 6 1 55560.330578512316 2 1
tr 7 4 2 7 6 1 68899.2194674012 3 2
ann 7 4 2 7 6 2 4.679537390664158e-19 30 0
tr 7 4 2 7 6 2 133344.7933884296 2 1
tr 7 4 2 7 6 2 52914.600550964125 3 2
ann 7 4 2 7 6 3 5.194530312538899e-19 30 0
tr 7 4 2 7 6 3 200017.1900826444 2 1
tr 7 4 2 7 6 3 9921.487603305768 3 2
ann 7 4 2 7 6 4 5.059600241675106e-19 30 0
tr 7 4 2 7 6 4 166680.99173553695 2 1
tr 7 4 2 7 6 4 13228.650137741022 3 2
ann 7 4 2 7 6 5 4.1318723323038087e-19 30 0
tr 7 4 2 7 6 5 109136.36363636366 3 2
tr 7 4 2 7 6 5 1.2577747636363646e8 4 1
ann 7 4 2 7 6 6 2.8987321006392053e-19 30 0
tr 7 4 2 7 6 6 3.3540660363636255e8 4 1
tr 7 4 2 7 6 6 2.3051581122644618e8 5 2
ann 7 4 2 9 8 2 9.730372933123306e-24 34 0
tr 7 4 2 9 8 2 3.4628937511242127e9 4 1
tr 7 4 2 9 8 2 1.0577566367070334e9 5 2
tr 7 4 2 9 8 2 1.561932483497063e11 6 1
ann 7 4 2 9 8 4 1.1478883342885221e-23 34 0
tr 7 4 2 9 8 4 6.094693001978638e9 4 1
tr 7 4 2 9 8 4 8.865008002878007e7 5 2
tr 7 4 2 9 8 4 3.500169831693773e12 6 1
ann 7 4 2 9 8 6 1.0449984747256718e-23 34 0
tr 7 4 2 9 8 6 3.301292042738418e9 4 1
tr 7 4 2 9 8 6 1.0083946603273726e9 5 2
tr 7 4 2 9 8 6 4.653257190418299e12 6 1
ann 7 4 2 9 8 8 5.4622783559962e-24 34 0
tr 7 4 2 9 8 8 1.02371658189202e13 6 1
tr 7 4 2 9 8 8 3.1729990994867495e12 7 2
tr 7 4 2 9 8 8 7.902796517986665e15 8 1
ann 7 4 2 11 10 2 6.680192237490047e-29 38 0
tr 7 4 2 11 10 2 8.678484274619632e12 6 1
tr 7 4 2 11 10 2 1.726841258725335e12 7 2
tr 7 4 2 11 10 2 8.73079341090158e14 8 1
ann 7 4 2 11 10 4 8.101773329372956e-29 38 0
tr 7 4 2 11 10 4 1.5109861013846668e13 6 1
tr 7 4 2 11 10 4 6.013107954490002e11 7 2
tr 7 4 2 11 10 4 3.4914647478165735e15 8 1
ann 7 4 2 11 10 6 8.372170846188921e-29 38 0
tr 7 4 2 11 10 6 1.6117185081436463e13 6 1
tr 7 4 2 11 10 6 9.71815426988292e10 7 2
tr 7 4 2 11 10 6 1.3655506569238194e16 8 1
ann 7 4 2 11 10 8 6.901794986969482e-29 38 0
tr 7 4 2 11 10 8 6.227094236009542e12 6 1
tr 7 4 2 11 10 8 2.382816671942423e12 7 2
tr 7 4 2 11 10 8 5.065162356317431e15 8 1
ann 7 4 2 11 10 10 3.134611800496495e-29 38 0
tr 7 4 2 11 10 10 3.0043106587938692e16 8 1
tr 7 4 2 11 10 10 4.870145699518486e15 9 2
tr 7 4 2 11 10 10 1.4706625058070368e19 10 1
ann 7 4 2 13 12 2 1.8148004676509003e-34 42 0
tr 7 4 2 13 12 2 5.507442909688454e15 8 1
tr 7 4 2 13 12 2 7.494989233301846e14 9 2
tr 7 4 2 13 12 2 8.181730529530563e17 10 1
ann 7 4 2 13 12 4 2.239005312368185e-34 42 0
tr 7 4 2 13 12 4 9.13827564274235e15 8 1
tr 7 4 2 13 12 4 4.0377046374689925e14 9 2
tr 7 4 2 13 12 4 8.367678950656411e17 10 1
ann 7 4 2 13 12 6 2.4520380359811785e-34 42 0
tr 7 4 2 13 12 6 1.134867023814594e16 8 1
tr 7 4 2 13 12 6 2.3760338828183105e13 9 2
tr 7 4 2 13 12 6 6.138831699809446e18 10 1
ann 7 4 2 13 12 8 2.324500190446965e-34 42 0
tr 7 4 2 13 12 8 9.47801030878124e15 8 1
tr 7 4 2 13 12 8 2.5796939299170097e14 9 2
tr 7 4 2 13 12 8 8.326085762612218e18 10 1
ann 7 4 2 13 12 10 1.7573919596695995e-34 42 0
tr 7 4 2 13 12 10 3.0408616407339805e15 8 1
tr 7 4 2 13 12 10 1.1927923036246168e15 9 2
tr 7 4 2 13 12 10 9.566331080681997e17 10 1
ann 7 4 2 13 12 12 7.051736037004208e-35 42 0
tr 7 4 2 13 12 12 2.177336813676041e19 10 1
tr 7 4 2 13 12 12 2.0595900689910835e18 11 2
tr 7 4 2 13 12 12 7.639532109192127e21 12 1
ann 7 4 3 7 4 3 2.149598273933548e-15 26 0
ann 7 4 3 7 4 4 6.7041863974891185e-15 26 0
tr 7 4 3 7 4 4 549190.0561983463 2 1
ann 7 4 3 7 5 1 4.786535877881707e-17 28 0
tr 7 4 3 7 5 1 798.2545454545444 2 2
tr 7 4 3 7 5 1 1.6176737500000022e7 3 1
ann 7 4 3 7 5 2 7.096022275804331e-17 28 0
tr 7 4 3 7 5 2 2850.9090909090896 2 2
tr 7 4 3 7 5 2 1.8342548636363644e7 3 1
ann 7 4 3 7 5 3 1.01821534083417e-16 28 0
tr 7 4 3 7 5 3 4105.30909090909 2 2
tr 7 4 3 7 5 3 6.738079090909097e6 3 1
ann 7 4 3 7 5 4 1.2735649835488548e-16 28 0
tr 7 4 3 7 5 4 1368.4363636363626 2 2
tr 7 4 3 7 5 4 1.1230131818181782e6 3 1
ann 7 4 3 7 5 5 1.0148412111211981e-16 28 0
tr 7 4 3 7 5 5 3421.090909090907 2 2
tr 7 4 3 7 5 5 2.8075329545454584e7 3 1
ann 7 4 3 7 6 1 2.574609764367568e-19 30 0
tr 7 4 3 7 6 1 3968.595041322323 2 1
tr 7 4 3 7 6 1 22756.427915518838 3 2
tr 7 4 3 7 6 1 3.220665682644623e8 4 1
ann 7 4 3 7 6 2 3.600849512389505e-19 30 0
tr 7 4 3 7 6 2 25399.008264462835 2 1
tr 7 4 3 7 6 2 53229.56841138663 3 2
ann 7 4 3 7 6 3 4.834155830936613e-19 30 0
tr 7 4 3 7 6 3 85721.65289256201 2 1
tr 7 4 3 7 6 3 76537.19008264459 3 2
ann 7 4 3 7 6 4 6.084059744195395e-19 30 0
tr 7 4 3 7 6 4 190492.56198347092 2 1
tr 7 4 3 7 6 4 59056.47382920113 3 2
ann 7 4 3 7 6 5 6.811332300682778e-19 30 0
tr 7 4 3 7 6 5 261927.27272727306 2 1
ann 7 4 3 7 6 6 5.8352395863688275e-19 30 0
tr 7 4 3 7 6 6 93545.45454545453 3 2
tr 7 4 3 7 6 6 5.86961556363636e8 4 1
ann 7 4 3 9 8 2 7.005647025640196e-24 34 0
tr 7 4 3 9 8 2 7.915185716855367e8 4 1
tr 7 4 3 9 8 2 9.09167013931523e8 5 2
tr 7 4 3 9 8 2 6.736647341582838e12 6 1
ann 7 4 3 9 8 4 1.1133959715724676e-23 34 0
tr 7 4 3 9 8 4 3.4826817154163675e9 4 1
tr 7 4 3 9 8 4 1.3408324604352982e9 5 2
tr 7 4 3 9 8 4 2.237142880008788e12 6 1
ann 7 4 3 9 8 6 1.4448081740095588e-23 34 0
tr 7 4 3 9 8 6 7.545810383402103e9 4 1
tr 7 4 3 9 8 6 3.2412685510522664e8 5 2
tr 7 4 3 9 8 6 1.2214800124848027e12 6 1
ann 7 4 3 9 8 8 1.3263433317439312e-23 34 0
tr 7 4 3 9 8 8 2.4009396674461246e9 5 2
tr 7 4 3 9 8 8 1.1943360122073594e13 6 1
tr 7 4 3 9 8 8 1.708537976646716e12 7 2
tr 7 4 3 9 8 8 2.6342655059955575e15 8 1
ann 7 4 3 11 10 2 4.340542505628318e-29 38 0
tr 7 4 3 11 10 2 2.1253430876619534e12 6 1
tr 7 4 3 11 10 2 1.3766272789583323e12 7 2
tr 7 4 3 11 10 2 1.5523589417215228e16 8 1
ann 7 4 3 11 10 4 6.838452157259161e-29 38 0
tr 7 4 3 11 10 4 6.907365034901355e12 6 1
tr 7 4 3 11 10 4 2.068795474818579e12 7 2
tr 7 4 3 11 10 4 8.554088632150593e15 8 1
ann 7 4 3 11 10 6 9.355658752439468e-29 38 0
tr 7 4 3 11 10 6 1.5349700077558541e13 6 1
tr 7 4 3 11 10 6 1.5462277597259998e12 7 2
tr 7 4 3 11 10 6 1.6458082986340828e14 8 1
ann 7 4 3 11 10 8 1.073921869977708e-28 38 0
tr 7 4 3 11 10 8 2.1350037380604156e13 6 1
tr 7 4 3 11 10 8 4.425230962178865e10 7 2
tr 7 4 3 11 10 8 9.491249857584374e15 8 1
ann 7 4 3 11 10 10 9.061259329084954e-29 38 0
tr 7 4 3 11 10 10 4.527351676690606e12 7 2
tr 7 4 3 11 10 10 2.6287718264446388e16 8 1
tr 7 4 3 11 10 10 2.0053541115664372e15 9 2
tr 7 4 3 11 10 10 3.8128287187589765e18 10 1
ann 7 4 3 13 12 2 1.0708629685764961e-34 42 0
tr 7 4 3 13 12 2 1.398715659603416e15 8 1
tr 7 4 3 13 12 2 5.716416391431002e14 9 2
tr 7 4 3 13 12 2 9.646771652474653e18 10 1
ann 7 4 3 13 12 4 1.6692326765803232e-34 42 0
tr 7 4 3 13 12 4 3.729908425609118e15 8 1
tr 7 4 3 13 12 4 8.391215459082885e14 9 2
tr 7 4 3 13 12 4 6.599309465750919e18 10 1
ann 7 4 3 13 12 6 2.3422547278246945e-34 42 0
tr 7 4 3 13 12 6 7.781945306157217e15 8 1
tr 7 4 3 13 12 6 8.273689413385146e14 9 2
tr 7 4 3 13 12 6 1.4893753345933092e18 10 1
ann 7 4 3 13 12 8 2.9207994053197857e-34 42 0
tr 7 4 3 13 12 8 1.263734707837498e16 8 1
tr 7 4 3 13 12 8 3.762053647795629e14 9 2
tr 7 4 3 13 12 8 6.930154618107636e17 10 1
ann 7 4 3 13 12 10 3.096355629980558e-34 42 0
tr 7 4 3 13 12 10 1.390108178621248e16 8 1
tr 7 4 3 13 12 10 1.4779496473482623e13 9 2
tr 7 4 3 13 12 10 9.495330967192494e18 10 1
ann 7 4 3 13 12 12 2.378352808499404e-34 42 0
tr 7 4 3 13 12 12 2.1595452494194952e15 9 2
tr 7 4 3 13 12 12 1.5241357695732296e19 10 1
tr 7 4 3 13 12 12 6.865300229970281e17 11 2
tr 7 4 3 13 12 12 1.6205068110407554e21 12 1
ann 7 4 4 7 4 4 3.3520931987445596e-15 26 0
ann 7 4 4 7 5 1 3.007231729345605e-17 28 0
tr 7 4 4 7 5 1 1.6043045454545312e6 3 1
tr 7 4 4 7 5 1 4.812913636363633e6 4 2
ann 7 4 4 7 5 2 4.720983285799628e-17 28 0
tr 7 4 4 7 5 2 228.0727272727268 2 2
tr 7 4 4 7 5 2 7.486754545454555e6 3 1
ann 7 4 4 7 5 3 7.512039764997545e-17 28 0
tr 7 4 4 7 5 3 1368.436363636362 2 2
tr 7 4 4 7 5 3 1.796821090909088e7 3 1
ann 7 4 4 7 5 4 1.2420165578747734e-16 28 0
tr 7 4 4 7 5 4 4105.30909090909 2 2
tr 7 4 4 7 5 4 2.695231636363639e7 3 1
ann 7 4 4 7 5 5 2.1507179448890763e-16 28 0
tr 7 4 4 7 5 5 6842.181818181809 2 2
tr 7 4 4 7 5 5 2.2460263636363614e7 3 1
ann 7 4 4 7 6 1 1.3375875579199282e-19 30 0
tr 7 4 4 7 6 1 944.9035812672122 3 2
tr 7 4 4 7 6 1 5.336014148760327e7 4 1
tr 7 4 4 7 6 1 8.873953226786873e7 5 2
ann 7 4 4 7 6 2 2.1318254187611666e-19 30 0
tr 7 4 4 7 6 2 793.7190082644385 2 1
tr 7 4 4 7 6 2 6299.357208448103 3 2
tr 7 4 4 7 6 2 1.524575471074375e8 4 1
ann 7 4 4 7 6 3 3.340761729391066e-19 30 0
tr 7 4 4 7 6 3 7143.471074380187 2 1
tr 7 4 4 7 6 3 22677.685950413197 3 2
ann 7 4 4 7 6 4 5.189723729225764e-19 30 0
tr 7 4 4 7 6 4 35717.35537190071 2 1
tr 7 4 4 7 6 4 56694.214876033046 3 2
ann 7 4 4 7 6 5 8.0362486435347515e-19 30 0
tr 7 4 4 7 6 5 130963.63636363644 2 1
tr 7 4 4 7 6 5 103939.393939394 3 2
ann 7 4 4 7 6 6 1.2438266757866594e-18 30 0
tr 7 4 4 7 6 6 392890.90909090877 2 1
tr 7 4 4 7 6 6 124727.2727272726 3 2
ann 7 4 4 9 8 2 3.1975624898627405e-24 34 0
tr 7 4 4 9 8 2 4.946991073034557e7 4 1
tr 7 4 4 9 8 2 1.4103421822760436e8 5 2
tr 7 4 4 9 8 2 3.1889454871397925e12 6 1
ann 7 4 4 9 8 4 7.31137863798022e-24 34 0
tr 7 4 4 9 8 4 5.441690180338036e8 4 1
tr 7 4 4 9 8 4 6.648756002158502e8 5 2
tr 7 4 4 9 8 4 7.516800076829531e12 6 1
ann 7 4 4 9 8 6 1.5323275645883387e-23 34 0
tr 7 4 4 9 8 6 3.301292042738418e9 4 1
tr 7 4 4 9 8 6 1.7286765605612092e9 5 2
tr 7 4 4 9 8 6 9.771840099878371e12 6 1
ann 7 4 4 9 8 8 2.9892483972214134e-23 34 0
tr 7 4 4 9 8 8 1.4148394468878963e10 4 1
tr 7 4 4 9 8 8 1.9207517339568992e9 5 2
tr 7 4 4 9 8 8 4.3430400443903823e12 6 1
ann 7 4 4 11 10 2 1.6181802438565045e-29 38 0
tr 7 4 4 11 10 2 1.6604242872358893e11 6 1
tr 7 4 4 11 10 2 2.378811938039991e11 7 2
tr 7 4 4 11 10 2 7.520077918374117e15 8 1
ann 7 4 4 11 10 4 3.493336949236063e-29 38 0
tr 7 4 4 11 10 4 1.0073240675897797e12 6 1
tr 7 4 4 11 10 4 8.017477272653331e11 7 2
tr 7 4 4 11 10 4 1.5207268679378798e16 8 1
ann 7 4 4 11 10 6 6.963900861288087e-29 38 0
tr 7 4 4 11 10 6 4.3171031468133276e12 6 1
tr 7 4 4 11 10 6 1.9089231601555574e12 7 2
tr 7 4 4 11 10 6 2.1724669541969716e16 8 1
ann 7 4 4 11 10 8 1.2984910573886658e-28 38 0
tr 7 4 4 11 10 8 1.4678150699165348e13 6 1
tr 7 4 4 11 10 8 3.1861662927687305e12 7 2
tr 7 4 4 11 10 8 2.0144693575280984e16 8 1
ann 7 4 4 11 10 10 2.2870954288369787e-28 38 0
tr 7 4 4 11 10 10 4.225528231577907e13 6 1
tr 7 4 4 11 10 10 2.587058100966058e12 7 2
tr 7 4 4 11 10 10 7.010058203852357e15 8 1
ann 7 4 4 13 12 2 3.433265725601321e-35 42 0
tr 7 4 4 13 12 2 1.2238762021529789e14 8 1
tr 7 4 4 13 12 2 1.0469191310008881e14 9 2
tr 7 4 4 13 12 2 4.724949380803913e18 10 1
ann 7 4 4 13 12 4 7.00725004609332e-35 42 0
tr 7 4 4 13 12 4 5.2451837235128156e14 8 1
tr 7 4 4 13 12 4 2.855233993638796e14 9 2
tr 7 4 4 13 12 4 8.590817056007138e18 10 1
ann 7 4 4 13 12 6 1.3374595863559952e-34 42 0
tr 7 4 4 13 12 6 1.7833624659943598e15 8 1
tr 7 4 4 13 12 6 6.177688095327575e14 9 2
tr 7 4 4 13 12 6 1.239160278381634e19 10 1
ann 7 4 4 13 12 8 2.412480359792048e-34 42 0
tr 7 4 4 13 12 8 5.133922250589832e15 8 1
tr 7 4 4 13 12 8 1.0748724707987548e15 9 2
tr 7 4 4 13 12 8 1.3860309236215308e19 10 1
ann 7 4 4 13 12 10 4.146413958965662e-34 42 0
tr 7 4 4 13 12 10 1.3032264174574206e16 8 1
tr 7 4 4 13 12 10 1.4188316614543578e15 9 2
tr 7 4 4 13 12 10 1.0672438111885767e19 10 1
ann 7 4 4 13 12 12 6.835301935691571e-34 42 0
tr 7 4 4 13 12 12 2.9974207601520616e16 8 1
tr 7 4 4 13 12 12 9.597978886308846e14 9 2
tr 7 4 4 13 12 12 3.208706883312048e18 10 1
ann 7 5 1 7 5 1 3.3006053228056125e-19 30 0
ann 7 5 1 7 5 2 1.1914218771491248e-18 30 0
tr 7 5 1 7 5 2 107564.80000000019 2 1
ann 7 5 1 7 5 3 8.577434948645512e-19 30 0
tr 7 5 1 7 5 3 286839.46666666627 2 1
ann 7 5 1 7 5 4 5.418902849071119e-19 30 0
tr 7 5 1 7 5 4 153664.00000000006 3 2
tr 7 5 1 7 5 4 7.686401333333333e8 4 1
ann 7 5 1 7 5 5 3.2703603900073063e-19 30 0
tr 7 5 1 7 5 5 1.5372802666666576e8 4 1
tr 7 5 1 7 5 5 2.934807781818181e8 5 2
ann 7 5 1 7 6 1 7.485666599014639e-21 32 0
tr 7 5 1 7 6 1 374.18181818181824 2 2
tr 7 5 1 7 6 1 3.9612457912458032e6 3 1
ann 7 5 1 7 6 2 7.237391505361309e-21 32 0
tr 7 5 1 7 6 2 898.0363636363642 2 2
tr 7 5 1 7 6 2 4.753494949494955e6 3 1
ann 7 5 1 7 6 3 5.916266218991096e-21 32 0
tr 7 5 1 7 6 3 3592.145454545456 2 2
ann 7 5 1 7 6 4 4.149490470675251e-21 32 0
tr 7 5 1 7 6 4 9.506989898989886e6 3 1
tr 7 5 1 7 6 4 2.0281578451178446e6 4 2
ann 7 5 1 7 6 5 2.616270239876619e-21 32 0
tr 7 5 1 7 6 5 5.577434074074069e6 4 2
tr 7 5 1 7 6 5 1.164825208603635e10 5 1
ann 7 5 1 7 6 6 1.4340903162758314e-21 32 0
tr 7 5 1 7 6 6 4.314167439272721e9 5 1
tr 7 5 1 7 6 6 5.418106674125869e9 6 2
ann 7 5 1 9 8 2 1.9839627046728585e-25 36 0
tr 7 5 1 9 8 2 4.824898690371262e7 3 1
tr 7 5 1 9 8 2 300215.9185119902 4 2
tr 7 5 1 9 8 2 5.648780453698481e10 5 1
ann 7 5 1 9 8 4 1.6045166507232498e-25 36 0
tr 7 5 1 9 8 4 1.4153036158422375e7 3 1
tr 7 5 1 9 8 4 2.283356500225478e7 4 2
tr 7 5 1 9 8 4 3.69860624944558e8 5 1
ann 7 5 1 9 8 6 8.720637984201972e-26 36 0
tr 7 5 1 9 8 6 1.1219105623317714e11 5 1
tr 7 5 1 9 8 6 8.083243136505e13 7 1
ann 7 5 1 9 8 8 2.2983968538649813e-26 36 0
tr 7 5 1 9 8 8 8.00625986853825e13 7 1
tr 7 5 1 9 8 8 4.905796488074909e13 8 2
tr 7 5 1 9 8 8 1.2149640828130168e17 9 1
ann 7 5 1 11 10 2 1.815662884718181e-30 40 0
tr 7 5 1 11 10 2 1.009031294247493e11 5 1
tr 7 5 1 11 10 2 1.77009800690297e8 6 2
tr 7 5 1 11 10 2 9.002091858414975e13 7 1
ann 7 5 1 11 10 4 1.6638477541319564e-30 40 0
tr 7 5 1 11 10 4 7.027182227795018e10 5 1
tr 7 5 1 11 10 4 1.2943841675478033e10 6 2
tr 7 5 1 11 10 4 4.1933958312064516e13 7 1
ann 7 5 1 11 10 6 1.1996521974714244e-30 40 0
tr 7 5 1 11 10 6 1.2492768404968876e10 5 1
tr 7 5 1 11 10 6 2.517293923150195e10 6 2
tr 7 5 1 11 10 6 3.2041356328445816e13 7 1
ann 7 5 1 11 10 8 5.9665518821270355e-31 40 0
tr 7 5 1 11 10 8 1.769231822966286e14 7 1
tr 7 5 1 11 10 8 7.709071124036133e12 8 2
tr 7 5 1 11 10 8 1.6661793802645568e17 9 1
ann 7 5 1 11 10 10 1.2496637615317836e-31 40 0
tr 7 5 1 11 10 10 2.0160597121452848e17 9 1
tr 7 5 1 11 10 10 6.855079068451502e16 10 2
tr 7 5 1 11 10 10 2.1224696036013126e20 11 1
ann 7 5 1 13 12 2 6.581728629100803e-36 44 0
tr 7 5 1 13 12 2 5.895810921431156e13 7 1
tr 7 5 1 13 12 2 3.440599277212409e11 8 2
tr 7 5 1 13 12 2 4.264187039195665e16 9 1
ann 7 5 1 13 12 4 6.360849186800217e-36 44 0
tr 7 5 1 13 12 4 5.240720819049933e13 7 1
tr 7 5 1 13 12 4 1.9072736195294517e12 8 2
tr 7 5 1 13 12 4 3.907545941372043e16 9 1
ann 7 5 1 13 12 6 5.2244423284325695e-36 44 0
tr 7 5 1 13 12 6 2.6033450821903867e13 7 1
tr 7 5 1 13 12 6 7.880496153354082e12 8 2
tr 7 5 1 13 12 6 7.724667829911516e14 9 1
ann 7 5 1 13 12 8 3.43192055176825e-36 44 0
tr 7 5 1 13 12 8 3.623703777407866e12 7 1
tr 7 5 1 13 12 8 7.19411779338325e12 8 2
tr 7 5 1 13 12 8 4.650732825346131e16 9 1
ann 7 5 1 13 12 10 1.5447099022981227e-36 44 0
tr 7 5 1 13 12 10 8.005008899905416e16 9 1
tr 7 5 1 13 12 10 7.742270709330026e15 10 2
tr 7 5 1 13 12 10 7.709822092807368e19 11 1
ann 7 5 1 13 12 12 2.745742645380159e-37 44 0
tr 7 5 1 13 12 12 1.3760740666527402e20 11 1
tr 7 5 1 13 12 12 2.849857534487927e19 12 2
tr 7 5 1 13 12 12 1.0934884676700125e23 13 1
ann 7 5 2 7 5 2 3.5120992143966063e-19 30 0
ann 7 5 2 7 5 3 1.272922216194093e-18 30 0
tr 7 5 2 7 5 3 256106.6666666664 2 1
ann 7 5 2 7 5 4 8.787193822910101e-19 30 0
tr 7 5 2 7 5 4 184396.80000000028 2 1
ann 7 5 2 7 5 5 5.530322888268956e-19 30 0
tr 7 5 2 7 5 5 54879.999999999935 3 2
tr 7 5 2 7 5 5 5.380480933333328e8 4 1
ann 7 5 2 7 6 1 6.525896267766654e-21 32 0
tr 7 5 2 7 6 1 2886.545454545454 2 2
tr 7 5 2 7 6 1 1.6976767676767632e6 3 1
ann 7 5 2 7 6 2 7.790091515273597e-21 32 0
tr 7 5 2 7 6 2 1368.436363636363 2 2
tr 7 5 2 7 6 2 905427.6094276112 3 1
ann 7 5 2 7 6 3 7.917401783167186e-21 32 0
tr 7 5 2 7 6 3 128.2909090909091 2 2
tr 7 5 2 7 6 3 6.1116363636363875e6 3 1
ann 7 5 2 7 6 4 6.581720700231046e-21 32 0
tr 7 5 2 7 6 4 3848.727272727269 2 2
tr 7 5 2 7 6 4 2.0372121212121241e6 3 1
ann 7 5 2 7 6 5 4.480854812276552e-21 32 0
tr 7 5 2 7 6 5 7.46977777777777e6 3 1
tr 7 5 2 7 6 5 6.374210370370368e6 4 2
ann 7 5 2 7 6 6 2.6956810721090547e-21 32 0
tr 7 5 2 7 6 6 2.3903288888888853e6 4 2
tr 7 5 2 7 6 6 1.207966882996365e10 5 1
ann 7 5 2 9 8 2 1.9423296559423073e-25 36 0
tr 7 5 2 9 8 2 3.676113287901918e7 3 1
tr 7 5 2 9 8 2 1.3724156274833804e7 4 2
tr 7 5 2 9 8 2 1.6811846588388124e9 5 1
ann 7 5 2 9 8 4 2.0919291922694566e-25 36 0
tr 7 5 2 9 8 4 4.852469540030543e7 3 1
tr 7 5 2 9 8 4 1.5096571902317186e6 4 2
tr 7 5 2 9 8 4 6.2136584990683075e10 5 1
ann 7 5 2 9 8 6 1.5064027467872035e-25 36 0
tr 7 5 2 9 8 6 2.9438315209518526e7 4 2
tr 7 5 2 9 8 6 1.6027293747596688e9 5 1
tr 7 5 2 9 8 6 3.2937495356842266e10 6 2
tr 7 5 2 9 8 6 4.618996078002852e13 7 1
ann 7 5 2 9 8 8 5.445119883726043e-26 36 0
tr 7 5 2 9 8 8 3.2205551015579018e10 6 2
tr 7 5 2 9 8 8 1.6012519737076525e14 7 1
tr 7 5 2 9 8 8 4.578743388869914e13 8 2
tr 7 5 2 9 8 8 7.087290483075933e16 9 1
ann 7 5 2 11 10 2 1.695856934446923e-30 40 0
tr 7 5 2 11 10 2 6.919071731982779e10 5 1
tr 7 5 2 11 10 2 1.6992940866268534e10 6 2
ann 7 5 2 11 10 4 1.930379877626002e-30 40 0
tr 7 5 2 11 10 4 1.0708087204259035e11 5 1
tr 7 5 2 11 10 4 8.218312174906663e8 6 2
tr 7 5 2 11 10 4 7.944238638083792e13 7 1
ann 7 5 2 11 10 6 1.7692718421645278e-30 40 0
tr 7 5 2 11 10 6 7.138724802839366e10 5 1
tr 7 5 2 11 10 6 1.4025919445174015e10 6 2
tr 7 5 2 11 10 6 6.797658021444076e13 7 1
ann 7 5 2 11 10 8 1.1718199478767315e-30 40 0
tr 7 5 2 11 10 8 2.7434220278415623e10 6 2
tr 7 5 2 11 10 8 4.513346487158882e13 7 1
tr 7 5 2 11 10 8 3.997704025750167e13 8 2
tr 7 5 2 11 10 8 1.45638988493468e16 9 1
ann 7 5 2 11 10 10 3.609496660270545e-31 40 0
tr 7 5 2 11 10 10 5.231155405595931e13 8 2
tr 7 5 2 11 10 10 3.1360928855593344e17 9 1
tr 7 5 2 11 10 10 5.051110892543205e16 10 2
tr 7 5 2 11 10 10 9.904858150139444e19 11 1
ann 7 5 2 13 12 2 5.905738881517527e-36 44 0
tr 7 5 2 13 12 2 3.85032549971014e13 7 1
tr 7 5 2 13 12 2 6.291381535474116e12 8 2
ann 7 5 2 13 12 4 6.884761085689985e-36 44 0
tr 7 5 2 13 12 4 5.989395221771342e13 7 1
tr 7 5 2 13 12 4 1.4679890249439531e12 8 2
tr 7 5 2 13 12 4 2.658194517940165e16 9 1
ann 7 5 2 13 12 6 6.917450203728077e-36 44 0
tr 7 5 2 13 12 6 5.9505030450065914e13 7 1
tr 7 5 2 13 12 6 8.102536825989362e11 8 2
tr 7 5 2 13 12 6 5.424647983555373e16 9 1
ann 7 5 2 13 12 8 5.74776574372172e-36 44 0
tr 7 5 2 13 12 8 2.8989630219262906e13 7 1
tr 7 5 2 13 12 8 8.289518445050659e12 8 2
tr 7 5 2 13 12 8 1.0273808213782396e16 9 1
ann 7 5 2 13 12 10 3.489917658273216e-36 44 0
tr 7 5 2 13 12 10 7.815831676762038e12 8 2
tr 7 5 2 13 12 10 5.1460771499392e16 9 1
tr 7 5 2 13 12 10 1.1353268678789638e16 10 2
tr 7 5 2 13 12 10 3.26341675886022e17 11 1
ann 7 5 2 13 12 12 9.345724743680652e-37 44 0
tr 7 5 2 13 12 12 2.3848958881418356e16 10 2
tr 7 5 2 13 12 12 1.7513669939216715e20 11 1
tr 7 5 2 13 12 12 1.7346958905578676e19 12 2
tr 7 5 2 13 12 12 4.2524551520500465e22 13 1
ann 7 5 3 7 5 3 3.9839068380394973e-19 30 0
ann 7 5 3 7 5 4 1.4316358323894921e-18 30 0
tr 7 5 3 7 5 4 376476.7999999998 2 1
ann 7 5 3 7 5 5 9.523975359008034e-19 30 0
tr 7 5 3 7 5 5 76831.99999999972 2 1
tr 7 5 3 7 5 5 219519.9999999998 3 2
ann 7 5 3 7 6 1 4.5989865539183e-21 32 0
tr 7 5 3 7 6 1 855.2727272727271 2 2
tr 7 5 3 7 6 1 7.243420875420868e6 3 1
ann 7 5 3 7 6 2 6.5188815161667276e-21 32 0
tr 7 5 3 7 6 2 2587.1999999999994 2 2
tr 7 5 3 7 6 2 5.545744107744116e6 3 1
ann 7 5 3 7 6 3 8.391493185862076e-21 32 0
tr 7 5 3 7 6 3 2597.890909090908 2 2
tr 7 5 3 7 6 3 339535.3535353501 3 1
ann 7 5 3 7 6 4 9.163130257758033e-21 32 0
tr 7 5 3 7 6 4 160.36363636363646 2 2
tr 7 5 3 7 6 4 3.3953535353535437e6 3 1
ann 7 5 3 7 6 5 7.689410340617684e-21 32 0
tr 7 5 3 7 6 5 3528.0000000000005 2 2
tr 7 5 3 7 6 5 7.469777777777778e6 3 1
ann 7 5 3 7 6 6 5.060123823998221e-21 32 0
tr 7 5 3 7 6 6 3.734888888888875e6 3 1
tr 7 5 3 7 6 6 7.1709866666666595e6 4 2
ann 7 5 3 9 8 2 1.5404586631113756e-25 36 0
tr 7 5 3 9 8 2 1.0339068622224119e7 3 1
tr 7 5 3 9 8 2 1.8591942953563936e7 4 2
tr 7 5 3 9 8 2 5.6824041468752235e10 5 1
ann 7 5 3 9 8 4 2.2385195249184275e-25 36 0
tr 7 5 3 9 8 4 4.549190193778636e7 3 1
tr 7 5 3 9 8 4 1.3869975435253944e7 4 2
ann 7 5 3 9 8 6 2.3139097326500607e-25 36 0
tr 7 5 3 9 8 6 4.59973675148727e7 3 1
tr 7 5 3 9 8 6 5.519684101784737e6 4 2
tr 7 5 3 9 8 6 7.693100998846474e10 5 1
ann 7 5 3 9 8 8 1.23406812043671e-25 36 0
tr 7 5 3 9 8 8 8.013646873798363e10 5 1
tr 7 5 3 9 8 8 6.441110203115802e10 6 2
tr 7 5 3 9 8 8 1.4780787449609097e14 7 1
ann 7 5 3 11 10 2 1.2790289575519637e-30 40 0
tr 7 5 3 11 10 2 2.162209916244619e10 5 1
tr 7 5 3 11 10 2 2.00653252639644e10 6 2
tr 7 5 3 11 10 2 9.920434025130958e13 7 1
ann 7 5 3 11 10 4 1.8370807286988447e-30 40 0
tr 7 5 3 11 10 4 7.027182227795016e10 5 1
tr 7 5 3 11 10 4 2.083342136338835e10 6 2
tr 7 5 3 11 10 4 7.667923805634628e12 7 1
ann 7 5 3 11 10 6 2.181690214836966e-30 40 0
tr 7 5 3 11 10 6 1.2046598104791444e11 5 1
tr 7 5 3 11 10 6 2.4654936524719825e9 6 2
tr 7 5 3 11 10 6 5.715498675176544e13 7 1
ann 7 5 3 11 10 8 1.9798212425543475e-30 40 0
tr 7 5 3 11 10 8 6.8264055927151505e10 5 1
tr 7 5 3 11 10 8 1.867051102281064e10 6 2
tr 7 5 3 11 10 8 1.111440504171135e14 7 1
ann 7 5 3 11 10 10 9.730454196189914e-31 40 0
tr 7 5 3 11 10 10 2.0009169426404416e14 7 1
tr 7 5 3 11 10 10 7.846733108393889e13 8 2
tr 7 5 3 11 10 10 2.21371262510071e17 9 1
ann 7 5 3 13 12 2 4.194598763948571e-36 44 0
tr 7 5 3 13 12 2 1.2633880545923918e13 7 1
tr 7 5 3 13 12 2 6.889390457465774e12 8 2
tr 7 5 3 13 12 2 5.26322514552149e16 9 1
ann 7 5 3 13 12 4 6.007908715190649e-36 44 0
tr 7 5 3 13 12 4 3.369034812246384e13 7 1
tr 7 5 3 13 12 4 7.88607199411856e12 8 2
tr 7 5 3 13 12 4 1.1939723709747786e16 9 1
ann 7 5 3 13 12 6 7.50021091586978e-36 44 0
tr 7 5 3 13 12 6 6.136456265163055e13 7 1
tr 7 5 3 13 12 6 3.691718341341414e12 8 2
tr 7 5 3 13 12 6 6.276292611803168e15 9 1
ann 7 5 3 13 12 8 7.955476840506078e-36 44 0
tr 7 5 3 13 12 8 7.066222365945344e13 7 1
tr 7 5 3 13 12 8 7.401355754509554e10 8 2
tr 7 5 3 13 12 8 5.779017120252592e16 9 1
ann 7 5 3 13 12 10 6.610205494666466e-36 44 0
tr 7 5 3 13 12 10 2.9895556163614914e13 7 1
tr 7 5 3 13 12 10 9.851204509252178e12 8 2
tr 7 5 3 13 12 10 3.632525047015914e16 9 1
ann 7 5 3 13 12 12 2.9297533349186133e-36 44 0
tr 7 5 3 13 12 12 1.3151086049844589e17 9 1
tr 7 5 3 13 12 12 2.8618750657702028e16 10 2
tr 7 5 3 13 12 12 1.0007811393838114e20 11 1
ann 7 5 4 7 5 4 5.161352926577918e-19 30 0
ann 7 5 4 7 5 5 1.751128030048617e-18 30 0
tr 7 5 4 7 5 5 345744.00000000035 2 1
ann 7 5 4 7 6 1 2.7826109812750554e-21 32 0
tr 7 5 4 7 6 1 1.3581414141414133e6 3 1
tr 7 5 4 7 6 1 4.635789360269364e6 4 2
ann 7 5 4 7 6 2 4.3027249406406204e-21 32 0
tr 7 5 4 7 6 2 384.87272727272705 2 2
tr 7 5 4 7 6 2 5.093030303030299e6 3 1
ann 7 5 4 7 6 3 6.564453503224522e-21 32 0
tr 7 5 4 7 6 3 1806.763636363637 2 2
tr 7 5 4 7 6 3 8.148848484848485e6 3 1
ann 7 5 4 7 6 4 9.5177346492403e-21 32 0
tr 7 5 4 7 6 4 3421.0909090909113 2 2
tr 7 5 4 7 6 4 5.093030303030299e6 3 1
ann 7 5 4 7 6 5 1.2015839932719973e-20 32 0
tr 7 5 4 7 6 5 1764.0000000000014 2 2
ann 7 5 4 7 6 6 9.96557183759677e-21 32 0
tr 7 5 4 7 6 6 2352.000000000001 2 2
tr 7 5 4 7 6 6 1.120466666666666e7 3 1
ann 7 5 4 9 8 2 9.542827404936337e-26 36 0
tr 7 5 4 9 8 2 919028.3219754846 3 1
tr 7 5 4 9 8 2 4.832046688431072e6 4 2
tr 7 5 4 9 8 2 5.766463379817145e10 5 1
ann 7 5 4 9 8 4 1.8499720450912625e-25 36 0
tr 7 5 4 9 8 4 1.347908205564038e7 3 1
tr 7 5 4 9 8 4 2.0128762536422934e7 4 2
tr 7 5 4 9 8 4 7.458855936381575e10 5 1
ann 7 5 4 9 8 6 2.9092160430050533e-25 36 0
tr 7 5 4 9 8 6 6.132982335316367e7 3 1
tr 7 5 4 9 8 6 1.717235053888582e7 4 2
tr 7 5 4 9 8 6 1.6027293747596688e9 5 1
ann 7 5 4 9 8 8 2.7422446586076083e-25 36 0
tr 7 5 4 9 8 8 3.2709239121687245e7 4 2
tr 7 5 4 9 8 8 1.4424564372837088e11 5 1
tr 7 5 4 9 8 8 5.269999257094764e10 6 2
tr 7 5 4 9 8 8 7.390393724804556e13 7 1
ann 7 5 4 11 10 2 7.183760185095068e-31 40 0
tr 7 5 4 11 10 2 2.7456633857074537e9 5 1
tr 7 5 4 11 10 2 6.089980047559016e9 6 2
tr 7 5 4 11 10 2 1.0203949056466072e14 7 1
ann 7 5 4 11 10 4 1.3337459101776534e-30 40 0
tr 7 5 4 11 10 4 1.8739152607453407e10 5 1
tr 7 5 4 11 10 4 1.8409019271790848e10 6 2
tr 7 5 4 11 10 4 1.3633778196210005e14 7 1
ann 7 5 4 11 10 6 2.1285945233864468e-30 40 0
tr 7 5 4 11 10 6 7.138724802839366e10 5 1
tr 7 5 4 11 10 6 2.6846486438028378e10 6 2
tr 7 5 4 11 10 6 5.503832028458485e13 7 1
ann 7 5 4 11 10 8 2.7885001016618658e-30 40 0
tr 7 5 4 11 10 8 1.516979020603368e11 5 1
tr 7 5 4 11 10 8 7.451269705248729e9 6 2
tr 7 5 4 11 10 8 1.6872972251994156e13 7 1
ann 7 5 4 11 10 10 2.4661509648248805e-30 40 0
tr 7 5 4 11 10 10 4.8263906045360855e10 6 2
tr 7 5 4 11 10 10 2.5726074976805712e14 7 1
tr 7 5 4 11 10 10 4.7080398650363414e13 8 2
tr 7 5 4 11 10 10 8.30142234412764e16 9 1
ann 7 5 4 13 12 2 2.135968448655427e-36 44 0
tr 7 5 4 13 12 2 1.8716860068035332e12 7 1
tr 7 5 4 13 12 2 2.247858194445431e12 8 2
tr 7 5 4 13 12 2 5.405364713494676e16 9 1
ann 7 5 4 13 12 4 3.857678848826076e-36 44 0
tr 7 5 4 13 12 4 8.556278888244762e12 7 1
tr 7 5 4 13 12 4 5.592339142643641e12 8 2
tr 7 5 4 13 12 4 7.16112680550636e16 9 1
ann 7 5 4 13 12 6 6.198157394252114e-36 44 0
tr 7 5 4 13 12 6 2.727313895628021e13 7 1
tr 7 5 4 13 12 6 8.987063762826537e12 8 2
tr 7 5 4 13 12 6 4.9499027731754e16 9 1
ann 7 5 4 13 12 8 8.73898121871174e-36 44 0
tr 7 5 4 13 12 8 6.281086547506967e13 7 1
tr 7 5 4 13 12 8 7.697409984689884e12 8 2
tr 7 5 4 13 12 8 4.586521524010004e15 9 1
ann 7 5 4 13 12 10 1.0301434400117287e-35 44 0
tr 7 5 4 13 12 10 9.30083969534686e13 7 1
tr 7 5 4 13 12 10 5.427660886640355e11 8 2
tr 7 5 4 13 12 10 3.2961801352551784e16 9 1
ann 7 5 4 13 12 12 8.453771784489433e-36 44 0
tr 7 5 4 13 12 12 1.9973792062836344e13 8 2
tr 7 5 4 13 12 12 1.3151086049844616e17 9 1
tr 7 5 4 13 12 12 1.3556250311543064e16 10 2
tr 7 5 4 13 12 12 3.002343418151433e19 11 1
ann 7 5 5 7 5 5 8.755640150243097e-19 30 0
ann 7 5 5 7 6 1 1.4010454693401924e-21 32 0
tr 7 5 5 7 6 1 362171.04377104255 4 2
tr 7 5 5 7 6 1 4.1180689193058004e9 5 1
ann 7 5 5 7 6 2 2.3754100925333693e-21 32 0
tr 7 5 5 7 6 2 339535.3535353501 3 1
tr 7 5 5 7 6 2 1.8108552188552152e6 4 2
ann 7 5 5 7 6 3 3.993402687222246e-21 32 0
tr 7 5 5 7 6 3 106.90909090909074 2 2
tr 7 5 5 7 6 3 2.0372121212121213e6 3 1
ann 7 5 5 7 6 4 6.792010739516327e-21 32 0
tr 7 5 5 7 6 4 801.8181818181814 2 2
tr 7 5 5 7 6 4 6.111636363636351e6 3 1
ann 7 5 5 7 6 5 1.1847259860700943e-20 32 0
tr 7 5 5 7 6 5 2940.000000000001 2 2
tr 7 5 5 7 6 5 1.120466666666666e7 3 1
ann 7 5 5 7 6 6 2.1255699976221957e-20 32 0
tr 7 5 5 7 6 6 5879.999999999995 2 2
tr 7 5 5 7 6 6 1.1204666666666638e7 3 1
ann 7 5 5 9 8 2 3.969565293339926e-26 36 0
tr 7 5 5 9 8 2 15317.138699589927 3 1
tr 7 5 5 9 8 2 250179.93209332466 4 2
tr 7 5 5 9 8 2 7.845528407914457e9 5 1
tr 7 5 5 9 8 2 1.5478319496362202e10 6 2
ann 7 5 5 9 8 4 1.0514658699118594e-25 36 0
tr 7 5 5 9 8 4 1.0109311541730169e6 3 1
tr 7 5 5 9 8 4 3.931398932895101e6 4 2
tr 7 5 5 9 8 4 4.6232578118067474e10 5 1
ann 7 5 5 9 8 6 2.59979791333294e-25 36 0
tr 7 5 5 9 8 6 1.5332455838290896e7 3 1
tr 7 5 5 9 8 6 2.1465438173607282e7 4 2
tr 7 5 5 9 8 6 1.1219105623317714e11 5 1
ann 7 5 5 9 8 8 6.127200310922972e-25 36 0
tr 7 5 5 9 8 8 1.2265964670632745e8 3 1
tr 7 5 5 9 8 8 4.088654890210912e7 4 2
tr 7 5 5 9 8 8 8.013646873798363e10 5 1
ann 7 5 5 11 10 2 2.3950561481186005e-31 40 0
tr 7 5 5 11 10 2 1.0296237696402727e8 5 1
tr 7 5 5 11 10 2 4.741333947061502e8 6 2
tr 7 5 5 11 10 2 1.7496483292980148e13 7 1
tr 7 5 5 11 10 2 1.889671020575178e13 8 2
ann 7 5 5 11 10 4 5.9671680935123365e-31 40 0
tr 7 5 5 11 10 4 1.5615960506211078e9 5 1
tr 7 5 5 11 10 4 3.3558108047535505e9 6 2
tr 7 5 5 11 10 4 6.604598434150152e13 7 1
ann 7 5 5 11 10 6 1.367601261659246e-30 40 0
tr 7 5 5 11 10 6 1.2492768404968872e10 5 1
tr 7 5 5 11 10 6 1.3697186958177752e10 6 2
tr 7 5 5 11 10 6 1.516361885391618e14 7 1
ann 7 5 5 11 10 8 2.923373041768074e-30 40 0
tr 7 5 5 11 10 8 6.826405592715153e10 5 1
tr 7 5 5 11 10 8 3.4927826743353264e10 6 2
tr 7 5 5 11 10 8 2.0622521641326e14 7 1
ann 7 5 5 11 10 10 5.8897497237909164e-30 40 0
tr 7 5 5 11 10 10 2.882260139146397e11 5 1
tr 7 5 5 11 10 10 4.021992170446737e10 6 2
tr 7 5 5 11 10 10 9.894644221848339e13 7 1
ann 7 5 5 13 12 2 6.050815493840741e-37 44 0
tr 7 5 5 13 12 2 9.358430034017589e10 7 1
tr 7 5 5 13 12 2 2.1025884471853387e11 8 2
tr 7 5 5 13 12 2 1.0423568318033822e16 9 1
tr 7 5 5 13 12 2 7.119549489832055e15 10 2
tr 7 5 5 13 12 2 8.822751166838338e19 11 1
ann 7 5 5 13 12 4 1.4167374146436973e-36 44 0
tr 7 5 5 13 12 4 7.486744027214152e11 7 1
tr 7 5 5 13 12 4 9.830283649178282e11 8 2
tr 7 5 5 13 12 4 3.0458478851397564e16 9 1
ann 7 5 5 13 12 6 3.076544161975882e-36 44 0
tr 7 5 5 13 12 6 4.090970843442031e12 7 1
tr 7 5 5 13 12 6 3.2494548729228228e12 8 2
tr 7 5 5 13 12 6 6.4436604147845496e16 9 1
ann 7 5 5 13 12 8 6.265498519716993e-36 44 0
tr 7 5 5 13 12 8 1.7272988005644174e13 7 1
tr 7 5 5 13 12 8 8.01813540071866e12 8 2
tr 7 5 5 13 12 8 9.937463302021634e16 9 1
ann 7 5 5 13 12 10 1.207161138500877e-35 44 0
tr 7 5 5 13 12 10 6.045545801975458e13 7 1
tr 7 5 5 13 12 10 1.4247609827430838e13 8 2
tr 7 5 5 13 12 10 1.0090347352821957e17 9 1
ann 7 5 5 13 12 12 2.215821749848971e-35 44 0
tr 7 5 5 13 12 12 1.8335941113683803e14 7 1
tr 7 5 5 13 12 12 1.2483620039272703e13 8 2
tr 7 5 5 13 12 12 3.867966485248399e16 9 1
ann 7 6 1 7 6 1 1.1306143785157145e-23 34 0
ann 7 6 1 7 6 2 4.177981207515856e-23 34 0
tr 7 6 1 7 6 2 45718.21487603295 2 1
ann 7 6 1 7 6 3 3.2104842530212816e-23 34 0
tr 7 6 1 7 6 3 182872.85950413204 2 1
ann 7 6 1 7 6 4 2.1012431367510236e-23 34 0
tr 7 6 1 7 6 4 163279.33884297503 3 2
tr 7 6 1 7 6 4 2.0418421487603304e8 4 1
ann 7 6 1 7 6 5 1.2263304844409813e-23 34 0
tr 7 6 1 7 6 5 8.984105454545484e7 4 1
tr 7 6 1 7 6 5 1.7151474049586767e8 5 2
ann 7 6 1 7 6 6 5.865969466345895e-24 34 0
tr 7 6 1 7 6 6 2.28686320661157e7 5 2
tr 7 6 1 7 6 6 9.385912066793808e10 6 1
ann 7 6 1 9 8 2 1.3489877260164743e-27 38 0
tr 7 6 1 9 8 2 283938.789085215 2 1
tr 7 6 1 9 8 2 31689.596996117776 3 2
tr 7 6 1 9 8 2 3.517439967279288e8 4 1
ann 7 6 1 9 8 4 9.655931735911462e-28 38 0
tr 7 6 1 9 8 4 232390.3779715301 3 2
tr 7 6 1 9 8 4 1.709823473400318e8 4 1
tr 7 6 1 9 8 4 2.8434882490972614e8 5 2
ann 7 6 1 9 8 6 4.401744245447734e-28 38 0
tr 7 6 1 9 8 6 6.336916669416746e8 5 2
tr 7 6 1 9 8 6 3.1505746015453424e11 6 1
tr 7 6 1 9 8 6 7.358656631650966e10 7 2
ann 7 6 1 9 8 8 9.631859464106588e-29 38 0
tr 7 6 1 9 8 8 1.687807822256426e11 7 2
tr 7 6 1 9 8 8 8.247647191940614e14 8 1
tr 7 6 1 9 8 8 3.425483080034891e14 9 2
tr 7 6 1 9 8 8 5.27004473478799e17 10 1
ann 7 6 1 11 10 2 1.492456455410535e-32 42 0
tr 7 6 1 11 10 2 3.482766300994938e8 4 1
tr 7 6 1 11 10 2 1.108152913952926e6 5 2
tr 7 6 1 11 10 2 4.1852080344443353e11 6 1
ann 7 6 1 11 10 4 1.2751089393031887e-32 42 0
tr 7 6 1 11 10 4 1.616998639747647e8 4 1
tr 7 6 1 11 10 4 1.304256402832816e8 5 2
tr 7 6 1 11 10 4 2.498312959336668e10 6 1
ann 7 6 1 11 10 6 8.117030594140617e-33 42 0
tr 7 6 1 11 10 6 8.574992786540522e7 5 2
tr 7 6 1 11 10 6 5.686395826638326e11 6 1
tr 7 6 1 11 10 6 2.829187003330456e10 7 2
tr 7 6 1 11 10 6 5.2600448728829794e14 8 1
ann 7 6 1 11 10 8 3.432722096789345e-33 42 0
tr 7 6 1 11 10 8 4.9641802958247906e11 7 2
tr 7 6 1 11 10 8 3.4003368395096773e13 8 1
tr 7 6 1 11 10 8 2.2327909022713222e14 9 2
tr 7 6 1 11 10 8 6.264907716802979e17 10 1
ann 7 6 1 11 10 10 5.856239431258793e-34 42 0
tr 7 6 1 11 10 10 2.3273416590421734e14 9 2
tr 7 6 1 11 10 10 1.4250987307913439e18 10 1
tr 7 6 1 11 10 10 3.494897174865592e17 11 2
tr 7 6 1 11 10 10 7.012422234083875e20 12 1
ann 7 6 1 13 12 2 6.592060012164187e-38 46 0
tr 7 6 1 13 12 2 1.7095462314175336e11 6 1
tr 7 6 1 13 12 2 1.7716917257994062e8 7 2
tr 7 6 1 13 12 2 1.6703581074788628e14 8 1
ann 7 6 1 13 12 4 6.092815523624449e-38 46 0
tr 7 6 1 13 12 4 1.266330541790771e11 6 1
tr 7 6 1 13 12 4 1.905552878415379e10 7 2
tr 7 6 1 13 12 4 7.67203100055099e13 8 1
ann 7 6 1 13 12 6 4.6200628832458294e-38 46 0
tr 7 6 1 13 12 6 3.7743228485841675e10 6 1
tr 7 6 1 13 12 6 4.138395763666034e10 7 2
tr 7 6 1 13 12 6 3.3763632472532684e13 8 1
ann 7 6 1 13 12 8 2.69442956938507e-38 46 0
tr 7 6 1 13 12 8 1.333931066277886e10 7 2
tr 7 6 1 13 12 8 2.941673804817141e14 8 1
tr 7 6 1 13 12 8 2.4933898366251826e12 9 2
tr 7 6 1 13 12 8 3.010769322649761e17 10 1
ann 7 6 1 13 12 10 1.032383633646764e-38 46 0
tr 7 6 1 13 12 10 1.3321825698540306e14 9 2
tr 7 6 1 13 12 10 1.1328666638469782e16 10 1
tr 7 6 1 13 12 10 9.764912589267432e16 11 2
tr 7 6 1 13 12 10 1.4689957684095612e20 12 1
ann 7 6 1 13 12 12 1.459886928857578e-39 46 0
tr 7 6 1 13 12 12 1.0041318156825424e17 11 2
tr 7 6 1 13 12 12 7.616918134439935e20 12 1
tr 7 6 1 13 12 12 1.1898617677468287e20 13 2
tr 7 6 1 13 12 12 3.0116060444551728e23 14 1
ann 7 6 2 7 6 2 1.1788041866527882e-23 34 0
ann 7 6 2 7 6 3 4.3802448557614397e-23 34 0
tr 7 6 2 7 6 3 114295.537190083 2 1
ann 7 6 2 7 6 4 3.283074667859298e-23 34 0
tr 7 6 2 7 6 4 137154.64462809887 2 1
ann 7 6 2 7 6 5 2.0324024273824746e-23 34 0
tr 7 6 2 7 6 5 89803.63636363624 3 2
tr 7 6 2 7 6 5 2.2011058363636342e8 4 1
ann 7 6 2 7 6 6 1.0696785382652144e-23 34 0
tr 7 6 2 7 6 6 2.695231636363621e7 4 1
tr 7 6 2 7 6 6 9.147452826446265e7 5 2
ann 7 6 2 9 8 2 1.3788948304876772e-27 38 0
tr 7 6 2 9 8 2 266192.6147673891 2 1
tr 7 6 2 9 8 2 105631.98998705905 3 2
tr 7 6 2 9 8 2 7.505458883237806e7 4 1
ann 7 6 2 9 8 4 1.3256745835712613e-27 38 0
tr 7 6 2 9 8 4 195207.9174960854 2 1
tr 7 6 2 9 8 4 139434.22678291806 3 2
tr 7 6 2 9 8 4 2.6751409543829134e8 4 1
ann 7 6 2 9 8 6 7.6373615495106165e-28 38 0
tr 7 6 2 9 8 6 7.468508931812572e8 4 1
tr 7 6 2 9 8 6 1.5842291673541865e8 5 2
tr 7 6 2 9 8 6 1.432079364338793e11 6 1
ann 7 6 2 9 8 8 2.1193496464111923e-28 38 0
tr 7 6 2 9 8 8 3.1505746015453326e11 6 1
tr 7 6 2 9 8 8 4.8223080635897943e11 7 2
tr 7 6 2 9 8 8 1.0996862922587482e15 8 1
ann 7 6 2 11 10 2 1.4472496174474673e-32 42 0
tr 7 6 2 11 10 2 2.720911172652291e8 4 1
tr 7 6 2 11 10 2 8.311146854646985e7 5 2
tr 7 6 2 11 10 2 3.587321172380817e10 6 1
ann 7 6 2 11 10 4 1.5491894305998733e-32 42 0
tr 7 6 2 11 10 4 3.5371845244479656e8 4 1
tr 7 6 2 11 10 4 5.144995671924371e6 5 2
tr 7 6 2 11 10 4 4.441445261042933e11 6 1
ann 7 6 2 11 10 6 1.245810330927945e-32 42 0
tr 7 6 2 11 10 6 1.0106241498422751e8 4 1
tr 7 6 2 11 10 6 1.6806985861619443e8 5 2
tr 7 6 2 11 10 6 7.402408768404956e9 6 1
ann 7 6 2 11 10 8 6.695522975060768e-33 42 0
tr 7 6 2 11 10 8 9.266469885539589e11 6 1
tr 7 6 2 11 10 8 3.545843068446251e9 7 2
tr 7 6 2 11 10 8 6.375631574080659e14 8 1
ann 7 6 2 11 10 10 1.5513149043124164e-33 42 0
tr 7 6 2 11 10 10 6.460639995068376e14 8 1
tr 7 6 2 11 10 10 5.171870353427061e14 9 2
tr 7 6 2 11 10 10 1.5001039271487834e18 10 1
ann 7 6 2 13 12 2 6.174721257840037e-38 46 0
tr 7 6 2 13 12 2 1.246544127075286e11 6 1
tr 7 6 2 13 12 2 2.480368416119204e10 7 2
tr 7 6 2 13 12 2 6.69780484175083e12 8 1
ann 7 6 2 13 12 4 6.873270483527996e-38 46 0
tr 7 6 2 13 12 4 1.7807773243932687e11 6 1
tr 7 6 2 13 12 4 7.874185447997468e8 7 2
tr 7 6 2 13 12 4 1.5628211297418684e14 8 1
ann 7 6 2 13 12 6 6.35825443623665e-38 46 0
tr 7 6 2 13 12 6 1.2974234792008105e11 6 1
tr 7 6 2 13 12 6 1.9557635934149464e10 7 2
tr 7 6 2 13 12 6 1.1079567403205992e14 8 1
ann 7 6 2 13 12 8 4.625958765106979e-38 46 0
tr 7 6 2 13 12 8 2.49000465705206e10 6 1
tr 7 6 2 13 12 8 4.611590257703558e10 7 2
tr 7 6 2 13 12 8 3.5300085657805695e13 8 1
ann 7 6 2 13 12 10 2.2955646742871104e-38 46 0
tr 7 6 2 13 12 10 3.6981042117701106e14 8 1
tr 7 6 2 13 12 10 6.660912849270151e12 9 2
tr 7 6 2 13 12 10 3.7396524819201146e17 10 1
ann 7 6 2 13 12 12 4.537145971653487e-39 46 0
tr 7 6 2 13 12 12 3.908389990272043e17 10 1
tr 7 6 2 13 12 12 1.8256942103318954e17 11 2
tr 7 6 2 13 12 12 6.62340707342603e20 12 1
ann 7 6 3 7 6 3 1.2751605649343314e-23 34 0
ann 7 6 3 7 6 4 4.746229600940006e-23 34 0
tr 7 6 3 7 6 4 186682.71074380173 2 1
ann 7 6 3 7 6 5 3.371429659014214e-23 34 0
tr 7 6 3 7 6 5 83816.72727272722 2 1
ann 7 6 3 7 6 6 1.9273438253383275e-23 34 0
tr 7 6 3 7 6 6 29934.545454545445 3 2
tr 7 6 3 7 6 6 1.2128542363636392e8 4 1
ann 7 6 3 9 8 2 1.167309354983637e-27 38 0
tr 7 6 3 9 8 2 78871.88585700419 2 1
tr 7 6 3 9 8 2 220066.6458063732 3 2
tr 7 6 3 9 8 2 2.73593961243707e8 4 1
ann 7 6 3 9 8 4 1.546530273402255e-27 38 0
tr 7 6 3 9 8 4 347036.29777081986 2 1
tr 7 6 3 9 8 4 38731.7296619217 3 2
tr 7 6 3 9 8 4 1.8065506298955473e8 4 1
ann 7 6 3 9 8 6 1.2391553874843852e-27 38 0
tr 7 6 3 9 8 6 352458.73992348765 3 2
tr 7 6 3 9 8 6 9.335636164765766e7 4 1
tr 7 6 3 9 8 6 1.4082037043148375e8 5 2
tr 7 6 3 9 8 6 6.873980948826201e11 6 1
ann 7 6 3 9 8 8 4.504041400568697e-28 38 0
tr 7 6 3 9 8 8 2.1123055564722463e8 5 2
tr 7 6 3 9 8 8 9.451723804636014e11 6 1
tr 7 6 3 9 8 8 6.677041934201254e11 7 2
tr 7 6 3 9 8 8 9.425882505075004e14 8 1
ann 7 6 3 11 10 2 1.1755568778090462e-32 42 0
tr 7 6 3 11 10 2 9.674350836096999e7 4 1
tr 7 6 3 11 10 2 1.357487319592341e8 5 2
tr 7 6 3 11 10 2 3.083387960070214e11 6 1
ann 7 6 3 11 10 4 1.5880520134462983e-32 42 0
tr 7 6 3 11 10 4 3.144164021731529e8 4 1
tr 7 6 3 11 10 4 8.103368183280812e7 5 2
tr 7 6 3 11 10 4 2.4983129593366688e10 6 1
ann 7 6 3 11 10 6 1.6590106217612592e-32 42 0
tr 7 6 3 11 10 6 3.59333031055032e8 4 1
tr 7 6 3 11 10 6 1.5434987015772985e7 5 2
tr 7 6 3 11 10 6 4.9966259186733466e11 6 1
ann 7 6 3 11 10 8 1.1852409200076126e-32 42 0
tr 7 6 3 11 10 8 2.1866231605678347e8 5 2
tr 7 6 3 11 10 8 8.580064708832779e9 6 1
tr 7 6 3 11 10 8 2.720904193889807e11 7 2
tr 7 6 3 11 10 8 5.464827063497705e14 8 1
ann 7 6 3 11 10 10 3.89699411312399e-33 42 0
tr 7 6 3 11 10 10 2.6199840450186368e11 7 2
tr 7 6 3 11 10 10 1.4536439988903875e15 8 1
tr 7 6 3 11 10 10 5.476098021275706e14 9 2
tr 7 6 3 11 10 10 1.0000692847658551e18 10 1
ann 7 6 3 13 12 2 4.823560242688767e-38 46 0
tr 7 6 3 13 12 2 4.748739531715377e10 6 1
tr 7 6 3 13 12 2 3.587675744743837e10 7 2
tr 7 6 3 13 12 2 1.3198189818567333e14 8 1
ann 7 6 3 13 12 4 6.519126138279893e-38 46 0
tr 7 6 3 13 12 4 1.266330541790771e11 6 1
tr 7 6 3 13 12 4 2.952819542999038e10 7 2
ann 7 6 3 13 12 6 7.434007568690504e-38 46 0
tr 7 6 3 13 12 6 1.922108858075276e11 6 1
tr 7 6 3 13 12 6 2.1513399527564507e9 7 2
tr 7 6 3 13 12 6 1.3434135216401748e14 8 1
ann 7 6 3 13 12 8 6.845435183524709e-38 46 0
tr 7 6 3 13 12 8 1.3280024837611009e11 6 1
tr 7 6 3 13 12 8 2.229570496493041e10 7 2
tr 7 6 3 13 12 8 1.5698265606024188e14 8 1
ann 7 6 3 13 12 10 4.513341712288462e-38 46 0
tr 7 6 3 13 12 10 5.135634605169869e10 7 2
tr 7 6 3 13 12 10 6.420319812100903e13 8 1
tr 7 6 3 13 12 10 8.916045434840052e13 9 2
tr 7 6 3 13 12 10 8.657486294241069e16 10 1
ann 7 6 3 13 12 12 1.3218727074975012e-38 46 0
tr 7 6 3 13 12 12 1.0213399702214233e14 9 2
tr 7 6 3 13 12 12 7.035101982489705e17 10 1
tr 7 6 3 13 12 12 1.564880751713053e17 11 2
tr 7 6 3 13 12 12 3.612767494596016e20 12 1
ann 7 6 4 7 6 4 1.4620603888388147e-23 34 0
ann 7 6 4 7 6 5 5.408814627580858e-23 34 0
tr 7 6 4 7 6 5 226305.16363636355 2 1
ann 7 6 4 7 6 6 3.534176503296418e-23 34 0
tr 7 6 4 7 6 6 33526.690909090765 2 1
ann 7 6 4 9 8 2 8.102475870854783e-28 38 0
tr 7 6 4 9 8 2 5915.391439275285 2 1
tr 7 6 4 9 8 2 67604.47359171783 3 2
tr 7 6 4 9 8 2 4.576346227472553e8 4 1
ann 7 6 4 9 8 4 1.4556043000501149e-27 38 0
tr 7 6 4 9 8 4 156166.3339968686 2 1
tr 7 6 4 9 8 4 247883.0698362988 3 2
tr 7 6 4 9 8 4 2.1911794912452066e8 4 1
ann 7 6 4 9 8 6 1.7777407305527047e-27 38 0
tr 7 6 4 9 8 6 394753.7887143058 2 1
tr 7 6 4 9 8 6 3.5564328246726745e8 4 1
ann 7 6 4 9 8 8 9.472792933423089e-28 38 0
tr 7 6 4 9 8 8 3.319337303027809e8 4 1
tr 7 6 4 9 8 8 6.336916669416738e8 5 2
tr 7 6 4 9 8 8 1.2888714279049094e12 6 1
ann 7 6 4 11 10 2 7.77988760019769e-33 42 0
tr 7 6 4 11 10 2 1.451152625414561e7 4 1
tr 7 6 4 11 10 2 5.403564685179991e7 5 2
tr 7 6 4 11 10 2 5.264251466454107e11 6 1
ann 7 6 4 11 10 4 1.3271976318288555e-32 42 0
tr 7 6 4 11 10 4 1.1790615081493266e8 4 1
tr 7 6 4 11 10 4 1.4405987881388053e8 5 2
tr 7 6 4 11 10 4 3.886264603412579e11 6 1
ann 7 6 4 11 10 6 1.8396672739634146e-32 42 0
tr 7 6 4 11 10 6 3.7729968260778373e8 4 1
tr 7 6 4 11 10 6 8.780792613417482e7 5 2
tr 7 6 4 11 10 6 7.4024087684049635e9 6 1
ann 7 6 4 11 10 8 1.8556767253875507e-32 42 0
tr 7 6 4 11 10 8 3.436122109463743e8 4 1
tr 7 6 4 11 10 8 4.6647960758780405e7 5 2
tr 7 6 4 11 10 8 6.292047453144198e11 6 1
ann 7 6 4 11 10 10 9.405208225956907e-33 42 0
tr 7 6 4 11 10 10 6.520849178713048e11 6 1
tr 7 6 4 11 10 10 5.614251525039939e11 7 2
tr 7 6 4 11 10 10 1.4536439988903875e15 8 1
ann 7 6 4 13 12 2 3.010765086254342e-38 46 0
tr 7 6 4 13 12 2 8.903886621966335e9 6 1
tr 7 6 4 13 12 2 1.5748370895994877e10 7 2
tr 7 6 4 13 12 2 2.2226789400773047e14 8 1
ann 7 6 4 13 12 4 4.999893395579955e-38 46 0
tr 7 6 4 13 12 4 4.432156896267693e10 6 1
tr 7 6 4 13 12 4 3.52763508070285e10 7 2
tr 7 6 4 13 12 4 1.928967794424236e14 8 1
ann 7 6 4 13 12 6 7.145130236654238e-38 46 0
tr 7 6 4 13 12 6 1.2974234792008105e11 6 1
tr 7 6 4 13 12 6 3.671620186037667e10 7 2
tr 7 6 4 13 12 6 2.24913940364965e13 8 1
ann 7 6 4 13 12 8 8.513566977326206e-38 46 0
tr 7 6 4 13 12 8 2.1912040982058148e11 6 1
tr 7 6 4 13 12 8 5.284907843539048e9 7 2
tr 7 6 4 13 12 8 9.323705164220425e13 8 1
ann 7 6 4 13 12 10 7.713341236823483e-38 46 0
tr 7 6 4 13 12 10 1.2782023906200592e11 6 1
tr 7 6 4 13 12 10 3.1302915688654453e10 7 2
tr 7 6 4 13 12 10 2.366786695532879e14 8 1
ann 7 6 4 13 12 12 3.6339455119436163e-38 46 0
tr 7 6 4 13 12 12 3.7802843053649956e14 8 1
tr 7 6 4 13 12 12 1.702233283702372e14 9 2
tr 7 6 4 13 12 12 5.554027880912915e17 10 1
ann 7 6 5 7 6 5 1.9009909748113835e-23 34 0
ann 7 6 5 7 6 6 6.74784185921261e-23 34 0
tr 7 6 5 7 6 6 184396.7999999998 2 1
ann 7 6 5 9 8 2 4.5362361507217275e-28 38 0
tr 7 6 5 9 8 2 3873.172966192163 3 2
tr 7 6 5 9 8 2 9.586410274197774e7 4 1
tr 7 6 5 9 8 2 3.03305413237041e8 5 2
tr 7 6 5 9 8 2 8.328092303385581e11 6 1
ann 7 6 5 9 8 4 1.0505157593667856e-27 38 0
tr 7 6 5 9 8 4 18929.252605680977 2 1
tr 7 6 5 9 8 4 103519.35018731792 3 2
tr 7 6 5 9 8 4 5.1766941161329705e8 4 1
ann 7 6 5 9 8 6 2.0142448584403017e-27 38 0
tr 7 6 5 9 8 6 287093.6645194953 2 1
tr 7 6 5 9 8 6 288375.33266467135 3 2
tr 7 6 5 9 8 6 2.445047566962458e8 4 1
ann 7 6 5 9 8 8 2.020772043823751e-27 38 0
tr 7 6 5 9 8 8 256333.62903526347 3 2
tr 7 6 5 9 8 8 9.128177583326502e8 4 1
tr 7 6 5 9 8 8 7.745120373731586e8 5 2
tr 7 6 5 9 8 8 9.451723804636006e11 6 1
ann 7 6 5 11 10 2 3.923785738983588e-33 42 0
tr 7 6 5 11 10 2 753845.5196958572 4 1
tr 7 6 5 11 10 2 6.652515382788855e6 5 2
tr 7 6 5 11 10 2 1.5944943782433002e11 6 1
tr 7 6 5 11 10 2 2.33340047033806e11 7 2
ann 7 6 5 11 10 4 8.486728050873393e-33 42 0
tr 7 6 5 11 10 4 1.714998557308114e7 4 1
tr 7 6 5 11 10 4 5.243997861368916e7 5 2
tr 7 6 5 11 10 4 5.15224473937274e11 6 1
ann 7 6 5 11 10 6 1.5834670373720824e-32 42 0
tr 7 6 5 11 10 6 1.371998845846485e8 4 1
tr 7 6 5 11 10 6 1.5759277652063954e8 5 2
tr 7 6 5 11 10 6 5.686395826638326e11 6 1
ann 7 6 5 11 10 8 2.3990447986430966e-32 42 0
tr 7 6 5 11 10 8 4.9979957955836314e8 4 1
tr 7 6 5 11 10 8 1.1688494712853548e8 5 2
tr 7 6 5 11 10 8 8.580064708832788e9 6 1
ann 7 6 5 11 10 10 2.2108964642182434e-32 42 0
tr 7 6 5 11 10 10 2.5179297000478113e8 5 2
tr 7 6 5 11 10 10 1.195489016097392e12 6 1
tr 7 6 5 11 10 10 4.750520521187643e11 7 2
tr 7 6 5 11 10 10 7.61432570847345e14 8 1
ann 7 6 5 13 12 2 1.3705071346667506e-38 46 0
tr 7 6 5 13 12 2 7.195059896538318e8 6 1
tr 7 6 5 13 12 2 2.513475786752816e9 7 2
tr 7 6 5 13 12 2 7.879223195781866e13 8 1
tr 7 6 5 13 12 2 6.678502220298093e13 9 2
ann 7 6 5 13 12 4 2.842460893133773e-38 46 0
tr 7 6 5 13 12 4 6.907257500676879e9 6 1
tr 7 6 5 13 12 4 1.2033187034621576e10 7 2
tr 7 6 5 13 12 4 1.9810618320823e14 8 1
ann 7 6 5 13 12 6 5.216956463373198e-38 46 0
tr 7 6 5 13 12 6 3.7743228485841675e10 6 1
tr 7 6 5 13 12 6 3.2895943641239468e10 7 2
tr 7 6 5 13 12 6 2.6518759281156794e14 8 1
ann 7 6 5 13 12 8 8.342415296531313e-38 46 0
tr 7 6 5 13 12 8 1.3280024837611003e11 6 1
tr 7 6 5 13 12 8 4.772932396196223e10 7 2
tr 7 6 5 13 12 8 1.20188386882529e14 8 1
ann 7 6 5 13 12 10 1.0988825209941543e-37 46 0
tr 7 6 5 13 12 10 2.7888052158983093e11 6 1
tr 7 6 5 13 12 10 1.4450919884677176e10 7 2
tr 7 6 5 13 12 10 2.3729502025524855e13 8 1
ann 7 6 5 13 12 12 9.475160536099583e-38 46 0
tr 7 6 5 13 12 12 8.590516066829602e10 7 2
tr 7 6 5 13 12 12 5.197890919876878e14 8 1
tr 7 6 5 13 12 12 1.1014450659250647e14 9 2
tr 7 6 5 13 12 12 2.2627520996311882e17 10 1
ann 7 6 6 7 6 6 3.3739209296063007e-23 34 0
ann 7 6 6 9 8 2 1.7878652849123512e-28 38 0
tr 7 6 6 9 8 2 2.7357175574404257e6 4 1
tr 7 6 6 9 8 2 2.843488249097252e7 5 2
tr 7 6 6 9 8 2 2.3133589731626495e11 6 1
ann 7 6 6 9 8 4 5.372712075276012e-28 38 0
tr 7 6 6 9 8 4 394.359429285007 2 1
tr 7 6 6 9 8 4 7042.132665803956 3 2
tr 7 6 6 9 8 4 9.672715649521758e7 4 1
ann 7 6 6 9 8 6 1.5518368631547581e-27 38 0
tr 7 6 6 9 8 6 35886.70806493682 2 1
tr 7 6 6 9 8 6 128166.81451763166 3 2
tr 7 6 6 9 8 6 5.868114160709883e8 4 1
ann 7 6 6 9 8 8 4.450488685739804e-27 38 0
tr 7 6 6 9 8 8 717734.1612987383 2 1
tr 7 6 6 9 8 8 512667.2580705273 3 2
tr 7 6 6 9 8 8 7.824152214279839e8 4 1
ann 7 6 6 11 10 2 1.2152730185490346e-33 42 0
tr 7 6 6 11 10 2 7852.557496831923 4 1
tr 7 6 6 11 10 2 194286.54984888472 5 2
tr 7 6 6 11 10 2 1.048243199721663e10 6 1
tr 7 6 6 11 10 2 3.4223206898291405e10 7 2
tr 7 6 6 11 10 2 3.417847027165269e14 8 1
ann 7 6 6 11 10 4 3.435501485932232e-33 42 0
tr 7 6 6 11 10 4 714582.7322117012 4 1
tr 7 6 6 11 10 4 4.583723416805303e6 5 2
tr 7 6 6 11 10 4 9.892309899595613e10 6 1
tr 7 6 6 11 10 4 1.5854678395790347e11 7 2
ann 7 6 6 11 10 6 8.969349798495032e-33 42 0
tr 7 6 6 11 10 6 1.4291654644234167e7 4 1
tr 7 6 6 11 10 6 3.928905785833117e7 5 2
tr 7 6 6 11 10 6 4.239561385540984e11 6 1
ann 7 6 6 11 10 8 2.1999686499510125e-32 42 0
tr 7 6 6 11 10 8 1.4577487737118903e8 4 1
tr 7 6 6 11 10 8 1.7174931006641904e8 5 2
tr 7 6 6 11 10 8 9.266469885539589e11 6 1
ann 7 6 6 11 10 10 5.131200308372347e-32 42 0
tr 7 6 6 11 10 10 9.891866678759269e8 4 1
tr 7 6 6 11 10 10 3.0215156400573707e8 5 2
tr 7 6 6 11 10 10 6.520849178713047e11 6 1
ann 7 6 6 13 12 2 3.5532514302886905e-39 46 0
tr 7 6 6 13 12 2 1.798764974134637e7 6 1
tr 7 6 6 13 12 2 1.1811278171995829e8 7 2
tr 7 6 6 13 12 2 7.003753951806095e12 8 1
tr 7 6 6 13 12 2 1.2058406786649285e13 9 2
tr 7 6 6 13 12 2 1.6320488982564704e17 10 1
ann 7 6 6 13 12 4 9.422674506014375e-39 46 0
tr 7 6 6 13 12 4 3.5975299482692325e8 6 1
tr 7 6 6 13 12 4 1.159652765977804e9 7 2
tr 7 6 6 13 12 4 3.820229428257879e13 8 1
tr 7 6 6 13 12 4 3.9752989406536234e13 9 2
tr 7 6 6 13 12 4 3.458816346383415e17 10 1
ann 7 6 6 13 12 6 2.308534240509077e-38 46 0
tr 7 6 6 13 12 6 3.66948054723461e9 6 1
tr 7 6 6 13 12 6 6.571365673874225e9 7 2
tr 7 6 6 13 12 6 1.2988780056076797e14 8 1
ann 7 6 6 13 12 8 5.288202868067493e-38 46 0
tr 7 6 6 13 12 8 2.49000465705206e10 6 1
tr 7 6 6 13 12 8 2.4773005516589394e10 7 2
tr 7 6 6 13 12 8 2.9379383460173675e14 8 1
ann 7 6 6 13 12 10 1.1432945383944584e-37 46 0
tr 7 6 6 13 12 10 1.2782023906200592e11 6 1
tr 7 6 6 13 12 10 6.242797390180523e10 7 2
tr 7 6 6 13 12 10 4.113113684424316e14 8 1
ann 7 6 6 13 12 12 2.350347583306199e-37 46 0
tr 7 6 6 13 12 12 5.345209997138423e11 6 1
tr 7 6 6 13 12 12 7.363299485853943e10 7 2
tr 7 6 6 13 12 12 2.0791563679507438e14 8 1
ann 9 8 2 9 8 2 1.361238213129248e-32 42 0
ann 9 8 2 9 8 4 4.247620690913353e-32 42 0
tr 9 8 2 9 8 4 1.1547359999999972e6 2 1
ann 9 8 2 9 8 6 1.8193107270286726e-32 42 0
tr 9 8 2 9 8 6 3.6727683109615245e9 4 1
ann 9 8 2 9 8 8 3.340242750063753e-33 42 0
tr 9 8 2 9 8 8 1.6637532195067388e12 6 1
ann 9 8 2 11 10 2 7.711089404632278e-37 46 0
tr 9 8 2 11 10 2 1.966178277158566e6 2 1
tr 9 8 2 11 10 2 780229.4750629214 3 2
tr 9 8 2 11 10 2 5.710364347655926e9 4 1
ann 9 8 2 11 10 4 7.190079871515484e-37 46 0
tr 9 8 2 11 10 4 1.0650132334608873e6 2 1
tr 9 8 2 11 10 4 2.1131214949620757e6 3 2
tr 9 8 2 11 10 4 4.1757039292233796e9 4 1
ann 9 8 2 11 10 6 4.491065516548289e-37 46 0
tr 9 8 2 11 10 6 2.598215778183429e10 4 1
tr 9 8 2 11 10 6 2.2045467208829162e8 5 2
tr 9 8 2 11 10 6 9.441626431363134e13 6 1
ann 9 8 2 11 10 8 1.7280390726614302e-37 46 0
tr 9 8 2 11 10 8 1.4019440795594262e14 6 1
tr 9 8 2 11 10 8 1.3733329758949461e14 7 2
ann 9 8 2 11 10 10 2.6526475087590374e-38 46 0
tr 9 8 2 11 10 10 8.70740647768743e16 8 1
tr 9 8 2 11 10 10 2.1347007563557424e17 9 2
tr 9 8 2 11 10 10 1.734517411832121e21 10 1
ann 9 8 2 13 12 2 4.5311688444694134e-42 50 0
tr 9 8 2 13 12 2 1.394382292641531e10 4 1
tr 9 8 2 13 12 2 4.259204093886884e9 5 2
tr 9 8 2 13 12 2 2.3909537196121344e13 6 1
ann 9 8 2 13 12 4 4.60424895400673e-42 50 0
tr 9 8 2 13 12 4 1.4873411121509706e10 4 1
tr 9 8 2 13 12 4 1.9470647286339955e9 5 2
tr 9 8 2 13 12 4 7.685208384467606e13 6 1
ann 9 8 2 13 12 6 3.5876975516263425e-42 50 0
tr 9 8 2 13 12 6 2.902591711212988e9 4 1
tr 9 8 2 13 12 6 1.1919976627381342e10 5 2
tr 9 8 2 13 12 6 1.1060194077117287e13 6 1
ann 9 8 2 13 12 8 2.0209478427221024e-42 50 0
tr 9 8 2 13 12 8 1.4447378513234522e14 6 1
tr 9 8 2 13 12 8 2.708883471231476e13 7 2
tr 9 8 2 13 12 8 5.820818519430404e17 8 1
ann 9 8 2 13 12 10 7.207058463285093e-43 50 0
tr 9 8 2 13 12 10 1.1200408812898141e18 8 1
tr 9 8 2 13 12 10 3.227813721050418e17 9 2
tr 9 8 2 13 12 10 1.020044190591737e20 10 1
ann 9 8 2 13 12 12 9.235993184332613e-44 50 0
tr 9 8 2 13 12 12 9.768282935469297e20 10 1
tr 9 8 2 13 12 12 1.3974120171339312e21 11 2
tr 9 8 2 13 12 12 1.3519105036191037e25 12 1
ann 9 8 4 9 8 4 1.510809033701025e-32 42 0
ann 9 8 4 9 8 6 4.5163786120121243e-32 42 0
tr 9 8 4 9 8 6 636854.3999999982 2 1
ann 9 8 4 9 8 8 1.269012308755402e-32 42 0
tr 9 8 4 9 8 8 4.4518403769230473e8 4 1
ann 9 8 4 11 10 2 5.3327797698845984e-37 46 0
tr 9 8 4 11 10 2 74476.44989236977 2 1
tr 9 8 4 11 10 2 1.1585225538813043e6 3 2
tr 9 8 4 11 10 2 1.807070754017288e10 4 1
ann 9 8 4 11 10 4 8.047695822389247e-37 46 0
tr 9 8 4 11 10 4 1.452290772901208e6 2 1
tr 9 8 4 11 10 4 2.305223449049536e6 3 2
ann 9 8 4 11 10 6 8.459828521954805e-37 46 0
tr 9 8 4 11 10 6 1.936387697201611e6 2 1
tr 9 8 4 11 10 6 614726.2530798776 3 2
tr 9 8 4 11 10 6 1.6331642034295944e10 4 1
ann 9 8 4 11 10 8 5.2358525335456154e-37 46 0
tr 9 8 4 11 10 8 2.409254630679177e10 4 1
tr 9 8 4 11 10 8 2.473501420830625e10 5 2
ann 9 8 4 11 10 10 1.3019642650973052e-37 46 0
tr 9 8 4 11 10 10 2.6905997486494008e13 6 1
tr 9 8 4 11 10 10 9.26609607315482e13 7 2
tr 9 8 4 11 10 10 7.183610344092166e17 8 1
ann 9 8 4 13 12 2 2.921779676998786e-42 50 0
tr 9 8 4 13 12 2 1.2676202660377576e9 4 1
tr 9 8 4 13 12 2 5.973948599217946e9 5 2
tr 9 8 4 13 12 2 1.1190129177989855e14 6 1
ann 9 8 4 13 12 4 4.3818658901698544e-42 50 0
tr 9 8 4 13 12 4 8.450801773585061e9 4 1
tr 9 8 4 13 12 4 1.0325343257907547e10 5 2
tr 9 8 4 13 12 4 2.0866505189342105e13 6 1
ann 9 8 4 13 12 6 5.230637873281796e-42 50 0
tr 9 8 4 13 12 6 1.8471038162264496e10 4 1
tr 9 8 4 13 12 6 1.0746785839862978e9 5 2
tr 9 8 4 13 12 6 5.448402423216322e13 6 1
ann 9 8 4 13 12 8 4.6226324022986116e-42 50 0
tr 9 8 4 13 12 8 8.355945835310131e9 4 1
tr 9 8 4 13 12 8 1.0209446547869823e10 5 2
tr 9 8 4 13 12 8 4.584953181059556e13 6 1
ann 9 8 4 13 12 10 2.61200914055575e-42 50 0
tr 9 8 4 13 12 10 2.0226329918528325e14 6 1
tr 9 8 4 13 12 10 3.792436859724063e13 7 2
tr 9 8 4 13 12 10 1.2252568428655293e17 8 1
ann 9 8 4 13 12 12 5.865940944236262e-43 50 0
tr 9 8 4 13 12 12 3.122538214504929e17 8 1
tr 9 8 4 13 12 12 5.6242208775878394e17 9 2
tr 9 8 4 13 12 12 5.089789529534026e21 10 1
ann 9 8 6 9 8 6 1.9293783392073925e-32 42 0
ann 9 8 6 9 8 8 4.749446427420536e-32 42 0
tr 9 8 6 9 8 8 139967.99999999884 2 1
ann 9 8 6 11 10 2 1.9699047600339007e-37 46 0
tr 9 8 6 11 10 2 5.511366802207214e8 4 1
tr 9 8 6 11 10 2 7.112669374921331e9 5 2
tr 9 8 6 11 10 2 1.0606274034982286e14 6 1
ann 9 8 6 11 10 4 4.56432810870974e-37 46 0
tr 9 8 6 11 10 4 15959.23926265055 2 1
tr 9 8 6 11 10 4 366049.2180084152 3 2
tr 9 8 6 11 10 4 1.1087037003805656e10 4 1
ann 9 8 6 11 10 6 8.64755834179886e-37 46 0
tr 9 8 6 11 10 6 766043.4846072312 2 1
tr 9 8 6 11 10 6 2.735869587882966e6 3 2
tr 9 8 6 11 10 6 1.6621857088155128e10 4 1
ann 9 8 6 11 10 8 1.1277499751696071e-36 46 0
tr 9 8 6 11 10 8 3.2556848095807363e6 2 1
tr 9 8 6 11 10 8 258387.68330005827 3 2
tr 9 8 6 11 10 8 6.057806645951629e9 4 1
ann 9 8 6 11 10 10 6.023765711656988e-37 46 0
tr 9 8 6 11 10 10 8.383853110422045e9 4 1
tr 9 8 6 11 10 10 3.137085400227016e10 5 2
tr 9 8 6 11 10 10 2.225859792064508e14 6 1
ann 9 8 6 13 12 2 9.643979021573497e-43 50 0
tr 9 8 6 13 12 2 2.984977078581819e6 4 1
tr 9 8 6 13 12 2 9.735728876421843e7 5 2
tr 9 8 6 13 12 2 1.1501964889494154e13 6 1
tr 9 8 6 13 12 2 4.35101163877098e13 7 2
ann 9 8 6 13 12 4 2.105424385186336e-42 50 0
tr 9 8 6 13 12 4 2.2287828853410915e8 4 1
tr 9 8 6 13 12 4 1.71494712195702e9 5 2
tr 9 8 6 13 12 4 7.0065146570080875e13 6 1
ann 9 8 6 13 12 6 3.943881142489023e-42 50 0
tr 9 8 6 13 12 6 3.044676620153488e9 4 1
tr 9 8 6 13 12 6 8.37009281758559e9 5 2
tr 9 8 6 13 12 6 1.2364987602159084e14 6 1
ann 9 8 6 13 12 8 6.037248188627765e-42 50 0
tr 9 8 6 13 12 8 1.5426361542111032e10 4 1
tr 9 8 6 13 12 8 1.0994788590013649e10 5 2
tr 9 8 6 13 12 8 1.735889726002116e13 6 1
ann 9 8 6 13 12 10 6.61872014642088e-42 50 0
tr 9 8 6 13 12 10 2.1211247120402664e10 4 1
tr 9 8 6 13 12 10 7.198968719651793e8 5 2
tr 9 8 6 13 12 10 1.163872730576658e14 6 1
ann 9 8 6 13 12 12 3.317203781671847e-42 50 0
tr 9 8 6 13 12 12 1.0224298640135156e14 6 1
tr 9 8 6 13 12 12 1.7253503955228147e14 7 2
tr 9 8 6 13 12 12 1.4207548875997468e18 8 1
ann 9 8 8 9 8 8 4.678755302548774e-32 42 0
ann 9 8 8 11 10 2 2.485971863134274e-38 46 0
tr 9 8 8 11 10 2 3.887347418069348e11 6 1
tr 9 8 8 11 10 2 4.3375657159783237e12 7 2
tr 9 8 8 11 10 2 9.340917475290106e16 8 1
ann 9 8 8 11 10 4 8.708571498193687e-38 46 0
tr 9 8 8 11 10 4 2.5956201580253623e7 4 1
tr 9 8 8 11 10 4 5.2878288479918283e8 5 2
tr 9 8 8 11 10 4 1.5007517001879752e13 6 1
ann 9 8 8 11 10 6 2.8586740161081756e-37 46 0
tr 9 8 8 11 10 6 1063.949284176701 2 1
tr 9 8 8 11 10 6 33776.16775164139 3 2
tr 9 8 8 11 10 6 1.668612958730607e9 4 1
ann 9 8 8 11 10 8 9.097508730793508e-37 46 0
tr 9 8 8 11 10 8 162784.24047903623 2 1
tr 9 8 8 11 10 8 1.0335507332002302e6 3 2
tr 9 8 8 11 10 8 1.701985217905228e10 4 1
ann 9 8 8 11 10 10 2.8563566748487623e-36 46 0
tr 9 8 8 11 10 10 5.154834281836169e6 2 1
tr 9 8 8 11 10 10 6.545821310268132e6 3 2
tr 9 8 8 11 10 10 3.593079904466593e10 4 1
ann 9 8 8 13 12 2 8.826237712857038e-44 50 0
tr 9 8 8 13 12 2 6.255765880722385e9 6 1
tr 9 8 8 13 12 2 1.4192768841888998e11 7 2
tr 9 8 8 13 12 2 1.0518443776818644e16 8 1
ann 9 8 8 13 12 4 2.8974854831142036e-43 50 0
tr 9 8 8 13 12 4 66332.82396850688 4 1
tr 9 8 8 13 12 4 2.9176794135372764e6 5 2
tr 9 8 8 13 12 4 5.1183539024092847e11 6 1
tr 9 8 8 13 12 4 3.2752543481282515e12 7 2
tr 9 8 8 13 12 4 1.0402856482567936e17 8 1
ann 9 8 8 13 12 6 8.796091129642319e-43 50 0
tr 9 8 8 13 12 6 1.0148922067178346e7 4 1
tr 9 8 8 13 12 6 1.1573461673698494e8 5 2
tr 9 8 8 13 12 6 8.121121525156079e12 6 1
ann 9 8 8 13 12 8 2.5127960099399944e-42 50 0
tr 9 8 8 13 12 8 3.213825321273125e8 4 1
tr 9 8 8 13 12 8 1.570684084287666e9 5 2
tr 9 8 8 13 12 8 5.510761034927347e13 6 1
ann 9 8 8 13 12 10 6.843016966995052e-42 50 0
tr 9 8 8 13 12 10 4.949290994760617e9 4 1
tr 9 8 8 13 12 10 1.0366514956298588e10 5 2
tr 9 8 8 13 12 10 1.8185511415260228e14 6 1
ann 9 8 8 13 12 12 1.7923478840983034e-41 50 0
tr 9 8 8 13 12 12 4.878586837692604e10 4 1
tr 9 8 8 13 12 12 2.6492204888318577e10 5 2
tr 9 8 8 13 12 12 1.8589633891154862e14 6 1
ann 11 10 2 11 10 2 3.56820709362706e-42 50 0
ann 11 10 2 11 10 4 1.177710779744094e-41 50 0
tr 11 10 2 11 10 4 5.952308689196663e6 2 1
ann 11 10 2 11 10 6 6.155026118014089e-42 50 0
tr 11 10 2 11 10 6 1.1375409360040244e11 4 1
ann 11 10 2 11 10 8 1.894117279814136e-42 50 0
tr 11 10 2 11 10 8 6.439037880760762e14 6 1
ann 11 10 2 11 10 10 2.059461110710554e-43 50 0
ann 11 10 2 13 12 2 1.0909386118883969e-46 54 0
tr 11 10 2 13 12 2 9.625849998555304e6 2 1
tr 11 10 2 13 12 2 3.819781745458479e6 3 2
tr 11 10 2 13 12 2 1.4388818708180142e11 4 1
ann 11 10 2 13 12 4 1.0094429734187581e-46 54 0
tr 11 10 2 13 12 4 4.2781555549134845e6 2 1
tr 11 10 2 13 12 4 1.6637271602441339e7 3 2
tr 11 10 2 13 12 4 2.987298001698325e10 4 1
ann 11 10 2 13 12 6 6.722171121631355e-47 54 0
tr 11 10 2 13 12 6 4.423856418514968e11 4 1
tr 11 10 2 13 12 6 3.378217628684167e10 5 2
tr 11 10 2 13 12 6 7.269616467055329e15 6 1
ann 11 10 2 13 12 8 3.0665409284375944e-47 54 0
tr 11 10 2 13 12 8 1.2112163915932418e16 6 1
tr 11 10 2 13 12 8 6.674049504697472e15 7 2
ann 11 10 2 13 12 10 8.5412900646472e-48 54 0
tr 11 10 2 13 12 10 8.091976819356284e19 8 1
tr 11 10 2 13 12 10 1.5562885216423844e20 9 2
tr 11 10 2 13 12 10 7.619129476653629e23 10 1
ann 11 10 2 13 12 12 7.910865992701802e-49 54 0
tr 11 10 2 13 12 12 6.881103563555607e22 10 1
tr 11 10 2 13 12 12 2.343234583967521e23 11 2
tr 11 10 2 13 12 12 5.230181471590993e27 12 1
ann 11 10 4 11 10 4 3.80138372778714e-42 50 0
ann 11 10 4 11 10 6 1.2384738891820877e-41 50 0
tr 11 10 4 11 10 6 4.204927645429355e6 2 1
ann 11 10 4 11 10 8 5.5089254744163493e-42 50 0
tr 11 10 4 11 10 8 4.098361771003525e10 4 1
ann 11 10 4 11 10 10 8.84708984468437e-43 50 0
tr 11 10 4 11 10 10 4.801480366344323e13 6 1
ann 11 10 4 13 12 2 8.277858212423168e-47 54 0
tr 11 10 4 13 12 2 493633.3332592454 2 1
tr 11 10 4 13 12 2 1.0029375659870444e7 3 2
tr 11 10 4 13 12 2 3.265499702779511e11 4 1
ann 11 10 4 13 12 4 1.1269376073829044e-46 54 0
tr 11 10 4 13 12 4 7.898133332147982e6 2 1
tr 11 10 4 13 12 4 1.2536719574838025e7 3 2
ann 11 10 4 13 12 6 1.1238418269820998e-46 54 0
tr 11 10 4 13 12 6 7.192942856063332e6 2 1
tr 11 10 4 13 12 6 9.133895690239163e6 3 2
tr 11 10 4 13 12 6 2.1915897798832858e11 4 1
ann 11 10 4 13 12 8 7.562468547094399e-47 54 0
tr 11 10 4 13 12 8 4.948191048966904e11 4 1
tr 11 10 4 13 12 8 2.0572479149038113e11 5 2
tr 11 10 4 13 12 8 2.3857292561685165e15 6 1
ann 11 10 4 13 12 10 2.987673900547358e-47 54 0
tr 11 10 4 13 12 10 6.588484767457754e15 6 1
tr 11 10 4 13 12 10 1.7042662128066744e16 7 2
tr 11 10 4 13 12 10 8.5985193243356e19 8 1
ann 11 10 4 13 12 12 4.2176231140501205e-48 54 0
tr 11 10 4 13 12 12 8.765249615943135e18 8 1
tr 11 10 4 13 12 12 4.2118078057095225e19 9 2
tr 11 10 4 13 12 12 9.2279220420735e23 10 1
ann 11 10 6 11 10 6 4.3177571048853556e-42 50 0
ann 11 10 6 11 10 8 1.337342627961296e-41 50 0
tr 11 10 6 11 10 8 2.1445130991689586e6 2 1
ann 11 10 6 11 10 10 3.545162371265376e-42 50 0
tr 11 10 6 11 10 10 4.326048536059267e9 4 1
ann 11 10 6 13 12 2 3.8944195852703234e-47 54 0
tr 11 10 6 13 12 2 2.1447267704500484e10 4 1
tr 11 10 6 13 12 2 3.364751344234541e11 5 2
tr 11 10 6 13 12 2 8.895057878364806e15 6 1
ann 11 10 6 13 12 4 7.686177948652983e-47 54 0
tr 11 10 6 13 12 4 164544.44441974847 2 1
tr 11 10 6 13 12 4 4.714328923454729e6 3 2
tr 11 10 6 13 12 4 2.868265665938306e11 4 1
ann 11 10 6 13 12 6 1.1935039344382052e-46 54 0
tr 11 10 6 13 12 6 5.3947071420475e6 2 1
tr 11 10 6 13 12 6 1.926681122159821e7 3 2
tr 11 10 6 13 12 6 1.1536478003261754e11 4 1
ann 11 10 6 13 12 8 1.3210174687809006e-46 54 0
tr 11 10 6 13 12 8 1.1388826188766966e7 2 1
tr 11 10 6 13 12 8 903875.0943465838 3 2
tr 11 10 6 13 12 8 2.9724490515579846e11 4 1
ann 11 10 6 13 12 10 8.649344358188758e-47 54 0
tr 11 10 6 13 12 10 3.8101071077045087e11 4 1
tr 11 10 6 13 12 10 9.342844459256046e11 5 2
tr 11 10 6 13 12 10 3.0888236330667235e15 6 1
ann 11 10 6 13 12 12 2.048187310180895e-47 54 0
tr 11 10 6 13 12 12 1.0102343310101834e15 6 1
tr 11 10 6 13 12 12 6.185108149041956e15 7 2
tr 11 10 6 13 12 12 1.3147874423914838e20 8 1
ann 11 10 8 11 10 8 5.6025297466485834e-42 50 0
ann 11 10 8 11 10 10 1.397500636629233e-41 50 0
tr 11 10 8 11 10 10 443853.47368420946 2 1
ann 11 10 8 13 12 2 1.0214721771557518e-47 54 0
tr 11 10 8 13 12 2 1.8914310337199228e14 6 1
tr 11 10 8 13 12 2 2.4347349479976385e15 7 2
tr 11 10 8 13 12 2 8.124084461750172e19 8 1
ann 11 10 8 13 12 4 2.794039532864948e-47 54 0
tr 11 10 8 13 12 4 3.6460355097650957e9 4 1
tr 11 10 8 13 12 4 8.689938936789178e10 5 2
tr 11 10 8 13 12 4 4.3227563024285825e15 6 1
ann 11 10 8 13 12 6 6.650140892121617e-47 54 0
tr 11 10 8 13 12 6 35259.52380423171 2 1
tr 11 10 8 13 12 6 1.3544134540673282e6 3 2
tr 11 10 8 13 12 6 1.3150433531285591e11 4 1
ann 11 10 8 13 12 8 1.2974520638604884e-46 54 0
tr 11 10 8 13 12 8 2.679723809121639e6 2 1
tr 11 10 8 13 12 8 1.701411942299451e7 3 2
tr 11 10 8 13 12 8 3.8934085872683655e11 4 1
ann 11 10 8 13 12 10 1.7609812634163934e-46 54 0
tr 11 10 8 13 12 10 1.7194894441863883e7 2 1
tr 11 10 8 13 12 10 5.458696648210744e6 3 2
ann 11 10 8 13 12 12 9.587386571838563e-47 54 0
tr 11 10 8 13 12 12 1.1455223983948154e11 4 1
tr 11 10 8 13 12 12 7.085576726071237e11 5 2
tr 11 10 8 13 12 12 1.405144114950534e16 6 1
ann 11 10 10 11 10 10 1.3927256420684092e-41 50 0
ann 11 10 10 13 12 2 8.047909799335886e-49 54 0
tr 11 10 10 13 12 2 1.7322627699491763e17 8 1
tr 11 10 10 13 12 2 2.055451901632844e18 9 2
tr 11 10 10 13 12 2 1.0132700556402828e23 10 1
ann 11 10 10 13 12 4 3.176064939376369e-48 54 0
tr 11 10 10 13 12 4 6.655035118643895e12 6 1
tr 11 10 10 13 12 4 1.3201416602698186e14 7 2
tr 11 10 10 13 12 4 7.795182464771633e18 8 1
ann 11 10 10 13 12 6 1.159382597942147e-47 54 0
tr 11 10 10 13 12 6 1.6170558983551595e8 4 1
tr 11 10 10 13 12 6 5.445656245333568e9 5 2
tr 11 10 10 13 12 6 4.319722795192673e14 6 1
ann 11 10 10 13 12 8 4.027284712863433e-47 54 0
tr 11 10 10 13 12 8 2350.6349202821866 2 1
tr 11 10 10 13 12 8 116598.9543790735 3 2
tr 11 10 10 13 12 8 1.6459318965401043e10 4 1
ann 11 10 10 13 12 10 1.3587880600024077e-46 54 0
tr 11 10 10 13 12 10 542996.6665851739 2 1
tr 11 10 10 13 12 10 5.386871692313218e6 3 2
tr 11 10 10 13 12 10 2.5347351206717688e11 4 1
ann 11 10 10 13 12 12 4.497493613128228e-46 54 0
tr 11 10 10 13 12 12 2.4977846662918005e7 2 1
tr 11 10 10 13 12 12 4.955921956928167e7 3 2
tr 11 10 10 13 12 12 7.77318770339342e11 4 1
ann 13 12 2 13 12 2 2.651631833106451e-52 58 0
ann 13 12 2 13 12 4 9.054633823767098e-52 58 0
tr 13 12 2 13 12 4 2.2857438487712644e7 2 1
ann 13 12 2 13 12 6 5.361758484323216e-52 58 0
tr 13 12 2 13 12 6 1.7694725942296763e12 4 1
ann 13 12 2 13 12 8 2.1038845035805805e-52 58 0
tr 13 12 2 13 12 8 4.93812232558887e16 6 1
ann 13 12 2 13 12 10 4.835267476421917e-53 58 0
ann 13 12 2 13 12 12 3.342478913970766e-54 58 0
ann 13 12 4 13 12 4 2.7678280790227976e-52 58 0
ann 13 12 4 13 12 6 9.41255600092877e-52 58 0
tr 13 12 4 13 12 6 1.8133567866918717e7 2 1
ann 13 12 4 13 12 8 5.15519170017115e-52 58 0
tr 13 12 4 13 12 8 9.338883136212197e11 4 1
ann 13 12 4 13 12 10 1.5922903340898086e-52 58 0
tr 13 12 4 13 12 10 1.2674513969011442e16 6 1
ann 13 12 4 13 12 12 1.5807548430327896e-53 58 0
ann 13 12 6 13 12 6 3.000795124110669e-52 58 0
ann 13 12 6 13 12 8 1.0017783420588455e-51 58 0
tr 13 12 6 13 12 8 1.2063648090737257e7 2 1
ann 13 12 6 13 12 10 4.58651128263594e-52 58 0
tr 13 12 6 13 12 10 3.0214033675980597e11 4 1
ann 13 12 6 13 12 12 6.852081562249728e-53 58 0
tr 13 12 6 13 12 12 8.165653257346126e14 6 1
ann 13 12 8 13 12 8 3.454652554488289e-52 58 0
ann 13 12 8 13 12 10 1.0928408760457153e-51 58 0
tr 13 12 8 13 12 10 5.866742545179572e6 2 1
ann 13 12 8 13 12 12 2.825106479619984e-52 58 0
tr 13 12 8 13 12 12 2.9259906296738827e10 4 1
ann 13 12 10 13 12 10 4.528044266099662e-52 58 0
ann 13 12 10 13 12 12 1.1404954508608296e-51 58 0
tr 13 12 10 13 12 12 1.1682690782608618e6 2 1
ann 13 12 12 13 12 12 1.1423371071366787e-51 58 0
