211    211    322    BH 
211    211    422    BH 
211    211    522    BH 
211    211    622    BH 
211    211    722    BH 
211    211    822    BH 
211    311    322    BH 
211    311    422    BH 
211    322    433    BH 
211    311    522    BH 
211    322    533    BH 
211    311    622    BH 
211    322    633    BH 
211    311    722    BH 
211    322    733    BH 
211    311    822    BH 
211    322    833    BH 
211    411    322    BH 
211    411    422    BH 
211    422    433    BH 
211    411    522    BH 
211    422    533    BH 
211    433    544    BH 
211    411    622    BH 
211    422    633    BH 
211    433    644    BH 
211    411    722    BH 
211    422    733    BH 
211    433    744    BH 
211    411    822    BH 
211    422    833    BH 
211    433    844    BH 
211    511    322    BH 
211    511    422    BH 
211    522    433    BH 
211    511    522    BH 
211    522    533    BH 
211    533    544    BH 
211    511    622    BH 
211    522    633    BH 
211    533    644    BH 
211    544    655    BH 
211    511    722    BH 
211    522    733    BH 
211    533    744    BH 
211    544    755    BH 
211    511    822    BH 
211    522    833    BH 
211    533    844    BH 
211    544    855    BH 
211    611    322    BH 
211    611    422    BH 
211    622    433    BH 
211    611    522    BH 
211    622    533    BH 
211    633    544    BH 
211    611    622    BH 
211    622    633    BH 
211    633    644    BH 
211    644    655    BH 
211    611    722    BH 
211    622    733    BH 
211    633    744    BH 
211    644    755    BH 
211    655    766    BH 
211    611    822    BH 
211    622    833    BH 
211    633    844    BH 
211    644    855    BH 
211    655    866    BH 
211    711    322    BH 
211    711    422    BH 
211    722    433    BH 
211    711    522    BH 
211    722    533    BH 
211    733    544    BH 
211    711    622    BH 
211    722    633    BH 
211    733    644    BH 
211    744    655    BH 
211    711    722    BH 
211    722    733    BH 
211    733    744    BH 
211    744    755    BH 
211    755    766    BH 
211    711    822    BH 
211    722    833    BH 
211    733    844    BH 
211    744    855    BH 
211    755    866    BH 
211    766    877    BH 
211    811    322    BH 
211    811    422    BH 
211    822    433    BH 
211    811    522    BH 
211    822    533    BH 
211    833    544    BH 
211    811    622    BH 
211    822    633    BH 
211    833    644    BH 
211    844    655    BH 
211    811    722    BH 
211    822    733    BH 
211    833    744    BH 
211    844    755    BH 
211    855    766    BH 
211    811    822    BH 
211    822    833    BH 
211    833    844    BH 
211    844    855    BH 
211    855    866    BH 
211    866    877    BH 
311    311    211    Inf 
311    322    211    Inf 
322    322    211    Inf 
311    311    322    BH 
311    311    422    BH 
311    322    433    BH 
311    311    522    BH 
311    322    533    BH 
322    322    544    BH 
311    311    622    BH 
311    322    633    BH 
322    322    644    BH 
311    311    722    BH 
311    322    733    BH 
322    322    744    BH 
311    311    822    BH 
311    322    833    BH 
322    322    844    BH 
311    411    211    Inf 
311    422    211    Inf 
311    433    211    Inf 
322    411    211    Inf 
322    422    211    Inf 
322    433    211    Inf 
311    411    322    BH 
311    411    422    BH 
311    422    433    BH 
322    411    433    BH 
311    411    522    BH 
311    422    533    BH 
311    433    544    BH 
322    411    533    BH 
322    422    544    BH 
311    411    622    BH 
311    422    633    BH 
311    433    644    BH 
322    411    633    BH 
322    422    644    BH 
322    433    655    BH 
311    411    722    BH 
311    422    733    BH 
311    433    744    BH 
322    411    733    BH 
322    422    744    BH 
322    433    755    BH 
311    411    822    BH 
311    422    833    BH 
311    433    844    BH 
322    411    833    BH 
322    422    844    BH 
322    433    855    BH 
311    511    211    Inf 
311    522    211    Inf 
311    533    211    Inf 
311    544    211    Inf 
322    511    211    Inf 
322    522    211    Inf 
322    533    211    Inf 
322    544    211    Inf 
311    511    322    BH 
311    511    422    BH 
311    522    433    BH 
322    511    433    BH 
311    511    522    BH 
311    522    533    BH 
311    533    544    BH 
322    511    533    BH 
322    522    544    BH 
311    511    622    BH 
311    522    633    BH 
311    533    644    BH 
311    544    655    BH 
322    511    633    BH 
322    522    644    BH 
322    533    655    BH 
311    511    722    BH 
311    522    733    BH 
311    533    744    BH 
311    544    755    BH 
322    511    733    BH 
322    522    744    BH 
322    533    755    BH 
322    544    766    BH 
311    511    822    BH 
311    522    833    BH 
311    533    844    BH 
311    544    855    BH 
322    511    833    BH 
322    522    844    BH 
322    533    855    BH 
322    544    866    BH 
311    611    211    Inf 
311    622    211    Inf 
311    633    211    Inf 
311    644    211    Inf 
311    655    211    Inf 
322    611    211    Inf 
322    622    211    Inf 
322    633    211    Inf 
322    644    211    Inf 
322    655    211    Inf 
311    611    322    BH 
311    611    422    BH 
311    622    433    BH 
322    611    433    BH 
311    611    522    BH 
311    622    533    BH 
311    633    544    BH 
322    611    533    BH 
322    622    544    BH 
311    611    622    BH 
311    622    633    BH 
311    633    644    BH 
311    644    655    BH 
322    611    633    BH 
322    622    644    BH 
322    633    655    BH 
311    611    722    BH 
311    622    733    BH 
311    633    744    BH 
311    644    755    BH 
311    655    766    BH 
322    611    733    BH 
322    622    744    BH 
322    633    755    BH 
322    644    766    BH 
311    611    822    BH 
311    622    833    BH 
311    633    844    BH 
311    644    855    BH 
311    655    866    BH 
322    611    833    BH 
322    622    844    BH 
322    633    855    BH 
322    644    866    BH 
322    655    877    BH 
311    711    211    Inf 
311    722    211    Inf 
311    733    211    Inf 
311    744    211    Inf 
311    755    211    Inf 
311    765    211    Inf 
311    766    211    Inf 
322    711    211    Inf 
322    722    211    Inf 
322    733    211    Inf 
322    744    211    Inf 
322    755    211    Inf 
322    765    211    Inf 
322    766    211    Inf 
311    711    322    BH 
311    711    422    BH 
311    722    433    BH 
322    711    433    BH 
311    711    522    BH 
311    722    533    BH 
311    733    544    BH 
322    711    533    BH 
322    722    544    BH 
311    711    622    BH 
311    722    633    BH 
311    733    644    BH 
311    744    655    BH 
322    711    633    BH 
322    722    644    BH 
322    733    655    BH 
311    711    722    BH 
311    722    733    BH 
311    733    744    BH 
311    744    755    BH 
311    755    766    BH 
322    711    733    BH 
322    722    744    BH 
322    733    755    BH 
322    744    766    BH 
311    711    822    BH 
311    722    833    BH 
311    733    844    BH 
311    744    855    BH 
311    755    866    BH 
311    766    877    BH 
322    711    833    BH 
322    722    844    BH 
322    733    855    BH 
322    744    866    BH 
322    755    877    BH 
311    811    211    Inf 
311    822    211    Inf 
311    833    211    Inf 
311    844    211    Inf 
311    855    211    Inf 
311    866    211    Inf 
311    877    211    Inf 
322    811    211    Inf 
322    822    211    Inf 
322    833    211    Inf 
322    844    211    Inf 
322    855    211    Inf 
322    866    211    Inf 
322    877    211    Inf 
311    811    322    BH 
311    811    422    BH 
311    822    433    BH 
322    811    433    BH 
311    811    522    BH 
311    822    533    BH 
311    833    544    BH 
322    811    533    BH 
322    822    544    BH 
311    811    622    BH 
311    822    633    BH 
311    833    644    BH 
311    844    655    BH 
322    811    633    BH 
322    822    644    BH 
322    833    655    BH 
311    811    722    BH 
311    822    733    BH 
311    833    744    BH 
311    844    755    BH 
311    855    766    BH 
322    811    733    BH 
322    822    744    BH 
322    833    755    BH 
322    844    766    BH 
311    811    822    BH 
311    822    833    BH 
311    833    844    BH 
311    844    855    BH 
311    855    866    BH 
311    866    877    BH 
322    811    833    BH 
322    822    844    BH 
322    833    855    BH 
322    844    866    BH 
322    855    877    BH 
411    411    211    Inf 
411    422    211    Inf 
411    433    211    Inf 
422    422    211    Inf 
422    433    211    Inf 
433    433    211    Inf 
411    411    322    BH 
411    411    422    BH 
411    422    433    BH 
411    411    522    BH 
411    422    533    BH 
411    433    544    BH 
422    422    544    BH 
411    411    622    BH 
411    422    633    BH 
411    433    644    BH 
422    422    644    BH 
422    433    655    BH 
411    411    722    BH 
411    422    733    BH 
411    433    744    BH 
422    422    744    BH 
422    433    755    BH 
433    433    766    BH 
411    411    822    BH 
411    422    833    BH 
411    433    844    BH 
422    422    844    BH 
422    433    855    BH 
433    433    866    BH 
411    511    211    Inf 
411    522    211    Inf 
411    533    211    Inf 
411    544    211    Inf 
422    511    211    Inf 
422    522    211    Inf 
422    533    211    Inf 
422    544    211    Inf 
433    511    211    Inf 
433    522    211    Inf 
433    533    211    Inf 
433    544    211    Inf 
411    511    311    Inf 
411    511    322    Inf 
411    522    311    Inf 
411    522    322    Inf 
411    533    311    Inf 
411    533    322    Inf 
411    544    311    Inf 
411    544    322    Inf 
422    511    311    Inf 
422    511    322    Inf 
422    522    311    Inf 
422    522    322    Inf 
422    533    311    Inf 
422    533    322    Inf 
422    544    311    Inf 
422    544    322    Inf 
433    511    311    Inf 
433    511    322    Inf 
433    522    311    Inf 
433    522    322    Inf 
433    533    311    Inf 
433    533    322    Inf 
433    544    311    Inf 
433    544    322    Inf 
411    511    422    BH 
411    522    433    BH 
422    511    433    BH 
411    511    522    BH 
411    522    533    BH 
411    533    544    BH 
422    511    533    BH 
422    522    544    BH 
433    511    544    BH 
411    511    622    BH 
411    522    633    BH 
411    533    644    BH 
411    544    655    BH 
422    511    633    BH 
422    522    644    BH 
422    533    655    BH 
433    511    644    BH 
433    522    655    BH 
411    511    722    BH 
411    522    733    BH 
411    533    744    BH 
411    544    755    BH 
422    511    733    BH 
422    522    744    BH 
422    533    755    BH 
422    544    766    BH 
433    511    744    BH 
433    522    755    BH 
433    533    766    BH 
411    511    822    BH 
411    522    833    BH 
411    533    844    BH 
411    544    855    BH 
422    511    833    BH 
422    522    844    BH 
422    533    855    BH 
422    544    866    BH 
433    511    844    BH 
433    522    855    BH 
433    533    866    BH 
433    544    877    BH 
411    611    211    Inf 
411    622    211    Inf 
411    633    211    Inf 
411    644    211    Inf 
411    655    211    Inf 
422    611    211    Inf 
422    622    211    Inf 
422    633    211    Inf 
422    644    211    Inf 
422    655    211    Inf 
433    611    211    Inf 
433    622    211    Inf 
433    633    211    Inf 
433    644    211    Inf 
433    655    211    Inf 
411    611    311    Inf 
411    611    322    Inf 
411    622    311    Inf 
411    622    322    Inf 
411    633    311    Inf 
411    633    322    Inf 
411    644    311    Inf 
411    644    322    Inf 
411    655    311    Inf 
411    655    322    Inf 
422    611    311    Inf 
422    611    322    Inf 
422    622    311    Inf 
422    622    322    Inf 
422    633    311    Inf 
422    633    322    Inf 
422    644    311    Inf 
422    644    322    Inf 
422    655    311    Inf 
422    655    322    Inf 
433    611    311    Inf 
433    611    322    Inf 
433    622    311    Inf 
433    622    322    Inf 
433    633    311    Inf 
433    633    322    Inf 
433    644    311    Inf 
433    644    322    Inf 
433    655    311    Inf 
433    655    322    Inf 
411    611    422    BH 
411    622    433    BH 
422    611    433    BH 
411    611    522    BH 
411    622    533    BH 
411    633    544    BH 
422    611    533    BH 
422    622    544    BH 
433    611    544    BH 
411    611    622    BH 
411    622    633    BH 
411    633    644    BH 
411    644    655    BH 
422    611    633    BH 
422    622    644    BH 
422    633    655    BH 
433    611    644    BH 
433    622    655    BH 
411    611    722    BH 
411    622    733    BH 
411    633    744    BH 
411    644    755    BH 
411    655    766    BH 
422    611    733    BH 
422    622    744    BH 
422    633    755    BH 
422    644    766    BH 
433    611    744    BH 
433    622    755    BH 
433    633    766    BH 
411    611    822    BH 
411    622    833    BH 
411    633    844    BH 
411    644    855    BH 
411    655    866    BH 
422    611    833    BH 
422    622    844    BH 
422    633    855    BH 
422    644    866    BH 
422    655    877    BH 
433    611    844    BH 
433    622    855    BH 
433    633    866    BH 
433    644    877    BH 
411    711    211    Inf 
411    722    211    Inf 
411    733    211    Inf 
411    744    211    Inf 
411    755    211    Inf 
411    765    211    Inf 
411    766    211    Inf 
422    711    211    Inf 
422    722    211    Inf 
422    733    211    Inf 
422    744    211    Inf 
422    755    211    Inf 
422    765    211    Inf 
422    766    211    Inf 
433    711    211    Inf 
433    722    211    Inf 
433    733    211    Inf 
433    744    211    Inf 
433    755    211    Inf 
433    765    211    Inf 
433    766    211    Inf 
411    711    311    Inf 
411    711    322    Inf 
411    722    311    Inf 
411    722    322    Inf 
411    733    311    Inf 
411    733    322    Inf 
411    744    311    Inf 
411    744    322    Inf 
411    755    311    Inf 
411    755    322    Inf 
411    765    311    Inf 
411    766    311    Inf 
411    765    322    Inf 
411    766    322    Inf 
422    711    311    Inf 
422    711    322    Inf 
422    722    311    Inf 
422    722    322    Inf 
422    733    311    Inf 
422    733    322    Inf 
422    744    311    Inf 
422    744    322    Inf 
422    755    311    Inf 
422    755    322    Inf 
422    765    311    Inf 
422    766    311    Inf 
422    765    322    Inf 
422    766    322    Inf 
433    711    311    Inf 
433    711    322    Inf 
433    722    311    Inf 
433    722    322    Inf 
433    733    311    Inf 
433    733    322    Inf 
433    744    311    Inf 
433    744    322    Inf 
433    755    311    Inf 
433    755    322    Inf 
433    765    311    Inf 
433    766    311    Inf 
433    765    322    Inf 
433    766    322    Inf 
411    711    422    BH 
411    722    433    BH 
422    711    433    BH 
411    711    522    BH 
411    722    533    BH 
411    733    544    BH 
422    711    533    BH 
422    722    544    BH 
433    711    544    BH 
411    711    622    BH 
411    722    633    BH 
411    733    644    BH 
411    744    655    BH 
422    711    633    BH 
422    722    644    BH 
422    733    655    BH 
433    711    644    BH 
433    722    655    BH 
411    711    722    BH 
411    722    733    BH 
411    733    744    BH 
411    744    755    BH 
411    755    766    BH 
422    711    733    BH 
422    722    744    BH 
422    733    755    BH 
422    744    766    BH 
433    711    744    BH 
433    722    755    BH 
433    733    766    BH 
411    711    822    BH 
411    722    833    BH 
411    733    844    BH 
411    744    855    BH 
411    755    866    BH 
411    766    877    BH 
422    711    833    BH 
422    722    844    BH 
422    733    855    BH 
422    744    866    BH 
422    755    877    BH 
433    711    844    BH 
433    722    855    BH 
433    733    866    BH 
433    744    877    BH 
411    811    211    Inf 
411    822    211    Inf 
411    833    211    Inf 
411    844    211    Inf 
411    855    211    Inf 
411    866    211    Inf 
411    877    211    Inf 
422    811    211    Inf 
422    822    211    Inf 
422    833    211    Inf 
422    844    211    Inf 
422    855    211    Inf 
422    866    211    Inf 
422    877    211    Inf 
433    811    211    Inf 
433    822    211    Inf 
433    833    211    Inf 
433    844    211    Inf 
433    855    211    Inf 
433    866    211    Inf 
433    877    211    Inf 
411    811    311    Inf 
411    811    322    Inf 
411    822    311    Inf 
411    822    322    Inf 
411    833    311    Inf 
411    833    322    Inf 
411    844    311    Inf 
411    844    322    Inf 
411    855    311    Inf 
411    855    322    Inf 
411    866    311    Inf 
411    866    322    Inf 
411    877    311    Inf 
411    877    322    Inf 
422    811    311    Inf 
422    811    322    Inf 
422    822    311    Inf 
422    822    322    Inf 
422    833    311    Inf 
422    833    322    Inf 
422    844    311    Inf 
422    844    322    Inf 
422    855    311    Inf 
422    855    322    Inf 
422    866    311    Inf 
422    866    322    Inf 
422    877    311    Inf 
422    877    322    Inf 
433    811    311    Inf 
433    811    322    Inf 
433    822    311    Inf 
433    822    322    Inf 
433    833    311    Inf 
433    833    322    Inf 
433    844    311    Inf 
433    844    322    Inf 
433    855    311    Inf 
433    855    322    Inf 
433    866    311    Inf 
433    866    322    Inf 
433    877    311    Inf 
433    877    322    Inf 
411    811    422    BH 
411    822    433    BH 
422    811    433    BH 
411    811    522    BH 
411    822    533    BH 
411    833    544    BH 
422    811    533    BH 
422    822    544    BH 
433    811    544    BH 
411    811    622    BH 
411    822    633    BH 
411    833    644    BH 
411    844    655    BH 
422    811    633    BH 
422    822    644    BH 
422    833    655    BH 
433    811    644    BH 
433    822    655    BH 
411    811    722    BH 
411    822    733    BH 
411    833    744    BH 
411    844    755    BH 
411    855    766    BH 
422    811    733    BH 
422    822    744    BH 
422    833    755    BH 
422    844    766    BH 
433    811    744    BH 
433    822    755    BH 
433    833    766    BH 
411    811    822    BH 
411    822    833    BH 
411    833    844    BH 
411    844    855    BH 
411    855    866    BH 
411    866    877    BH 
422    811    833    BH 
422    822    844    BH 
422    833    855    BH 
422    844    866    BH 
422    855    877    BH 
433    811    844    BH 
433    822    855    BH 
433    833    866    BH 
433    844    877    BH 
511    511    211    Inf 
511    522    211    Inf 
511    533    211    Inf 
511    544    211    Inf 
522    522    211    Inf 
522    533    211    Inf 
522    544    211    Inf 
533    533    211    Inf 
533    544    211    Inf 
544    544    211    Inf 
511    511    311    Inf 
511    511    322    Inf 
511    522    311    Inf 
511    522    322    Inf 
511    533    311    Inf 
511    533    322    Inf 
511    544    311    Inf 
511    544    322    Inf 
522    522    311    Inf 
522    522    322    Inf 
522    533    311    Inf 
522    533    322    Inf 
522    544    311    Inf 
522    544    322    Inf 
533    533    311    Inf 
533    533    322    Inf 
533    544    311    Inf 
533    544    322    Inf 
544    544    311    Inf 
544    544    322    Inf 
511    511    422    BH 
511    522    433    BH 
511    511    522    BH 
511    522    533    BH 
511    533    544    BH 
522    522    544    BH 
511    511    622    BH 
511    522    633    BH 
511    533    644    BH 
511    544    655    BH 
522    522    644    BH 
522    533    655    BH 
511    511    722    BH 
511    522    733    BH 
511    533    744    BH 
511    544    755    BH 
522    522    744    BH 
522    533    755    BH 
522    544    766    BH 
533    533    766    BH 
511    511    822    BH 
511    522    833    BH 
511    533    844    BH 
511    544    855    BH 
522    522    844    BH 
522    533    855    BH 
522    544    866    BH 
533    533    866    BH 
533    544    877    BH 
511    611    211    Inf 
511    622    211    Inf 
511    633    211    Inf 
511    644    211    Inf 
511    655    211    Inf 
522    611    211    Inf 
522    622    211    Inf 
522    633    211    Inf 
522    644    211    Inf 
522    655    211    Inf 
533    611    211    Inf 
533    622    211    Inf 
533    633    211    Inf 
533    644    211    Inf 
533    655    211    Inf 
544    611    211    Inf 
544    622    211    Inf 
544    633    211    Inf 
544    644    211    Inf 
544    655    211    Inf 
511    611    311    Inf 
511    611    322    Inf 
511    622    311    Inf 
511    622    322    Inf 
511    633    311    Inf 
511    633    322    Inf 
511    644    311    Inf 
511    644    322    Inf 
511    655    311    Inf 
511    655    322    Inf 
522    611    311    Inf 
522    611    322    Inf 
522    622    311    Inf 
522    622    322    Inf 
522    633    311    Inf 
522    633    322    Inf 
522    644    311    Inf 
522    644    322    Inf 
522    655    311    Inf 
522    655    322    Inf 
533    611    311    Inf 
533    611    322    Inf 
533    622    311    Inf 
533    622    322    Inf 
533    633    311    Inf 
533    633    322    Inf 
533    644    311    Inf 
533    644    322    Inf 
533    655    311    Inf 
533    655    322    Inf 
544    611    311    Inf 
544    611    322    Inf 
544    622    311    Inf 
544    622    322    Inf 
544    633    311    Inf 
544    633    322    Inf 
544    644    311    Inf 
544    644    322    Inf 
544    655    311    Inf 
544    655    322    Inf 
511    611    422    BH 
511    622    433    BH 
522    611    433    BH 
511    611    522    BH 
511    622    533    BH 
511    633    544    BH 
522    611    533    BH 
522    622    544    BH 
533    611    544    BH 
511    611    622    BH 
511    622    633    BH 
511    633    644    BH 
511    644    655    BH 
522    611    633    BH 
522    622    644    BH 
522    633    655    BH 
533    611    644    BH 
533    622    655    BH 
544    611    655    BH 
511    611    722    BH 
511    622    733    BH 
511    633    744    BH 
511    644    755    BH 
511    655    766    BH 
522    611    733    BH 
522    622    744    BH 
522    633    755    BH 
522    644    766    BH 
533    611    744    BH 
533    622    755    BH 
533    633    766    BH 
544    611    755    BH 
544    622    766    BH 
511    611    822    BH 
511    622    833    BH 
511    633    844    BH 
511    644    855    BH 
511    655    866    BH 
522    611    833    BH 
522    622    844    BH 
522    633    855    BH 
522    644    866    BH 
522    655    877    BH 
533    611    844    BH 
533    622    855    BH 
533    633    866    BH 
533    644    877    BH 
544    611    855    BH 
544    622    866    BH 
544    633    877    BH 
511    711    211    Inf 
511    722    211    Inf 
511    733    211    Inf 
511    744    211    Inf 
511    755    211    Inf 
511    765    211    Inf 
511    766    211    Inf 
522    711    211    Inf 
522    722    211    Inf 
522    733    211    Inf 
522    744    211    Inf 
522    755    211    Inf 
522    765    211    Inf 
522    766    211    Inf 
533    711    211    Inf 
533    722    211    Inf 
533    733    211    Inf 
533    744    211    Inf 
533    755    211    Inf 
533    765    211    Inf 
533    766    211    Inf 
544    711    211    Inf 
544    722    211    Inf 
544    733    211    Inf 
544    744    211    Inf 
544    755    211    Inf 
544    765    211    Inf 
544    766    211    Inf 
511    711    311    Inf 
511    711    322    Inf 
511    722    311    Inf 
511    722    322    Inf 
511    733    311    Inf 
511    733    322    Inf 
511    744    311    Inf 
511    744    322    Inf 
511    755    311    Inf 
511    755    322    Inf 
511    765    311    Inf 
511    766    311    Inf 
511    765    322    Inf 
511    766    322    Inf 
522    711    311    Inf 
522    711    322    Inf 
522    722    311    Inf 
522    722    322    Inf 
522    733    311    Inf 
522    733    322    Inf 
522    744    311    Inf 
522    744    322    Inf 
522    755    311    Inf 
522    755    322    Inf 
522    765    311    Inf 
522    766    311    Inf 
522    765    322    Inf 
522    766    322    Inf 
533    711    311    Inf 
533    711    322    Inf 
533    722    311    Inf 
533    722    322    Inf 
533    733    311    Inf 
533    733    322    Inf 
533    744    311    Inf 
533    744    322    Inf 
533    755    311    Inf 
533    755    322    Inf 
533    765    311    Inf 
533    766    311    Inf 
533    765    322    Inf 
533    766    322    Inf 
544    711    311    Inf 
544    711    322    Inf 
544    722    311    Inf 
544    722    322    Inf 
544    733    311    Inf 
544    733    322    Inf 
544    744    311    Inf 
544    744    322    Inf 
544    755    311    Inf 
544    755    322    Inf 
544    765    311    Inf 
544    766    311    Inf 
544    765    322    Inf 
544    766    322    Inf 
511    711    411    Inf 
511    711    422    Inf 
511    711    433    Inf 
511    722    411    Inf 
511    722    422    Inf 
511    722    433    Inf 
511    733    411    Inf 
511    733    422    Inf 
511    733    433    Inf 
511    744    411    Inf 
511    744    422    Inf 
511    744    433    Inf 
511    755    411    Inf 
511    755    422    Inf 
511    755    433    Inf 
511    765    411    Inf 
511    766    411    Inf 
511    765    422    Inf 
511    766    422    Inf 
511    765    433    Inf 
511    766    433    Inf 
522    711    411    Inf 
522    711    422    Inf 
522    711    433    Inf 
522    722    411    Inf 
522    722    422    Inf 
522    722    433    Inf 
522    733    411    Inf 
522    733    422    Inf 
522    733    433    Inf 
522    744    411    Inf 
522    744    422    Inf 
522    744    433    Inf 
522    755    411    Inf 
522    755    422    Inf 
522    755    433    Inf 
522    765    411    Inf 
522    766    411    Inf 
522    765    422    Inf 
522    766    422    Inf 
522    765    433    Inf 
522    766    433    Inf 
533    711    411    Inf 
533    711    422    Inf 
533    711    433    Inf 
533    722    411    Inf 
533    722    422    Inf 
533    722    433    Inf 
533    733    411    Inf 
533    733    422    Inf 
533    733    433    Inf 
533    744    411    Inf 
533    744    422    Inf 
533    744    433    Inf 
533    755    411    Inf 
533    755    422    Inf 
533    755    433    Inf 
533    765    411    Inf 
533    766    411    Inf 
533    765    422    Inf 
533    766    422    Inf 
533    765    433    Inf 
533    766    433    Inf 
544    711    411    Inf 
544    711    422    Inf 
544    711    433    Inf 
544    722    411    Inf 
544    722    422    Inf 
544    722    433    Inf 
544    733    411    Inf 
544    733    422    Inf 
544    733    433    Inf 
544    744    411    Inf 
544    744    422    Inf 
544    744    433    Inf 
544    755    411    Inf 
544    755    422    Inf 
544    755    433    Inf 
544    765    411    Inf 
544    766    411    Inf 
544    765    422    Inf 
544    766    422    Inf 
544    765    433    Inf 
544    766    433    Inf 
511    711    522    BH 
511    722    533    BH 
511    733    544    BH 
522    711    533    BH 
522    722    544    BH 
533    711    544    BH 
511    711    622    BH 
511    722    633    BH 
511    733    644    BH 
511    744    655    BH 
522    711    633    BH 
522    722    644    BH 
522    733    655    BH 
533    711    644    BH 
533    722    655    BH 
544    711    655    BH 
511    711    722    BH 
511    722    733    BH 
511    733    744    BH 
511    744    755    BH 
511    755    766    BH 
522    711    733    BH 
522    722    744    BH 
522    733    755    BH 
522    744    766    BH 
533    711    744    BH 
533    722    755    BH 
533    733    766    BH 
544    711    755    BH 
544    722    766    BH 
511    711    822    BH 
511    722    833    BH 
511    733    844    BH 
511    744    855    BH 
511    755    866    BH 
511    766    877    BH 
522    711    833    BH 
522    722    844    BH 
522    733    855    BH 
522    744    866    BH 
522    755    877    BH 
533    711    844    BH 
533    722    855    BH 
533    733    866    BH 
533    744    877    BH 
544    711    855    BH 
544    722    866    BH 
544    733    877    BH 
511    811    211    Inf 
511    822    211    Inf 
511    833    211    Inf 
511    844    211    Inf 
511    855    211    Inf 
511    866    211    Inf 
511    877    211    Inf 
522    811    211    Inf 
522    822    211    Inf 
522    833    211    Inf 
522    844    211    Inf 
522    855    211    Inf 
522    866    211    Inf 
522    877    211    Inf 
533    811    211    Inf 
533    822    211    Inf 
533    833    211    Inf 
533    844    211    Inf 
533    855    211    Inf 
533    866    211    Inf 
533    877    211    Inf 
544    811    211    Inf 
544    822    211    Inf 
544    833    211    Inf 
544    844    211    Inf 
544    855    211    Inf 
544    866    211    Inf 
544    877    211    Inf 
511    811    311    Inf 
511    811    322    Inf 
511    822    311    Inf 
511    822    322    Inf 
511    833    311    Inf 
511    833    322    Inf 
511    844    311    Inf 
511    844    322    Inf 
511    855    311    Inf 
511    855    322    Inf 
511    866    311    Inf 
511    866    322    Inf 
511    877    311    Inf 
511    877    322    Inf 
522    811    311    Inf 
522    811    322    Inf 
522    822    311    Inf 
522    822    322    Inf 
522    833    311    Inf 
522    833    322    Inf 
522    844    311    Inf 
522    844    322    Inf 
522    855    311    Inf 
522    855    322    Inf 
522    866    311    Inf 
522    866    322    Inf 
522    877    311    Inf 
522    877    322    Inf 
533    811    311    Inf 
533    811    322    Inf 
533    822    311    Inf 
533    822    322    Inf 
533    833    311    Inf 
533    833    322    Inf 
533    844    311    Inf 
533    844    322    Inf 
533    855    311    Inf 
533    855    322    Inf 
533    866    311    Inf 
533    866    322    Inf 
533    877    311    Inf 
533    877    322    Inf 
544    811    311    Inf 
544    811    322    Inf 
544    822    311    Inf 
544    822    322    Inf 
544    833    311    Inf 
544    833    322    Inf 
544    844    311    Inf 
544    844    322    Inf 
544    855    311    Inf 
544    855    322    Inf 
544    866    311    Inf 
544    866    322    Inf 
544    877    311    Inf 
544    877    322    Inf 
511    811    411    Inf 
511    811    422    Inf 
511    811    433    Inf 
511    822    411    Inf 
511    822    422    Inf 
511    822    433    Inf 
511    833    411    Inf 
511    833    422    Inf 
511    833    433    Inf 
511    844    411    Inf 
511    844    422    Inf 
511    844    433    Inf 
511    855    411    Inf 
511    855    422    Inf 
511    855    433    Inf 
511    866    411    Inf 
511    866    422    Inf 
511    866    433    Inf 
511    877    411    Inf 
511    877    422    Inf 
511    877    433    Inf 
522    811    411    Inf 
522    811    422    Inf 
522    811    433    Inf 
522    822    411    Inf 
522    822    422    Inf 
522    822    433    Inf 
522    833    411    Inf 
522    833    422    Inf 
522    833    433    Inf 
522    844    411    Inf 
522    844    422    Inf 
522    844    433    Inf 
522    855    411    Inf 
522    855    422    Inf 
522    855    433    Inf 
522    866    411    Inf 
522    866    422    Inf 
522    866    433    Inf 
522    877    411    Inf 
522    877    422    Inf 
522    877    433    Inf 
533    811    411    Inf 
533    811    422    Inf 
533    811    433    Inf 
533    822    411    Inf 
533    822    422    Inf 
533    822    433    Inf 
533    833    411    Inf 
533    833    422    Inf 
533    833    433    Inf 
533    844    411    Inf 
533    844    422    Inf 
533    844    433    Inf 
533    855    411    Inf 
533    855    422    Inf 
533    855    433    Inf 
533    866    411    Inf 
533    866    422    Inf 
533    866    433    Inf 
533    877    411    Inf 
533    877    422    Inf 
533    877    433    Inf 
544    811    411    Inf 
544    811    422    Inf 
544    811    433    Inf 
544    822    411    Inf 
544    822    422    Inf 
544    822    433    Inf 
544    833    411    Inf 
544    833    422    Inf 
544    833    433    Inf 
544    844    411    Inf 
544    844    422    Inf 
544    844    433    Inf 
544    855    411    Inf 
544    855    422    Inf 
544    855    433    Inf 
544    866    411    Inf 
544    866    422    Inf 
544    866    433    Inf 
544    877    411    Inf 
544    877    422    Inf 
544    877    433    Inf 
511    811    522    BH 
511    822    533    BH 
511    833    544    BH 
522    811    533    BH 
522    822    544    BH 
533    811    544    BH 
511    811    622    BH 
511    822    633    BH 
511    833    644    BH 
511    844    655    BH 
522    811    633    BH 
522    822    644    BH 
522    833    655    BH 
533    811    644    BH 
533    822    655    BH 
544    811    655    BH 
511    811    722    BH 
511    822    733    BH 
511    833    744    BH 
511    844    755    BH 
511    855    766    BH 
522    811    733    BH 
522    822    744    BH 
522    833    755    BH 
522    844    766    BH 
533    811    744    BH 
533    822    755    BH 
533    833    766    BH 
544    811    755    BH 
544    822    766    BH 
511    811    822    BH 
511    822    833    BH 
511    833    844    BH 
511    844    855    BH 
511    855    866    BH 
511    866    877    BH 
522    811    833    BH 
522    822    844    BH 
522    833    855    BH 
522    844    866    BH 
522    855    877    BH 
533    811    844    BH 
533    822    855    BH 
533    833    866    BH 
533    844    877    BH 
544    811    855    BH 
544    822    866    BH 
544    833    877    BH 
611    611    211    Inf 
611    622    211    Inf 
611    633    211    Inf 
611    644    211    Inf 
611    655    211    Inf 
622    622    211    Inf 
622    633    211    Inf 
622    644    211    Inf 
622    655    211    Inf 
633    633    211    Inf 
633    644    211    Inf 
633    655    211    Inf 
644    644    211    Inf 
644    655    211    Inf 
655    655    211    Inf 
611    611    311    Inf 
611    611    322    Inf 
611    622    311    Inf 
611    622    322    Inf 
611    633    311    Inf 
611    633    322    Inf 
611    644    311    Inf 
611    644    322    Inf 
611    655    311    Inf 
611    655    322    Inf 
622    622    311    Inf 
622    622    322    Inf 
622    633    311    Inf 
622    633    322    Inf 
622    644    311    Inf 
622    644    322    Inf 
622    655    311    Inf 
622    655    322    Inf 
633    633    311    Inf 
633    633    322    Inf 
633    644    311    Inf 
633    644    322    Inf 
633    655    311    Inf 
633    655    322    Inf 
644    644    311    Inf 
644    644    322    Inf 
644    655    311    Inf 
644    655    322    Inf 
655    655    311    Inf 
655    655    322    Inf 
611    611    411    Inf 
611    611    422    Inf 
611    611    433    Inf 
611    622    411    Inf 
611    622    422    Inf 
611    622    433    Inf 
611    633    411    Inf 
611    633    422    Inf 
611    633    433    Inf 
611    644    411    Inf 
611    644    422    Inf 
611    644    433    Inf 
611    655    411    Inf 
611    655    422    Inf 
611    655    433    Inf 
622    622    411    Inf 
622    622    422    Inf 
622    622    433    Inf 
622    633    411    Inf 
622    633    422    Inf 
622    633    433    Inf 
622    644    411    Inf 
622    644    422    Inf 
622    644    433    Inf 
622    655    411    Inf 
622    655    422    Inf 
622    655    433    Inf 
633    633    411    Inf 
633    633    422    Inf 
633    633    433    Inf 
633    644    411    Inf 
633    644    422    Inf 
633    644    433    Inf 
633    655    411    Inf 
633    655    422    Inf 
633    655    433    Inf 
644    644    411    Inf 
644    644    422    Inf 
644    644    433    Inf 
644    655    411    Inf 
644    655    422    Inf 
644    655    433    Inf 
655    655    411    Inf 
655    655    422    Inf 
655    655    433    Inf 
611    611    522    BH 
611    622    533    BH 
611    633    544    BH 
622    622    544    BH 
611    611    622    BH 
611    622    633    BH 
611    633    644    BH 
611    644    655    BH 
622    622    644    BH 
622    633    655    BH 
611    611    722    BH 
611    622    733    BH 
611    633    744    BH 
611    644    755    BH 
611    655    766    BH 
622    622    744    BH 
622    633    755    BH 
622    644    766    BH 
633    633    766    BH 
611    611    822    BH 
611    622    833    BH 
611    633    844    BH 
611    644    855    BH 
611    655    866    BH 
622    622    844    BH 
622    633    855    BH 
622    644    866    BH 
622    655    877    BH 
633    633    866    BH 
633    644    877    BH 
611    711    211    Inf 
611    722    211    Inf 
611    733    211    Inf 
611    744    211    Inf 
611    755    211    Inf 
611    765    211    Inf 
611    766    211    Inf 
622    711    211    Inf 
622    722    211    Inf 
622    733    211    Inf 
622    744    211    Inf 
622    755    211    Inf 
622    765    211    Inf 
622    766    211    Inf 
633    711    211    Inf 
633    722    211    Inf 
633    733    211    Inf 
633    744    211    Inf 
633    755    211    Inf 
633    765    211    Inf 
633    766    211    Inf 
644    711    211    Inf 
644    722    211    Inf 
644    733    211    Inf 
644    744    211    Inf 
644    755    211    Inf 
644    765    211    Inf 
644    766    211    Inf 
655    711    211    Inf 
655    722    211    Inf 
655    733    211    Inf 
655    744    211    Inf 
655    755    211    Inf 
655    765    211    Inf 
655    766    211    Inf 
611    711    311    Inf 
611    711    322    Inf 
611    722    311    Inf 
611    722    322    Inf 
611    733    311    Inf 
611    733    322    Inf 
611    744    311    Inf 
611    744    322    Inf 
611    755    311    Inf 
611    755    322    Inf 
611    765    311    Inf 
611    766    311    Inf 
611    765    322    Inf 
611    766    322    Inf 
622    711    311    Inf 
622    711    322    Inf 
622    722    311    Inf 
622    722    322    Inf 
622    733    311    Inf 
622    733    322    Inf 
622    744    311    Inf 
622    744    322    Inf 
622    755    311    Inf 
622    755    322    Inf 
622    765    311    Inf 
622    766    311    Inf 
622    765    322    Inf 
622    766    322    Inf 
633    711    311    Inf 
633    711    322    Inf 
633    722    311    Inf 
633    722    322    Inf 
633    733    311    Inf 
633    733    322    Inf 
633    744    311    Inf 
633    744    322    Inf 
633    755    311    Inf 
633    755    322    Inf 
633    765    311    Inf 
633    766    311    Inf 
633    765    322    Inf 
633    766    322    Inf 
644    711    311    Inf 
644    711    322    Inf 
644    722    311    Inf 
644    722    322    Inf 
644    733    311    Inf 
644    733    322    Inf 
644    744    311    Inf 
644    744    322    Inf 
644    755    311    Inf 
644    755    322    Inf 
644    765    311    Inf 
644    766    311    Inf 
644    765    322    Inf 
644    766    322    Inf 
655    711    311    Inf 
655    711    322    Inf 
655    722    311    Inf 
655    722    322    Inf 
655    733    311    Inf 
655    733    322    Inf 
655    744    311    Inf 
655    744    322    Inf 
655    755    311    Inf 
655    755    322    Inf 
655    765    311    Inf 
655    766    311    Inf 
655    765    322    Inf 
655    766    322    Inf 
611    711    411    Inf 
611    711    422    Inf 
611    711    433    Inf 
611    722    411    Inf 
611    722    422    Inf 
611    722    433    Inf 
611    733    411    Inf 
611    733    422    Inf 
611    733    433    Inf 
611    744    411    Inf 
611    744    422    Inf 
611    744    433    Inf 
611    755    411    Inf 
611    755    422    Inf 
611    755    433    Inf 
611    765    411    Inf 
611    766    411    Inf 
611    765    422    Inf 
611    766    422    Inf 
611    765    433    Inf 
611    766    433    Inf 
622    711    411    Inf 
622    711    422    Inf 
622    711    433    Inf 
622    722    411    Inf 
622    722    422    Inf 
622    722    433    Inf 
622    733    411    Inf 
622    733    422    Inf 
622    733    433    Inf 
622    744    411    Inf 
622    744    422    Inf 
622    744    433    Inf 
622    755    411    Inf 
622    755    422    Inf 
622    755    433    Inf 
622    765    411    Inf 
622    766    411    Inf 
622    765    422    Inf 
622    766    422    Inf 
622    765    433    Inf 
622    766    433    Inf 
633    711    411    Inf 
633    711    422    Inf 
633    711    433    Inf 
633    722    411    Inf 
633    722    422    Inf 
633    722    433    Inf 
633    733    411    Inf 
633    733    422    Inf 
633    733    433    Inf 
633    744    411    Inf 
633    744    422    Inf 
633    744    433    Inf 
633    755    411    Inf 
633    755    422    Inf 
633    755    433    Inf 
633    765    411    Inf 
633    766    411    Inf 
633    765    422    Inf 
633    766    422    Inf 
633    765    433    Inf 
633    766    433    Inf 
644    711    411    Inf 
644    711    422    Inf 
644    711    433    Inf 
644    722    411    Inf 
644    722    422    Inf 
644    722    433    Inf 
644    733    411    Inf 
644    733    422    Inf 
644    733    433    Inf 
644    744    411    Inf 
644    744    422    Inf 
644    744    433    Inf 
644    755    411    Inf 
644    755    422    Inf 
644    755    433    Inf 
644    765    411    Inf 
644    766    411    Inf 
644    765    422    Inf 
644    766    422    Inf 
644    765    433    Inf 
644    766    433    Inf 
655    711    411    Inf 
655    711    422    Inf 
655    711    433    Inf 
655    722    411    Inf 
655    722    422    Inf 
655    722    433    Inf 
655    733    411    Inf 
655    733    422    Inf 
655    733    433    Inf 
655    744    411    Inf 
655    744    422    Inf 
655    744    433    Inf 
655    755    411    Inf 
655    755    422    Inf 
655    755    433    Inf 
655    765    411    Inf 
655    766    411    Inf 
655    765    422    Inf 
655    766    422    Inf 
655    765    433    Inf 
655    766    433    Inf 
611    711    522    BH 
611    722    533    BH 
611    733    544    BH 
622    711    533    BH 
622    722    544    BH 
633    711    544    BH 
611    711    622    BH 
611    722    633    BH 
611    733    644    BH 
611    744    655    BH 
622    711    633    BH 
622    722    644    BH 
622    733    655    BH 
633    711    644    BH 
633    722    655    BH 
644    711    655    BH 
611    711    722    BH 
611    722    733    BH 
611    733    744    BH 
611    744    755    BH 
611    755    766    BH 
622    711    733    BH 
622    722    744    BH 
622    733    755    BH 
622    744    766    BH 
633    711    744    BH 
633    722    755    BH 
633    733    766    BH 
644    711    755    BH 
644    722    766    BH 
655    711    766    BH 
611    711    822    BH 
611    722    833    BH 
611    733    844    BH 
611    744    855    BH 
611    755    866    BH 
611    766    877    BH 
622    711    833    BH 
622    722    844    BH 
622    733    855    BH 
622    744    866    BH 
622    755    877    BH 
633    711    844    BH 
633    722    855    BH 
633    733    866    BH 
633    744    877    BH 
644    711    855    BH 
644    722    866    BH 
644    733    877    BH 
655    711    866    BH 
655    722    877    BH 
611    811    211    Inf 
611    822    211    Inf 
611    833    211    Inf 
611    844    211    Inf 
611    855    211    Inf 
611    866    211    Inf 
611    877    211    Inf 
622    811    211    Inf 
622    822    211    Inf 
622    833    211    Inf 
622    844    211    Inf 
622    855    211    Inf 
622    866    211    Inf 
622    877    211    Inf 
633    811    211    Inf 
633    822    211    Inf 
633    833    211    Inf 
633    844    211    Inf 
633    855    211    Inf 
633    866    211    Inf 
633    877    211    Inf 
644    811    211    Inf 
644    822    211    Inf 
644    833    211    Inf 
644    844    211    Inf 
644    855    211    Inf 
644    866    211    Inf 
644    877    211    Inf 
655    811    211    Inf 
655    822    211    Inf 
655    833    211    Inf 
655    844    211    Inf 
655    855    211    Inf 
655    866    211    Inf 
655    877    211    Inf 
611    811    311    Inf 
611    811    322    Inf 
611    822    311    Inf 
611    822    322    Inf 
611    833    311    Inf 
611    833    322    Inf 
611    844    311    Inf 
611    844    322    Inf 
611    855    311    Inf 
611    855    322    Inf 
611    866    311    Inf 
611    866    322    Inf 
611    877    311    Inf 
611    877    322    Inf 
622    811    311    Inf 
622    811    322    Inf 
622    822    311    Inf 
622    822    322    Inf 
622    833    311    Inf 
622    833    322    Inf 
622    844    311    Inf 
622    844    322    Inf 
622    855    311    Inf 
622    855    322    Inf 
622    866    311    Inf 
622    866    322    Inf 
622    877    311    Inf 
622    877    322    Inf 
633    811    311    Inf 
633    811    322    Inf 
633    822    311    Inf 
633    822    322    Inf 
633    833    311    Inf 
633    833    322    Inf 
633    844    311    Inf 
633    844    322    Inf 
633    855    311    Inf 
633    855    322    Inf 
633    866    311    Inf 
633    866    322    Inf 
633    877    311    Inf 
633    877    322    Inf 
644    811    311    Inf 
644    811    322    Inf 
644    822    311    Inf 
644    822    322    Inf 
644    833    311    Inf 
644    833    322    Inf 
644    844    311    Inf 
644    844    322    Inf 
644    855    311    Inf 
644    855    322    Inf 
644    866    311    Inf 
644    866    322    Inf 
644    877    311    Inf 
644    877    322    Inf 
655    811    311    Inf 
655    811    322    Inf 
655    822    311    Inf 
655    822    322    Inf 
655    833    311    Inf 
655    833    322    Inf 
655    844    311    Inf 
655    844    322    Inf 
655    855    311    Inf 
655    855    322    Inf 
655    866    311    Inf 
655    866    322    Inf 
655    877    311    Inf 
655    877    322    Inf 
611    811    411    Inf 
611    811    422    Inf 
611    811    433    Inf 
611    822    411    Inf 
611    822    422    Inf 
611    822    433    Inf 
611    833    411    Inf 
611    833    422    Inf 
611    833    433    Inf 
611    844    411    Inf 
611    844    422    Inf 
611    844    433    Inf 
611    855    411    Inf 
611    855    422    Inf 
611    855    433    Inf 
611    866    411    Inf 
611    866    422    Inf 
611    866    433    Inf 
611    877    411    Inf 
611    877    422    Inf 
611    877    433    Inf 
622    811    411    Inf 
622    811    422    Inf 
622    811    433    Inf 
622    822    411    Inf 
622    822    422    Inf 
622    822    433    Inf 
622    833    411    Inf 
622    833    422    Inf 
622    833    433    Inf 
622    844    411    Inf 
622    844    422    Inf 
622    844    433    Inf 
622    855    411    Inf 
622    855    422    Inf 
622    855    433    Inf 
622    866    411    Inf 
622    866    422    Inf 
622    866    433    Inf 
622    877    411    Inf 
622    877    422    Inf 
622    877    433    Inf 
633    811    411    Inf 
633    811    422    Inf 
633    811    433    Inf 
633    822    411    Inf 
633    822    422    Inf 
633    822    433    Inf 
633    833    411    Inf 
633    833    422    Inf 
633    833    433    Inf 
633    844    411    Inf 
633    844    422    Inf 
633    844    433    Inf 
633    855    411    Inf 
633    855    422    Inf 
633    855    433    Inf 
633    866    411    Inf 
633    866    422    Inf 
633    866    433    Inf 
633    877    411    Inf 
633    877    422    Inf 
633    877    433    Inf 
644    811    411    Inf 
644    811    422    Inf 
644    811    433    Inf 
644    822    411    Inf 
644    822    422    Inf 
644    822    433    Inf 
644    833    411    Inf 
644    833    422    Inf 
644    833    433    Inf 
644    844    411    Inf 
644    844    422    Inf 
644    844    433    Inf 
644    855    411    Inf 
644    855    422    Inf 
644    855    433    Inf 
644    866    411    Inf 
644    866    422    Inf 
644    866    433    Inf 
644    877    411    Inf 
644    877    422    Inf 
644    877    433    Inf 
655    811    411    Inf 
655    811    422    Inf 
655    811    433    Inf 
655    822    411    Inf 
655    822    422    Inf 
655    822    433    Inf 
655    833    411    Inf 
655    833    422    Inf 
655    833    433    Inf 
655    844    411    Inf 
655    844    422    Inf 
655    844    433    Inf 
655    855    411    Inf 
655    855    422    Inf 
655    855    433    Inf 
655    866    411    Inf 
655    866    422    Inf 
655    866    433    Inf 
655    877    411    Inf 
655    877    422    Inf 
655    877    433    Inf 
611    811    522    BH 
611    822    533    BH 
611    833    544    BH 
622    811    533    BH 
622    822    544    BH 
633    811    544    BH 
611    811    622    BH 
611    822    633    BH 
611    833    644    BH 
611    844    655    BH 
622    811    633    BH 
622    822    644    BH 
622    833    655    BH 
633    811    644    BH 
633    822    655    BH 
644    811    655    BH 
611    811    722    BH 
611    822    733    BH 
611    833    744    BH 
611    844    755    BH 
611    855    766    BH 
622    811    733    BH 
622    822    744    BH 
622    833    755    BH 
622    844    766    BH 
633    811    744    BH 
633    822    755    BH 
633    833    766    BH 
644    811    755    BH 
644    822    766    BH 
655    811    766    BH 
611    811    822    BH 
611    822    833    BH 
611    833    844    BH 
611    844    855    BH 
611    855    866    BH 
611    866    877    BH 
622    811    833    BH 
622    822    844    BH 
622    833    855    BH 
622    844    866    BH 
622    855    877    BH 
633    811    844    BH 
633    822    855    BH 
633    833    866    BH 
633    844    877    BH 
644    811    855    BH 
644    822    866    BH 
644    833    877    BH 
655    811    866    BH 
655    822    877    BH 
711    711    211    Inf 
711    722    211    Inf 
711    733    211    Inf 
711    744    211    Inf 
711    755    211    Inf 
711    765    211    Inf 
711    766    211    Inf 
722    722    211    Inf 
722    733    211    Inf 
722    744    211    Inf 
722    755    211    Inf 
722    765    211    Inf 
722    766    211    Inf 
733    733    211    Inf 
733    744    211    Inf 
733    755    211    Inf 
733    765    211    Inf 
733    766    211    Inf 
744    744    211    Inf 
744    755    211    Inf 
744    765    211    Inf 
744    766    211    Inf 
755    755    211    Inf 
755    765    211    Inf 
755    766    211    Inf 
765    765    211    Inf 
765    766    211    Inf 
766    766    211    Inf 
711    711    311    Inf 
711    711    322    Inf 
711    722    311    Inf 
711    722    322    Inf 
711    733    311    Inf 
711    733    322    Inf 
711    744    311    Inf 
711    744    322    Inf 
711    755    311    Inf 
711    755    322    Inf 
711    765    311    Inf 
711    766    311    Inf 
711    765    322    Inf 
711    766    322    Inf 
722    722    311    Inf 
722    722    322    Inf 
722    733    311    Inf 
722    733    322    Inf 
722    744    311    Inf 
722    744    322    Inf 
722    755    311    Inf 
722    755    322    Inf 
722    765    311    Inf 
722    766    311    Inf 
722    765    322    Inf 
722    766    322    Inf 
733    733    311    Inf 
733    733    322    Inf 
733    744    311    Inf 
733    744    322    Inf 
733    755    311    Inf 
733    755    322    Inf 
733    765    311    Inf 
733    766    311    Inf 
733    765    322    Inf 
733    766    322    Inf 
744    744    311    Inf 
744    744    322    Inf 
744    755    311    Inf 
744    755    322    Inf 
744    765    311    Inf 
744    766    311    Inf 
744    765    322    Inf 
744    766    322    Inf 
755    755    311    Inf 
755    755    322    Inf 
755    765    311    Inf 
755    766    311    Inf 
755    765    322    Inf 
755    766    322    Inf 
765    765    311    Inf 
765    766    311    Inf 
766    766    311    Inf 
765    765    322    Inf 
765    766    322    Inf 
766    766    322    Inf 
711    711    411    Inf 
711    711    422    Inf 
711    711    433    Inf 
711    722    411    Inf 
711    722    422    Inf 
711    722    433    Inf 
711    733    411    Inf 
711    733    422    Inf 
711    733    433    Inf 
711    744    411    Inf 
711    744    422    Inf 
711    744    433    Inf 
711    755    411    Inf 
711    755    422    Inf 
711    755    433    Inf 
711    765    411    Inf 
711    766    411    Inf 
711    765    422    Inf 
711    766    422    Inf 
711    765    433    Inf 
711    766    433    Inf 
722    722    411    Inf 
722    722    422    Inf 
722    722    433    Inf 
722    733    411    Inf 
722    733    422    Inf 
722    733    433    Inf 
722    744    411    Inf 
722    744    422    Inf 
722    744    433    Inf 
722    755    411    Inf 
722    755    422    Inf 
722    755    433    Inf 
722    765    411    Inf 
722    766    411    Inf 
722    765    422    Inf 
722    766    422    Inf 
722    765    433    Inf 
722    766    433    Inf 
733    733    411    Inf 
733    733    422    Inf 
733    733    433    Inf 
733    744    411    Inf 
733    744    422    Inf 
733    744    433    Inf 
733    755    411    Inf 
733    755    422    Inf 
733    755    433    Inf 
733    765    411    Inf 
733    766    411    Inf 
733    765    422    Inf 
733    766    422    Inf 
733    765    433    Inf 
733    766    433    Inf 
744    744    411    Inf 
744    744    422    Inf 
744    744    433    Inf 
744    755    411    Inf 
744    755    422    Inf 
744    755    433    Inf 
744    765    411    Inf 
744    766    411    Inf 
744    765    422    Inf 
744    766    422    Inf 
744    765    433    Inf 
744    766    433    Inf 
755    755    411    Inf 
755    755    422    Inf 
755    755    433    Inf 
755    765    411    Inf 
755    766    411    Inf 
755    765    422    Inf 
755    766    422    Inf 
755    765    433    Inf 
755    766    433    Inf 
765    765    411    Inf 
765    766    411    Inf 
766    766    411    Inf 
765    765    422    Inf 
765    766    422    Inf 
766    766    422    Inf 
765    765    433    Inf 
765    766    433    Inf 
766    766    433    Inf 
711    711    522    BH 
711    722    533    BH 
711    733    544    BH 
722    722    544    BH 
711    711    622    BH 
711    722    633    BH 
711    733    644    BH 
711    744    655    BH 
722    722    644    BH 
722    733    655    BH 
711    711    722    BH 
711    722    733    BH 
711    733    744    BH 
711    744    755    BH 
711    755    766    BH 
722    722    744    BH 
722    733    755    BH 
722    744    766    BH 
733    733    766    BH 
711    711    822    BH 
711    722    833    BH 
711    733    844    BH 
711    744    855    BH 
711    755    866    BH 
711    766    877    BH 
722    722    844    BH 
722    733    855    BH 
722    744    866    BH 
722    755    877    BH 
733    733    866    BH 
733    744    877    BH 
711    811    211    Inf 
711    822    211    Inf 
711    833    211    Inf 
711    844    211    Inf 
711    855    211    Inf 
711    866    211    Inf 
711    877    211    Inf 
722    811    211    Inf 
722    822    211    Inf 
722    833    211    Inf 
722    844    211    Inf 
722    855    211    Inf 
722    866    211    Inf 
722    877    211    Inf 
733    811    211    Inf 
733    822    211    Inf 
733    833    211    Inf 
733    844    211    Inf 
733    855    211    Inf 
733    866    211    Inf 
733    877    211    Inf 
744    811    211    Inf 
744    822    211    Inf 
744    833    211    Inf 
744    844    211    Inf 
744    855    211    Inf 
744    866    211    Inf 
744    877    211    Inf 
755    811    211    Inf 
755    822    211    Inf 
755    833    211    Inf 
755    844    211    Inf 
755    855    211    Inf 
755    866    211    Inf 
755    877    211    Inf 
765    811    211    Inf 
766    811    211    Inf 
765    822    211    Inf 
766    822    211    Inf 
765    833    211    Inf 
766    833    211    Inf 
765    844    211    Inf 
766    844    211    Inf 
765    855    211    Inf 
766    855    211    Inf 
765    866    211    Inf 
766    866    211    Inf 
765    877    211    Inf 
766    877    211    Inf 
711    811    311    Inf 
711    811    322    Inf 
711    822    311    Inf 
711    822    322    Inf 
711    833    311    Inf 
711    833    322    Inf 
711    844    311    Inf 
711    844    322    Inf 
711    855    311    Inf 
711    855    322    Inf 
711    866    311    Inf 
711    866    322    Inf 
711    877    311    Inf 
711    877    322    Inf 
722    811    311    Inf 
722    811    322    Inf 
722    822    311    Inf 
722    822    322    Inf 
722    833    311    Inf 
722    833    322    Inf 
722    844    311    Inf 
722    844    322    Inf 
722    855    311    Inf 
722    855    322    Inf 
722    866    311    Inf 
722    866    322    Inf 
722    877    311    Inf 
722    877    322    Inf 
733    811    311    Inf 
733    811    322    Inf 
733    822    311    Inf 
733    822    322    Inf 
733    833    311    Inf 
733    833    322    Inf 
733    844    311    Inf 
733    844    322    Inf 
733    855    311    Inf 
733    855    322    Inf 
733    866    311    Inf 
733    866    322    Inf 
733    877    311    Inf 
733    877    322    Inf 
744    811    311    Inf 
744    811    322    Inf 
744    822    311    Inf 
744    822    322    Inf 
744    833    311    Inf 
744    833    322    Inf 
744    844    311    Inf 
744    844    322    Inf 
744    855    311    Inf 
744    855    322    Inf 
744    866    311    Inf 
744    866    322    Inf 
744    877    311    Inf 
744    877    322    Inf 
755    811    311    Inf 
755    811    322    Inf 
755    822    311    Inf 
755    822    322    Inf 
755    833    311    Inf 
755    833    322    Inf 
755    844    311    Inf 
755    844    322    Inf 
755    855    311    Inf 
755    855    322    Inf 
755    866    311    Inf 
755    866    322    Inf 
755    877    311    Inf 
755    877    322    Inf 
765    811    311    Inf 
766    811    311    Inf 
765    811    322    Inf 
766    811    322    Inf 
765    822    311    Inf 
766    822    311    Inf 
765    822    322    Inf 
766    822    322    Inf 
765    833    311    Inf 
766    833    311    Inf 
765    833    322    Inf 
766    833    322    Inf 
765    844    311    Inf 
766    844    311    Inf 
765    844    322    Inf 
766    844    322    Inf 
765    855    311    Inf 
766    855    311    Inf 
765    855    322    Inf 
766    855    322    Inf 
765    866    311    Inf 
766    866    311    Inf 
765    866    322    Inf 
766    866    322    Inf 
765    877    311    Inf 
766    877    311    Inf 
765    877    322    Inf 
766    877    322    Inf 
711    811    411    Inf 
711    811    422    Inf 
711    811    433    Inf 
711    822    411    Inf 
711    822    422    Inf 
711    822    433    Inf 
711    833    411    Inf 
711    833    422    Inf 
711    833    433    Inf 
711    844    411    Inf 
711    844    422    Inf 
711    844    433    Inf 
711    855    411    Inf 
711    855    422    Inf 
711    855    433    Inf 
711    866    411    Inf 
711    866    422    Inf 
711    866    433    Inf 
711    877    411    Inf 
711    877    422    Inf 
711    877    433    Inf 
722    811    411    Inf 
722    811    422    Inf 
722    811    433    Inf 
722    822    411    Inf 
722    822    422    Inf 
722    822    433    Inf 
722    833    411    Inf 
722    833    422    Inf 
722    833    433    Inf 
722    844    411    Inf 
722    844    422    Inf 
722    844    433    Inf 
722    855    411    Inf 
722    855    422    Inf 
722    855    433    Inf 
722    866    411    Inf 
722    866    422    Inf 
722    866    433    Inf 
722    877    411    Inf 
722    877    422    Inf 
722    877    433    Inf 
733    811    411    Inf 
733    811    422    Inf 
733    811    433    Inf 
733    822    411    Inf 
733    822    422    Inf 
733    822    433    Inf 
733    833    411    Inf 
733    833    422    Inf 
733    833    433    Inf 
733    844    411    Inf 
733    844    422    Inf 
733    844    433    Inf 
733    855    411    Inf 
733    855    422    Inf 
733    855    433    Inf 
733    866    411    Inf 
733    866    422    Inf 
733    866    433    Inf 
733    877    411    Inf 
733    877    422    Inf 
733    877    433    Inf 
744    811    411    Inf 
744    811    422    Inf 
744    811    433    Inf 
744    822    411    Inf 
744    822    422    Inf 
744    822    433    Inf 
744    833    411    Inf 
744    833    422    Inf 
744    833    433    Inf 
744    844    411    Inf 
744    844    422    Inf 
744    844    433    Inf 
744    855    411    Inf 
744    855    422    Inf 
744    855    433    Inf 
744    866    411    Inf 
744    866    422    Inf 
744    866    433    Inf 
744    877    411    Inf 
744    877    422    Inf 
744    877    433    Inf 
755    811    411    Inf 
755    811    422    Inf 
755    811    433    Inf 
755    822    411    Inf 
755    822    422    Inf 
755    822    433    Inf 
755    833    411    Inf 
755    833    422    Inf 
755    833    433    Inf 
755    844    411    Inf 
755    844    422    Inf 
755    844    433    Inf 
755    855    411    Inf 
755    855    422    Inf 
755    855    433    Inf 
755    866    411    Inf 
755    866    422    Inf 
755    866    433    Inf 
755    877    411    Inf 
755    877    422    Inf 
755    877    433    Inf 
765    811    411    Inf 
766    811    411    Inf 
765    811    422    Inf 
766    811    422    Inf 
765    811    433    Inf 
766    811    433    Inf 
765    822    411    Inf 
766    822    411    Inf 
765    822    422    Inf 
766    822    422    Inf 
765    822    433    Inf 
766    822    433    Inf 
765    833    411    Inf 
766    833    411    Inf 
765    833    422    Inf 
766    833    422    Inf 
765    833    433    Inf 
766    833    433    Inf 
765    844    411    Inf 
766    844    411    Inf 
765    844    422    Inf 
766    844    422    Inf 
765    844    433    Inf 
766    844    433    Inf 
765    855    411    Inf 
766    855    411    Inf 
765    855    422    Inf 
766    855    422    Inf 
765    855    433    Inf 
766    855    433    Inf 
765    866    411    Inf 
766    866    411    Inf 
765    866    422    Inf 
766    866    422    Inf 
765    866    433    Inf 
766    866    433    Inf 
765    877    411    Inf 
766    877    411    Inf 
765    877    422    Inf 
766    877    422    Inf 
765    877    433    Inf 
766    877    433    Inf 
711    811    511    Inf 
711    811    522    Inf 
711    811    533    Inf 
711    811    544    Inf 
711    822    511    Inf 
711    822    522    Inf 
711    822    533    Inf 
711    822    544    Inf 
711    833    511    Inf 
711    833    522    Inf 
711    833    533    Inf 
711    833    544    Inf 
711    844    511    Inf 
711    844    522    Inf 
711    844    533    Inf 
711    844    544    Inf 
711    855    511    Inf 
711    855    522    Inf 
711    855    533    Inf 
711    855    544    Inf 
711    866    511    Inf 
711    866    522    Inf 
711    866    533    Inf 
711    866    544    Inf 
711    877    511    Inf 
711    877    522    Inf 
711    877    533    Inf 
711    877    544    Inf 
722    811    511    Inf 
722    811    522    Inf 
722    811    533    Inf 
722    811    544    Inf 
722    822    511    Inf 
722    822    522    Inf 
722    822    533    Inf 
722    822    544    Inf 
722    833    511    Inf 
722    833    522    Inf 
722    833    533    Inf 
722    833    544    Inf 
722    844    511    Inf 
722    844    522    Inf 
722    844    533    Inf 
722    844    544    Inf 
722    855    511    Inf 
722    855    522    Inf 
722    855    533    Inf 
722    855    544    Inf 
722    866    511    Inf 
722    866    522    Inf 
722    866    533    Inf 
722    866    544    Inf 
722    877    511    Inf 
722    877    522    Inf 
722    877    533    Inf 
722    877    544    Inf 
733    811    511    Inf 
733    811    522    Inf 
733    811    533    Inf 
733    811    544    Inf 
733    822    511    Inf 
733    822    522    Inf 
733    822    533    Inf 
733    822    544    Inf 
733    833    511    Inf 
733    833    522    Inf 
733    833    533    Inf 
733    833    544    Inf 
733    844    511    Inf 
733    844    522    Inf 
733    844    533    Inf 
733    844    544    Inf 
733    855    511    Inf 
733    855    522    Inf 
733    855    533    Inf 
733    855    544    Inf 
733    866    511    Inf 
733    866    522    Inf 
733    866    533    Inf 
733    866    544    Inf 
733    877    511    Inf 
733    877    522    Inf 
733    877    533    Inf 
733    877    544    Inf 
744    811    511    Inf 
744    811    522    Inf 
744    811    533    Inf 
744    811    544    Inf 
744    822    511    Inf 
744    822    522    Inf 
744    822    533    Inf 
744    822    544    Inf 
744    833    511    Inf 
744    833    522    Inf 
744    833    533    Inf 
744    833    544    Inf 
744    844    511    Inf 
744    844    522    Inf 
744    844    533    Inf 
744    844    544    Inf 
744    855    511    Inf 
744    855    522    Inf 
744    855    533    Inf 
744    855    544    Inf 
744    866    511    Inf 
744    866    522    Inf 
744    866    533    Inf 
744    866    544    Inf 
744    877    511    Inf 
744    877    522    Inf 
744    877    533    Inf 
744    877    544    Inf 
755    811    511    Inf 
755    811    522    Inf 
755    811    533    Inf 
755    811    544    Inf 
755    822    511    Inf 
755    822    522    Inf 
755    822    533    Inf 
755    822    544    Inf 
755    833    511    Inf 
755    833    522    Inf 
755    833    533    Inf 
755    833    544    Inf 
755    844    511    Inf 
755    844    522    Inf 
755    844    533    Inf 
755    844    544    Inf 
755    855    511    Inf 
755    855    522    Inf 
755    855    533    Inf 
755    855    544    Inf 
755    866    511    Inf 
755    866    522    Inf 
755    866    533    Inf 
755    866    544    Inf 
755    877    511    Inf 
755    877    522    Inf 
755    877    533    Inf 
755    877    544    Inf 
765    811    511    Inf 
766    811    511    Inf 
765    811    522    Inf 
766    811    522    Inf 
765    811    533    Inf 
766    811    533    Inf 
765    811    544    Inf 
766    811    544    Inf 
765    822    511    Inf 
766    822    511    Inf 
765    822    522    Inf 
766    822    522    Inf 
765    822    533    Inf 
766    822    533    Inf 
765    822    544    Inf 
766    822    544    Inf 
765    833    511    Inf 
766    833    511    Inf 
765    833    522    Inf 
766    833    522    Inf 
765    833    533    Inf 
766    833    533    Inf 
765    833    544    Inf 
766    833    544    Inf 
765    844    511    Inf 
766    844    511    Inf 
765    844    522    Inf 
766    844    522    Inf 
765    844    533    Inf 
766    844    533    Inf 
765    844    544    Inf 
766    844    544    Inf 
765    855    511    Inf 
766    855    511    Inf 
765    855    522    Inf 
766    855    522    Inf 
765    855    533    Inf 
766    855    533    Inf 
765    855    544    Inf 
766    855    544    Inf 
765    866    511    Inf 
766    866    511    Inf 
765    866    522    Inf 
766    866    522    Inf 
765    866    533    Inf 
766    866    533    Inf 
765    866    544    Inf 
766    866    544    Inf 
765    877    511    Inf 
766    877    511    Inf 
765    877    522    Inf 
766    877    522    Inf 
765    877    533    Inf 
766    877    533    Inf 
765    877    544    Inf 
766    877    544    Inf 
711    811    622    BH 
711    822    633    BH 
711    833    644    BH 
711    844    655    BH 
722    811    633    BH 
722    822    644    BH 
722    833    655    BH 
733    811    644    BH 
733    822    655    BH 
744    811    655    BH 
711    811    722    BH 
711    822    733    BH 
711    833    744    BH 
711    844    755    BH 
711    855    766    BH 
722    811    733    BH 
722    822    744    BH 
722    833    755    BH 
722    844    766    BH 
733    811    744    BH 
733    822    755    BH 
733    833    766    BH 
744    811    755    BH 
744    822    766    BH 
755    811    766    BH 
711    811    822    BH 
711    822    833    BH 
711    833    844    BH 
711    844    855    BH 
711    855    866    BH 
711    866    877    BH 
722    811    833    BH 
722    822    844    BH 
722    833    855    BH 
722    844    866    BH 
722    855    877    BH 
733    811    844    BH 
733    822    855    BH 
733    833    866    BH 
733    844    877    BH 
744    811    855    BH 
744    822    866    BH 
744    833    877    BH 
755    811    866    BH 
755    822    877    BH 
766    811    877    BH 
811    811    211    Inf 
811    822    211    Inf 
811    833    211    Inf 
811    844    211    Inf 
811    855    211    Inf 
811    866    211    Inf 
811    877    211    Inf 
822    822    211    Inf 
822    833    211    Inf 
822    844    211    Inf 
822    855    211    Inf 
822    866    211    Inf 
822    877    211    Inf 
833    833    211    Inf 
833    844    211    Inf 
833    855    211    Inf 
833    866    211    Inf 
833    877    211    Inf 
844    844    211    Inf 
844    855    211    Inf 
844    866    211    Inf 
844    877    211    Inf 
855    855    211    Inf 
855    866    211    Inf 
855    877    211    Inf 
866    866    211    Inf 
866    877    211    Inf 
877    877    211    Inf 
811    811    311    Inf 
811    811    322    Inf 
811    822    311    Inf 
811    822    322    Inf 
811    833    311    Inf 
811    833    322    Inf 
811    844    311    Inf 
811    844    322    Inf 
811    855    311    Inf 
811    855    322    Inf 
811    866    311    Inf 
811    866    322    Inf 
811    877    311    Inf 
811    877    322    Inf 
822    822    311    Inf 
822    822    322    Inf 
822    833    311    Inf 
822    833    322    Inf 
822    844    311    Inf 
822    844    322    Inf 
822    855    311    Inf 
822    855    322    Inf 
822    866    311    Inf 
822    866    322    Inf 
822    877    311    Inf 
822    877    322    Inf 
833    833    311    Inf 
833    833    322    Inf 
833    844    311    Inf 
833    844    322    Inf 
833    855    311    Inf 
833    855    322    Inf 
833    866    311    Inf 
833    866    322    Inf 
833    877    311    Inf 
833    877    322    Inf 
844    844    311    Inf 
844    844    322    Inf 
844    855    311    Inf 
844    855    322    Inf 
844    866    311    Inf 
844    866    322    Inf 
844    877    311    Inf 
844    877    322    Inf 
855    855    311    Inf 
855    855    322    Inf 
855    866    311    Inf 
855    866    322    Inf 
855    877    311    Inf 
855    877    322    Inf 
866    866    311    Inf 
866    866    322    Inf 
866    877    311    Inf 
866    877    322    Inf 
877    877    311    Inf 
877    877    322    Inf 
811    811    411    Inf 
811    811    422    Inf 
811    811    433    Inf 
811    822    411    Inf 
811    822    422    Inf 
811    822    433    Inf 
811    833    411    Inf 
811    833    422    Inf 
811    833    433    Inf 
811    844    411    Inf 
811    844    422    Inf 
811    844    433    Inf 
811    855    411    Inf 
811    855    422    Inf 
811    855    433    Inf 
811    866    411    Inf 
811    866    422    Inf 
811    866    433    Inf 
811    877    411    Inf 
811    877    422    Inf 
811    877    433    Inf 
822    822    411    Inf 
822    822    422    Inf 
822    822    433    Inf 
822    833    411    Inf 
822    833    422    Inf 
822    833    433    Inf 
822    844    411    Inf 
822    844    422    Inf 
822    844    433    Inf 
822    855    411    Inf 
822    855    422    Inf 
822    855    433    Inf 
822    866    411    Inf 
822    866    422    Inf 
822    866    433    Inf 
822    877    411    Inf 
822    877    422    Inf 
822    877    433    Inf 
833    833    411    Inf 
833    833    422    Inf 
833    833    433    Inf 
833    844    411    Inf 
833    844    422    Inf 
833    844    433    Inf 
833    855    411    Inf 
833    855    422    Inf 
833    855    433    Inf 
833    866    411    Inf 
833    866    422    Inf 
833    866    433    Inf 
833    877    411    Inf 
833    877    422    Inf 
833    877    433    Inf 
844    844    411    Inf 
844    844    422    Inf 
844    844    433    Inf 
844    855    411    Inf 
844    855    422    Inf 
844    855    433    Inf 
844    866    411    Inf 
844    866    422    Inf 
844    866    433    Inf 
844    877    411    Inf 
844    877    422    Inf 
844    877    433    Inf 
855    855    411    Inf 
855    855    422    Inf 
855    855    433    Inf 
855    866    411    Inf 
855    866    422    Inf 
855    866    433    Inf 
855    877    411    Inf 
855    877    422    Inf 
855    877    433    Inf 
866    866    411    Inf 
866    866    422    Inf 
866    866    433    Inf 
866    877    411    Inf 
866    877    422    Inf 
866    877    433    Inf 
877    877    411    Inf 
877    877    422    Inf 
877    877    433    Inf 
811    811    511    Inf 
811    811    522    Inf 
811    811    533    Inf 
811    811    544    Inf 
811    822    511    Inf 
811    822    522    Inf 
811    822    533    Inf 
811    822    544    Inf 
811    833    511    Inf 
811    833    522    Inf 
811    833    533    Inf 
811    833    544    Inf 
811    844    511    Inf 
811    844    522    Inf 
811    844    533    Inf 
811    844    544    Inf 
811    855    511    Inf 
811    855    522    Inf 
811    855    533    Inf 
811    855    544    Inf 
811    866    511    Inf 
811    866    522    Inf 
811    866    533    Inf 
811    866    544    Inf 
811    877    511    Inf 
811    877    522    Inf 
811    877    533    Inf 
811    877    544    Inf 
822    822    511    Inf 
822    822    522    Inf 
822    822    533    Inf 
822    822    544    Inf 
822    833    511    Inf 
822    833    522    Inf 
822    833    533    Inf 
822    833    544    Inf 
822    844    511    Inf 
822    844    522    Inf 
822    844    533    Inf 
822    844    544    Inf 
822    855    511    Inf 
822    855    522    Inf 
822    855    533    Inf 
822    855    544    Inf 
822    866    511    Inf 
822    866    522    Inf 
822    866    533    Inf 
822    866    544    Inf 
822    877    511    Inf 
822    877    522    Inf 
822    877    533    Inf 
822    877    544    Inf 
833    833    511    Inf 
833    833    522    Inf 
833    833    533    Inf 
833    833    544    Inf 
833    844    511    Inf 
833    844    522    Inf 
833    844    533    Inf 
833    844    544    Inf 
833    855    511    Inf 
833    855    522    Inf 
833    855    533    Inf 
833    855    544    Inf 
833    866    511    Inf 
833    866    522    Inf 
833    866    533    Inf 
833    866    544    Inf 
833    877    511    Inf 
833    877    522    Inf 
833    877    533    Inf 
833    877    544    Inf 
844    844    511    Inf 
844    844    522    Inf 
844    844    533    Inf 
844    844    544    Inf 
844    855    511    Inf 
844    855    522    Inf 
844    855    533    Inf 
844    855    544    Inf 
844    866    511    Inf 
844    866    522    Inf 
844    866    533    Inf 
844    866    544    Inf 
844    877    511    Inf 
844    877    522    Inf 
844    877    533    Inf 
844    877    544    Inf 
855    855    511    Inf 
855    855    522    Inf 
855    855    533    Inf 
855    855    544    Inf 
855    866    511    Inf 
855    866    522    Inf 
855    866    533    Inf 
855    866    544    Inf 
855    877    511    Inf 
855    877    522    Inf 
855    877    533    Inf 
855    877    544    Inf 
866    866    511    Inf 
866    866    522    Inf 
866    866    533    Inf 
866    866    544    Inf 
866    877    511    Inf 
866    877    522    Inf 
866    877    533    Inf 
866    877    544    Inf 
877    877    511    Inf 
877    877    522    Inf 
877    877    533    Inf 
877    877    544    Inf 
811    811    622    BH 
811    822    633    BH 
811    833    644    BH 
811    844    655    BH 
822    822    644    BH 
822    833    655    BH 
811    811    722    BH 
811    822    733    BH 
811    833    744    BH 
811    844    755    BH 
811    855    766    BH 
822    822    744    BH 
822    833    755    BH 
822    844    766    BH 
833    833    766    BH 
811    811    822    BH 
811    822    833    BH 
811    833    844    BH 
811    844    855    BH 
811    855    866    BH 
811    866    877    BH 
822    822    844    BH 
822    833    855    BH 
822    844    866    BH 
822    855    877    BH 
833    833    866    BH 
833    844    877    BH 
544    544    988    BH 
644    644    988    BH 
655    655    11-10-10    BH 
744    744    988    BH 
755    755    11-10-10    BH 
766    766    13-12-12    BH 
844    844    988    BH 
855    855    11-10-10    BH 
866    866    13-12-12    BH 
877    877    15-14-14    BH 
988    988    544    Inf 
988    988    644    Inf 
11-10-10    11-10-10    655    Inf 
11-10-10    11-10-10    755    Inf 
13-12-12    13-12-12    766    Inf 
13-12-12    13-12-12    866    Inf 
15-14-14    15-14-14    877    Inf 
966    966    433    Inf 
966    966    533    Inf 
966    966    544    Inf 
966    966    633    Inf 
966    966    644    Inf 
966    966    655    Inf 
966    10-6-6    433    Inf 
966    10-6-6    533    Inf 
966    10-6-6    544    Inf 
966    10-6-6    633    Inf 
966    10-6-6    644    Inf 
966    10-6-6    655    Inf 
966    11-6-6    433    Inf 
966    11-6-6    533    Inf 
966    11-6-6    544    Inf 
966    11-6-6    633    Inf 
966    11-6-6    644    Inf 
966    11-6-6    655    Inf 
966    12-6-6    433    Inf 
966    12-6-6    533    Inf 
966    12-6-6    544    Inf 
966    12-6-6    633    Inf 
966    12-6-6    644    Inf 
966    12-6-6    655    Inf 
966    12-6-6    733    Inf 
966    12-6-6    744    Inf 
966    12-6-6    755    Inf 
966    12-6-6    765    Inf 
966    12-6-6    766    Inf 
966    13-6-6    433    Inf 
966    13-6-6    533    Inf 
966    13-6-6    544    Inf 
966    13-6-6    633    Inf 
966    13-6-6    644    Inf 
966    13-6-6    655    Inf 
966    13-6-6    733    Inf 
966    13-6-6    744    Inf 
966    13-6-6    755    Inf 
966    13-6-6    765    Inf 
966    13-6-6    766    Inf 
966    14-6-6    433    Inf 
966    14-6-6    533    Inf 
966    14-6-6    544    Inf 
966    14-6-6    633    Inf 
966    14-6-6    644    Inf 
966    14-6-6    655    Inf 
966    14-6-6    733    Inf 
966    14-6-6    744    Inf 
966    14-6-6    755    Inf 
966    14-6-6    765    Inf 
966    14-6-6    766    Inf 
966    15-6-6    433    Inf 
966    15-6-6    533    Inf 
966    15-6-6    544    Inf 
966    15-6-6    633    Inf 
966    15-6-6    644    Inf 
966    15-6-6    655    Inf 
966    15-6-6    733    Inf 
966    15-6-6    744    Inf 
966    15-6-6    755    Inf 
966    15-6-6    765    Inf 
966    15-6-6    766    Inf 
966    988    433    Inf 
966    988    533    Inf 
966    988    544    Inf 
966    988    633    Inf 
966    988    644    Inf 
966    988    655    Inf 
966    11-10-10    433    Inf 
966    11-10-10    533    Inf 
966    11-10-10    544    Inf 
966    11-10-10    633    Inf 
966    11-10-10    644    Inf 
966    11-10-10    655    Inf 
966    12-10-10    433    Inf 
966    12-10-10    533    Inf 
966    12-10-10    544    Inf 
966    12-10-10    633    Inf 
966    12-10-10    644    Inf 
966    12-10-10    655    Inf 
966    12-10-10    733    Inf 
966    12-10-10    744    Inf 
966    12-10-10    755    Inf 
966    12-10-10    765    Inf 
966    12-10-10    766    Inf 
966    13-10-10    433    Inf 
966    13-10-10    533    Inf 
966    13-10-10    544    Inf 
966    13-10-10    633    Inf 
966    13-10-10    644    Inf 
966    13-10-10    655    Inf 
966    13-10-10    733    Inf 
966    13-10-10    744    Inf 
966    13-10-10    755    Inf 
966    13-10-10    765    Inf 
966    13-10-10    766    Inf 
966    14-10-10    433    Inf 
966    14-10-10    533    Inf 
966    14-10-10    544    Inf 
966    14-10-10    633    Inf 
966    14-10-10    644    Inf 
966    14-10-10    655    Inf 
966    14-10-10    733    Inf 
966    14-10-10    744    Inf 
966    14-10-10    755    Inf 
966    14-10-10    765    Inf 
966    14-10-10    766    Inf 
966    15-10-10    433    Inf 
966    15-10-10    533    Inf 
966    15-10-10    544    Inf 
966    15-10-10    633    Inf 
966    15-10-10    644    Inf 
966    15-10-10    655    Inf 
966    15-10-10    733    Inf 
966    15-10-10    744    Inf 
966    15-10-10    755    Inf 
966    15-10-10    765    Inf 
966    15-10-10    766    Inf 
966    10-8-8    433    Inf 
966    10-8-8    533    Inf 
966    10-8-8    544    Inf 
966    10-8-8    633    Inf 
966    10-8-8    644    Inf 
966    10-8-8    655    Inf 
966    11-8-8    433    Inf 
966    11-8-8    533    Inf 
966    11-8-8    544    Inf 
966    11-8-8    633    Inf 
966    11-8-8    644    Inf 
966    11-8-8    655    Inf 
966    533    433    Inf 
966    544    11-10-10    BH 
966    544    12-10-10    BH 
966    544    13-10-10    BH 
966    544    14-10-10    BH 
966    544    15-10-10    BH 
966    544    433    Inf 
966    633    433    Inf 
966    644    11-10-10    BH 
966    644    12-10-10    BH 
966    644    13-10-10    BH 
966    644    14-10-10    BH 
966    644    15-10-10    BH 
966    644    433    Inf 
966    655    433    Inf 
966    733    433    Inf 
966    733    533    Inf 
966    733    544    Inf 
966    744    11-10-10    BH 
966    744    12-10-10    BH 
966    744    13-10-10    BH 
966    744    14-10-10    BH 
966    744    15-10-10    BH 
966    744    433    Inf 
966    744    533    Inf 
966    744    544    Inf 
966    755    433    Inf 
966    755    533    Inf 
966    755    544    Inf 
966    765    433    Inf 
966    765    533    Inf 
966    765    544    Inf 
966    766    433    Inf 
966    766    533    Inf 
966    766    544    Inf 
966    833    433    Inf 
966    833    533    Inf 
966    833    544    Inf 
966    844    11-10-10    BH 
966    844    12-10-10    BH 
966    844    13-10-10    BH 
966    844    14-10-10    BH 
966    844    15-10-10    BH 
966    844    433    Inf 
966    844    533    Inf 
966    844    544    Inf 
966    855    433    Inf 
966    855    533    Inf 
966    855    544    Inf 
966    866    433    Inf 
966    866    533    Inf 
966    866    544    Inf 
966    877    433    Inf 
966    877    533    Inf 
966    877    544    Inf 
10-6-6    10-6-6    433    Inf 
10-6-6    10-6-6    533    Inf 
10-6-6    10-6-6    544    Inf 
10-6-6    10-6-6    633    Inf 
10-6-6    10-6-6    644    Inf 
10-6-6    10-6-6    655    Inf 
10-6-6    10-6-6    733    Inf 
10-6-6    10-6-6    744    Inf 
10-6-6    10-6-6    755    Inf 
10-6-6    10-6-6    765    Inf 
10-6-6    10-6-6    766    Inf 
10-6-6    11-6-6    433    Inf 
10-6-6    11-6-6    533    Inf 
10-6-6    11-6-6    544    Inf 
10-6-6    11-6-6    633    Inf 
10-6-6    11-6-6    644    Inf 
10-6-6    11-6-6    655    Inf 
10-6-6    11-6-6    733    Inf 
10-6-6    11-6-6    744    Inf 
10-6-6    11-6-6    755    Inf 
10-6-6    11-6-6    765    Inf 
10-6-6    11-6-6    766    Inf 
10-6-6    12-6-6    433    Inf 
10-6-6    12-6-6    533    Inf 
10-6-6    12-6-6    544    Inf 
10-6-6    12-6-6    633    Inf 
10-6-6    12-6-6    644    Inf 
10-6-6    12-6-6    655    Inf 
10-6-6    12-6-6    733    Inf 
10-6-6    12-6-6    744    Inf 
10-6-6    12-6-6    755    Inf 
10-6-6    12-6-6    765    Inf 
10-6-6    12-6-6    766    Inf 
10-6-6    13-6-6    433    Inf 
10-6-6    13-6-6    533    Inf 
10-6-6    13-6-6    544    Inf 
10-6-6    13-6-6    633    Inf 
10-6-6    13-6-6    644    Inf 
10-6-6    13-6-6    655    Inf 
10-6-6    13-6-6    733    Inf 
10-6-6    13-6-6    744    Inf 
10-6-6    13-6-6    755    Inf 
10-6-6    13-6-6    765    Inf 
10-6-6    13-6-6    766    Inf 
10-6-6    14-6-6    433    Inf 
10-6-6    14-6-6    533    Inf 
10-6-6    14-6-6    544    Inf 
10-6-6    14-6-6    633    Inf 
10-6-6    14-6-6    644    Inf 
10-6-6    14-6-6    655    Inf 
10-6-6    14-6-6    733    Inf 
10-6-6    14-6-6    744    Inf 
10-6-6    14-6-6    755    Inf 
10-6-6    14-6-6    765    Inf 
10-6-6    14-6-6    766    Inf 
10-6-6    14-6-6    833    Inf 
10-6-6    14-6-6    844    Inf 
10-6-6    14-6-6    855    Inf 
10-6-6    14-6-6    866    Inf 
10-6-6    14-6-6    877    Inf 
10-6-6    15-6-6    433    Inf 
10-6-6    15-6-6    533    Inf 
10-6-6    15-6-6    544    Inf 
10-6-6    15-6-6    633    Inf 
10-6-6    15-6-6    644    Inf 
10-6-6    15-6-6    655    Inf 
10-6-6    15-6-6    733    Inf 
10-6-6    15-6-6    744    Inf 
10-6-6    15-6-6    755    Inf 
10-6-6    15-6-6    765    Inf 
10-6-6    15-6-6    766    Inf 
10-6-6    15-6-6    833    Inf 
10-6-6    15-6-6    844    Inf 
10-6-6    15-6-6    855    Inf 
10-6-6    15-6-6    866    Inf 
10-6-6    15-6-6    877    Inf 
10-6-6    988    433    Inf 
10-6-6    988    533    Inf 
10-6-6    988    544    Inf 
10-6-6    988    633    Inf 
10-6-6    988    644    Inf 
10-6-6    988    655    Inf 
10-6-6    11-10-10    433    Inf 
10-6-6    11-10-10    533    Inf 
10-6-6    11-10-10    544    Inf 
10-6-6    11-10-10    633    Inf 
10-6-6    11-10-10    644    Inf 
10-6-6    11-10-10    655    Inf 
10-6-6    11-10-10    733    Inf 
10-6-6    11-10-10    744    Inf 
10-6-6    11-10-10    755    Inf 
10-6-6    11-10-10    765    Inf 
10-6-6    11-10-10    766    Inf 
10-6-6    12-10-10    433    Inf 
10-6-6    12-10-10    533    Inf 
10-6-6    12-10-10    544    Inf 
10-6-6    12-10-10    633    Inf 
10-6-6    12-10-10    644    Inf 
10-6-6    12-10-10    655    Inf 
10-6-6    12-10-10    733    Inf 
10-6-6    12-10-10    744    Inf 
10-6-6    12-10-10    755    Inf 
10-6-6    12-10-10    765    Inf 
10-6-6    12-10-10    766    Inf 
10-6-6    13-10-10    433    Inf 
10-6-6    13-10-10    533    Inf 
10-6-6    13-10-10    544    Inf 
10-6-6    13-10-10    633    Inf 
10-6-6    13-10-10    644    Inf 
10-6-6    13-10-10    655    Inf 
10-6-6    13-10-10    733    Inf 
10-6-6    13-10-10    744    Inf 
10-6-6    13-10-10    755    Inf 
10-6-6    13-10-10    765    Inf 
10-6-6    13-10-10    766    Inf 
10-6-6    14-10-10    433    Inf 
10-6-6    14-10-10    533    Inf 
10-6-6    14-10-10    544    Inf 
10-6-6    14-10-10    633    Inf 
10-6-6    14-10-10    644    Inf 
10-6-6    14-10-10    655    Inf 
10-6-6    14-10-10    733    Inf 
10-6-6    14-10-10    744    Inf 
10-6-6    14-10-10    755    Inf 
10-6-6    14-10-10    765    Inf 
10-6-6    14-10-10    766    Inf 
10-6-6    14-10-10    833    Inf 
10-6-6    14-10-10    844    Inf 
10-6-6    14-10-10    855    Inf 
10-6-6    14-10-10    866    Inf 
10-6-6    14-10-10    877    Inf 
10-6-6    15-10-10    433    Inf 
10-6-6    15-10-10    533    Inf 
10-6-6    15-10-10    544    Inf 
10-6-6    15-10-10    633    Inf 
10-6-6    15-10-10    644    Inf 
10-6-6    15-10-10    655    Inf 
10-6-6    15-10-10    733    Inf 
10-6-6    15-10-10    744    Inf 
10-6-6    15-10-10    755    Inf 
10-6-6    15-10-10    765    Inf 
10-6-6    15-10-10    766    Inf 
10-6-6    15-10-10    833    Inf 
10-6-6    15-10-10    844    Inf 
10-6-6    15-10-10    855    Inf 
10-6-6    15-10-10    866    Inf 
10-6-6    15-10-10    877    Inf 
10-6-6    10-8-8    433    Inf 
10-6-6    10-8-8    533    Inf 
10-6-6    10-8-8    544    Inf 
10-6-6    10-8-8    633    Inf 
10-6-6    10-8-8    644    Inf 
10-6-6    10-8-8    655    Inf 
10-6-6    10-8-8    733    Inf 
10-6-6    10-8-8    744    Inf 
10-6-6    10-8-8    755    Inf 
10-6-6    10-8-8    765    Inf 
10-6-6    10-8-8    766    Inf 
10-6-6    11-8-8    433    Inf 
10-6-6    11-8-8    533    Inf 
10-6-6    11-8-8    544    Inf 
10-6-6    11-8-8    633    Inf 
10-6-6    11-8-8    644    Inf 
10-6-6    11-8-8    655    Inf 
10-6-6    11-8-8    733    Inf 
10-6-6    11-8-8    744    Inf 
10-6-6    11-8-8    755    Inf 
10-6-6    11-8-8    765    Inf 
10-6-6    11-8-8    766    Inf 
10-6-6    533    433    Inf 
10-6-6    544    11-10-10    BH 
10-6-6    544    12-10-10    BH 
10-6-6    544    13-10-10    BH 
10-6-6    544    14-10-10    BH 
10-6-6    544    15-10-10    BH 
10-6-6    544    433    Inf 
10-6-6    633    433    Inf 
10-6-6    633    533    Inf 
10-6-6    633    544    Inf 
10-6-6    644    11-10-10    BH 
10-6-6    644    12-10-10    BH 
10-6-6    644    13-10-10    BH 
10-6-6    644    14-10-10    BH 
10-6-6    644    15-10-10    BH 
10-6-6    644    433    Inf 
10-6-6    644    533    Inf 
10-6-6    644    544    Inf 
10-6-6    655    433    Inf 
10-6-6    655    533    Inf 
10-6-6    655    544    Inf 
10-6-6    733    433    Inf 
10-6-6    733    533    Inf 
10-6-6    733    544    Inf 
10-6-6    744    11-10-10    BH 
10-6-6    744    12-10-10    BH 
10-6-6    744    13-10-10    BH 
10-6-6    744    14-10-10    BH 
10-6-6    744    15-10-10    BH 
10-6-6    744    433    Inf 
10-6-6    744    533    Inf 
10-6-6    744    544    Inf 
10-6-6    755    433    Inf 
10-6-6    755    533    Inf 
10-6-6    755    544    Inf 
10-6-6    765    433    Inf 
10-6-6    765    533    Inf 
10-6-6    765    544    Inf 
10-6-6    766    433    Inf 
10-6-6    766    533    Inf 
10-6-6    766    544    Inf 
10-6-6    833    433    Inf 
10-6-6    833    533    Inf 
10-6-6    833    544    Inf 
10-6-6    833    633    Inf 
10-6-6    833    644    Inf 
10-6-6    833    655    Inf 
10-6-6    844    11-10-10    BH 
10-6-6    844    12-10-10    BH 
10-6-6    844    13-10-10    BH 
10-6-6    844    14-10-10    BH 
10-6-6    844    15-10-10    BH 
10-6-6    844    433    Inf 
10-6-6    844    533    Inf 
10-6-6    844    544    Inf 
10-6-6    844    633    Inf 
10-6-6    844    644    Inf 
10-6-6    844    655    Inf 
10-6-6    855    433    Inf 
10-6-6    855    533    Inf 
10-6-6    855    544    Inf 
10-6-6    855    633    Inf 
10-6-6    855    644    Inf 
10-6-6    855    655    Inf 
10-6-6    866    433    Inf 
10-6-6    866    533    Inf 
10-6-6    866    544    Inf 
10-6-6    866    633    Inf 
10-6-6    866    644    Inf 
10-6-6    866    655    Inf 
10-6-6    877    433    Inf 
10-6-6    877    533    Inf 
10-6-6    877    544    Inf 
10-6-6    877    633    Inf 
10-6-6    877    644    Inf 
10-6-6    877    655    Inf 
11-6-6    11-6-6    433    Inf 
11-6-6    11-6-6    533    Inf 
11-6-6    11-6-6    544    Inf 
11-6-6    11-6-6    633    Inf 
11-6-6    11-6-6    644    Inf 
11-6-6    11-6-6    655    Inf 
11-6-6    11-6-6    733    Inf 
11-6-6    11-6-6    744    Inf 
11-6-6    11-6-6    755    Inf 
11-6-6    11-6-6    765    Inf 
11-6-6    11-6-6    766    Inf 
11-6-6    12-6-6    433    Inf 
11-6-6    12-6-6    533    Inf 
11-6-6    12-6-6    544    Inf 
11-6-6    12-6-6    633    Inf 
11-6-6    12-6-6    644    Inf 
11-6-6    12-6-6    655    Inf 
11-6-6    12-6-6    733    Inf 
11-6-6    12-6-6    744    Inf 
11-6-6    12-6-6    755    Inf 
11-6-6    12-6-6    765    Inf 
11-6-6    12-6-6    766    Inf 
11-6-6    12-6-6    833    Inf 
11-6-6    12-6-6    844    Inf 
11-6-6    12-6-6    855    Inf 
11-6-6    12-6-6    866    Inf 
11-6-6    12-6-6    877    Inf 
11-6-6    13-6-6    433    Inf 
11-6-6    13-6-6    533    Inf 
11-6-6    13-6-6    544    Inf 
11-6-6    13-6-6    633    Inf 
11-6-6    13-6-6    644    Inf 
11-6-6    13-6-6    655    Inf 
11-6-6    13-6-6    733    Inf 
11-6-6    13-6-6    744    Inf 
11-6-6    13-6-6    755    Inf 
11-6-6    13-6-6    765    Inf 
11-6-6    13-6-6    766    Inf 
11-6-6    13-6-6    833    Inf 
11-6-6    13-6-6    844    Inf 
11-6-6    13-6-6    855    Inf 
11-6-6    13-6-6    866    Inf 
11-6-6    13-6-6    877    Inf 
11-6-6    14-6-6    433    Inf 
11-6-6    14-6-6    533    Inf 
11-6-6    14-6-6    544    Inf 
11-6-6    14-6-6    633    Inf 
11-6-6    14-6-6    644    Inf 
11-6-6    14-6-6    655    Inf 
11-6-6    14-6-6    733    Inf 
11-6-6    14-6-6    744    Inf 
11-6-6    14-6-6    755    Inf 
11-6-6    14-6-6    765    Inf 
11-6-6    14-6-6    766    Inf 
11-6-6    14-6-6    833    Inf 
11-6-6    14-6-6    844    Inf 
11-6-6    14-6-6    855    Inf 
11-6-6    14-6-6    866    Inf 
11-6-6    14-6-6    877    Inf 
11-6-6    15-6-6    433    Inf 
11-6-6    15-6-6    533    Inf 
11-6-6    15-6-6    544    Inf 
11-6-6    15-6-6    633    Inf 
11-6-6    15-6-6    644    Inf 
11-6-6    15-6-6    655    Inf 
11-6-6    15-6-6    733    Inf 
11-6-6    15-6-6    744    Inf 
11-6-6    15-6-6    755    Inf 
11-6-6    15-6-6    765    Inf 
11-6-6    15-6-6    766    Inf 
11-6-6    15-6-6    833    Inf 
11-6-6    15-6-6    844    Inf 
11-6-6    15-6-6    855    Inf 
11-6-6    15-6-6    866    Inf 
11-6-6    15-6-6    877    Inf 
11-6-6    988    433    Inf 
11-6-6    988    533    Inf 
11-6-6    988    544    Inf 
11-6-6    988    633    Inf 
11-6-6    988    644    Inf 
11-6-6    988    655    Inf 
11-6-6    11-10-10    433    Inf 
11-6-6    11-10-10    533    Inf 
11-6-6    11-10-10    544    Inf 
11-6-6    11-10-10    633    Inf 
11-6-6    11-10-10    644    Inf 
11-6-6    11-10-10    655    Inf 
11-6-6    11-10-10    733    Inf 
11-6-6    11-10-10    744    Inf 
11-6-6    11-10-10    755    Inf 
11-6-6    11-10-10    765    Inf 
11-6-6    11-10-10    766    Inf 
11-6-6    12-10-10    433    Inf 
11-6-6    12-10-10    533    Inf 
11-6-6    12-10-10    544    Inf 
11-6-6    12-10-10    633    Inf 
11-6-6    12-10-10    644    Inf 
11-6-6    12-10-10    655    Inf 
11-6-6    12-10-10    733    Inf 
11-6-6    12-10-10    744    Inf 
11-6-6    12-10-10    755    Inf 
11-6-6    12-10-10    765    Inf 
11-6-6    12-10-10    766    Inf 
11-6-6    12-10-10    833    Inf 
11-6-6    12-10-10    844    Inf 
11-6-6    12-10-10    855    Inf 
11-6-6    12-10-10    866    Inf 
11-6-6    12-10-10    877    Inf 
11-6-6    13-10-10    433    Inf 
11-6-6    13-10-10    533    Inf 
11-6-6    13-10-10    544    Inf 
11-6-6    13-10-10    633    Inf 
11-6-6    13-10-10    644    Inf 
11-6-6    13-10-10    655    Inf 
11-6-6    13-10-10    733    Inf 
11-6-6    13-10-10    744    Inf 
11-6-6    13-10-10    755    Inf 
11-6-6    13-10-10    765    Inf 
11-6-6    13-10-10    766    Inf 
11-6-6    13-10-10    833    Inf 
11-6-6    13-10-10    844    Inf 
11-6-6    13-10-10    855    Inf 
11-6-6    13-10-10    866    Inf 
11-6-6    13-10-10    877    Inf 
11-6-6    14-10-10    433    Inf 
11-6-6    14-10-10    533    Inf 
11-6-6    14-10-10    544    Inf 
11-6-6    14-10-10    633    Inf 
11-6-6    14-10-10    644    Inf 
11-6-6    14-10-10    655    Inf 
11-6-6    14-10-10    733    Inf 
11-6-6    14-10-10    744    Inf 
11-6-6    14-10-10    755    Inf 
11-6-6    14-10-10    765    Inf 
11-6-6    14-10-10    766    Inf 
11-6-6    14-10-10    833    Inf 
11-6-6    14-10-10    844    Inf 
11-6-6    14-10-10    855    Inf 
11-6-6    14-10-10    866    Inf 
11-6-6    14-10-10    877    Inf 
11-6-6    15-10-10    433    Inf 
11-6-6    15-10-10    533    Inf 
11-6-6    15-10-10    544    Inf 
11-6-6    15-10-10    633    Inf 
11-6-6    15-10-10    644    Inf 
11-6-6    15-10-10    655    Inf 
11-6-6    15-10-10    733    Inf 
11-6-6    15-10-10    744    Inf 
11-6-6    15-10-10    755    Inf 
11-6-6    15-10-10    765    Inf 
11-6-6    15-10-10    766    Inf 
11-6-6    15-10-10    833    Inf 
11-6-6    15-10-10    844    Inf 
11-6-6    15-10-10    855    Inf 
11-6-6    15-10-10    866    Inf 
11-6-6    15-10-10    877    Inf 
11-6-6    10-8-8    433    Inf 
11-6-6    10-8-8    533    Inf 
11-6-6    10-8-8    544    Inf 
11-6-6    10-8-8    633    Inf 
11-6-6    10-8-8    644    Inf 
11-6-6    10-8-8    655    Inf 
11-6-6    10-8-8    733    Inf 
11-6-6    10-8-8    744    Inf 
11-6-6    10-8-8    755    Inf 
11-6-6    10-8-8    765    Inf 
11-6-6    10-8-8    766    Inf 
11-6-6    11-8-8    433    Inf 
11-6-6    11-8-8    533    Inf 
11-6-6    11-8-8    544    Inf 
11-6-6    11-8-8    633    Inf 
11-6-6    11-8-8    644    Inf 
11-6-6    11-8-8    655    Inf 
11-6-6    11-8-8    733    Inf 
11-6-6    11-8-8    744    Inf 
11-6-6    11-8-8    755    Inf 
11-6-6    11-8-8    765    Inf 
11-6-6    11-8-8    766    Inf 
11-6-6    533    433    Inf 
11-6-6    544    11-10-10    BH 
11-6-6    544    12-10-10    BH 
11-6-6    544    13-10-10    BH 
11-6-6    544    14-10-10    BH 
11-6-6    544    15-10-10    BH 
11-6-6    544    433    Inf 
11-6-6    633    433    Inf 
11-6-6    633    533    Inf 
11-6-6    633    544    Inf 
11-6-6    644    11-10-10    BH 
11-6-6    644    12-10-10    BH 
11-6-6    644    13-10-10    BH 
11-6-6    644    14-10-10    BH 
11-6-6    644    15-10-10    BH 
11-6-6    644    433    Inf 
11-6-6    644    533    Inf 
11-6-6    644    544    Inf 
11-6-6    655    433    Inf 
11-6-6    655    533    Inf 
11-6-6    655    544    Inf 
11-6-6    733    433    Inf 
11-6-6    733    533    Inf 
11-6-6    733    544    Inf 
11-6-6    744    11-10-10    BH 
11-6-6    744    12-10-10    BH 
11-6-6    744    13-10-10    BH 
11-6-6    744    14-10-10    BH 
11-6-6    744    15-10-10    BH 
11-6-6    744    433    Inf 
11-6-6    744    533    Inf 
11-6-6    744    544    Inf 
11-6-6    755    433    Inf 
11-6-6    755    533    Inf 
11-6-6    755    544    Inf 
11-6-6    765    433    Inf 
11-6-6    765    533    Inf 
11-6-6    765    544    Inf 
11-6-6    766    433    Inf 
11-6-6    766    533    Inf 
11-6-6    766    544    Inf 
11-6-6    833    433    Inf 
11-6-6    833    533    Inf 
11-6-6    833    544    Inf 
11-6-6    833    633    Inf 
11-6-6    833    644    Inf 
11-6-6    833    655    Inf 
11-6-6    844    11-10-10    BH 
11-6-6    844    12-10-10    BH 
11-6-6    844    13-10-10    BH 
11-6-6    844    14-10-10    BH 
11-6-6    844    15-10-10    BH 
11-6-6    844    433    Inf 
11-6-6    844    533    Inf 
11-6-6    844    544    Inf 
11-6-6    844    633    Inf 
11-6-6    844    644    Inf 
11-6-6    844    655    Inf 
11-6-6    855    433    Inf 
11-6-6    855    533    Inf 
11-6-6    855    544    Inf 
11-6-6    855    633    Inf 
11-6-6    855    644    Inf 
11-6-6    855    655    Inf 
11-6-6    866    433    Inf 
11-6-6    866    533    Inf 
11-6-6    866    544    Inf 
11-6-6    866    633    Inf 
11-6-6    866    644    Inf 
11-6-6    866    655    Inf 
11-6-6    877    433    Inf 
11-6-6    877    533    Inf 
11-6-6    877    544    Inf 
11-6-6    877    633    Inf 
11-6-6    877    644    Inf 
11-6-6    877    655    Inf 
12-6-6    12-6-6    433    Inf 
12-6-6    12-6-6    533    Inf 
12-6-6    12-6-6    544    Inf 
12-6-6    12-6-6    633    Inf 
12-6-6    12-6-6    644    Inf 
12-6-6    12-6-6    655    Inf 
12-6-6    12-6-6    733    Inf 
12-6-6    12-6-6    744    Inf 
12-6-6    12-6-6    755    Inf 
12-6-6    12-6-6    765    Inf 
12-6-6    12-6-6    766    Inf 
12-6-6    12-6-6    833    Inf 
12-6-6    12-6-6    844    Inf 
12-6-6    12-6-6    855    Inf 
12-6-6    12-6-6    866    Inf 
12-6-6    12-6-6    877    Inf 
12-6-6    13-6-6    433    Inf 
12-6-6    13-6-6    533    Inf 
12-6-6    13-6-6    544    Inf 
12-6-6    13-6-6    633    Inf 
12-6-6    13-6-6    644    Inf 
12-6-6    13-6-6    655    Inf 
12-6-6    13-6-6    733    Inf 
12-6-6    13-6-6    744    Inf 
12-6-6    13-6-6    755    Inf 
12-6-6    13-6-6    765    Inf 
12-6-6    13-6-6    766    Inf 
12-6-6    13-6-6    833    Inf 
12-6-6    13-6-6    844    Inf 
12-6-6    13-6-6    855    Inf 
12-6-6    13-6-6    866    Inf 
12-6-6    13-6-6    877    Inf 
12-6-6    14-6-6    966    Inf 
12-6-6    14-6-6    988    Inf 
12-6-6    14-6-6    433    Inf 
12-6-6    14-6-6    533    Inf 
12-6-6    14-6-6    544    Inf 
12-6-6    14-6-6    633    Inf 
12-6-6    14-6-6    644    Inf 
12-6-6    14-6-6    655    Inf 
12-6-6    14-6-6    733    Inf 
12-6-6    14-6-6    744    Inf 
12-6-6    14-6-6    755    Inf 
12-6-6    14-6-6    765    Inf 
12-6-6    14-6-6    766    Inf 
12-6-6    14-6-6    833    Inf 
12-6-6    14-6-6    844    Inf 
12-6-6    14-6-6    855    Inf 
12-6-6    14-6-6    866    Inf 
12-6-6    14-6-6    877    Inf 
12-6-6    15-6-6    966    Inf 
12-6-6    15-6-6    988    Inf 
12-6-6    15-6-6    433    Inf 
12-6-6    15-6-6    533    Inf 
12-6-6    15-6-6    544    Inf 
12-6-6    15-6-6    633    Inf 
12-6-6    15-6-6    644    Inf 
12-6-6    15-6-6    655    Inf 
12-6-6    15-6-6    733    Inf 
12-6-6    15-6-6    744    Inf 
12-6-6    15-6-6    755    Inf 
12-6-6    15-6-6    765    Inf 
12-6-6    15-6-6    766    Inf 
12-6-6    15-6-6    833    Inf 
12-6-6    15-6-6    844    Inf 
12-6-6    15-6-6    855    Inf 
12-6-6    15-6-6    866    Inf 
12-6-6    15-6-6    877    Inf 
12-6-6    988    433    Inf 
12-6-6    988    533    Inf 
12-6-6    988    544    Inf 
12-6-6    988    633    Inf 
12-6-6    988    644    Inf 
12-6-6    988    655    Inf 
12-6-6    988    733    Inf 
12-6-6    988    744    Inf 
12-6-6    988    755    Inf 
12-6-6    988    765    Inf 
12-6-6    988    766    Inf 
12-6-6    11-10-10    433    Inf 
12-6-6    11-10-10    533    Inf 
12-6-6    11-10-10    544    Inf 
12-6-6    11-10-10    633    Inf 
12-6-6    11-10-10    644    Inf 
12-6-6    11-10-10    655    Inf 
12-6-6    11-10-10    733    Inf 
12-6-6    11-10-10    744    Inf 
12-6-6    11-10-10    755    Inf 
12-6-6    11-10-10    765    Inf 
12-6-6    11-10-10    766    Inf 
12-6-6    11-10-10    833    Inf 
12-6-6    11-10-10    844    Inf 
12-6-6    11-10-10    855    Inf 
12-6-6    11-10-10    866    Inf 
12-6-6    11-10-10    877    Inf 
12-6-6    12-10-10    433    Inf 
12-6-6    12-10-10    533    Inf 
12-6-6    12-10-10    544    Inf 
12-6-6    12-10-10    633    Inf 
12-6-6    12-10-10    644    Inf 
12-6-6    12-10-10    655    Inf 
12-6-6    12-10-10    733    Inf 
12-6-6    12-10-10    744    Inf 
12-6-6    12-10-10    755    Inf 
12-6-6    12-10-10    765    Inf 
12-6-6    12-10-10    766    Inf 
12-6-6    12-10-10    833    Inf 
12-6-6    12-10-10    844    Inf 
12-6-6    12-10-10    855    Inf 
12-6-6    12-10-10    866    Inf 
12-6-6    12-10-10    877    Inf 
12-6-6    13-10-10    433    Inf 
12-6-6    13-10-10    533    Inf 
12-6-6    13-10-10    544    Inf 
12-6-6    13-10-10    633    Inf 
12-6-6    13-10-10    644    Inf 
12-6-6    13-10-10    655    Inf 
12-6-6    13-10-10    733    Inf 
12-6-6    13-10-10    744    Inf 
12-6-6    13-10-10    755    Inf 
12-6-6    13-10-10    765    Inf 
12-6-6    13-10-10    766    Inf 
12-6-6    13-10-10    833    Inf 
12-6-6    13-10-10    844    Inf 
12-6-6    13-10-10    855    Inf 
12-6-6    13-10-10    866    Inf 
12-6-6    13-10-10    877    Inf 
12-6-6    14-10-10    966    Inf 
12-6-6    14-10-10    988    Inf 
12-6-6    14-10-10    433    Inf 
12-6-6    14-10-10    533    Inf 
12-6-6    14-10-10    544    Inf 
12-6-6    14-10-10    633    Inf 
12-6-6    14-10-10    644    Inf 
12-6-6    14-10-10    655    Inf 
12-6-6    14-10-10    733    Inf 
12-6-6    14-10-10    744    Inf 
12-6-6    14-10-10    755    Inf 
12-6-6    14-10-10    765    Inf 
12-6-6    14-10-10    766    Inf 
12-6-6    14-10-10    833    Inf 
12-6-6    14-10-10    844    Inf 
12-6-6    14-10-10    855    Inf 
12-6-6    14-10-10    866    Inf 
12-6-6    14-10-10    877    Inf 
12-6-6    15-10-10    966    Inf 
12-6-6    15-10-10    988    Inf 
12-6-6    15-10-10    433    Inf 
12-6-6    15-10-10    533    Inf 
12-6-6    15-10-10    544    Inf 
12-6-6    15-10-10    633    Inf 
12-6-6    15-10-10    644    Inf 
12-6-6    15-10-10    655    Inf 
12-6-6    15-10-10    733    Inf 
12-6-6    15-10-10    744    Inf 
12-6-6    15-10-10    755    Inf 
12-6-6    15-10-10    765    Inf 
12-6-6    15-10-10    766    Inf 
12-6-6    15-10-10    833    Inf 
12-6-6    15-10-10    844    Inf 
12-6-6    15-10-10    855    Inf 
12-6-6    15-10-10    866    Inf 
12-6-6    15-10-10    877    Inf 
12-6-6    10-8-8    433    Inf 
12-6-6    10-8-8    533    Inf 
12-6-6    10-8-8    544    Inf 
12-6-6    10-8-8    633    Inf 
12-6-6    10-8-8    644    Inf 
12-6-6    10-8-8    655    Inf 
12-6-6    10-8-8    733    Inf 
12-6-6    10-8-8    744    Inf 
12-6-6    10-8-8    755    Inf 
12-6-6    10-8-8    765    Inf 
12-6-6    10-8-8    766    Inf 
12-6-6    11-8-8    433    Inf 
12-6-6    11-8-8    533    Inf 
12-6-6    11-8-8    544    Inf 
12-6-6    11-8-8    633    Inf 
12-6-6    11-8-8    644    Inf 
12-6-6    11-8-8    655    Inf 
12-6-6    11-8-8    733    Inf 
12-6-6    11-8-8    744    Inf 
12-6-6    11-8-8    755    Inf 
12-6-6    11-8-8    765    Inf 
12-6-6    11-8-8    766    Inf 
12-6-6    11-8-8    833    Inf 
12-6-6    11-8-8    844    Inf 
12-6-6    11-8-8    855    Inf 
12-6-6    11-8-8    866    Inf 
12-6-6    11-8-8    877    Inf 
12-6-6    533    433    Inf 
12-6-6    544    11-10-10    BH 
12-6-6    544    12-10-10    BH 
12-6-6    544    13-10-10    BH 
12-6-6    544    14-10-10    BH 
12-6-6    544    15-10-10    BH 
12-6-6    544    433    Inf 
12-6-6    633    433    Inf 
12-6-6    633    533    Inf 
12-6-6    633    544    Inf 
12-6-6    644    11-10-10    BH 
12-6-6    644    12-10-10    BH 
12-6-6    644    13-10-10    BH 
12-6-6    644    14-10-10    BH 
12-6-6    644    15-10-10    BH 
12-6-6    644    433    Inf 
12-6-6    644    533    Inf 
12-6-6    644    544    Inf 
12-6-6    655    433    Inf 
12-6-6    655    533    Inf 
12-6-6    655    544    Inf 
12-6-6    733    433    Inf 
12-6-6    733    533    Inf 
12-6-6    733    544    Inf 
12-6-6    733    633    Inf 
12-6-6    733    644    Inf 
12-6-6    733    655    Inf 
12-6-6    744    11-10-10    BH 
12-6-6    744    12-10-10    BH 
12-6-6    744    13-10-10    BH 
12-6-6    744    14-10-10    BH 
12-6-6    744    15-10-10    BH 
12-6-6    744    433    Inf 
12-6-6    744    533    Inf 
12-6-6    744    544    Inf 
12-6-6    744    633    Inf 
12-6-6    744    644    Inf 
12-6-6    744    655    Inf 
12-6-6    755    433    Inf 
12-6-6    755    533    Inf 
12-6-6    755    544    Inf 
12-6-6    755    633    Inf 
12-6-6    755    644    Inf 
12-6-6    755    655    Inf 
12-6-6    765    433    Inf 
12-6-6    765    533    Inf 
12-6-6    765    544    Inf 
12-6-6    765    633    Inf 
12-6-6    765    644    Inf 
12-6-6    765    655    Inf 
12-6-6    766    433    Inf 
12-6-6    766    533    Inf 
12-6-6    766    544    Inf 
12-6-6    766    633    Inf 
12-6-6    766    644    Inf 
12-6-6    766    655    Inf 
12-6-6    833    433    Inf 
12-6-6    833    533    Inf 
12-6-6    833    544    Inf 
12-6-6    833    633    Inf 
12-6-6    833    644    Inf 
12-6-6    833    655    Inf 
12-6-6    844    11-10-10    BH 
12-6-6    844    12-10-10    BH 
12-6-6    844    13-10-10    BH 
12-6-6    844    14-10-10    BH 
12-6-6    844    15-10-10    BH 
12-6-6    844    433    Inf 
12-6-6    844    533    Inf 
12-6-6    844    544    Inf 
12-6-6    844    633    Inf 
12-6-6    844    644    Inf 
12-6-6    844    655    Inf 
12-6-6    855    433    Inf 
12-6-6    855    533    Inf 
12-6-6    855    544    Inf 
12-6-6    855    633    Inf 
12-6-6    855    644    Inf 
12-6-6    855    655    Inf 
12-6-6    866    433    Inf 
12-6-6    866    533    Inf 
12-6-6    866    544    Inf 
12-6-6    866    633    Inf 
12-6-6    866    644    Inf 
12-6-6    866    655    Inf 
12-6-6    877    433    Inf 
12-6-6    877    533    Inf 
12-6-6    877    544    Inf 
12-6-6    877    633    Inf 
12-6-6    877    644    Inf 
12-6-6    877    655    Inf 
13-6-6    13-6-6    966    Inf 
13-6-6    13-6-6    988    Inf 
13-6-6    13-6-6    433    Inf 
13-6-6    13-6-6    533    Inf 
13-6-6    13-6-6    544    Inf 
13-6-6    13-6-6    633    Inf 
13-6-6    13-6-6    644    Inf 
13-6-6    13-6-6    655    Inf 
13-6-6    13-6-6    733    Inf 
13-6-6    13-6-6    744    Inf 
13-6-6    13-6-6    755    Inf 
13-6-6    13-6-6    765    Inf 
13-6-6    13-6-6    766    Inf 
13-6-6    13-6-6    833    Inf 
13-6-6    13-6-6    844    Inf 
13-6-6    13-6-6    855    Inf 
13-6-6    13-6-6    866    Inf 
13-6-6    13-6-6    877    Inf 
13-6-6    14-6-6    966    Inf 
13-6-6    14-6-6    988    Inf 
13-6-6    14-6-6    433    Inf 
13-6-6    14-6-6    533    Inf 
13-6-6    14-6-6    544    Inf 
13-6-6    14-6-6    633    Inf 
13-6-6    14-6-6    644    Inf 
13-6-6    14-6-6    655    Inf 
13-6-6    14-6-6    733    Inf 
13-6-6    14-6-6    744    Inf 
13-6-6    14-6-6    755    Inf 
13-6-6    14-6-6    765    Inf 
13-6-6    14-6-6    766    Inf 
13-6-6    14-6-6    833    Inf 
13-6-6    14-6-6    844    Inf 
13-6-6    14-6-6    855    Inf 
13-6-6    14-6-6    866    Inf 
13-6-6    14-6-6    877    Inf 
13-6-6    15-6-6    966    Inf 
13-6-6    15-6-6    988    Inf 
13-6-6    15-6-6    433    Inf 
13-6-6    15-6-6    533    Inf 
13-6-6    15-6-6    544    Inf 
13-6-6    15-6-6    633    Inf 
13-6-6    15-6-6    644    Inf 
13-6-6    15-6-6    655    Inf 
13-6-6    15-6-6    733    Inf 
13-6-6    15-6-6    744    Inf 
13-6-6    15-6-6    755    Inf 
13-6-6    15-6-6    765    Inf 
13-6-6    15-6-6    766    Inf 
13-6-6    15-6-6    833    Inf 
13-6-6    15-6-6    844    Inf 
13-6-6    15-6-6    855    Inf 
13-6-6    15-6-6    866    Inf 
13-6-6    15-6-6    877    Inf 
13-6-6    988    433    Inf 
13-6-6    988    533    Inf 
13-6-6    988    544    Inf 
13-6-6    988    633    Inf 
13-6-6    988    644    Inf 
13-6-6    988    655    Inf 
13-6-6    988    733    Inf 
13-6-6    988    744    Inf 
13-6-6    988    755    Inf 
13-6-6    988    765    Inf 
13-6-6    988    766    Inf 
13-6-6    11-10-10    433    Inf 
13-6-6    11-10-10    533    Inf 
13-6-6    11-10-10    544    Inf 
13-6-6    11-10-10    633    Inf 
13-6-6    11-10-10    644    Inf 
13-6-6    11-10-10    655    Inf 
13-6-6    11-10-10    733    Inf 
13-6-6    11-10-10    744    Inf 
13-6-6    11-10-10    755    Inf 
13-6-6    11-10-10    765    Inf 
13-6-6    11-10-10    766    Inf 
13-6-6    11-10-10    833    Inf 
13-6-6    11-10-10    844    Inf 
13-6-6    11-10-10    855    Inf 
13-6-6    11-10-10    866    Inf 
13-6-6    11-10-10    877    Inf 
13-6-6    12-10-10    433    Inf 
13-6-6    12-10-10    533    Inf 
13-6-6    12-10-10    544    Inf 
13-6-6    12-10-10    633    Inf 
13-6-6    12-10-10    644    Inf 
13-6-6    12-10-10    655    Inf 
13-6-6    12-10-10    733    Inf 
13-6-6    12-10-10    744    Inf 
13-6-6    12-10-10    755    Inf 
13-6-6    12-10-10    765    Inf 
13-6-6    12-10-10    766    Inf 
13-6-6    12-10-10    833    Inf 
13-6-6    12-10-10    844    Inf 
13-6-6    12-10-10    855    Inf 
13-6-6    12-10-10    866    Inf 
13-6-6    12-10-10    877    Inf 
13-6-6    13-10-10    966    Inf 
13-6-6    13-10-10    988    Inf 
13-6-6    13-10-10    433    Inf 
13-6-6    13-10-10    533    Inf 
13-6-6    13-10-10    544    Inf 
13-6-6    13-10-10    633    Inf 
13-6-6    13-10-10    644    Inf 
13-6-6    13-10-10    655    Inf 
13-6-6    13-10-10    733    Inf 
13-6-6    13-10-10    744    Inf 
13-6-6    13-10-10    755    Inf 
13-6-6    13-10-10    765    Inf 
13-6-6    13-10-10    766    Inf 
13-6-6    13-10-10    833    Inf 
13-6-6    13-10-10    844    Inf 
13-6-6    13-10-10    855    Inf 
13-6-6    13-10-10    866    Inf 
13-6-6    13-10-10    877    Inf 
13-6-6    14-10-10    966    Inf 
13-6-6    14-10-10    988    Inf 
13-6-6    14-10-10    433    Inf 
13-6-6    14-10-10    533    Inf 
13-6-6    14-10-10    544    Inf 
13-6-6    14-10-10    633    Inf 
13-6-6    14-10-10    644    Inf 
13-6-6    14-10-10    655    Inf 
13-6-6    14-10-10    733    Inf 
13-6-6    14-10-10    744    Inf 
13-6-6    14-10-10    755    Inf 
13-6-6    14-10-10    765    Inf 
13-6-6    14-10-10    766    Inf 
13-6-6    14-10-10    833    Inf 
13-6-6    14-10-10    844    Inf 
13-6-6    14-10-10    855    Inf 
13-6-6    14-10-10    866    Inf 
13-6-6    14-10-10    877    Inf 
13-6-6    15-10-10    966    Inf 
13-6-6    15-10-10    988    Inf 
13-6-6    15-10-10    433    Inf 
13-6-6    15-10-10    533    Inf 
13-6-6    15-10-10    544    Inf 
13-6-6    15-10-10    633    Inf 
13-6-6    15-10-10    644    Inf 
13-6-6    15-10-10    655    Inf 
13-6-6    15-10-10    733    Inf 
13-6-6    15-10-10    744    Inf 
13-6-6    15-10-10    755    Inf 
13-6-6    15-10-10    765    Inf 
13-6-6    15-10-10    766    Inf 
13-6-6    15-10-10    833    Inf 
13-6-6    15-10-10    844    Inf 
13-6-6    15-10-10    855    Inf 
13-6-6    15-10-10    866    Inf 
13-6-6    15-10-10    877    Inf 
13-6-6    10-8-8    433    Inf 
13-6-6    10-8-8    533    Inf 
13-6-6    10-8-8    544    Inf 
13-6-6    10-8-8    633    Inf 
13-6-6    10-8-8    644    Inf 
13-6-6    10-8-8    655    Inf 
13-6-6    10-8-8    733    Inf 
13-6-6    10-8-8    744    Inf 
13-6-6    10-8-8    755    Inf 
13-6-6    10-8-8    765    Inf 
13-6-6    10-8-8    766    Inf 
13-6-6    11-8-8    433    Inf 
13-6-6    11-8-8    533    Inf 
13-6-6    11-8-8    544    Inf 
13-6-6    11-8-8    633    Inf 
13-6-6    11-8-8    644    Inf 
13-6-6    11-8-8    655    Inf 
13-6-6    11-8-8    733    Inf 
13-6-6    11-8-8    744    Inf 
13-6-6    11-8-8    755    Inf 
13-6-6    11-8-8    765    Inf 
13-6-6    11-8-8    766    Inf 
13-6-6    11-8-8    833    Inf 
13-6-6    11-8-8    844    Inf 
13-6-6    11-8-8    855    Inf 
13-6-6    11-8-8    866    Inf 
13-6-6    11-8-8    877    Inf 
13-6-6    533    433    Inf 
13-6-6    544    11-10-10    BH 
13-6-6    544    12-10-10    BH 
13-6-6    544    13-10-10    BH 
13-6-6    544    14-10-10    BH 
13-6-6    544    15-10-10    BH 
13-6-6    544    433    Inf 
13-6-6    633    433    Inf 
13-6-6    633    533    Inf 
13-6-6    633    544    Inf 
13-6-6    644    11-10-10    BH 
13-6-6    644    12-10-10    BH 
13-6-6    644    13-10-10    BH 
13-6-6    644    14-10-10    BH 
13-6-6    644    15-10-10    BH 
13-6-6    644    433    Inf 
13-6-6    644    533    Inf 
13-6-6    644    544    Inf 
13-6-6    655    433    Inf 
13-6-6    655    533    Inf 
13-6-6    655    544    Inf 
13-6-6    733    433    Inf 
13-6-6    733    533    Inf 
13-6-6    733    544    Inf 
13-6-6    733    633    Inf 
13-6-6    733    644    Inf 
13-6-6    733    655    Inf 
13-6-6    744    11-10-10    BH 
13-6-6    744    12-10-10    BH 
13-6-6    744    13-10-10    BH 
13-6-6    744    14-10-10    BH 
13-6-6    744    15-10-10    BH 
13-6-6    744    433    Inf 
13-6-6    744    533    Inf 
13-6-6    744    544    Inf 
13-6-6    744    633    Inf 
13-6-6    744    644    Inf 
13-6-6    744    655    Inf 
13-6-6    755    433    Inf 
13-6-6    755    533    Inf 
13-6-6    755    544    Inf 
13-6-6    755    633    Inf 
13-6-6    755    644    Inf 
13-6-6    755    655    Inf 
13-6-6    765    433    Inf 
13-6-6    765    533    Inf 
13-6-6    765    544    Inf 
13-6-6    765    633    Inf 
13-6-6    765    644    Inf 
13-6-6    765    655    Inf 
13-6-6    766    433    Inf 
13-6-6    766    533    Inf 
13-6-6    766    544    Inf 
13-6-6    766    633    Inf 
13-6-6    766    644    Inf 
13-6-6    766    655    Inf 
13-6-6    833    433    Inf 
13-6-6    833    533    Inf 
13-6-6    833    544    Inf 
13-6-6    833    633    Inf 
13-6-6    833    644    Inf 
13-6-6    833    655    Inf 
13-6-6    844    11-10-10    BH 
13-6-6    844    12-10-10    BH 
13-6-6    844    13-10-10    BH 
13-6-6    844    14-10-10    BH 
13-6-6    844    15-10-10    BH 
13-6-6    844    433    Inf 
13-6-6    844    533    Inf 
13-6-6    844    544    Inf 
13-6-6    844    633    Inf 
13-6-6    844    644    Inf 
13-6-6    844    655    Inf 
13-6-6    855    433    Inf 
13-6-6    855    533    Inf 
13-6-6    855    544    Inf 
13-6-6    855    633    Inf 
13-6-6    855    644    Inf 
13-6-6    855    655    Inf 
13-6-6    866    433    Inf 
13-6-6    866    533    Inf 
13-6-6    866    544    Inf 
13-6-6    866    633    Inf 
13-6-6    866    644    Inf 
13-6-6    866    655    Inf 
13-6-6    877    433    Inf 
13-6-6    877    533    Inf 
13-6-6    877    544    Inf 
13-6-6    877    633    Inf 
13-6-6    877    644    Inf 
13-6-6    877    655    Inf 
14-6-6    14-6-6    966    Inf 
14-6-6    14-6-6    988    Inf 
14-6-6    14-6-6    433    Inf 
14-6-6    14-6-6    533    Inf 
14-6-6    14-6-6    544    Inf 
14-6-6    14-6-6    633    Inf 
14-6-6    14-6-6    644    Inf 
14-6-6    14-6-6    655    Inf 
14-6-6    14-6-6    733    Inf 
14-6-6    14-6-6    744    Inf 
14-6-6    14-6-6    755    Inf 
14-6-6    14-6-6    765    Inf 
14-6-6    14-6-6    766    Inf 
14-6-6    14-6-6    833    Inf 
14-6-6    14-6-6    844    Inf 
14-6-6    14-6-6    855    Inf 
14-6-6    14-6-6    866    Inf 
14-6-6    14-6-6    877    Inf 
14-6-6    15-6-6    966    Inf 
14-6-6    15-6-6    10-6-6    Inf 
14-6-6    15-6-6    988    Inf 
14-6-6    15-6-6    10-8-8    Inf 
14-6-6    15-6-6    433    Inf 
14-6-6    15-6-6    533    Inf 
14-6-6    15-6-6    544    Inf 
14-6-6    15-6-6    633    Inf 
14-6-6    15-6-6    644    Inf 
14-6-6    15-6-6    655    Inf 
14-6-6    15-6-6    733    Inf 
14-6-6    15-6-6    744    Inf 
14-6-6    15-6-6    755    Inf 
14-6-6    15-6-6    765    Inf 
14-6-6    15-6-6    766    Inf 
14-6-6    15-6-6    833    Inf 
14-6-6    15-6-6    844    Inf 
14-6-6    15-6-6    855    Inf 
14-6-6    15-6-6    866    Inf 
14-6-6    15-6-6    877    Inf 
14-6-6    988    433    Inf 
14-6-6    988    533    Inf 
14-6-6    988    544    Inf 
14-6-6    988    633    Inf 
14-6-6    988    644    Inf 
14-6-6    988    655    Inf 
14-6-6    988    733    Inf 
14-6-6    988    744    Inf 
14-6-6    988    755    Inf 
14-6-6    988    765    Inf 
14-6-6    988    766    Inf 
14-6-6    11-10-10    433    Inf 
14-6-6    11-10-10    533    Inf 
14-6-6    11-10-10    544    Inf 
14-6-6    11-10-10    633    Inf 
14-6-6    11-10-10    644    Inf 
14-6-6    11-10-10    655    Inf 
14-6-6    11-10-10    733    Inf 
14-6-6    11-10-10    744    Inf 
14-6-6    11-10-10    755    Inf 
14-6-6    11-10-10    765    Inf 
14-6-6    11-10-10    766    Inf 
14-6-6    11-10-10    833    Inf 
14-6-6    11-10-10    844    Inf 
14-6-6    11-10-10    855    Inf 
14-6-6    11-10-10    866    Inf 
14-6-6    11-10-10    877    Inf 
14-6-6    12-10-10    966    Inf 
14-6-6    12-10-10    988    Inf 
14-6-6    12-10-10    433    Inf 
14-6-6    12-10-10    533    Inf 
14-6-6    12-10-10    544    Inf 
14-6-6    12-10-10    633    Inf 
14-6-6    12-10-10    644    Inf 
14-6-6    12-10-10    655    Inf 
14-6-6    12-10-10    733    Inf 
14-6-6    12-10-10    744    Inf 
14-6-6    12-10-10    755    Inf 
14-6-6    12-10-10    765    Inf 
14-6-6    12-10-10    766    Inf 
14-6-6    12-10-10    833    Inf 
14-6-6    12-10-10    844    Inf 
14-6-6    12-10-10    855    Inf 
14-6-6    12-10-10    866    Inf 
14-6-6    12-10-10    877    Inf 
14-6-6    13-10-10    966    Inf 
14-6-6    13-10-10    988    Inf 
14-6-6    13-10-10    433    Inf 
14-6-6    13-10-10    533    Inf 
14-6-6    13-10-10    544    Inf 
14-6-6    13-10-10    633    Inf 
14-6-6    13-10-10    644    Inf 
14-6-6    13-10-10    655    Inf 
14-6-6    13-10-10    733    Inf 
14-6-6    13-10-10    744    Inf 
14-6-6    13-10-10    755    Inf 
14-6-6    13-10-10    765    Inf 
14-6-6    13-10-10    766    Inf 
14-6-6    13-10-10    833    Inf 
14-6-6    13-10-10    844    Inf 
14-6-6    13-10-10    855    Inf 
14-6-6    13-10-10    866    Inf 
14-6-6    13-10-10    877    Inf 
14-6-6    14-10-10    966    Inf 
14-6-6    14-10-10    988    Inf 
14-6-6    14-10-10    433    Inf 
14-6-6    14-10-10    533    Inf 
14-6-6    14-10-10    544    Inf 
14-6-6    14-10-10    633    Inf 
14-6-6    14-10-10    644    Inf 
14-6-6    14-10-10    655    Inf 
14-6-6    14-10-10    733    Inf 
14-6-6    14-10-10    744    Inf 
14-6-6    14-10-10    755    Inf 
14-6-6    14-10-10    765    Inf 
14-6-6    14-10-10    766    Inf 
14-6-6    14-10-10    833    Inf 
14-6-6    14-10-10    844    Inf 
14-6-6    14-10-10    855    Inf 
14-6-6    14-10-10    866    Inf 
14-6-6    14-10-10    877    Inf 
14-6-6    15-10-10    966    Inf 
14-6-6    15-10-10    10-6-6    Inf 
14-6-6    15-10-10    988    Inf 
14-6-6    15-10-10    10-8-8    Inf 
14-6-6    15-10-10    433    Inf 
14-6-6    15-10-10    533    Inf 
14-6-6    15-10-10    544    Inf 
14-6-6    15-10-10    633    Inf 
14-6-6    15-10-10    644    Inf 
14-6-6    15-10-10    655    Inf 
14-6-6    15-10-10    733    Inf 
14-6-6    15-10-10    744    Inf 
14-6-6    15-10-10    755    Inf 
14-6-6    15-10-10    765    Inf 
14-6-6    15-10-10    766    Inf 
14-6-6    15-10-10    833    Inf 
14-6-6    15-10-10    844    Inf 
14-6-6    15-10-10    855    Inf 
14-6-6    15-10-10    866    Inf 
14-6-6    15-10-10    877    Inf 
14-6-6    10-8-8    433    Inf 
14-6-6    10-8-8    533    Inf 
14-6-6    10-8-8    544    Inf 
14-6-6    10-8-8    633    Inf 
14-6-6    10-8-8    644    Inf 
14-6-6    10-8-8    655    Inf 
14-6-6    10-8-8    733    Inf 
14-6-6    10-8-8    744    Inf 
14-6-6    10-8-8    755    Inf 
14-6-6    10-8-8    765    Inf 
14-6-6    10-8-8    766    Inf 
14-6-6    10-8-8    833    Inf 
14-6-6    10-8-8    844    Inf 
14-6-6    10-8-8    855    Inf 
14-6-6    10-8-8    866    Inf 
14-6-6    10-8-8    877    Inf 
14-6-6    11-8-8    433    Inf 
14-6-6    11-8-8    533    Inf 
14-6-6    11-8-8    544    Inf 
14-6-6    11-8-8    633    Inf 
14-6-6    11-8-8    644    Inf 
14-6-6    11-8-8    655    Inf 
14-6-6    11-8-8    733    Inf 
14-6-6    11-8-8    744    Inf 
14-6-6    11-8-8    755    Inf 
14-6-6    11-8-8    765    Inf 
14-6-6    11-8-8    766    Inf 
14-6-6    11-8-8    833    Inf 
14-6-6    11-8-8    844    Inf 
14-6-6    11-8-8    855    Inf 
14-6-6    11-8-8    866    Inf 
14-6-6    11-8-8    877    Inf 
14-6-6    533    433    Inf 
14-6-6    544    11-10-10    BH 
14-6-6    544    12-10-10    BH 
14-6-6    544    13-10-10    BH 
14-6-6    544    14-10-10    BH 
14-6-6    544    15-10-10    BH 
14-6-6    544    433    Inf 
14-6-6    633    433    Inf 
14-6-6    633    533    Inf 
14-6-6    633    544    Inf 
14-6-6    644    11-10-10    BH 
14-6-6    644    12-10-10    BH 
14-6-6    644    13-10-10    BH 
14-6-6    644    14-10-10    BH 
14-6-6    644    15-10-10    BH 
14-6-6    644    433    Inf 
14-6-6    644    533    Inf 
14-6-6    644    544    Inf 
14-6-6    655    433    Inf 
14-6-6    655    533    Inf 
14-6-6    655    544    Inf 
14-6-6    733    433    Inf 
14-6-6    733    533    Inf 
14-6-6    733    544    Inf 
14-6-6    733    633    Inf 
14-6-6    733    644    Inf 
14-6-6    733    655    Inf 
14-6-6    744    11-10-10    BH 
14-6-6    744    12-10-10    BH 
14-6-6    744    13-10-10    BH 
14-6-6    744    14-10-10    BH 
14-6-6    744    15-10-10    BH 
14-6-6    744    433    Inf 
14-6-6    744    533    Inf 
14-6-6    744    544    Inf 
14-6-6    744    633    Inf 
14-6-6    744    644    Inf 
14-6-6    744    655    Inf 
14-6-6    755    433    Inf 
14-6-6    755    533    Inf 
14-6-6    755    544    Inf 
14-6-6    755    633    Inf 
14-6-6    755    644    Inf 
14-6-6    755    655    Inf 
14-6-6    765    433    Inf 
14-6-6    765    533    Inf 
14-6-6    765    544    Inf 
14-6-6    765    633    Inf 
14-6-6    765    644    Inf 
14-6-6    765    655    Inf 
14-6-6    766    433    Inf 
14-6-6    766    533    Inf 
14-6-6    766    544    Inf 
14-6-6    766    633    Inf 
14-6-6    766    644    Inf 
14-6-6    766    655    Inf 
14-6-6    833    433    Inf 
14-6-6    833    533    Inf 
14-6-6    833    544    Inf 
14-6-6    833    633    Inf 
14-6-6    833    644    Inf 
14-6-6    833    655    Inf 
14-6-6    844    11-10-10    BH 
14-6-6    844    12-10-10    BH 
14-6-6    844    13-10-10    BH 
14-6-6    844    14-10-10    BH 
14-6-6    844    15-10-10    BH 
14-6-6    844    433    Inf 
14-6-6    844    533    Inf 
14-6-6    844    544    Inf 
14-6-6    844    633    Inf 
14-6-6    844    644    Inf 
14-6-6    844    655    Inf 
14-6-6    855    433    Inf 
14-6-6    855    533    Inf 
14-6-6    855    544    Inf 
14-6-6    855    633    Inf 
14-6-6    855    644    Inf 
14-6-6    855    655    Inf 
14-6-6    866    433    Inf 
14-6-6    866    533    Inf 
14-6-6    866    544    Inf 
14-6-6    866    633    Inf 
14-6-6    866    644    Inf 
14-6-6    866    655    Inf 
14-6-6    877    433    Inf 
14-6-6    877    533    Inf 
14-6-6    877    544    Inf 
14-6-6    877    633    Inf 
14-6-6    877    644    Inf 
14-6-6    877    655    Inf 
15-6-6    15-6-6    966    Inf 
15-6-6    15-6-6    10-6-6    Inf 
15-6-6    15-6-6    988    Inf 
15-6-6    15-6-6    10-8-8    Inf 
15-6-6    15-6-6    433    Inf 
15-6-6    15-6-6    533    Inf 
15-6-6    15-6-6    544    Inf 
15-6-6    15-6-6    633    Inf 
15-6-6    15-6-6    644    Inf 
15-6-6    15-6-6    655    Inf 
15-6-6    15-6-6    733    Inf 
15-6-6    15-6-6    744    Inf 
15-6-6    15-6-6    755    Inf 
15-6-6    15-6-6    765    Inf 
15-6-6    15-6-6    766    Inf 
15-6-6    15-6-6    833    Inf 
15-6-6    15-6-6    844    Inf 
15-6-6    15-6-6    855    Inf 
15-6-6    15-6-6    866    Inf 
15-6-6    15-6-6    877    Inf 
15-6-6    988    433    Inf 
15-6-6    988    533    Inf 
15-6-6    988    544    Inf 
15-6-6    988    633    Inf 
15-6-6    988    644    Inf 
15-6-6    988    655    Inf 
15-6-6    988    733    Inf 
15-6-6    988    744    Inf 
15-6-6    988    755    Inf 
15-6-6    988    765    Inf 
15-6-6    988    766    Inf 
15-6-6    11-10-10    433    Inf 
15-6-6    11-10-10    533    Inf 
15-6-6    11-10-10    544    Inf 
15-6-6    11-10-10    633    Inf 
15-6-6    11-10-10    644    Inf 
15-6-6    11-10-10    655    Inf 
15-6-6    11-10-10    733    Inf 
15-6-6    11-10-10    744    Inf 
15-6-6    11-10-10    755    Inf 
15-6-6    11-10-10    765    Inf 
15-6-6    11-10-10    766    Inf 
15-6-6    11-10-10    833    Inf 
15-6-6    11-10-10    844    Inf 
15-6-6    11-10-10    855    Inf 
15-6-6    11-10-10    866    Inf 
15-6-6    11-10-10    877    Inf 
15-6-6    12-10-10    966    Inf 
15-6-6    12-10-10    988    Inf 
15-6-6    12-10-10    433    Inf 
15-6-6    12-10-10    533    Inf 
15-6-6    12-10-10    544    Inf 
15-6-6    12-10-10    633    Inf 
15-6-6    12-10-10    644    Inf 
15-6-6    12-10-10    655    Inf 
15-6-6    12-10-10    733    Inf 
15-6-6    12-10-10    744    Inf 
15-6-6    12-10-10    755    Inf 
15-6-6    12-10-10    765    Inf 
15-6-6    12-10-10    766    Inf 
15-6-6    12-10-10    833    Inf 
15-6-6    12-10-10    844    Inf 
15-6-6    12-10-10    855    Inf 
15-6-6    12-10-10    866    Inf 
15-6-6    12-10-10    877    Inf 
15-6-6    13-10-10    966    Inf 
15-6-6    13-10-10    988    Inf 
15-6-6    13-10-10    433    Inf 
15-6-6    13-10-10    533    Inf 
15-6-6    13-10-10    544    Inf 
15-6-6    13-10-10    633    Inf 
15-6-6    13-10-10    644    Inf 
15-6-6    13-10-10    655    Inf 
15-6-6    13-10-10    733    Inf 
15-6-6    13-10-10    744    Inf 
15-6-6    13-10-10    755    Inf 
15-6-6    13-10-10    765    Inf 
15-6-6    13-10-10    766    Inf 
15-6-6    13-10-10    833    Inf 
15-6-6    13-10-10    844    Inf 
15-6-6    13-10-10    855    Inf 
15-6-6    13-10-10    866    Inf 
15-6-6    13-10-10    877    Inf 
15-6-6    14-10-10    966    Inf 
15-6-6    14-10-10    10-6-6    Inf 
15-6-6    14-10-10    988    Inf 
15-6-6    14-10-10    10-8-8    Inf 
15-6-6    14-10-10    433    Inf 
15-6-6    14-10-10    533    Inf 
15-6-6    14-10-10    544    Inf 
15-6-6    14-10-10    633    Inf 
15-6-6    14-10-10    644    Inf 
15-6-6    14-10-10    655    Inf 
15-6-6    14-10-10    733    Inf 
15-6-6    14-10-10    744    Inf 
15-6-6    14-10-10    755    Inf 
15-6-6    14-10-10    765    Inf 
15-6-6    14-10-10    766    Inf 
15-6-6    14-10-10    833    Inf 
15-6-6    14-10-10    844    Inf 
15-6-6    14-10-10    855    Inf 
15-6-6    14-10-10    866    Inf 
15-6-6    14-10-10    877    Inf 
15-6-6    15-10-10    966    Inf 
15-6-6    15-10-10    10-6-6    Inf 
15-6-6    15-10-10    988    Inf 
15-6-6    15-10-10    10-8-8    Inf 
15-6-6    15-10-10    433    Inf 
15-6-6    15-10-10    533    Inf 
15-6-6    15-10-10    544    Inf 
15-6-6    15-10-10    633    Inf 
15-6-6    15-10-10    644    Inf 
15-6-6    15-10-10    655    Inf 
15-6-6    15-10-10    733    Inf 
15-6-6    15-10-10    744    Inf 
15-6-6    15-10-10    755    Inf 
15-6-6    15-10-10    765    Inf 
15-6-6    15-10-10    766    Inf 
15-6-6    15-10-10    833    Inf 
15-6-6    15-10-10    844    Inf 
15-6-6    15-10-10    855    Inf 
15-6-6    15-10-10    866    Inf 
15-6-6    15-10-10    877    Inf 
15-6-6    10-8-8    433    Inf 
15-6-6    10-8-8    533    Inf 
15-6-6    10-8-8    544    Inf 
15-6-6    10-8-8    633    Inf 
15-6-6    10-8-8    644    Inf 
15-6-6    10-8-8    655    Inf 
15-6-6    10-8-8    733    Inf 
15-6-6    10-8-8    744    Inf 
15-6-6    10-8-8    755    Inf 
15-6-6    10-8-8    765    Inf 
15-6-6    10-8-8    766    Inf 
15-6-6    10-8-8    833    Inf 
15-6-6    10-8-8    844    Inf 
15-6-6    10-8-8    855    Inf 
15-6-6    10-8-8    866    Inf 
15-6-6    10-8-8    877    Inf 
15-6-6    11-8-8    433    Inf 
15-6-6    11-8-8    533    Inf 
15-6-6    11-8-8    544    Inf 
15-6-6    11-8-8    633    Inf 
15-6-6    11-8-8    644    Inf 
15-6-6    11-8-8    655    Inf 
15-6-6    11-8-8    733    Inf 
15-6-6    11-8-8    744    Inf 
15-6-6    11-8-8    755    Inf 
15-6-6    11-8-8    765    Inf 
15-6-6    11-8-8    766    Inf 
15-6-6    11-8-8    833    Inf 
15-6-6    11-8-8    844    Inf 
15-6-6    11-8-8    855    Inf 
15-6-6    11-8-8    866    Inf 
15-6-6    11-8-8    877    Inf 
15-6-6    533    433    Inf 
15-6-6    544    11-10-10    BH 
15-6-6    544    12-10-10    BH 
15-6-6    544    13-10-10    BH 
15-6-6    544    14-10-10    BH 
15-6-6    544    15-10-10    BH 
15-6-6    544    433    Inf 
15-6-6    633    433    Inf 
15-6-6    633    533    Inf 
15-6-6    633    544    Inf 
15-6-6    644    11-10-10    BH 
15-6-6    644    12-10-10    BH 
15-6-6    644    13-10-10    BH 
15-6-6    644    14-10-10    BH 
15-6-6    644    15-10-10    BH 
15-6-6    644    433    Inf 
15-6-6    644    533    Inf 
15-6-6    644    544    Inf 
15-6-6    655    433    Inf 
15-6-6    655    533    Inf 
15-6-6    655    544    Inf 
15-6-6    733    433    Inf 
15-6-6    733    533    Inf 
15-6-6    733    544    Inf 
15-6-6    733    633    Inf 
15-6-6    733    644    Inf 
15-6-6    733    655    Inf 
15-6-6    744    11-10-10    BH 
15-6-6    744    12-10-10    BH 
15-6-6    744    13-10-10    BH 
15-6-6    744    14-10-10    BH 
15-6-6    744    15-10-10    BH 
15-6-6    744    433    Inf 
15-6-6    744    533    Inf 
15-6-6    744    544    Inf 
15-6-6    744    633    Inf 
15-6-6    744    644    Inf 
15-6-6    744    655    Inf 
15-6-6    755    433    Inf 
15-6-6    755    533    Inf 
15-6-6    755    544    Inf 
15-6-6    755    633    Inf 
15-6-6    755    644    Inf 
15-6-6    755    655    Inf 
15-6-6    765    433    Inf 
15-6-6    765    533    Inf 
15-6-6    765    544    Inf 
15-6-6    765    633    Inf 
15-6-6    765    644    Inf 
15-6-6    765    655    Inf 
15-6-6    766    433    Inf 
15-6-6    766    533    Inf 
15-6-6    766    544    Inf 
15-6-6    766    633    Inf 
15-6-6    766    644    Inf 
15-6-6    766    655    Inf 
15-6-6    833    433    Inf 
15-6-6    833    533    Inf 
15-6-6    833    544    Inf 
15-6-6    833    633    Inf 
15-6-6    833    644    Inf 
15-6-6    833    655    Inf 
15-6-6    833    733    Inf 
15-6-6    833    744    Inf 
15-6-6    833    755    Inf 
15-6-6    833    765    Inf 
15-6-6    833    766    Inf 
15-6-6    844    11-10-10    BH 
15-6-6    844    12-10-10    BH 
15-6-6    844    13-10-10    BH 
15-6-6    844    14-10-10    BH 
15-6-6    844    15-10-10    BH 
15-6-6    844    433    Inf 
15-6-6    844    533    Inf 
15-6-6    844    544    Inf 
15-6-6    844    633    Inf 
15-6-6    844    644    Inf 
15-6-6    844    655    Inf 
15-6-6    844    733    Inf 
15-6-6    844    744    Inf 
15-6-6    844    755    Inf 
15-6-6    844    765    Inf 
15-6-6    844    766    Inf 
15-6-6    855    433    Inf 
15-6-6    855    533    Inf 
15-6-6    855    544    Inf 
15-6-6    855    633    Inf 
15-6-6    855    644    Inf 
15-6-6    855    655    Inf 
15-6-6    855    733    Inf 
15-6-6    855    744    Inf 
15-6-6    855    755    Inf 
15-6-6    855    765    Inf 
15-6-6    855    766    Inf 
15-6-6    866    433    Inf 
15-6-6    866    533    Inf 
15-6-6    866    544    Inf 
15-6-6    866    633    Inf 
15-6-6    866    644    Inf 
15-6-6    866    655    Inf 
15-6-6    866    733    Inf 
15-6-6    866    744    Inf 
15-6-6    866    755    Inf 
15-6-6    866    765    Inf 
15-6-6    866    766    Inf 
15-6-6    877    433    Inf 
15-6-6    877    533    Inf 
15-6-6    877    544    Inf 
15-6-6    877    633    Inf 
15-6-6    877    644    Inf 
15-6-6    877    655    Inf 
15-6-6    877    733    Inf 
15-6-6    877    744    Inf 
15-6-6    877    755    Inf 
15-6-6    877    765    Inf 
15-6-6    877    766    Inf 
988    988    433    Inf 
988    988    533    Inf 
988    988    544    Inf 
988    988    633    Inf 
988    988    644    Inf 
988    988    655    Inf 
988    11-10-10    433    Inf 
988    11-10-10    533    Inf 
988    11-10-10    544    Inf 
988    11-10-10    633    Inf 
988    11-10-10    644    Inf 
988    11-10-10    655    Inf 
988    12-10-10    433    Inf 
988    12-10-10    533    Inf 
988    12-10-10    544    Inf 
988    12-10-10    633    Inf 
988    12-10-10    644    Inf 
988    12-10-10    655    Inf 
988    12-10-10    733    Inf 
988    12-10-10    744    Inf 
988    12-10-10    755    Inf 
988    12-10-10    765    Inf 
988    12-10-10    766    Inf 
988    13-10-10    433    Inf 
988    13-10-10    533    Inf 
988    13-10-10    544    Inf 
988    13-10-10    633    Inf 
988    13-10-10    644    Inf 
988    13-10-10    655    Inf 
988    13-10-10    733    Inf 
988    13-10-10    744    Inf 
988    13-10-10    755    Inf 
988    13-10-10    765    Inf 
988    13-10-10    766    Inf 
988    14-10-10    433    Inf 
988    14-10-10    533    Inf 
988    14-10-10    544    Inf 
988    14-10-10    633    Inf 
988    14-10-10    644    Inf 
988    14-10-10    655    Inf 
988    14-10-10    733    Inf 
988    14-10-10    744    Inf 
988    14-10-10    755    Inf 
988    14-10-10    765    Inf 
988    14-10-10    766    Inf 
988    15-10-10    433    Inf 
988    15-10-10    533    Inf 
988    15-10-10    544    Inf 
988    15-10-10    633    Inf 
988    15-10-10    644    Inf 
988    15-10-10    655    Inf 
988    15-10-10    733    Inf 
988    15-10-10    744    Inf 
988    15-10-10    755    Inf 
988    15-10-10    765    Inf 
988    15-10-10    766    Inf 
988    10-8-8    433    Inf 
988    10-8-8    533    Inf 
988    10-8-8    544    Inf 
988    10-8-8    633    Inf 
988    10-8-8    644    Inf 
988    10-8-8    655    Inf 
988    11-8-8    433    Inf 
988    11-8-8    533    Inf 
988    11-8-8    544    Inf 
988    11-8-8    633    Inf 
988    11-8-8    644    Inf 
988    11-8-8    655    Inf 
988    533    433    Inf 
988    544    433    Inf 
988    633    433    Inf 
988    644    433    Inf 
988    655    433    Inf 
988    733    433    Inf 
988    733    533    Inf 
988    733    544    Inf 
988    744    433    Inf 
988    744    533    Inf 
988    744    544    Inf 
988    755    433    Inf 
988    755    533    Inf 
988    755    544    Inf 
988    765    433    Inf 
988    765    533    Inf 
988    765    544    Inf 
988    766    433    Inf 
988    766    533    Inf 
988    766    544    Inf 
988    833    433    Inf 
988    833    533    Inf 
988    833    544    Inf 
988    844    433    Inf 
988    844    533    Inf 
988    844    544    Inf 
988    855    433    Inf 
988    855    533    Inf 
988    855    544    Inf 
988    866    433    Inf 
988    866    533    Inf 
988    866    544    Inf 
988    877    433    Inf 
988    877    533    Inf 
988    877    544    Inf 
11-10-10    11-10-10    433    Inf 
11-10-10    11-10-10    533    Inf 
11-10-10    11-10-10    544    Inf 
11-10-10    11-10-10    633    Inf 
11-10-10    11-10-10    644    Inf 
11-10-10    11-10-10    655    Inf 
11-10-10    11-10-10    733    Inf 
11-10-10    11-10-10    744    Inf 
11-10-10    11-10-10    755    Inf 
11-10-10    11-10-10    765    Inf 
11-10-10    11-10-10    766    Inf 
11-10-10    12-10-10    433    Inf 
11-10-10    12-10-10    533    Inf 
11-10-10    12-10-10    544    Inf 
11-10-10    12-10-10    633    Inf 
11-10-10    12-10-10    644    Inf 
11-10-10    12-10-10    655    Inf 
11-10-10    12-10-10    733    Inf 
11-10-10    12-10-10    744    Inf 
11-10-10    12-10-10    755    Inf 
11-10-10    12-10-10    765    Inf 
11-10-10    12-10-10    766    Inf 
11-10-10    12-10-10    833    Inf 
11-10-10    12-10-10    844    Inf 
11-10-10    12-10-10    855    Inf 
11-10-10    12-10-10    866    Inf 
11-10-10    12-10-10    877    Inf 
11-10-10    13-10-10    433    Inf 
11-10-10    13-10-10    533    Inf 
11-10-10    13-10-10    544    Inf 
11-10-10    13-10-10    633    Inf 
11-10-10    13-10-10    644    Inf 
11-10-10    13-10-10    655    Inf 
11-10-10    13-10-10    733    Inf 
11-10-10    13-10-10    744    Inf 
11-10-10    13-10-10    755    Inf 
11-10-10    13-10-10    765    Inf 
11-10-10    13-10-10    766    Inf 
11-10-10    13-10-10    833    Inf 
11-10-10    13-10-10    844    Inf 
11-10-10    13-10-10    855    Inf 
11-10-10    13-10-10    866    Inf 
11-10-10    13-10-10    877    Inf 
11-10-10    14-10-10    433    Inf 
11-10-10    14-10-10    533    Inf 
11-10-10    14-10-10    544    Inf 
11-10-10    14-10-10    633    Inf 
11-10-10    14-10-10    644    Inf 
11-10-10    14-10-10    655    Inf 
11-10-10    14-10-10    733    Inf 
11-10-10    14-10-10    744    Inf 
11-10-10    14-10-10    755    Inf 
11-10-10    14-10-10    765    Inf 
11-10-10    14-10-10    766    Inf 
11-10-10    14-10-10    833    Inf 
11-10-10    14-10-10    844    Inf 
11-10-10    14-10-10    855    Inf 
11-10-10    14-10-10    866    Inf 
11-10-10    14-10-10    877    Inf 
11-10-10    15-10-10    433    Inf 
11-10-10    15-10-10    533    Inf 
11-10-10    15-10-10    544    Inf 
11-10-10    15-10-10    633    Inf 
11-10-10    15-10-10    644    Inf 
11-10-10    15-10-10    655    Inf 
11-10-10    15-10-10    733    Inf 
11-10-10    15-10-10    744    Inf 
11-10-10    15-10-10    755    Inf 
11-10-10    15-10-10    765    Inf 
11-10-10    15-10-10    766    Inf 
11-10-10    15-10-10    833    Inf 
11-10-10    15-10-10    844    Inf 
11-10-10    15-10-10    855    Inf 
11-10-10    15-10-10    866    Inf 
11-10-10    15-10-10    877    Inf 
11-10-10    10-8-8    433    Inf 
11-10-10    10-8-8    533    Inf 
11-10-10    10-8-8    544    Inf 
11-10-10    10-8-8    633    Inf 
11-10-10    10-8-8    644    Inf 
11-10-10    10-8-8    655    Inf 
11-10-10    10-8-8    733    Inf 
11-10-10    10-8-8    744    Inf 
11-10-10    10-8-8    755    Inf 
11-10-10    10-8-8    765    Inf 
11-10-10    10-8-8    766    Inf 
11-10-10    11-8-8    433    Inf 
11-10-10    11-8-8    533    Inf 
11-10-10    11-8-8    544    Inf 
11-10-10    11-8-8    633    Inf 
11-10-10    11-8-8    644    Inf 
11-10-10    11-8-8    655    Inf 
11-10-10    11-8-8    733    Inf 
11-10-10    11-8-8    744    Inf 
11-10-10    11-8-8    755    Inf 
11-10-10    11-8-8    765    Inf 
11-10-10    11-8-8    766    Inf 
11-10-10    533    433    Inf 
11-10-10    544    433    Inf 
11-10-10    633    433    Inf 
11-10-10    633    533    Inf 
11-10-10    633    544    Inf 
11-10-10    644    433    Inf 
11-10-10    644    533    Inf 
11-10-10    644    544    Inf 
11-10-10    655    433    Inf 
11-10-10    655    533    Inf 
11-10-10    655    544    Inf 
11-10-10    733    433    Inf 
11-10-10    733    533    Inf 
11-10-10    733    544    Inf 
11-10-10    744    433    Inf 
11-10-10    744    533    Inf 
11-10-10    744    544    Inf 
11-10-10    755    433    Inf 
11-10-10    755    533    Inf 
11-10-10    755    544    Inf 
11-10-10    765    433    Inf 
11-10-10    765    533    Inf 
11-10-10    765    544    Inf 
11-10-10    766    433    Inf 
11-10-10    766    533    Inf 
11-10-10    766    544    Inf 
11-10-10    833    433    Inf 
11-10-10    833    533    Inf 
11-10-10    833    544    Inf 
11-10-10    833    633    Inf 
11-10-10    833    644    Inf 
11-10-10    833    655    Inf 
11-10-10    844    433    Inf 
11-10-10    844    533    Inf 
11-10-10    844    544    Inf 
11-10-10    844    633    Inf 
11-10-10    844    644    Inf 
11-10-10    844    655    Inf 
11-10-10    855    433    Inf 
11-10-10    855    533    Inf 
11-10-10    855    544    Inf 
11-10-10    855    633    Inf 
11-10-10    855    644    Inf 
11-10-10    855    655    Inf 
11-10-10    866    433    Inf 
11-10-10    866    533    Inf 
11-10-10    866    544    Inf 
11-10-10    866    633    Inf 
11-10-10    866    644    Inf 
11-10-10    866    655    Inf 
11-10-10    877    433    Inf 
11-10-10    877    533    Inf 
11-10-10    877    544    Inf 
11-10-10    877    633    Inf 
11-10-10    877    644    Inf 
11-10-10    877    655    Inf 
12-10-10    12-10-10    433    Inf 
12-10-10    12-10-10    533    Inf 
12-10-10    12-10-10    544    Inf 
12-10-10    12-10-10    633    Inf 
12-10-10    12-10-10    644    Inf 
12-10-10    12-10-10    655    Inf 
12-10-10    12-10-10    733    Inf 
12-10-10    12-10-10    744    Inf 
12-10-10    12-10-10    755    Inf 
12-10-10    12-10-10    765    Inf 
12-10-10    12-10-10    766    Inf 
12-10-10    12-10-10    833    Inf 
12-10-10    12-10-10    844    Inf 
12-10-10    12-10-10    855    Inf 
12-10-10    12-10-10    866    Inf 
12-10-10    12-10-10    877    Inf 
12-10-10    13-10-10    433    Inf 
12-10-10    13-10-10    533    Inf 
12-10-10    13-10-10    544    Inf 
12-10-10    13-10-10    633    Inf 
12-10-10    13-10-10    644    Inf 
12-10-10    13-10-10    655    Inf 
12-10-10    13-10-10    733    Inf 
12-10-10    13-10-10    744    Inf 
12-10-10    13-10-10    755    Inf 
12-10-10    13-10-10    765    Inf 
12-10-10    13-10-10    766    Inf 
12-10-10    13-10-10    833    Inf 
12-10-10    13-10-10    844    Inf 
12-10-10    13-10-10    855    Inf 
12-10-10    13-10-10    866    Inf 
12-10-10    13-10-10    877    Inf 
12-10-10    14-10-10    966    Inf 
12-10-10    14-10-10    988    Inf 
12-10-10    14-10-10    433    Inf 
12-10-10    14-10-10    533    Inf 
12-10-10    14-10-10    544    Inf 
12-10-10    14-10-10    633    Inf 
12-10-10    14-10-10    644    Inf 
12-10-10    14-10-10    655    Inf 
12-10-10    14-10-10    733    Inf 
12-10-10    14-10-10    744    Inf 
12-10-10    14-10-10    755    Inf 
12-10-10    14-10-10    765    Inf 
12-10-10    14-10-10    766    Inf 
12-10-10    14-10-10    833    Inf 
12-10-10    14-10-10    844    Inf 
12-10-10    14-10-10    855    Inf 
12-10-10    14-10-10    866    Inf 
12-10-10    14-10-10    877    Inf 
12-10-10    15-10-10    966    Inf 
12-10-10    15-10-10    988    Inf 
12-10-10    15-10-10    433    Inf 
12-10-10    15-10-10    533    Inf 
12-10-10    15-10-10    544    Inf 
12-10-10    15-10-10    633    Inf 
12-10-10    15-10-10    644    Inf 
12-10-10    15-10-10    655    Inf 
12-10-10    15-10-10    733    Inf 
12-10-10    15-10-10    744    Inf 
12-10-10    15-10-10    755    Inf 
12-10-10    15-10-10    765    Inf 
12-10-10    15-10-10    766    Inf 
12-10-10    15-10-10    833    Inf 
12-10-10    15-10-10    844    Inf 
12-10-10    15-10-10    855    Inf 
12-10-10    15-10-10    866    Inf 
12-10-10    15-10-10    877    Inf 
12-10-10    10-8-8    433    Inf 
12-10-10    10-8-8    533    Inf 
12-10-10    10-8-8    544    Inf 
12-10-10    10-8-8    633    Inf 
12-10-10    10-8-8    644    Inf 
12-10-10    10-8-8    655    Inf 
12-10-10    10-8-8    733    Inf 
12-10-10    10-8-8    744    Inf 
12-10-10    10-8-8    755    Inf 
12-10-10    10-8-8    765    Inf 
12-10-10    10-8-8    766    Inf 
12-10-10    11-8-8    433    Inf 
12-10-10    11-8-8    533    Inf 
12-10-10    11-8-8    544    Inf 
12-10-10    11-8-8    633    Inf 
12-10-10    11-8-8    644    Inf 
12-10-10    11-8-8    655    Inf 
12-10-10    11-8-8    733    Inf 
12-10-10    11-8-8    744    Inf 
12-10-10    11-8-8    755    Inf 
12-10-10    11-8-8    765    Inf 
12-10-10    11-8-8    766    Inf 
12-10-10    11-8-8    833    Inf 
12-10-10    11-8-8    844    Inf 
12-10-10    11-8-8    855    Inf 
12-10-10    11-8-8    866    Inf 
12-10-10    11-8-8    877    Inf 
12-10-10    533    433    Inf 
12-10-10    544    433    Inf 
12-10-10    633    433    Inf 
12-10-10    633    533    Inf 
12-10-10    633    544    Inf 
12-10-10    644    433    Inf 
12-10-10    644    533    Inf 
12-10-10    644    544    Inf 
12-10-10    655    433    Inf 
12-10-10    655    533    Inf 
12-10-10    655    544    Inf 
12-10-10    733    433    Inf 
12-10-10    733    533    Inf 
12-10-10    733    544    Inf 
12-10-10    733    633    Inf 
12-10-10    733    644    Inf 
12-10-10    733    655    Inf 
12-10-10    744    433    Inf 
12-10-10    744    533    Inf 
12-10-10    744    544    Inf 
12-10-10    744    633    Inf 
12-10-10    744    644    Inf 
12-10-10    744    655    Inf 
12-10-10    755    433    Inf 
12-10-10    755    533    Inf 
12-10-10    755    544    Inf 
12-10-10    755    633    Inf 
12-10-10    755    644    Inf 
12-10-10    755    655    Inf 
12-10-10    765    433    Inf 
12-10-10    765    533    Inf 
12-10-10    765    544    Inf 
12-10-10    765    633    Inf 
12-10-10    765    644    Inf 
12-10-10    765    655    Inf 
12-10-10    766    433    Inf 
12-10-10    766    533    Inf 
12-10-10    766    544    Inf 
12-10-10    766    633    Inf 
12-10-10    766    644    Inf 
12-10-10    766    655    Inf 
12-10-10    833    433    Inf 
12-10-10    833    533    Inf 
12-10-10    833    544    Inf 
12-10-10    833    633    Inf 
12-10-10    833    644    Inf 
12-10-10    833    655    Inf 
12-10-10    844    433    Inf 
12-10-10    844    533    Inf 
12-10-10    844    544    Inf 
12-10-10    844    633    Inf 
12-10-10    844    644    Inf 
12-10-10    844    655    Inf 
12-10-10    855    433    Inf 
12-10-10    855    533    Inf 
12-10-10    855    544    Inf 
12-10-10    855    633    Inf 
12-10-10    855    644    Inf 
12-10-10    855    655    Inf 
12-10-10    866    433    Inf 
12-10-10    866    533    Inf 
12-10-10    866    544    Inf 
12-10-10    866    633    Inf 
12-10-10    866    644    Inf 
12-10-10    866    655    Inf 
12-10-10    877    433    Inf 
12-10-10    877    533    Inf 
12-10-10    877    544    Inf 
12-10-10    877    633    Inf 
12-10-10    877    644    Inf 
12-10-10    877    655    Inf 
13-10-10    13-10-10    966    Inf 
13-10-10    13-10-10    988    Inf 
13-10-10    13-10-10    433    Inf 
13-10-10    13-10-10    533    Inf 
13-10-10    13-10-10    544    Inf 
13-10-10    13-10-10    633    Inf 
13-10-10    13-10-10    644    Inf 
13-10-10    13-10-10    655    Inf 
13-10-10    13-10-10    733    Inf 
13-10-10    13-10-10    744    Inf 
13-10-10    13-10-10    755    Inf 
13-10-10    13-10-10    765    Inf 
13-10-10    13-10-10    766    Inf 
13-10-10    13-10-10    833    Inf 
13-10-10    13-10-10    844    Inf 
13-10-10    13-10-10    855    Inf 
13-10-10    13-10-10    866    Inf 
13-10-10    13-10-10    877    Inf 
13-10-10    14-10-10    966    Inf 
13-10-10    14-10-10    988    Inf 
13-10-10    14-10-10    433    Inf 
13-10-10    14-10-10    533    Inf 
13-10-10    14-10-10    544    Inf 
13-10-10    14-10-10    633    Inf 
13-10-10    14-10-10    644    Inf 
13-10-10    14-10-10    655    Inf 
13-10-10    14-10-10    733    Inf 
13-10-10    14-10-10    744    Inf 
13-10-10    14-10-10    755    Inf 
13-10-10    14-10-10    765    Inf 
13-10-10    14-10-10    766    Inf 
13-10-10    14-10-10    833    Inf 
13-10-10    14-10-10    844    Inf 
13-10-10    14-10-10    855    Inf 
13-10-10    14-10-10    866    Inf 
13-10-10    14-10-10    877    Inf 
13-10-10    15-10-10    966    Inf 
13-10-10    15-10-10    988    Inf 
13-10-10    15-10-10    433    Inf 
13-10-10    15-10-10    533    Inf 
13-10-10    15-10-10    544    Inf 
13-10-10    15-10-10    633    Inf 
13-10-10    15-10-10    644    Inf 
13-10-10    15-10-10    655    Inf 
13-10-10    15-10-10    733    Inf 
13-10-10    15-10-10    744    Inf 
13-10-10    15-10-10    755    Inf 
13-10-10    15-10-10    765    Inf 
13-10-10    15-10-10    766    Inf 
13-10-10    15-10-10    833    Inf 
13-10-10    15-10-10    844    Inf 
13-10-10    15-10-10    855    Inf 
13-10-10    15-10-10    866    Inf 
13-10-10    15-10-10    877    Inf 
13-10-10    10-8-8    433    Inf 
13-10-10    10-8-8    533    Inf 
13-10-10    10-8-8    544    Inf 
13-10-10    10-8-8    633    Inf 
13-10-10    10-8-8    644    Inf 
13-10-10    10-8-8    655    Inf 
13-10-10    10-8-8    733    Inf 
13-10-10    10-8-8    744    Inf 
13-10-10    10-8-8    755    Inf 
13-10-10    10-8-8    765    Inf 
13-10-10    10-8-8    766    Inf 
13-10-10    11-8-8    433    Inf 
13-10-10    11-8-8    533    Inf 
13-10-10    11-8-8    544    Inf 
13-10-10    11-8-8    633    Inf 
13-10-10    11-8-8    644    Inf 
13-10-10    11-8-8    655    Inf 
13-10-10    11-8-8    733    Inf 
13-10-10    11-8-8    744    Inf 
13-10-10    11-8-8    755    Inf 
13-10-10    11-8-8    765    Inf 
13-10-10    11-8-8    766    Inf 
13-10-10    11-8-8    833    Inf 
13-10-10    11-8-8    844    Inf 
13-10-10    11-8-8    855    Inf 
13-10-10    11-8-8    866    Inf 
13-10-10    11-8-8    877    Inf 
13-10-10    533    433    Inf 
13-10-10    544    433    Inf 
13-10-10    633    433    Inf 
13-10-10    633    533    Inf 
13-10-10    633    544    Inf 
13-10-10    644    433    Inf 
13-10-10    644    533    Inf 
13-10-10    644    544    Inf 
13-10-10    655    433    Inf 
13-10-10    655    533    Inf 
13-10-10    655    544    Inf 
13-10-10    733    433    Inf 
13-10-10    733    533    Inf 
13-10-10    733    544    Inf 
13-10-10    733    633    Inf 
13-10-10    733    644    Inf 
13-10-10    733    655    Inf 
13-10-10    744    433    Inf 
13-10-10    744    533    Inf 
13-10-10    744    544    Inf 
13-10-10    744    633    Inf 
13-10-10    744    644    Inf 
13-10-10    744    655    Inf 
13-10-10    755    433    Inf 
13-10-10    755    533    Inf 
13-10-10    755    544    Inf 
13-10-10    755    633    Inf 
13-10-10    755    644    Inf 
13-10-10    755    655    Inf 
13-10-10    765    433    Inf 
13-10-10    765    533    Inf 
13-10-10    765    544    Inf 
13-10-10    765    633    Inf 
13-10-10    765    644    Inf 
13-10-10    765    655    Inf 
13-10-10    766    433    Inf 
13-10-10    766    533    Inf 
13-10-10    766    544    Inf 
13-10-10    766    633    Inf 
13-10-10    766    644    Inf 
13-10-10    766    655    Inf 
13-10-10    833    433    Inf 
13-10-10    833    533    Inf 
13-10-10    833    544    Inf 
13-10-10    833    633    Inf 
13-10-10    833    644    Inf 
13-10-10    833    655    Inf 
13-10-10    844    433    Inf 
13-10-10    844    533    Inf 
13-10-10    844    544    Inf 
13-10-10    844    633    Inf 
13-10-10    844    644    Inf 
13-10-10    844    655    Inf 
13-10-10    855    433    Inf 
13-10-10    855    533    Inf 
13-10-10    855    544    Inf 
13-10-10    855    633    Inf 
13-10-10    855    644    Inf 
13-10-10    855    655    Inf 
13-10-10    866    433    Inf 
13-10-10    866    533    Inf 
13-10-10    866    544    Inf 
13-10-10    866    633    Inf 
13-10-10    866    644    Inf 
13-10-10    866    655    Inf 
13-10-10    877    433    Inf 
13-10-10    877    533    Inf 
13-10-10    877    544    Inf 
13-10-10    877    633    Inf 
13-10-10    877    644    Inf 
13-10-10    877    655    Inf 
14-10-10    14-10-10    966    Inf 
14-10-10    14-10-10    988    Inf 
14-10-10    14-10-10    433    Inf 
14-10-10    14-10-10    533    Inf 
14-10-10    14-10-10    544    Inf 
14-10-10    14-10-10    633    Inf 
14-10-10    14-10-10    644    Inf 
14-10-10    14-10-10    655    Inf 
14-10-10    14-10-10    733    Inf 
14-10-10    14-10-10    744    Inf 
14-10-10    14-10-10    755    Inf 
14-10-10    14-10-10    765    Inf 
14-10-10    14-10-10    766    Inf 
14-10-10    14-10-10    833    Inf 
14-10-10    14-10-10    844    Inf 
14-10-10    14-10-10    855    Inf 
14-10-10    14-10-10    866    Inf 
14-10-10    14-10-10    877    Inf 
14-10-10    15-10-10    966    Inf 
14-10-10    15-10-10    10-6-6    Inf 
14-10-10    15-10-10    988    Inf 
14-10-10    15-10-10    10-8-8    Inf 
14-10-10    15-10-10    433    Inf 
14-10-10    15-10-10    533    Inf 
14-10-10    15-10-10    544    Inf 
14-10-10    15-10-10    633    Inf 
14-10-10    15-10-10    644    Inf 
14-10-10    15-10-10    655    Inf 
14-10-10    15-10-10    733    Inf 
14-10-10    15-10-10    744    Inf 
14-10-10    15-10-10    755    Inf 
14-10-10    15-10-10    765    Inf 
14-10-10    15-10-10    766    Inf 
14-10-10    15-10-10    833    Inf 
14-10-10    15-10-10    844    Inf 
14-10-10    15-10-10    855    Inf 
14-10-10    15-10-10    866    Inf 
14-10-10    15-10-10    877    Inf 
14-10-10    10-8-8    433    Inf 
14-10-10    10-8-8    533    Inf 
14-10-10    10-8-8    544    Inf 
14-10-10    10-8-8    633    Inf 
14-10-10    10-8-8    644    Inf 
14-10-10    10-8-8    655    Inf 
14-10-10    10-8-8    733    Inf 
14-10-10    10-8-8    744    Inf 
14-10-10    10-8-8    755    Inf 
14-10-10    10-8-8    765    Inf 
14-10-10    10-8-8    766    Inf 
14-10-10    10-8-8    833    Inf 
14-10-10    10-8-8    844    Inf 
14-10-10    10-8-8    855    Inf 
14-10-10    10-8-8    866    Inf 
14-10-10    10-8-8    877    Inf 
14-10-10    11-8-8    433    Inf 
14-10-10    11-8-8    533    Inf 
14-10-10    11-8-8    544    Inf 
14-10-10    11-8-8    633    Inf 
14-10-10    11-8-8    644    Inf 
14-10-10    11-8-8    655    Inf 
14-10-10    11-8-8    733    Inf 
14-10-10    11-8-8    744    Inf 
14-10-10    11-8-8    755    Inf 
14-10-10    11-8-8    765    Inf 
14-10-10    11-8-8    766    Inf 
14-10-10    11-8-8    833    Inf 
14-10-10    11-8-8    844    Inf 
14-10-10    11-8-8    855    Inf 
14-10-10    11-8-8    866    Inf 
14-10-10    11-8-8    877    Inf 
14-10-10    533    433    Inf 
14-10-10    544    433    Inf 
14-10-10    633    433    Inf 
14-10-10    633    533    Inf 
14-10-10    633    544    Inf 
14-10-10    644    433    Inf 
14-10-10    644    533    Inf 
14-10-10    644    544    Inf 
14-10-10    655    433    Inf 
14-10-10    655    533    Inf 
14-10-10    655    544    Inf 
14-10-10    733    433    Inf 
14-10-10    733    533    Inf 
14-10-10    733    544    Inf 
14-10-10    733    633    Inf 
14-10-10    733    644    Inf 
14-10-10    733    655    Inf 
14-10-10    744    433    Inf 
14-10-10    744    533    Inf 
14-10-10    744    544    Inf 
14-10-10    744    633    Inf 
14-10-10    744    644    Inf 
14-10-10    744    655    Inf 
14-10-10    755    433    Inf 
14-10-10    755    533    Inf 
14-10-10    755    544    Inf 
14-10-10    755    633    Inf 
14-10-10    755    644    Inf 
14-10-10    755    655    Inf 
14-10-10    765    433    Inf 
14-10-10    765    533    Inf 
14-10-10    765    544    Inf 
14-10-10    765    633    Inf 
14-10-10    765    644    Inf 
14-10-10    765    655    Inf 
14-10-10    766    433    Inf 
14-10-10    766    533    Inf 
14-10-10    766    544    Inf 
14-10-10    766    633    Inf 
14-10-10    766    644    Inf 
14-10-10    766    655    Inf 
14-10-10    833    433    Inf 
14-10-10    833    533    Inf 
14-10-10    833    544    Inf 
14-10-10    833    633    Inf 
14-10-10    833    644    Inf 
14-10-10    833    655    Inf 
14-10-10    844    433    Inf 
14-10-10    844    533    Inf 
14-10-10    844    544    Inf 
14-10-10    844    633    Inf 
14-10-10    844    644    Inf 
14-10-10    844    655    Inf 
14-10-10    855    433    Inf 
14-10-10    855    533    Inf 
14-10-10    855    544    Inf 
14-10-10    855    633    Inf 
14-10-10    855    644    Inf 
14-10-10    855    655    Inf 
14-10-10    866    433    Inf 
14-10-10    866    533    Inf 
14-10-10    866    544    Inf 
14-10-10    866    633    Inf 
14-10-10    866    644    Inf 
14-10-10    866    655    Inf 
14-10-10    877    433    Inf 
14-10-10    877    533    Inf 
14-10-10    877    544    Inf 
14-10-10    877    633    Inf 
14-10-10    877    644    Inf 
14-10-10    877    655    Inf 
15-10-10    15-10-10    966    Inf 
15-10-10    15-10-10    10-6-6    Inf 
15-10-10    15-10-10    988    Inf 
15-10-10    15-10-10    10-8-8    Inf 
15-10-10    15-10-10    433    Inf 
15-10-10    15-10-10    533    Inf 
15-10-10    15-10-10    544    Inf 
15-10-10    15-10-10    633    Inf 
15-10-10    15-10-10    644    Inf 
15-10-10    15-10-10    655    Inf 
15-10-10    15-10-10    733    Inf 
15-10-10    15-10-10    744    Inf 
15-10-10    15-10-10    755    Inf 
15-10-10    15-10-10    765    Inf 
15-10-10    15-10-10    766    Inf 
15-10-10    15-10-10    833    Inf 
15-10-10    15-10-10    844    Inf 
15-10-10    15-10-10    855    Inf 
15-10-10    15-10-10    866    Inf 
15-10-10    15-10-10    877    Inf 
15-10-10    10-8-8    433    Inf 
15-10-10    10-8-8    533    Inf 
15-10-10    10-8-8    544    Inf 
15-10-10    10-8-8    633    Inf 
15-10-10    10-8-8    644    Inf 
15-10-10    10-8-8    655    Inf 
15-10-10    10-8-8    733    Inf 
15-10-10    10-8-8    744    Inf 
15-10-10    10-8-8    755    Inf 
15-10-10    10-8-8    765    Inf 
15-10-10    10-8-8    766    Inf 
15-10-10    10-8-8    833    Inf 
15-10-10    10-8-8    844    Inf 
15-10-10    10-8-8    855    Inf 
15-10-10    10-8-8    866    Inf 
15-10-10    10-8-8    877    Inf 
15-10-10    11-8-8    433    Inf 
15-10-10    11-8-8    533    Inf 
15-10-10    11-8-8    544    Inf 
15-10-10    11-8-8    633    Inf 
15-10-10    11-8-8    644    Inf 
15-10-10    11-8-8    655    Inf 
15-10-10    11-8-8    733    Inf 
15-10-10    11-8-8    744    Inf 
15-10-10    11-8-8    755    Inf 
15-10-10    11-8-8    765    Inf 
15-10-10    11-8-8    766    Inf 
15-10-10    11-8-8    833    Inf 
15-10-10    11-8-8    844    Inf 
15-10-10    11-8-8    855    Inf 
15-10-10    11-8-8    866    Inf 
15-10-10    11-8-8    877    Inf 
15-10-10    533    433    Inf 
15-10-10    544    433    Inf 
15-10-10    633    433    Inf 
15-10-10    633    533    Inf 
15-10-10    633    544    Inf 
15-10-10    644    433    Inf 
15-10-10    644    533    Inf 
15-10-10    644    544    Inf 
15-10-10    655    433    Inf 
15-10-10    655    533    Inf 
15-10-10    655    544    Inf 
15-10-10    733    433    Inf 
15-10-10    733    533    Inf 
15-10-10    733    544    Inf 
15-10-10    733    633    Inf 
15-10-10    733    644    Inf 
15-10-10    733    655    Inf 
15-10-10    744    433    Inf 
15-10-10    744    533    Inf 
15-10-10    744    544    Inf 
15-10-10    744    633    Inf 
15-10-10    744    644    Inf 
15-10-10    744    655    Inf 
15-10-10    755    433    Inf 
15-10-10    755    533    Inf 
15-10-10    755    544    Inf 
15-10-10    755    633    Inf 
15-10-10    755    644    Inf 
15-10-10    755    655    Inf 
15-10-10    765    433    Inf 
15-10-10    765    533    Inf 
15-10-10    765    544    Inf 
15-10-10    765    633    Inf 
15-10-10    765    644    Inf 
15-10-10    765    655    Inf 
15-10-10    766    433    Inf 
15-10-10    766    533    Inf 
15-10-10    766    544    Inf 
15-10-10    766    633    Inf 
15-10-10    766    644    Inf 
15-10-10    766    655    Inf 
15-10-10    833    433    Inf 
15-10-10    833    533    Inf 
15-10-10    833    544    Inf 
15-10-10    833    633    Inf 
15-10-10    833    644    Inf 
15-10-10    833    655    Inf 
15-10-10    833    733    Inf 
15-10-10    833    744    Inf 
15-10-10    833    755    Inf 
15-10-10    833    765    Inf 
15-10-10    833    766    Inf 
15-10-10    844    433    Inf 
15-10-10    844    533    Inf 
15-10-10    844    544    Inf 
15-10-10    844    633    Inf 
15-10-10    844    644    Inf 
15-10-10    844    655    Inf 
15-10-10    844    733    Inf 
15-10-10    844    744    Inf 
15-10-10    844    755    Inf 
15-10-10    844    765    Inf 
15-10-10    844    766    Inf 
15-10-10    855    433    Inf 
15-10-10    855    533    Inf 
15-10-10    855    544    Inf 
15-10-10    855    633    Inf 
15-10-10    855    644    Inf 
15-10-10    855    655    Inf 
15-10-10    855    733    Inf 
15-10-10    855    744    Inf 
15-10-10    855    755    Inf 
15-10-10    855    765    Inf 
15-10-10    855    766    Inf 
15-10-10    866    433    Inf 
15-10-10    866    533    Inf 
15-10-10    866    544    Inf 
15-10-10    866    633    Inf 
15-10-10    866    644    Inf 
15-10-10    866    655    Inf 
15-10-10    866    733    Inf 
15-10-10    866    744    Inf 
15-10-10    866    755    Inf 
15-10-10    866    765    Inf 
15-10-10    866    766    Inf 
15-10-10    877    433    Inf 
15-10-10    877    533    Inf 
15-10-10    877    544    Inf 
15-10-10    877    633    Inf 
15-10-10    877    644    Inf 
15-10-10    877    655    Inf 
15-10-10    877    733    Inf 
15-10-10    877    744    Inf 
15-10-10    877    755    Inf 
15-10-10    877    765    Inf 
15-10-10    877    766    Inf 
10-8-8    10-8-8    433    Inf 
10-8-8    10-8-8    533    Inf 
10-8-8    10-8-8    544    Inf 
10-8-8    10-8-8    633    Inf 
10-8-8    10-8-8    644    Inf 
10-8-8    10-8-8    655    Inf 
10-8-8    10-8-8    733    Inf 
10-8-8    10-8-8    744    Inf 
10-8-8    10-8-8    755    Inf 
10-8-8    10-8-8    765    Inf 
10-8-8    10-8-8    766    Inf 
10-8-8    11-8-8    433    Inf 
10-8-8    11-8-8    533    Inf 
10-8-8    11-8-8    544    Inf 
10-8-8    11-8-8    633    Inf 
10-8-8    11-8-8    644    Inf 
10-8-8    11-8-8    655    Inf 
10-8-8    11-8-8    733    Inf 
10-8-8    11-8-8    744    Inf 
10-8-8    11-8-8    755    Inf 
10-8-8    11-8-8    765    Inf 
10-8-8    11-8-8    766    Inf 
10-8-8    533    433    Inf 
10-8-8    544    433    Inf 
10-8-8    633    433    Inf 
10-8-8    633    533    Inf 
10-8-8    633    544    Inf 
10-8-8    644    433    Inf 
10-8-8    644    533    Inf 
10-8-8    644    544    Inf 
10-8-8    655    433    Inf 
10-8-8    655    533    Inf 
10-8-8    655    544    Inf 
10-8-8    733    433    Inf 
10-8-8    733    533    Inf 
10-8-8    733    544    Inf 
10-8-8    744    433    Inf 
10-8-8    744    533    Inf 
10-8-8    744    544    Inf 
10-8-8    755    433    Inf 
10-8-8    755    533    Inf 
10-8-8    755    544    Inf 
10-8-8    765    433    Inf 
10-8-8    765    533    Inf 
10-8-8    765    544    Inf 
10-8-8    766    433    Inf 
10-8-8    766    533    Inf 
10-8-8    766    544    Inf 
10-8-8    833    433    Inf 
10-8-8    833    533    Inf 
10-8-8    833    544    Inf 
10-8-8    833    633    Inf 
10-8-8    833    644    Inf 
10-8-8    833    655    Inf 
10-8-8    844    433    Inf 
10-8-8    844    533    Inf 
10-8-8    844    544    Inf 
10-8-8    844    633    Inf 
10-8-8    844    644    Inf 
10-8-8    844    655    Inf 
10-8-8    855    433    Inf 
10-8-8    855    533    Inf 
10-8-8    855    544    Inf 
10-8-8    855    633    Inf 
10-8-8    855    644    Inf 
10-8-8    855    655    Inf 
10-8-8    866    433    Inf 
10-8-8    866    533    Inf 
10-8-8    866    544    Inf 
10-8-8    866    633    Inf 
10-8-8    866    644    Inf 
10-8-8    866    655    Inf 
10-8-8    877    433    Inf 
10-8-8    877    533    Inf 
10-8-8    877    544    Inf 
10-8-8    877    633    Inf 
10-8-8    877    644    Inf 
10-8-8    877    655    Inf 
11-8-8    11-8-8    433    Inf 
11-8-8    11-8-8    533    Inf 
11-8-8    11-8-8    544    Inf 
11-8-8    11-8-8    633    Inf 
11-8-8    11-8-8    644    Inf 
11-8-8    11-8-8    655    Inf 
11-8-8    11-8-8    733    Inf 
11-8-8    11-8-8    744    Inf 
11-8-8    11-8-8    755    Inf 
11-8-8    11-8-8    765    Inf 
11-8-8    11-8-8    766    Inf 
11-8-8    533    433    Inf 
11-8-8    544    433    Inf 
11-8-8    633    433    Inf 
11-8-8    633    533    Inf 
11-8-8    633    544    Inf 
11-8-8    644    433    Inf 
11-8-8    644    533    Inf 
11-8-8    644    544    Inf 
11-8-8    655    433    Inf 
11-8-8    655    533    Inf 
11-8-8    655    544    Inf 
11-8-8    733    433    Inf 
11-8-8    733    533    Inf 
11-8-8    733    544    Inf 
11-8-8    744    433    Inf 
11-8-8    744    533    Inf 
11-8-8    744    544    Inf 
11-8-8    755    433    Inf 
11-8-8    755    533    Inf 
11-8-8    755    544    Inf 
11-8-8    765    433    Inf 
11-8-8    765    533    Inf 
11-8-8    765    544    Inf 
11-8-8    766    433    Inf 
11-8-8    766    533    Inf 
11-8-8    766    544    Inf 
11-8-8    833    433    Inf 
11-8-8    833    533    Inf 
11-8-8    833    544    Inf 
11-8-8    833    633    Inf 
11-8-8    833    644    Inf 
11-8-8    833    655    Inf 
11-8-8    844    433    Inf 
11-8-8    844    533    Inf 
11-8-8    844    544    Inf 
11-8-8    844    633    Inf 
11-8-8    844    644    Inf 
11-8-8    844    655    Inf 
11-8-8    855    433    Inf 
11-8-8    855    533    Inf 
11-8-8    855    544    Inf 
11-8-8    855    633    Inf 
11-8-8    855    644    Inf 
11-8-8    855    655    Inf 
11-8-8    866    433    Inf 
11-8-8    866    533    Inf 
11-8-8    866    544    Inf 
11-8-8    866    633    Inf 
11-8-8    866    644    Inf 
11-8-8    866    655    Inf 
11-8-8    877    433    Inf 
11-8-8    877    533    Inf 
11-8-8    877    544    Inf 
11-8-8    877    633    Inf 
11-8-8    877    644    Inf 
11-8-8    877    655    Inf 
433    433    966    BH 
433    433    10-6-6    BH 
433    433    11-6-6    BH 
433    433    12-6-6    BH 
433    433    13-6-6    BH 
433    433    14-6-6    BH 
433    433    15-6-6    BH 
433    533    966    BH 
433    533    10-6-6    BH 
433    533    11-6-6    BH 
433    533    12-6-6    BH 
433    533    13-6-6    BH 
433    533    14-6-6    BH 
433    533    15-6-6    BH 
433    633    966    BH 
433    633    10-6-6    BH 
433    633    11-6-6    BH 
433    633    12-6-6    BH 
433    633    13-6-6    BH 
433    633    14-6-6    BH 
433    633    15-6-6    BH 
433    655    988    BH 
433    655    10-8-8    BH 
433    655    11-8-8    BH 
433    733    966    BH 
433    733    10-6-6    BH 
433    733    11-6-6    BH 
433    733    12-6-6    BH 
433    733    13-6-6    BH 
433    733    14-6-6    BH 
433    733    15-6-6    BH 
433    755    988    BH 
433    755    10-8-8    BH 
433    755    11-8-8    BH 
433    833    966    BH 
433    833    10-6-6    BH 
433    833    11-6-6    BH 
433    833    12-6-6    BH 
433    833    13-6-6    BH 
433    833    14-6-6    BH 
433    833    15-6-6    BH 
433    855    988    BH 
433    855    10-8-8    BH 
433    855    11-8-8    BH 
433    877    11-10-10    BH 
433    877    12-10-10    BH 
433    877    13-10-10    BH 
433    877    14-10-10    BH 
433    877    15-10-10    BH 
533    533    966    BH 
533    533    10-6-6    BH 
533    533    11-6-6    BH 
533    533    12-6-6    BH 
533    533    13-6-6    BH 
533    533    14-6-6    BH 
533    533    15-6-6    BH 
533    633    966    BH 
533    633    10-6-6    BH 
533    633    11-6-6    BH 
533    633    12-6-6    BH 
533    633    13-6-6    BH 
533    633    14-6-6    BH 
533    633    15-6-6    BH 
533    655    988    BH 
533    655    10-8-8    BH 
533    655    11-8-8    BH 
533    733    966    BH 
533    733    10-6-6    BH 
533    733    11-6-6    BH 
533    733    12-6-6    BH 
533    733    13-6-6    BH 
533    733    14-6-6    BH 
533    733    15-6-6    BH 
533    755    988    BH 
533    755    10-8-8    BH 
533    755    11-8-8    BH 
533    833    966    BH 
533    833    10-6-6    BH 
533    833    11-6-6    BH 
533    833    12-6-6    BH 
533    833    13-6-6    BH 
533    833    14-6-6    BH 
533    833    15-6-6    BH 
533    855    988    BH 
533    855    10-8-8    BH 
533    855    11-8-8    BH 
533    877    11-10-10    BH 
533    877    12-10-10    BH 
533    877    13-10-10    BH 
533    877    14-10-10    BH 
533    877    15-10-10    BH 
544    544    988    BH 
544    544    10-8-8    BH 
544    544    11-8-8    BH 
544    644    988    BH 
544    644    10-8-8    BH 
544    644    11-8-8    BH 
544    744    988    BH 
544    744    10-8-8    BH 
544    744    11-8-8    BH 
544    766    11-10-10    BH 
544    766    12-10-10    BH 
544    766    13-10-10    BH 
544    766    14-10-10    BH 
544    766    15-10-10    BH 
544    844    988    BH 
544    844    10-8-8    BH 
544    844    11-8-8    BH 
544    866    11-10-10    BH 
544    866    12-10-10    BH 
544    866    13-10-10    BH 
544    866    14-10-10    BH 
544    866    15-10-10    BH 
633    633    966    BH 
633    633    10-6-6    BH 
633    633    11-6-6    BH 
633    633    12-6-6    BH 
633    633    13-6-6    BH 
633    633    14-6-6    BH 
633    633    15-6-6    BH 
633    655    988    BH 
633    655    10-8-8    BH 
633    655    11-8-8    BH 
633    733    966    BH 
633    733    10-6-6    BH 
633    733    11-6-6    BH 
633    733    12-6-6    BH 
633    733    13-6-6    BH 
633    733    14-6-6    BH 
633    733    15-6-6    BH 
633    755    988    BH 
633    755    10-8-8    BH 
633    755    11-8-8    BH 
633    833    966    BH 
633    833    10-6-6    BH 
633    833    11-6-6    BH 
633    833    12-6-6    BH 
633    833    13-6-6    BH 
633    833    14-6-6    BH 
633    833    15-6-6    BH 
633    855    988    BH 
633    855    10-8-8    BH 
633    855    11-8-8    BH 
633    877    11-10-10    BH 
633    877    12-10-10    BH 
633    877    13-10-10    BH 
633    877    14-10-10    BH 
633    877    15-10-10    BH 
644    644    988    BH 
644    644    10-8-8    BH 
644    644    11-8-8    BH 
644    744    988    BH 
644    744    10-8-8    BH 
644    744    11-8-8    BH 
644    766    11-10-10    BH 
644    766    12-10-10    BH 
644    766    13-10-10    BH 
644    766    14-10-10    BH 
644    766    15-10-10    BH 
644    844    988    BH 
644    844    10-8-8    BH 
644    844    11-8-8    BH 
644    866    11-10-10    BH 
644    866    12-10-10    BH 
644    866    13-10-10    BH 
644    866    14-10-10    BH 
644    866    15-10-10    BH 
655    655    11-10-10    BH 
655    655    12-10-10    BH 
655    655    13-10-10    BH 
655    655    14-10-10    BH 
655    655    15-10-10    BH 
655    733    988    BH 
655    733    10-8-8    BH 
655    733    11-8-8    BH 
655    755    11-10-10    BH 
655    755    12-10-10    BH 
655    755    13-10-10    BH 
655    755    14-10-10    BH 
655    755    15-10-10    BH 
655    833    988    BH 
655    833    10-8-8    BH 
655    833    11-8-8    BH 
655    855    11-10-10    BH 
655    855    12-10-10    BH 
655    855    13-10-10    BH 
655    855    14-10-10    BH 
655    855    15-10-10    BH 
733    733    966    BH 
733    733    10-6-6    BH 
733    733    11-6-6    BH 
733    733    12-6-6    BH 
733    733    13-6-6    BH 
733    733    14-6-6    BH 
733    733    15-6-6    BH 
733    755    988    BH 
733    755    10-8-8    BH 
733    755    11-8-8    BH 
733    833    966    BH 
733    833    10-6-6    BH 
733    833    11-6-6    BH 
733    833    12-6-6    BH 
733    833    13-6-6    BH 
733    833    14-6-6    BH 
733    833    15-6-6    BH 
733    855    988    BH 
733    855    10-8-8    BH 
733    855    11-8-8    BH 
733    877    11-10-10    BH 
733    877    12-10-10    BH 
733    877    13-10-10    BH 
733    877    14-10-10    BH 
733    877    15-10-10    BH 
744    744    988    BH 
744    744    10-8-8    BH 
744    744    11-8-8    BH 
744    766    11-10-10    BH 
744    766    12-10-10    BH 
744    766    13-10-10    BH 
744    766    14-10-10    BH 
744    766    15-10-10    BH 
744    844    988    BH 
744    844    10-8-8    BH 
744    844    11-8-8    BH 
744    866    11-10-10    BH 
744    866    12-10-10    BH 
744    866    13-10-10    BH 
744    866    14-10-10    BH 
744    866    15-10-10    BH 
755    755    11-10-10    BH 
755    755    12-10-10    BH 
755    755    13-10-10    BH 
755    755    14-10-10    BH 
755    755    15-10-10    BH 
755    833    988    BH 
755    833    10-8-8    BH 
755    833    11-8-8    BH 
755    855    11-10-10    BH 
755    855    12-10-10    BH 
755    855    13-10-10    BH 
755    855    14-10-10    BH 
755    855    15-10-10    BH 
766    844    11-10-10    BH 
766    844    12-10-10    BH 
766    844    13-10-10    BH 
766    844    14-10-10    BH 
766    844    15-10-10    BH 
833    833    966    BH 
833    833    10-6-6    BH 
833    833    11-6-6    BH 
833    833    12-6-6    BH 
833    833    13-6-6    BH 
833    833    14-6-6    BH 
833    833    15-6-6    BH 
833    855    988    BH 
833    855    10-8-8    BH 
833    855    11-8-8    BH 
833    877    11-10-10    BH 
833    877    12-10-10    BH 
833    877    13-10-10    BH 
833    877    14-10-10    BH 
833    877    15-10-10    BH 
844    844    988    BH 
844    844    10-8-8    BH 
844    844    11-8-8    BH 
844    866    11-10-10    BH 
844    866    12-10-10    BH 
844    866    13-10-10    BH 
844    866    14-10-10    BH 
844    866    15-10-10    BH 
855    855    11-10-10    BH 
855    855    12-10-10    BH 
855    855    13-10-10    BH 
855    855    14-10-10    BH 
855    855    15-10-10    BH 
966    966    13-12-12    BH 
10-6-6    10-6-6    13-12-12    BH 
11-6-6    11-6-6    13-12-12    BH 
12-6-6    12-6-6    13-12-12    BH 
13-6-6    13-6-6    13-12-12    BH 
14-6-6    14-6-6    13-12-12    BH 
15-6-6    15-6-6    13-12-12    BH 
13-12-12    13-12-12    966    Inf 
544    766    16-10-10    BH 
544    766    17-10-10    BH 
544    766    18-10-10    BH 
544    866    16-10-10    BH 
544    866    17-10-10    BH 
544    866    18-10-10    BH 
644    766    16-10-10    BH 
644    766    17-10-10    BH 
644    766    18-10-10    BH 
644    866    16-10-10    BH 
644    866    17-10-10    BH 
644    866    18-10-10    BH 
644    16-10-10    544    Inf 
644    17-10-10    544    Inf 
644    18-10-10    544    Inf 
655    655    16-10-10    BH 
655    655    17-10-10    BH 
655    655    18-10-10    BH 
655    755    16-10-10    BH 
655    755    17-10-10    BH 
655    755    18-10-10    BH 
655    855    16-10-10    BH 
655    855    17-10-10    BH 
655    855    18-10-10    BH 
655    16-10-10    544    Inf 
655    17-10-10    544    Inf 
655    18-10-10    544    Inf 
744    766    16-10-10    BH 
744    766    17-10-10    BH 
744    766    18-10-10    BH 
744    866    16-10-10    BH 
744    866    17-10-10    BH 
744    866    18-10-10    BH 
744    16-10-10    544    Inf 
744    16-10-10    644    Inf 
744    16-10-10    655    Inf 
744    17-10-10    544    Inf 
744    17-10-10    644    Inf 
744    17-10-10    655    Inf 
744    18-10-10    544    Inf 
744    18-10-10    644    Inf 
744    18-10-10    655    Inf 
755    755    16-10-10    BH 
755    755    17-10-10    BH 
755    755    18-10-10    BH 
755    855    16-10-10    BH 
755    855    17-10-10    BH 
755    855    18-10-10    BH 
755    16-10-10    544    Inf 
755    16-10-10    644    Inf 
755    16-10-10    655    Inf 
755    17-10-10    544    Inf 
755    17-10-10    644    Inf 
755    17-10-10    655    Inf 
755    18-10-10    544    Inf 
755    18-10-10    644    Inf 
755    18-10-10    655    Inf 
766    16-10-10    544    Inf 
766    16-10-10    644    Inf 
766    16-10-10    655    Inf 
766    17-10-10    544    Inf 
766    17-10-10    644    Inf 
766    17-10-10    655    Inf 
766    18-10-10    544    Inf 
766    18-10-10    644    Inf 
766    18-10-10    655    Inf 
855    855    16-10-10    BH 
855    855    17-10-10    BH 
855    855    18-10-10    BH 
855    16-10-10    544    Inf 
855    16-10-10    644    Inf 
855    16-10-10    655    Inf 
855    16-10-10    744    Inf 
855    16-10-10    755    Inf 
855    16-10-10    766    Inf 
855    17-10-10    544    Inf 
855    17-10-10    644    Inf 
855    17-10-10    655    Inf 
855    17-10-10    744    Inf 
855    17-10-10    755    Inf 
855    17-10-10    766    Inf 
855    18-10-10    544    Inf 
855    18-10-10    644    Inf 
855    18-10-10    655    Inf 
855    18-10-10    744    Inf 
855    18-10-10    755    Inf 
855    18-10-10    766    Inf 
866    16-10-10    544    Inf 
866    16-10-10    644    Inf 
866    16-10-10    655    Inf 
866    16-10-10    744    Inf 
866    16-10-10    755    Inf 
866    16-10-10    766    Inf 
866    17-10-10    544    Inf 
866    17-10-10    644    Inf 
866    17-10-10    655    Inf 
866    17-10-10    744    Inf 
866    17-10-10    755    Inf 
866    17-10-10    766    Inf 
866    18-10-10    544    Inf 
866    18-10-10    644    Inf 
866    18-10-10    655    Inf 
866    18-10-10    744    Inf 
866    18-10-10    755    Inf 
866    18-10-10    766    Inf 
877    16-10-10    544    Inf 
877    16-10-10    644    Inf 
877    16-10-10    655    Inf 
877    16-10-10    744    Inf 
877    16-10-10    755    Inf 
877    16-10-10    766    Inf 
877    17-10-10    544    Inf 
877    17-10-10    644    Inf 
877    17-10-10    655    Inf 
877    17-10-10    744    Inf 
877    17-10-10    755    Inf 
877    17-10-10    766    Inf 
877    18-10-10    544    Inf 
877    18-10-10    644    Inf 
877    18-10-10    655    Inf 
877    18-10-10    744    Inf 
877    18-10-10    755    Inf 
877    18-10-10    766    Inf 
988    16-10-10    544    Inf 
988    16-10-10    644    Inf 
988    16-10-10    655    Inf 
988    16-10-10    744    Inf 
988    16-10-10    755    Inf 
988    16-10-10    766    Inf 
988    17-10-10    544    Inf 
988    17-10-10    644    Inf 
988    17-10-10    655    Inf 
988    17-10-10    744    Inf 
988    17-10-10    755    Inf 
988    17-10-10    766    Inf 
988    18-10-10    544    Inf 
988    18-10-10    644    Inf 
988    18-10-10    655    Inf 
988    18-10-10    744    Inf 
988    18-10-10    755    Inf 
988    18-10-10    766    Inf 
988    18-10-10    855    Inf 
988    18-10-10    866    Inf 
988    18-10-10    877    Inf 
11-8-8    16-10-10    544    Inf 
11-8-8    16-10-10    644    Inf 
11-8-8    16-10-10    655    Inf 
11-8-8    16-10-10    744    Inf 
11-8-8    16-10-10    755    Inf 
11-8-8    16-10-10    766    Inf 
11-8-8    16-10-10    855    Inf 
11-8-8    16-10-10    866    Inf 
11-8-8    16-10-10    877    Inf 
11-8-8    16-10-10    988    Inf 
11-8-8    17-10-10    544    Inf 
11-8-8    17-10-10    644    Inf 
11-8-8    17-10-10    655    Inf 
11-8-8    17-10-10    744    Inf 
11-8-8    17-10-10    755    Inf 
11-8-8    17-10-10    766    Inf 
11-8-8    17-10-10    855    Inf 
11-8-8    17-10-10    866    Inf 
11-8-8    17-10-10    877    Inf 
11-8-8    17-10-10    988    Inf 
11-8-8    18-10-10    544    Inf 
11-8-8    18-10-10    644    Inf 
11-8-8    18-10-10    655    Inf 
11-8-8    18-10-10    744    Inf 
11-8-8    18-10-10    755    Inf 
11-8-8    18-10-10    766    Inf 
11-8-8    18-10-10    855    Inf 
11-8-8    18-10-10    866    Inf 
11-8-8    18-10-10    877    Inf 
11-8-8    18-10-10    988    Inf 
11-10-10    16-10-10    544    Inf 
11-10-10    16-10-10    644    Inf 
11-10-10    16-10-10    655    Inf 
11-10-10    16-10-10    744    Inf 
11-10-10    16-10-10    755    Inf 
11-10-10    16-10-10    766    Inf 
11-10-10    16-10-10    855    Inf 
11-10-10    16-10-10    866    Inf 
11-10-10    16-10-10    877    Inf 
11-10-10    16-10-10    988    Inf 
11-10-10    17-10-10    544    Inf 
11-10-10    17-10-10    644    Inf 
11-10-10    17-10-10    655    Inf 
11-10-10    17-10-10    744    Inf 
11-10-10    17-10-10    755    Inf 
11-10-10    17-10-10    766    Inf 
11-10-10    17-10-10    855    Inf 
11-10-10    17-10-10    866    Inf 
11-10-10    17-10-10    877    Inf 
11-10-10    17-10-10    988    Inf 
11-10-10    18-10-10    544    Inf 
11-10-10    18-10-10    644    Inf 
11-10-10    18-10-10    655    Inf 
11-10-10    18-10-10    744    Inf 
11-10-10    18-10-10    755    Inf 
11-10-10    18-10-10    766    Inf 
11-10-10    18-10-10    855    Inf 
11-10-10    18-10-10    866    Inf 
11-10-10    18-10-10    877    Inf 
11-10-10    18-10-10    988    Inf 
12-10-10    16-10-10    544    Inf 
12-10-10    16-10-10    644    Inf 
12-10-10    16-10-10    655    Inf 
12-10-10    16-10-10    744    Inf 
12-10-10    16-10-10    755    Inf 
12-10-10    16-10-10    766    Inf 
12-10-10    16-10-10    855    Inf 
12-10-10    16-10-10    866    Inf 
12-10-10    16-10-10    877    Inf 
12-10-10    16-10-10    988    Inf 
12-10-10    17-10-10    544    Inf 
12-10-10    17-10-10    644    Inf 
12-10-10    17-10-10    655    Inf 
12-10-10    17-10-10    744    Inf 
12-10-10    17-10-10    755    Inf 
12-10-10    17-10-10    766    Inf 
12-10-10    17-10-10    855    Inf 
12-10-10    17-10-10    866    Inf 
12-10-10    17-10-10    877    Inf 
12-10-10    17-10-10    988    Inf 
12-10-10    18-10-10    544    Inf 
12-10-10    18-10-10    644    Inf 
12-10-10    18-10-10    655    Inf 
12-10-10    18-10-10    744    Inf 
12-10-10    18-10-10    755    Inf 
12-10-10    18-10-10    766    Inf 
12-10-10    18-10-10    855    Inf 
12-10-10    18-10-10    866    Inf 
12-10-10    18-10-10    877    Inf 
12-10-10    18-10-10    988    Inf 
13-10-10    16-10-10    544    Inf 
13-10-10    16-10-10    644    Inf 
13-10-10    16-10-10    655    Inf 
13-10-10    16-10-10    744    Inf 
13-10-10    16-10-10    755    Inf 
13-10-10    16-10-10    766    Inf 
13-10-10    16-10-10    855    Inf 
13-10-10    16-10-10    866    Inf 
13-10-10    16-10-10    877    Inf 
13-10-10    16-10-10    988    Inf 
13-10-10    17-10-10    544    Inf 
13-10-10    17-10-10    644    Inf 
13-10-10    17-10-10    655    Inf 
13-10-10    17-10-10    744    Inf 
13-10-10    17-10-10    755    Inf 
13-10-10    17-10-10    766    Inf 
13-10-10    17-10-10    855    Inf 
13-10-10    17-10-10    866    Inf 
13-10-10    17-10-10    877    Inf 
13-10-10    17-10-10    988    Inf 
13-10-10    18-10-10    544    Inf 
13-10-10    18-10-10    644    Inf 
13-10-10    18-10-10    655    Inf 
13-10-10    18-10-10    744    Inf 
13-10-10    18-10-10    755    Inf 
13-10-10    18-10-10    766    Inf 
13-10-10    18-10-10    855    Inf 
13-10-10    18-10-10    866    Inf 
13-10-10    18-10-10    877    Inf 
13-10-10    18-10-10    988    Inf 
13-12-12    16-10-10    544    Inf 
13-12-12    16-10-10    644    Inf 
13-12-12    16-10-10    655    Inf 
13-12-12    16-10-10    744    Inf 
13-12-12    16-10-10    755    Inf 
13-12-12    16-10-10    766    Inf 
13-12-12    16-10-10    855    Inf 
13-12-12    16-10-10    866    Inf 
13-12-12    16-10-10    877    Inf 
13-12-12    16-10-10    988    Inf 
13-12-12    17-10-10    544    Inf 
13-12-12    17-10-10    644    Inf 
13-12-12    17-10-10    655    Inf 
13-12-12    17-10-10    744    Inf 
13-12-12    17-10-10    755    Inf 
13-12-12    17-10-10    766    Inf 
13-12-12    17-10-10    855    Inf 
13-12-12    17-10-10    866    Inf 
13-12-12    17-10-10    877    Inf 
13-12-12    17-10-10    988    Inf 
13-12-12    18-10-10    544    Inf 
13-12-12    18-10-10    644    Inf 
13-12-12    18-10-10    655    Inf 
13-12-12    18-10-10    744    Inf 
13-12-12    18-10-10    755    Inf 
13-12-12    18-10-10    766    Inf 
13-12-12    18-10-10    855    Inf 
13-12-12    18-10-10    866    Inf 
13-12-12    18-10-10    877    Inf 
13-12-12    18-10-10    988    Inf 
14-10-10    16-10-10    544    Inf 
14-10-10    16-10-10    644    Inf 
14-10-10    16-10-10    655    Inf 
14-10-10    16-10-10    744    Inf 
14-10-10    16-10-10    755    Inf 
14-10-10    16-10-10    766    Inf 
14-10-10    16-10-10    855    Inf 
14-10-10    16-10-10    866    Inf 
14-10-10    16-10-10    877    Inf 
14-10-10    16-10-10    988    Inf 
14-10-10    17-10-10    544    Inf 
14-10-10    17-10-10    644    Inf 
14-10-10    17-10-10    655    Inf 
14-10-10    17-10-10    744    Inf 
14-10-10    17-10-10    755    Inf 
14-10-10    17-10-10    766    Inf 
14-10-10    17-10-10    855    Inf 
14-10-10    17-10-10    866    Inf 
14-10-10    17-10-10    877    Inf 
14-10-10    17-10-10    988    Inf 
14-10-10    18-10-10    544    Inf 
14-10-10    18-10-10    644    Inf 
14-10-10    18-10-10    655    Inf 
14-10-10    18-10-10    744    Inf 
14-10-10    18-10-10    755    Inf 
14-10-10    18-10-10    766    Inf 
14-10-10    18-10-10    855    Inf 
14-10-10    18-10-10    866    Inf 
14-10-10    18-10-10    877    Inf 
14-10-10    18-10-10    988    Inf 
14-10-10    18-10-10    11-8-8    Inf 
14-10-10    18-10-10    11-10-10    Inf 
15-10-10    16-10-10    544    Inf 
15-10-10    16-10-10    644    Inf 
15-10-10    16-10-10    655    Inf 
15-10-10    16-10-10    744    Inf 
15-10-10    16-10-10    755    Inf 
15-10-10    16-10-10    766    Inf 
15-10-10    16-10-10    855    Inf 
15-10-10    16-10-10    866    Inf 
15-10-10    16-10-10    877    Inf 
15-10-10    16-10-10    988    Inf 
15-10-10    17-10-10    544    Inf 
15-10-10    17-10-10    644    Inf 
15-10-10    17-10-10    655    Inf 
15-10-10    17-10-10    744    Inf 
15-10-10    17-10-10    755    Inf 
15-10-10    17-10-10    766    Inf 
15-10-10    17-10-10    855    Inf 
15-10-10    17-10-10    866    Inf 
15-10-10    17-10-10    877    Inf 
15-10-10    17-10-10    988    Inf 
15-10-10    17-10-10    11-8-8    Inf 
15-10-10    17-10-10    11-10-10    Inf 
15-10-10    18-10-10    544    Inf 
15-10-10    18-10-10    644    Inf 
15-10-10    18-10-10    655    Inf 
15-10-10    18-10-10    744    Inf 
15-10-10    18-10-10    755    Inf 
15-10-10    18-10-10    766    Inf 
15-10-10    18-10-10    855    Inf 
15-10-10    18-10-10    866    Inf 
15-10-10    18-10-10    877    Inf 
15-10-10    18-10-10    988    Inf 
15-10-10    18-10-10    11-8-8    Inf 
15-10-10    18-10-10    11-10-10    Inf 
16-10-10    16-10-10    544    Inf 
16-10-10    16-10-10    644    Inf 
16-10-10    16-10-10    655    Inf 
16-10-10    16-10-10    744    Inf 
16-10-10    16-10-10    755    Inf 
16-10-10    16-10-10    766    Inf 
16-10-10    16-10-10    855    Inf 
16-10-10    16-10-10    866    Inf 
16-10-10    16-10-10    877    Inf 
16-10-10    16-10-10    988    Inf 
16-10-10    16-10-10    11-8-8    Inf 
16-10-10    16-10-10    11-10-10    Inf 
16-10-10    17-10-10    544    Inf 
16-10-10    17-10-10    644    Inf 
16-10-10    17-10-10    655    Inf 
16-10-10    17-10-10    744    Inf 
16-10-10    17-10-10    755    Inf 
16-10-10    17-10-10    766    Inf 
16-10-10    17-10-10    855    Inf 
16-10-10    17-10-10    866    Inf 
16-10-10    17-10-10    877    Inf 
16-10-10    17-10-10    988    Inf 
16-10-10    17-10-10    11-8-8    Inf 
16-10-10    17-10-10    11-10-10    Inf 
16-10-10    18-10-10    544    Inf 
16-10-10    18-10-10    644    Inf 
16-10-10    18-10-10    655    Inf 
16-10-10    18-10-10    744    Inf 
16-10-10    18-10-10    755    Inf 
16-10-10    18-10-10    766    Inf 
16-10-10    18-10-10    855    Inf 
16-10-10    18-10-10    866    Inf 
16-10-10    18-10-10    877    Inf 
16-10-10    18-10-10    988    Inf 
16-10-10    18-10-10    11-8-8    Inf 
16-10-10    18-10-10    11-10-10    Inf 
17-10-10    17-10-10    544    Inf 
17-10-10    17-10-10    644    Inf 
17-10-10    17-10-10    655    Inf 
17-10-10    17-10-10    744    Inf 
17-10-10    17-10-10    755    Inf 
17-10-10    17-10-10    766    Inf 
17-10-10    17-10-10    855    Inf 
17-10-10    17-10-10    866    Inf 
17-10-10    17-10-10    877    Inf 
17-10-10    17-10-10    988    Inf 
17-10-10    17-10-10    11-8-8    Inf 
17-10-10    17-10-10    11-10-10    Inf 
17-10-10    17-10-10    12-10-10    Inf 
17-10-10    18-10-10    544    Inf 
17-10-10    18-10-10    644    Inf 
17-10-10    18-10-10    655    Inf 
17-10-10    18-10-10    744    Inf 
17-10-10    18-10-10    755    Inf 
17-10-10    18-10-10    766    Inf 
17-10-10    18-10-10    855    Inf 
17-10-10    18-10-10    866    Inf 
17-10-10    18-10-10    877    Inf 
17-10-10    18-10-10    988    Inf 
17-10-10    18-10-10    11-8-8    Inf 
17-10-10    18-10-10    11-10-10    Inf 
17-10-10    18-10-10    12-10-10    Inf 
18-10-10    18-10-10    544    Inf 
18-10-10    18-10-10    644    Inf 
18-10-10    18-10-10    655    Inf 
18-10-10    18-10-10    744    Inf 
18-10-10    18-10-10    755    Inf 
18-10-10    18-10-10    766    Inf 
18-10-10    18-10-10    855    Inf 
18-10-10    18-10-10    866    Inf 
18-10-10    18-10-10    877    Inf 
18-10-10    18-10-10    988    Inf 
18-10-10    18-10-10    11-8-8    Inf 
18-10-10    18-10-10    11-10-10    Inf 
18-10-10    18-10-10    12-10-10    Inf 
11-10-10    16-10-10    21-20-20    BH 
11-10-10    17-10-10    21-20-20    BH 
11-10-10    18-10-10    21-20-20    BH 
12-10-10    16-10-10    21-20-20    BH 
12-10-10    17-10-10    21-20-20    BH 
12-10-10    18-10-10    21-20-20    BH 
13-10-10    16-10-10    21-20-20    BH 
13-10-10    17-10-10    21-20-20    BH 
13-10-10    18-10-10    21-20-20    BH 
14-10-10    16-10-10    21-20-20    BH 
14-10-10    17-10-10    21-20-20    BH 
14-10-10    18-10-10    21-20-20    BH 
15-10-10    16-10-10    21-20-20    BH 
15-10-10    17-10-10    21-20-20    BH 
15-10-10    18-10-10    21-20-20    BH 
16-10-10    16-10-10    21-20-20    BH 
16-10-10    17-10-10    21-20-20    BH 
16-10-10    18-10-10    21-20-20    BH 
17-10-10    17-10-10    21-20-20    BH 
17-10-10    18-10-10    21-20-20    BH 
18-10-10    18-10-10    21-20-20    BH 
21-20-20    21-20-20    11-10-10    Inf 
21-20-20    21-20-20    12-10-10    Inf 
21-20-20    21-20-20    13-10-10    Inf 
21-20-20    21-20-20    14-10-10    Inf 
