# Prior weights for 18298 samples (computed as exp(log_prior))
1.1611706534e+47
1.8023341962e+47
5.0251036833e+47
9.5038835110e+47
3.6261211511e+47
1.6615589990e+47
6.6274516386e+46
3.1626930832e+44
2.5666469897e+49
3.2285176343e+47
1.3439527136e+46
1.5950629976e+45
4.9904598330e+49
1.4760896492e+42
1.0224339088e+45
8.4018290963e+44
7.0899402728e+45
1.7585559909e+44
3.1970352110e+46
3.0035496087e+47
3.0451381325e+47
6.9082657930e+44
8.5117270541e+50
4.4161406999e+47
1.9478661554e+43
5.8113823924e+44
2.0326361302e+46
3.9437807379e+45
2.5430760978e+46
1.6798720609e+48
1.5290674388e+43
1.2162134613e+45
9.3912193201e+48
1.5963856005e+45
3.0036449956e+45
1.3571729021e+43
3.4717401786e+48
1.2195857970e+46
6.6607822592e+44
4.1285958646e+43
3.8542322101e+46
5.9282383982e+44
5.5828639300e+48
6.3731004675e+45
1.8025438674e+42
1.3197394521e+44
1.5954189804e+42
9.1494545831e+46
7.7179462380e+48
9.2495727129e+46
7.1682088949e+42
1.6720272015e+46
9.9618236042e+44
1.1358203677e+43
9.7026781195e+46
1.5372434197e+43
5.5865945122e+46
3.3983645293e+45
7.3177343598e+48
6.8404863444e+47
8.4646556009e+47
1.7672932213e+46
5.1767540317e+49
1.3410985770e+47
8.8186038343e+48
7.9361502664e+45
1.8581878752e+47
2.9886105627e+48
1.8255156397e+43
7.3176083111e+45
3.2624108584e+42
7.9563851328e+47
8.9225957076e+44
1.4300329145e+48
1.9837420086e+46
9.0224638618e+43
3.4578961371e+48
1.1561948983e+45
2.4327659979e+45
1.0984002563e+43
4.1369535346e+48
1.4507209247e+47
1.4917857243e+46
3.0064187685e+43
3.7794770330e+46
9.7558336160e+45
9.6859209433e+47
1.7259570900e+45
2.1077776442e+45
1.5861485155e+43
2.2498332617e+47
6.8145047771e+43
5.5166221388e+46
6.1926483111e+44
1.8816369043e+42
2.5281703454e+45
5.4500027140e+43
7.3776331405e+44
3.3511767640e+46
1.0067150850e+47
1.2091735904e+43
1.0155428346e+39
1.7662022323e+46
1.6576780513e+48
2.0878610998e+47
5.1570500133e+45
1.0768334142e+47
5.2240453306e+47
1.0243339838e+43
1.5307246992e+46
7.5701476482e+46
1.7243117964e+43
2.2842048195e+45
2.8405855210e+49
1.1438489972e+45
6.0583360199e+44
2.2550910929e+41
7.4710794598e+46
6.1661375403e+46
4.7869578041e+47
6.3924251900e+46
2.1995098400e+44
9.2691218096e+45
1.1447598079e+46
3.2960556245e+48
2.1239194660e+46
6.5811785562e+47
2.2191354152e+48
2.9875248833e+46
8.8375065200e+48
6.7678076224e+45
1.1311699034e+43
2.0794850702e+44
5.0708432432e+41
1.3600295639e+48
3.4776629176e+44
4.8730772217e+46
2.8073863999e+47
1.2842472224e+45
3.1118770475e+45
6.1598840305e+46
9.3037200282e+46
4.3007080840e+44
2.4529740702e+46
8.0514884809e+42
1.5264956122e+45
5.3492283649e+44
8.4074446731e+45
1.7878862632e+47
1.6247826171e+48
1.5870870454e+49
1.7693780053e+46
1.4449921031e+44
1.5412950711e+46
8.2482980468e+40
1.4604301023e+44
6.3536156454e+43
1.4965672337e+45
7.2674679854e+48
2.3068752913e+46
8.0360943305e+42
6.0504145862e+45
2.5062247944e+45
8.9306131303e+43
2.3454096484e+43
4.8631701278e+44
1.5900880694e+46
2.3514089433e+43
1.5124089293e+48
7.7839689083e+47
5.2686599921e+42
1.6042104801e+48
1.7083231057e+45
1.3320621280e+48
2.0322926436e+47
6.2166107410e+40
1.3527005617e+48
2.5512932003e+47
8.8929620679e+45
1.9242033002e+43
1.3754568381e+45
1.4811767808e+44
1.7693666747e+44
3.6433657628e+47
4.6932929086e+43
1.0590361200e+47
8.3933198176e+46
4.8369843385e+46
1.5862857488e+48
9.8161319946e+44
2.7302867979e+44
2.8009441640e+42
4.5387441623e+43
2.5174943981e+45
9.1626639705e+45
5.5156082365e+43
1.8092488846e+41
2.6431552532e+46
9.0063769015e+45
2.9066856567e+46
8.2798529451e+44
1.1238260521e+44
6.3599613608e+48
1.6964870467e+48
1.5774612835e+45
4.4775222433e+45
2.2885691490e+45
9.1216561094e+42
2.4942855713e+42
8.3619950242e+43
1.3377632431e+47
1.8620134762e+47
2.3293372908e+49
2.1597350242e+45
2.6867589870e+41
5.1263818758e+50
4.5461856752e+44
7.9923556923e+48
8.9301523965e+43
1.8539410382e+41
2.7264047972e+41
2.6630259551e+43
1.1375224228e+46
2.1212464849e+44
1.4025318321e+47
1.6460740965e+44
2.8043029672e+45
2.6356153462e+42
3.4297907529e+44
1.8954520870e+46
4.5878071954e+45
1.4477126859e+46
5.3168494097e+48
1.9285156802e+44
7.4241556243e+47
4.9779599577e+40
3.9978210339e+45
1.3472268431e+47
2.0246282136e+49
2.5617109485e+44
6.8976622513e+47
4.0168679025e+45
3.2313410350e+45
2.4402992565e+46
6.4387655823e+44
1.2427478608e+45
2.0515248985e+43
5.4106171449e+42
3.9863889769e+47
4.1636452399e+44
1.1774306060e+42
2.9077411996e+42
2.5922033297e+46
3.7337895208e+45
4.1743976218e+46
1.5633906574e+45
2.1459291419e+45
1.1592579987e+44
1.3315155967e+44
4.9432266215e+48
5.4001868827e+46
9.3705698769e+43
3.1362530008e+45
3.2200774988e+47
6.5799921383e+48
4.3495751072e+45
8.8238467185e+46
1.7199169748e+47
2.6412196413e+49
2.7217115657e+44
2.1899519924e+47
6.0480651608e+43
5.5592418302e+44
2.3040638838e+44
2.8915120804e+44
1.0770918444e+47
4.8990951517e+42
5.8771817044e+48
5.1465455841e+48
2.2973043616e+47
6.9377247756e+42
8.9596338231e+44
3.4588745362e+49
5.4115862771e+46
5.0123062254e+45
5.0706058393e+41
5.7039648584e+43
1.5866659318e+44
1.1241890586e+43
2.9751385321e+47
4.6305280036e+47
3.0636997899e+47
1.1503901938e+44
2.2117794962e+46
1.5695962213e+44
1.0055773305e+46
7.9389164657e+49
5.0319667538e+44
4.9282954297e+42
3.2441333522e+44
3.2481272436e+43
1.1593630287e+49
3.5893074046e+46
2.3043181391e+46
1.4712764372e+47
7.1360564237e+43
1.0392215206e+46
1.0377934972e+47
1.6184819407e+43
2.2241597949e+45
5.4475991032e+43
6.2492409466e+43
4.0072364170e+48
4.6501020126e+47
1.3250195148e+44
1.9349576345e+48
2.6822895825e+48
2.0436003758e+44
2.5506553377e+48
1.7099286307e+43
9.5801191684e+44
6.5685503642e+47
7.6452742176e+47
2.6194076887e+46
3.8211799956e+47
1.6982235723e+43
9.7852841965e+46
1.9726402741e+47
3.6068973247e+49
1.5880972052e+46
1.3567493827e+46
1.1612880538e+46
5.7445163697e+45
1.3787213110e+47
1.9993311027e+48
1.0699674654e+45
6.0865621574e+44
6.9000482310e+40
3.3872865776e+45
5.9739349096e+47
7.5912028455e+44
1.0498314036e+44
2.1658588929e+48
2.3165056246e+47
1.4600431360e+46
2.7785799743e+49
2.9714257726e+48
2.3163919004e+46
4.0654650056e+46
2.4689866509e+46
1.0467145481e+47
4.8648616782e+43
5.2833565398e+42
2.9016825351e+46
1.6146229371e+47
1.8119157400e+47
1.1826243622e+48
5.1358314096e+45
1.0321678310e+45
4.1949958249e+48
2.5370024982e+46
4.5189775028e+43
9.8088797800e+45
3.4888551665e+46
4.4093732712e+46
2.3930068214e+45
2.3231330824e+49
5.4057460370e+48
4.7662984162e+44
2.6168531803e+48
1.1937692936e+47
3.0362019006e+45
2.4120648111e+42
1.3893287931e+47
1.0502186599e+47
7.4137959558e+43
1.8956569110e+42
1.7695637600e+48
1.3223306703e+46
4.0208689446e+49
2.5970060757e+47
7.5671738942e+42
6.4170406336e+46
1.2724974172e+46
5.9355774998e+46
1.4820565044e+46
9.0430868553e+41
1.8740593999e+47
8.9272525457e+46
2.3854994954e+44
1.3547493287e+42
5.8422969578e+45
1.1406718501e+46
1.9693615766e+45
2.3094823161e+44
3.9174982365e+48
4.6356930834e+45
6.5220761700e+45
5.0271575588e+44
2.0826780838e+46
4.4574296820e+46
1.4897807487e+46
2.2017307175e+46
8.1261371166e+45
1.2448928444e+45
3.3228836099e+43
2.4562099452e+40
1.8272359051e+43
1.7867938238e+42
8.4385245671e+45
5.4026997413e+42
4.1886800089e+44
1.4337354911e+42
7.2490283599e+47
9.5641393953e+50
1.3365603667e+45
1.9960969426e+49
3.0881704940e+47
8.5089537159e+44
1.5849084119e+47
3.3225007121e+43
5.8874014511e+43
1.7724364401e+45
1.5228612560e+43
5.2749780616e+46
2.0561246529e+49
2.7861795586e+46
1.4344102821e+47
6.0803720479e+47
2.0278174134e+48
1.1440407489e+50
2.2917397970e+46
1.4425413239e+45
8.6813962923e+44
5.3067499020e+41
3.3241855106e+48
2.9025245633e+44
1.9771064805e+45
1.2837572862e+45
2.4910615906e+46
2.0526053377e+49
8.1551015975e+45
5.7187806348e+44
3.6371737193e+46
1.7257364443e+44
2.9454977964e+44
1.2540733992e+45
1.8844098280e+44
2.1079087304e+48
4.4143278180e+46
2.6197453805e+41
2.4880488518e+46
8.8491425192e+46
5.8584835560e+45
5.4754919331e+45
1.1462593835e+47
7.3484974307e+46
6.0138326737e+48
1.6775394523e+46
6.7959486786e+45
1.9427047401e+45
1.1913252575e+47
1.2258222821e+48
1.1371528922e+45
6.2799266091e+45
1.3746318534e+48
3.7713764285e+49
5.0118208119e+44
1.5992994617e+44
3.0797092061e+45
5.0155326412e+45
1.4715293734e+46
3.8691504119e+45
6.7799193221e+45
2.1115716597e+44
3.0774127937e+45
1.2498731184e+45
8.2908393543e+46
2.6605809148e+42
1.8592149587e+48
1.7209486671e+44
5.2592464364e+44
6.0229527458e+43
2.3153910017e+46
1.8215054580e+48
9.4160437579e+46
3.9684515694e+46
2.9866056113e+43
5.4611210485e+46
1.8204109817e+46
3.6696730968e+44
9.0592330952e+48
1.7028223039e+43
5.8552903818e+46
9.8069479687e+43
5.4432821743e+44
1.1355312537e+43
2.8412733039e+45
4.4626905150e+46
1.3385124281e+38
8.5133364937e+44
5.6125216252e+45
6.8451412689e+44
6.0445779807e+42
2.0090745658e+47
8.4856463075e+47
2.3872517625e+48
3.6947801127e+46
4.1390534280e+39
1.2616603089e+46
3.4703964731e+49
3.8302011399e+47
9.8552797929e+39
3.3282603938e+46
5.2012006449e+46
2.7363308526e+47
1.9984886773e+40
5.8301511547e+43
1.3235030127e+48
6.0208112105e+46
5.2346349849e+44
1.7073172361e+50
6.0716847241e+45
1.2256846237e+45
6.9548273450e+47
2.4970625456e+47
1.5190335692e+48
4.0027310668e+49
2.2657276327e+47
6.2522431566e+49
4.2906959614e+42
2.9397967979e+45
4.8452000523e+45
2.6515731232e+44
6.2558603947e+47
3.8915304401e+43
4.2058874444e+44
1.7190696705e+46
4.2430380089e+47
6.6781337475e+46
1.5969813090e+44
5.7482127159e+48
3.2811026364e+49
8.5166352617e+49
1.2934889936e+45
5.3413604944e+45
5.5278829574e+46
5.0521921821e+46
2.0654553416e+51
4.1727117249e+45
3.3431636738e+46
1.0188897145e+47
1.7047162304e+44
4.2474716272e+42
8.4300942377e+46
8.0583810648e+42
4.1378058887e+45
2.0518133687e+46
7.9832669697e+43
1.0293563529e+48
2.2697467679e+45
2.5183900794e+44
3.0332431079e+47
4.8446672181e+45
6.8248257290e+44
3.0456298729e+45
2.6212608188e+41
2.9727666299e+47
1.5264990144e+48
4.1668835689e+45
7.7263304297e+46
6.3633841391e+47
1.5617097515e+46
2.2600081245e+43
5.4949596730e+43
1.6454775992e+44
2.6831321855e+46
1.0294641774e+44
3.0938007652e+47
1.6451825443e+48
2.0225989095e+47
2.6667723209e+45
3.6233792043e+45
3.3175050390e+46
8.2798853759e+47
3.6014122047e+46
4.7617314213e+45
1.4450590656e+45
5.6643544641e+48
4.1979071084e+46
6.0391246321e+45
2.1756295710e+48
1.7390124783e+41
1.8953904011e+49
1.7411879867e+46
3.0053830348e+46
2.2080389866e+46
5.5235599479e+45
7.3351699307e+41
3.0609275672e+46
5.3739007495e+44
4.2015900188e+43
7.8252636618e+44
1.6609321193e+46
8.6823820881e+46
1.1042630406e+45
1.0559718448e+43
1.8815529302e+47
1.3325417966e+45
2.2084908258e+48
2.8891824668e+46
3.6382443756e+46
1.6751771225e+46
3.3401979288e+46
1.4689488839e+47
3.2602471209e+45
7.0825681204e+46
1.2817389005e+46
1.8754120060e+43
1.6661104783e+46
1.1333554923e+47
3.3454119162e+46
5.8585060472e+44
3.4254512101e+46
6.1983748636e+46
3.2082290765e+47
5.7742449346e+47
1.6800327897e+48
5.8587493055e+45
1.7530373451e+48
6.1810521275e+46
5.1245869989e+45
2.3123365319e+45
1.5774553881e+46
7.8313292508e+45
3.4713591458e+47
2.0164032563e+44
6.5095233557e+45
6.7399830377e+42
2.0810273024e+40
6.2291150993e+47
1.8329037208e+48
3.4983265129e+46
1.5241918231e+48
1.1264794603e+46
1.7822211934e+46
9.9628928084e+44
1.2353010781e+43
1.3727025806e+44
2.3906070472e+44
7.8567296768e+47
1.4370464347e+45
1.8818377606e+45
2.5784980094e+49
6.0093352928e+45
8.0905712882e+49
8.2615368078e+46
6.5636612609e+49
3.9830381752e+46
1.6853880258e+44
2.4334513553e+47
2.9014006416e+42
4.0161341669e+45
5.0641323230e+42
5.2246415088e+42
9.8355435733e+46
2.6802831878e+46
2.5337592678e+48
6.9517099689e+48
1.9988170501e+46
6.8727338510e+45
7.1645467361e+46
2.3207111834e+48
1.0355271853e+49
2.8646403510e+45
4.8052357592e+46
3.4746483005e+44
7.7901976398e+42
1.1509551333e+42
9.9733117987e+43
7.3631503109e+49
7.5465301257e+43
1.5305286318e+49
2.1740733904e+47
2.2211789585e+47
4.1568024409e+48
1.1898712365e+48
5.1076215007e+45
5.8463528965e+44
1.0669516395e+44
1.3421021980e+45
6.8202918072e+48
2.2550455819e+48
2.3011375063e+44
1.0050844657e+42
2.4612154175e+47
2.6821289561e+46
2.6164234891e+48
3.6729031446e+44
4.5714265199e+43
2.0092836980e+47
4.6287500314e+42
1.1806227016e+46
2.6981272945e+44
2.1471418959e+46
3.9718154876e+45
2.8997316380e+43
3.7659885615e+43
4.4298361434e+39
1.0554628631e+43
3.4892881117e+45
2.2473592934e+47
5.0538060405e+43
6.3871215800e+46
2.7096155964e+48
1.3816854465e+43
3.2149205145e+46
1.3423152990e+47
1.8059552025e+45
8.5940813190e+44
7.5100601740e+42
2.1204740017e+48
1.3792723441e+46
8.5393469540e+44
4.6178969491e+45
5.9692207145e+46
1.6767136589e+45
6.7808531795e+44
2.2978692440e+50
1.8977419869e+43
4.9333649542e+47
1.4529053452e+44
1.3422948633e+44
2.8692526577e+45
1.0509159295e+45
1.7767586985e+45
1.3783661988e+45
1.9830449163e+49
1.6804843770e+44
1.7996799744e+47
9.8703585016e+47
3.6336859934e+43
4.5902701698e+48
3.0155806873e+47
1.2677068463e+44
1.1200406873e+46
2.6494469044e+44
5.5105492613e+42
1.6213902917e+44
7.0550715270e+48
2.2984371866e+46
6.0467757497e+48
1.4090116660e+45
5.4211253586e+43
2.0922515890e+48
3.0766267691e+39
3.2899785668e+44
2.7163603188e+46
4.2204164812e+46
1.1503654163e+43
7.8211824292e+44
6.0239947616e+44
2.4203042555e+48
4.5974874135e+43
8.3383718482e+44
9.5144336079e+45
1.2293568509e+48
4.4971464343e+46
8.6645763366e+46
1.9339576457e+49
1.4758030678e+48
8.4977614112e+43
3.8922250289e+44
7.2381707728e+43
2.4864741731e+49
6.7145432495e+46
2.1392475957e+43
3.5534384019e+46
2.0819408860e+42
7.4058852115e+46
5.1829405112e+45
9.6071884866e+46
2.8525211887e+45
7.5173465697e+48
1.8148078974e+45
1.2815399427e+46
7.4272389587e+48
3.8702312163e+46
2.4644233769e+48
1.8671597153e+46
4.6678801127e+46
5.0543360006e+48
2.9955786197e+45
2.5441217195e+44
1.1745354401e+45
9.9048001402e+46
5.2766039619e+45
4.5718447226e+46
8.4117904842e+43
6.4196307240e+46
4.9810383128e+48
5.6392177498e+44
2.8229083073e+45
8.2115001481e+44
3.2409551571e+45
2.9365816665e+50
1.1496705337e+47
6.7301639081e+45
1.2116305902e+47
1.0737546088e+45
5.3791885944e+47
1.9608204991e+45
1.4874900236e+48
6.1841435963e+47
2.8585167068e+47
1.0920669290e+47
3.5417819285e+44
6.8883746092e+47
5.0453233128e+40
7.5654801194e+48
1.8557121852e+48
1.0286267927e+46
7.2497752944e+46
3.8278706661e+49
2.8183072216e+46
2.7366228217e+46
5.2815794030e+46
1.2411749312e+46
3.5998406945e+43
1.5020158798e+41
4.0465034010e+44
1.1121825351e+47
9.1724182687e+46
2.3266811798e+45
1.1188480854e+48
1.5117580460e+46
2.1258584678e+46
1.4065616486e+48
2.2339414800e+46
3.3510873048e+48
1.2174982023e+46
6.8780815303e+46
3.9048253687e+46
3.4758840487e+45
1.1566197166e+46
2.5273958745e+45
1.4336916287e+48
3.5526580279e+47
6.8091943893e+46
3.9212346145e+46
6.8287763358e+46
1.0331757202e+46
1.4653167013e+46
1.0476819471e+46
1.4622830067e+50
1.8085137629e+48
1.8614867263e+44
2.0137980987e+44
3.2540722354e+48
1.4440068560e+45
5.5765410054e+48
4.3949947793e+46
1.8224446144e+46
4.6537619987e+47
2.1072895924e+39
2.5539081425e+46
1.6370611600e+45
1.4301757311e+45
4.7222981053e+47
2.6928171917e+45
1.7573728780e+48
9.3533751419e+44
2.9778376504e+45
2.7251580053e+47
8.7030949639e+46
3.9291393628e+45
1.3900412883e+48
3.8503259186e+44
2.7448201747e+40
4.0313326912e+47
9.8982380970e+45
2.1737720701e+45
2.8721336849e+47
3.7736545571e+46
6.6654854268e+42
1.2416791282e+47
3.0278843443e+43
4.7998721439e+43
1.6776149652e+45
1.7933878033e+47
9.4141155723e+47
8.6638666700e+47
5.3025401957e+49
8.5440020706e+44
9.9241809974e+48
2.1936955629e+45
1.7469673900e+44
2.6916878747e+45
2.5566405894e+46
1.9188173343e+46
6.1205711344e+43
1.0428856326e+46
3.5268462547e+48
5.2886199433e+45
1.7452351474e+48
2.2173503301e+48
3.2074695683e+49
2.7461097669e+44
1.9982132641e+45
2.9943075538e+45
3.2811406889e+43
9.1913025339e+44
2.0726720734e+50
6.7844365743e+43
1.6872068850e+45
2.8602866637e+47
2.3072505243e+44
3.6066147616e+46
2.2407358065e+45
1.0546958561e+42
1.8039101093e+43
3.8532230282e+46
2.3988837761e+46
6.5509058406e+46
4.5629887872e+42
3.8896324620e+46
8.1989539746e+44
1.7576831289e+45
7.3561487958e+41
1.0001113654e+46
1.4262452357e+49
1.4067577937e+44
1.8864151662e+42
1.4729394928e+47
1.9673811964e+46
1.9918679902e+46
6.2070196709e+45
4.7337519818e+46
2.5358961830e+47
4.5824258234e+40
1.8094983130e+47
2.5406894745e+45
8.0423150309e+45
2.3435072554e+43
1.1853677280e+47
2.0717668653e+47
1.9523456630e+48
1.1617539937e+48
1.8196801216e+44
9.8729612919e+47
5.1079256955e+46
5.1987906808e+45
6.2971859977e+45
5.1271031270e+43
1.0197470384e+47
5.2517927656e+45
7.7730101228e+45
3.8313364917e+46
6.4768551718e+48
1.4207991603e+48
5.3343475379e+49
2.2268287199e+45
1.2175990294e+49
3.1714593134e+49
7.2583078387e+45
2.7143917072e+48
5.3357078067e+44
5.2797008959e+45
3.5692890792e+48
8.7108590176e+44
7.4587142938e+43
1.0097906609e+50
1.2996109435e+50
2.5448415708e+49
1.5944341052e+50
8.9734264871e+48
7.8579923045e+43
6.0850292193e+43
3.9684287968e+44
8.8066209751e+46
6.2952305598e+46
2.2670823047e+47
8.5774203321e+44
8.1568425409e+47
9.0162986212e+43
5.5297137457e+43
1.0338771968e+47
2.1502057947e+45
3.1030825305e+50
5.6640100620e+41
7.2786247161e+47
4.0958481838e+47
1.3117367958e+42
2.3952529074e+42
1.2137520941e+48
1.0045393750e+47
2.2593735293e+47
1.1610104269e+44
1.0991716213e+47
4.9957839293e+47
8.5592189107e+44
3.1784284251e+45
5.3596621719e+47
2.9657680333e+43
8.5951539661e+42
4.0688639650e+44
1.8772663139e+48
1.1351713668e+46
6.5305831100e+48
1.6712495572e+46
3.0838375515e+42
1.5953485622e+46
8.4226255943e+43
1.4459706042e+46
4.2397185315e+48
2.4305465232e+47
1.1555611430e+45
4.6219337247e+44
6.9894775327e+46
2.3119968193e+46
9.0985492318e+41
2.4374769939e+42
6.6075088867e+43
2.4955148084e+43
6.4745277506e+47
4.0437589968e+46
5.6609003704e+44
1.3503771202e+44
6.3378286595e+48
2.2503036913e+47
4.4268718052e+44
1.4639007710e+46
1.6452256464e+47
4.1036128841e+47
2.8834173756e+45
6.1847721764e+42
2.3636554994e+47
3.6613557563e+44
1.0949259636e+48
3.9877647847e+47
3.2746790497e+42
1.3885704638e+47
1.2116061936e+45
4.4414237333e+46
5.3816371254e+44
9.7292114249e+46
2.7757166745e+41
3.7531876579e+45
4.0016718352e+44
1.4955552738e+45
8.4113461650e+45
1.7377058327e+44
8.4558332903e+43
2.0643082646e+44
1.0472030746e+46
1.2665831388e+49
2.0695700031e+48
6.2457910125e+45
5.9871245190e+44
8.9334633822e+47
4.6176259466e+44
2.5967939805e+49
4.2124185906e+46
2.1724401242e+46
1.2102679694e+48
4.5230008859e+46
5.4938971700e+46
4.0098290350e+49
1.5990005668e+47
6.5051849618e+46
1.6377398395e+43
4.9821228026e+45
1.8065851982e+44
4.1701574316e+45
8.8930664661e+46
8.0947302068e+45
2.0695482753e+48
7.3515214916e+44
7.0542555405e+46
2.0081842557e+47
3.4801105291e+44
1.8299504337e+44
7.2967714656e+48
3.0571924456e+47
2.3490422713e+45
1.5106454503e+42
1.0958357440e+43
4.3349963160e+41
3.3436054435e+44
1.3288704288e+45
3.3277686396e+43
4.1555497520e+48
9.3818034987e+47
3.0416002931e+48
3.1694344175e+47
2.1573425439e+50
9.3917387767e+43
4.5706469654e+45
5.4044106963e+48
4.9930783966e+43
9.0840198283e+40
1.7759034080e+47
3.8832260571e+46
4.9714466622e+48
3.0092403263e+47
6.4950992970e+45
1.0191442360e+44
1.3394957158e+47
3.2294191726e+46
8.5810763389e+44
1.7497694680e+45
5.8964513273e+47
2.2170890675e+47
1.2869240511e+42
5.3557124081e+43
1.2711441632e+46
1.8678303840e+44
5.3816869635e+46
1.7995677505e+45
2.3618237396e+48
1.2331150391e+47
2.6787341130e+42
3.1366695624e+46
2.2605239701e+43
2.5136818255e+42
1.0932400213e+43
1.5987180056e+47
7.6900234986e+47
8.4491146814e+42
6.4733966898e+46
3.1640169765e+45
6.8775726616e+45
7.5564108337e+46
1.8349387693e+47
5.4691923014e+45
6.1791774317e+47
1.7742454198e+47
5.9896787215e+45
9.4579975153e+43
8.0314626227e+45
1.3474400935e+41
1.5982822165e+44
1.0862269536e+47
8.1045363920e+46
3.1352809620e+41
1.8631509161e+46
1.5719085303e+47
2.4003702284e+45
1.1805195613e+44
8.5542068663e+42
8.0956172686e+46
6.5086081489e+45
6.3159576480e+46
4.5555675418e+47
5.7358499818e+44
7.8934901479e+43
1.5436438922e+45
1.2558250253e+45
8.9449702723e+46
1.9745375694e+45
1.2397821361e+45
5.0235046866e+44
2.3386539108e+44
2.5376113810e+42
1.6690353947e+46
3.3104905985e+46
5.1432468250e+45
8.9942209585e+41
9.8444426560e+49
6.4052437739e+47
7.8673946813e+44
2.4363116668e+44
1.0258256084e+46
7.1542835448e+45
2.9044757759e+44
5.2582761011e+46
4.7992957357e+43
1.0752577723e+44
3.7329808412e+43
1.1433138456e+45
1.6880996881e+49
8.3942032157e+48
1.3491182726e+47
5.9354160398e+45
2.9718226946e+43
7.9316120711e+45
1.2592361858e+47
2.0266485027e+46
1.2245838774e+45
8.8408175019e+43
5.2546106388e+47
1.3930327900e+44
8.6800502505e+47
3.5102609448e+47
8.4500528017e+45
1.6080720489e+48
5.5148698526e+46
6.0854548256e+43
1.2197132733e+49
9.4741899700e+46
2.3992406293e+45
1.0379455069e+43
5.9631962384e+48
1.2039242584e+44
1.7638880179e+45
1.2201497798e+43
2.8850366773e+47
1.5345692046e+47
2.3106313623e+48
4.9190724069e+43
1.4293600851e+46
5.6473512189e+46
9.4112157795e+42
3.6108703787e+39
7.1599353286e+45
8.4322426722e+44
1.3516981227e+46
7.6470139896e+47
4.5057083281e+48
8.8386027139e+41
1.5299215882e+48
1.0631230361e+49
9.0655339914e+46
7.3273080518e+42
8.0891106961e+49
1.0589607576e+45
8.9352215501e+44
4.1870979973e+48
2.1455672973e+46
2.9407997327e+46
5.8715603209e+40
1.3883083279e+46
2.0475791241e+48
4.6763538334e+47
7.5071995644e+44
6.3662845605e+46
3.8621585026e+48
1.1600466936e+44
1.8257748769e+46
2.3310227837e+45
7.4122037717e+43
6.1470490885e+43
2.8955420647e+48
1.4967106624e+48
1.7864065158e+49
1.5325027538e+47
5.8460280506e+46
2.4198973848e+46
4.8778028462e+47
8.3762698114e+48
2.1793385636e+47
2.0232028039e+47
8.7546171918e+44
2.7260366795e+45
1.1855166834e+42
2.6207993667e+46
8.0750199033e+45
6.1215682120e+48
7.1900669157e+46
3.9574374505e+48
1.0318632592e+45
7.1964232915e+47
6.7765855400e+48
5.4349613297e+48
8.8387696883e+47
9.0750509522e+46
9.8063930295e+44
2.6497972128e+46
3.1298644107e+47
6.7939645417e+45
1.9153324546e+45
4.1104587185e+45
1.6921315570e+44
1.7057869466e+47
1.6802148020e+47
3.2196824949e+48
5.8934797582e+41
5.7614150911e+49
8.8029220133e+48
3.0042019765e+46
1.1012733078e+45
2.3757868293e+48
8.1269580727e+43
3.1059258181e+43
1.2748484090e+48
2.1463658349e+45
1.2911409612e+48
3.1952205118e+47
1.5202698336e+42
7.5208455729e+48
4.1704108429e+46
4.2134648562e+44
5.7766105120e+45
4.1952798480e+45
5.2250455110e+43
2.1310662021e+45
6.0499999795e+47
1.4059896933e+46
1.7877530302e+48
4.5215541221e+49
3.2071391072e+48
6.4282203892e+46
9.2186086387e+49
5.8486055011e+45
5.2536183631e+45
1.3064031259e+41
1.2095478829e+44
4.4120867031e+46
1.3598452915e+44
6.5527427407e+39
1.1177775444e+45
4.0169084739e+46
5.7533138701e+48
3.2534168002e+45
1.0158468064e+48
5.6585197196e+45
1.0423253410e+45
2.4050534141e+45
5.6530829444e+45
5.6727445876e+47
2.3314156162e+47
3.0612940151e+48
1.4516846659e+47
1.7814105679e+42
1.9922892719e+44
4.1314712772e+44
1.9000261341e+43
8.3468413524e+44
6.9568894677e+47
1.5345785275e+46
3.8429861387e+45
3.0336556790e+48
1.2943253035e+43
1.0937787234e+44
8.2455414651e+45
1.1461387869e+45
1.0895207557e+47
1.7092201411e+47
5.7002640064e+45
8.4918742176e+47
1.0138524564e+45
1.7075559751e+44
2.0410524307e+46
6.8933942427e+48
2.6229569985e+45
5.9474195331e+45
2.8121453046e+43
2.1741316191e+42
1.0111354370e+47
3.3084667067e+47
9.4717392669e+47
1.8038339172e+47
3.3350741642e+45
2.5814526041e+46
6.3535949335e+48
6.3668438670e+49
3.8323105141e+48
2.6214891563e+48
7.9470632150e+48
1.9791187540e+40
6.8536558458e+48
4.2520078634e+43
1.8433149841e+47
1.6896559315e+46
8.4113194578e+44
5.0804289425e+43
1.5023387332e+45
1.0737900184e+48
4.4087006534e+45
9.5912510467e+41
1.5649273850e+45
6.4727924557e+42
7.6950216034e+45
4.2440902151e+42
1.2844973590e+51
1.5904459174e+49
3.2518040303e+39
3.7624970121e+44
3.8909149755e+42
1.1200746186e+40
7.0298835616e+46
1.1797322814e+45
2.5237381224e+46
2.8104506188e+45
1.1328327114e+46
3.0209773748e+44
2.1180378540e+48
8.1612097603e+43
2.0606433529e+45
1.6542558629e+44
4.0984757158e+48
5.7434320009e+47
3.3954429443e+46
2.0653769277e+45
1.2974793140e+46
2.3104811213e+46
1.4709920005e+46
7.8854450083e+48
7.4327673066e+44
2.0862631313e+44
6.8861301672e+44
2.2592240695e+49
5.3957515734e+48
4.3978701490e+48
2.0532563603e+43
1.8731310307e+45
7.1808718407e+44
3.4297844410e+47
2.7297834747e+45
6.9220428093e+47
4.2803606376e+40
5.3587227492e+48
6.1486555121e+47
7.7605892707e+48
1.3287885117e+46
4.9447570048e+46
8.4056468564e+47
6.2587488328e+47
9.8066680339e+40
5.9949410812e+46
1.4140985346e+45
1.4558911775e+46
1.5117552695e+47
4.1062475460e+48
1.7794272821e+46
7.8309141128e+46
1.7639697196e+46
1.4339524439e+48
1.7861438606e+47
1.4812906196e+48
4.7200679345e+44
5.4841946972e+46
4.9638916212e+46
1.3336853740e+47
4.3255476392e+46
2.2820242423e+46
2.5309682842e+46
2.7953060825e+47
1.1996686281e+41
5.2474871074e+44
7.4718365700e+45
9.5167199910e+46
4.8465126613e+45
8.6596710872e+43
3.2285887494e+45
3.2277487035e+43
1.7644963203e+48
1.7138594644e+46
1.9345420864e+44
2.8554557036e+45
2.2955351400e+49
8.5439535030e+44
3.3243631222e+45
7.7606583274e+45
3.6463854286e+47
5.5213587370e+40
3.6783281562e+46
1.1394552131e+47
2.5305347638e+46
5.9033066852e+46
5.3824250345e+48
1.3673932153e+40
2.2236429452e+45
9.5771279378e+45
1.0851782546e+43
3.4872628838e+42
1.0301623681e+48
2.5670260418e+44
1.2493914965e+45
8.7247652788e+45
3.9980594785e+43
1.0979263583e+43
2.8328847168e+46
8.0035787486e+45
1.4352279595e+43
1.5099874323e+48
5.2949612743e+46
2.8856763033e+46
2.6030636788e+47
5.4688327947e+45
2.8583154629e+44
3.4813955972e+47
9.7797536388e+47
9.6844146404e+47
8.0311201844e+48
1.9637336453e+46
6.8034402368e+45
2.2917031726e+45
1.3611813122e+43
1.9523450517e+46
1.9478383425e+47
4.7658541108e+44
1.2948782669e+46
2.2560922020e+45
6.4589017801e+49
1.7383737968e+44
4.1112556038e+43
1.5624716971e+48
4.3736358348e+43
1.7431826458e+44
1.5016854576e+43
2.8204712338e+45
3.1803924194e+45
2.4563850182e+47
6.0141719808e+49
4.4522238658e+44
4.4313923567e+43
8.4211858937e+45
5.4936551139e+43
1.4129838251e+46
1.9284973597e+43
2.1434815610e+47
3.8886907732e+41
2.7519933296e+45
1.9939542593e+48
9.9391693083e+44
2.4394776023e+41
5.9549845429e+45
1.1860406954e+47
3.7457630639e+47
2.6325218814e+44
3.2706337343e+42
1.4219437206e+47
1.9914781716e+46
1.6337035585e+49
4.0443924749e+45
1.7426283987e+46
1.5173479754e+46
3.1067432707e+44
3.4396653080e+45
9.0446283722e+41
6.2039956457e+46
4.8717308243e+44
8.7189085680e+46
1.6111676147e+48
1.6306341500e+45
1.0772190741e+46
7.7925972047e+45
1.0167910271e+44
2.0974732747e+44
4.0985091560e+46
6.1513385870e+45
3.1523865951e+46
1.4162762408e+47
7.4223246372e+48
1.2920218688e+48
3.7487685304e+43
1.5092052480e+47
3.8126237235e+43
6.8577097623e+45
4.7325208466e+47
3.7364243364e+47
1.1065946494e+43
4.7229189727e+42
3.0450285692e+42
6.2473339219e+44
3.2439089897e+47
1.0866798015e+48
3.0657971374e+43
2.1598459887e+48
2.8160688265e+47
4.8611042181e+40
8.1648423861e+48
2.4613949073e+45
9.0373100737e+45
3.3396104470e+44
5.7917857100e+46
2.6664879158e+46
1.6126279868e+46
5.6919368035e+46
2.3836180644e+43
1.4588494627e+45
2.8381423629e+48
4.0613339733e+49
8.7752198737e+45
5.9797993927e+42
3.2067391806e+45
8.1835724873e+47
1.1274668484e+46
1.0685117092e+41
2.6266487194e+46
1.3894888086e+44
7.5847926781e+46
2.1663416750e+47
3.2373242562e+47
2.6721816383e+46
9.5658379608e+46
1.3122515597e+46
4.8304295681e+44
7.9318236012e+43
5.3422146489e+49
4.9263153004e+46
1.6017400134e+48
1.4783259429e+43
1.8557774307e+47
1.6276716600e+46
4.8040864094e+46
3.7319491864e+49
4.2830075122e+46
4.4079609843e+44
6.1213966459e+45
1.2823935141e+47
4.9444117011e+45
1.6202622637e+40
4.1653784173e+42
2.0516176891e+41
1.0669208452e+48
3.9145363044e+48
4.2349727842e+41
5.0633900129e+46
5.4498929831e+47
2.1235352454e+42
7.0158251869e+48
6.2479118022e+44
5.4546935271e+45
2.0545879051e+46
1.0420284240e+47
1.4463249406e+46
5.5980623184e+46
2.2726919309e+47
2.9976140039e+49
3.0040331137e+42
6.0385381832e+45
1.0984971270e+48
3.0547830432e+45
8.6275523577e+44
2.4944483558e+48
5.4954835184e+43
4.0611446777e+45
3.5886349097e+47
3.2899631908e+42
2.7844104950e+44
9.7983843271e+46
1.4850714897e+46
1.1150027342e+46
1.5929826325e+50
5.5746884651e+47
1.5825084253e+47
1.1665234011e+47
5.7629421439e+45
5.3304914914e+43
6.5548531727e+45
5.3900904326e+45
1.9581885002e+47
5.6562601176e+45
8.7546684967e+46
4.2440864801e+43
4.6263130967e+46
3.0036181180e+46
1.2080786646e+45
3.4591963292e+45
4.2576459367e+46
2.6152137779e+45
6.1432840295e+43
2.4550539591e+48
3.1147758940e+43
5.2722689789e+42
2.6377778398e+44
2.0095223903e+47
8.7948060655e+43
5.4914602653e+47
6.7179570338e+41
3.5610192952e+44
2.8404889646e+42
1.5320880074e+47
3.5160155025e+45
5.8295277432e+46
5.4399485360e+49
1.9515588625e+43
2.9671023699e+47
3.5532390009e+46
5.3067922551e+43
2.0964305555e+44
2.8806634676e+44
3.5796259810e+46
5.5194521801e+43
7.7235126071e+40
5.1380153115e+47
1.0818600321e+43
8.2261975113e+45
3.3166176170e+46
5.2373320075e+45
3.6288457998e+47
2.1380697528e+45
1.3803458773e+43
5.6107433810e+49
2.5252849344e+46
1.1999794968e+48
1.8347957358e+47
7.8190227888e+47
9.0444593755e+44
7.9859779360e+44
1.9984766007e+46
1.5762803045e+44
1.2525652891e+42
7.3371841050e+47
1.0849911578e+49
5.7237439478e+45
6.3726263275e+44
1.4460706972e+46
4.7637390989e+45
4.8241240195e+47
9.3252953460e+46
7.4660045590e+44
9.7305043051e+45
1.0985716242e+42
3.7453818014e+43
3.5703762652e+42
2.0058888439e+48
2.5361880330e+46
1.0193854666e+44
7.4444592604e+44
4.2357066296e+48
4.2737191183e+48
9.2757267660e+46
1.0191799883e+47
3.1219477422e+43
5.8877173461e+45
4.2438250670e+46
8.1656705916e+43
1.0502712348e+43
1.9667530178e+50
3.5478016007e+45
1.7502999155e+44
4.8596730298e+47
2.0165227005e+45
2.4409408701e+46
1.8689545850e+46
1.7722462668e+45
4.7300245570e+45
4.0116723043e+44
5.4423216416e+47
5.0173990666e+46
3.5766576457e+46
2.4969885542e+48
1.0504502718e+44
3.3405600834e+44
1.7773148172e+44
7.4189272613e+41
5.0317178127e+42
9.7613434110e+47
3.1303548796e+49
2.1040915021e+45
7.8561896891e+48
1.8970781410e+48
1.5780287407e+45
9.3298522032e+47
1.1611455810e+43
6.4530668626e+45
2.9543036820e+47
1.3746710646e+45
2.2982617229e+46
6.5580463077e+46
3.3385901906e+42
1.0521349899e+42
1.8623017021e+47
2.1693783865e+47
3.2521900615e+44
3.1947641740e+49
2.8300585464e+44
2.5532335106e+46
5.2177202189e+45
2.2452412725e+45
1.1045325961e+47
1.1840394311e+46
9.7272426364e+45
1.6668319940e+47
1.0513164287e+47
1.0445578868e+46
4.7764392539e+44
1.6761599407e+47
5.4396388944e+46
5.7204887154e+47
5.8186498694e+47
9.6202527884e+46
1.4933933077e+49
6.4715322542e+45
2.4188734414e+40
2.0829616713e+45
3.4537292612e+48
6.7316206180e+48
5.0161936793e+45
3.8996365667e+47
1.9446903663e+50
3.8219542001e+47
1.5676588256e+48
3.1217980882e+47
1.2074662891e+47
3.4972207557e+44
1.7967242875e+46
6.2875529362e+46
4.6920539029e+45
5.2983331186e+46
1.2298164190e+47
2.7076735626e+46
1.7527825864e+46
3.3163871814e+42
1.7529078763e+49
2.5367956643e+47
3.2969091405e+47
1.4601960399e+48
4.9054145536e+46
8.1180775644e+48
4.1253697993e+44
1.7947259260e+47
2.5182595784e+47
4.8623261544e+48
6.9478172009e+44
4.9720773302e+46
1.5822483275e+43
2.9856424454e+46
1.3090714592e+42
5.2174799837e+44
2.2091905055e+49
3.2359258546e+48
2.5650495860e+46
2.2154819189e+45
6.3999192769e+46
2.9714794917e+43
7.3745024674e+46
1.0357287419e+47
1.9568860202e+48
1.7673656740e+44
2.3916274472e+45
8.8863840216e+44
3.5725159641e+47
1.1484013677e+44
1.6762990181e+47
7.7161740123e+45
5.5210015943e+44
4.3016368652e+45
1.4627271592e+49
6.6022941659e+40
1.5466769747e+47
9.3737446463e+46
1.2754444600e+47
6.8761930856e+43
1.5174136314e+48
1.0403514772e+47
3.4945245411e+47
2.5770219614e+46
1.0571717966e+47
1.0369791201e+49
1.4065302106e+49
3.0420985555e+44
2.2304360736e+49
7.7772563742e+46
1.3204443693e+44
5.1129956028e+48
2.3768031833e+48
3.5025009656e+43
7.4665128014e+46
2.9237838558e+44
7.7340037084e+44
1.3421876063e+46
3.1054501815e+43
3.1837274433e+45
1.3219367983e+46
3.3979653353e+46
2.0691138479e+41
1.2367063619e+42
4.8071282127e+44
1.5389079136e+44
6.8044663335e+44
5.0476082603e+47
8.0039270004e+45
2.7591211527e+45
4.7394871434e+47
2.2886984568e+42
2.6589484417e+46
4.0655746948e+48
7.4550855578e+46
2.6549798525e+44
6.3705529446e+44
1.1126040934e+50
5.0754669857e+48
1.3407306906e+47
1.2365590919e+49
1.0784374760e+46
9.7029167038e+45
3.0173914651e+47
1.4748646093e+48
2.3607201224e+45
4.2947145950e+47
2.2914350764e+43
3.4452874845e+44
1.0707499938e+44
1.3235468962e+39
1.6471089051e+47
1.4536332592e+47
9.7528023965e+41
1.1831901127e+43
4.0431048780e+48
1.8156989896e+46
1.6255622947e+47
6.4167732486e+46
1.8899054845e+47
1.0937190841e+48
6.7516862742e+44
1.8073713811e+44
3.3506725638e+45
1.1662248605e+45
4.6219033179e+47
1.5310693235e+46
1.9415315629e+46
5.5372787666e+45
7.5398584655e+44
6.5862074554e+45
8.7664702080e+46
4.6647001152e+46
1.8939348279e+48
8.0837432210e+46
3.1979062969e+45
2.3715736599e+44
8.5359427099e+43
1.0468788778e+48
2.7227834842e+47
4.0502330021e+48
3.7712475878e+49
2.4588422941e+48
3.6016897195e+49
5.4960403986e+40
2.1333904070e+49
4.1521495022e+46
3.7095063170e+41
2.1412319383e+43
1.6326216971e+47
6.4740344523e+46
5.7703994456e+43
2.7910352794e+45
1.3776975396e+47
3.4952948720e+47
1.0791627073e+45
2.8939317895e+50
7.3220232211e+45
6.7455087107e+48
1.6757403667e+44
7.6061214259e+43
3.4862087213e+45
7.2757084643e+43
2.4312156715e+45
7.8482564770e+44
3.5076064540e+47
7.7707463886e+43
5.4473332152e+44
3.8375627020e+45
1.5089259335e+44
2.3542063657e+47
9.6393095120e+47
3.5351067522e+46
1.5643273012e+48
1.6717730258e+43
5.1943460168e+43
2.2093304397e+47
2.1281835996e+47
3.3010907687e+45
4.5871422347e+47
3.0664009232e+45
6.5497746874e+46
2.4404483342e+48
1.4542141547e+45
1.7285057074e+45
4.8099868707e+45
5.5054412606e+44
2.5799042055e+46
4.0659171107e+42
8.0364144416e+45
1.3295051893e+45
1.0218495751e+43
1.8715410465e+42
2.5291914898e+45
3.9606138654e+45
5.9905239333e+45
9.7527623654e+44
1.1939530672e+43
6.7853162210e+44
4.9050207985e+47
2.7726326469e+42
4.7553377465e+43
1.7091194213e+48
8.0244288520e+48
1.1930803138e+45
6.9648547698e+46
1.6406626136e+46
1.5861116605e+42
3.4617350882e+46
1.5742449455e+45
4.1919303158e+45
3.4137632712e+47
6.9877068540e+47
3.5597863689e+45
6.5413938096e+45
3.4496123853e+45
1.0658507093e+46
1.0741753194e+49
1.8136863667e+46
1.0129337913e+45
1.3439451970e+45
1.0048061188e+42
1.9507038744e+44
9.2835957886e+47
7.9423289324e+47
4.5635087379e+42
1.9772151341e+46
4.2532235574e+46
3.7812254220e+46
5.2089453265e+47
4.3903709741e+47
5.0930131239e+43
1.5331926792e+44
4.7258909276e+46
1.9191049913e+46
6.0665904676e+43
6.1394135021e+46
4.2720181179e+42
1.4745212230e+50
1.1389661529e+43
5.2682394917e+43
5.2133577879e+47
1.6769890254e+48
2.0617313053e+41
5.1901124662e+45
1.3349554871e+44
1.0190482008e+48
4.5564936149e+46
1.6439051317e+44
3.6885303187e+45
2.1089268738e+46
2.9700084260e+45
9.1528167934e+44
5.2398653947e+43
7.2955896119e+44
2.8118791918e+48
9.3320152372e+45
1.4213485136e+44
7.3137785653e+44
8.2835888454e+44
2.2143874853e+49
5.7150627679e+47
1.1404299627e+47
5.8599913614e+41
6.6923165283e+44
8.6394394210e+45
1.9811195969e+44
8.4123893109e+47
8.7446735091e+46
1.1281524429e+47
9.9530318213e+44
2.2530609903e+43
2.4913030726e+44
1.1425068236e+44
3.9611779009e+47
1.4542084451e+44
4.7639717995e+47
6.1986008251e+46
1.2233674703e+46
2.8369358248e+46
3.5096037778e+48
3.6185713987e+47
1.7127054089e+47
1.0300298049e+48
1.0361488623e+44
3.9523764521e+44
1.0445205745e+41
1.3380324055e+46
4.1821701470e+45
1.1273024469e+48
8.5760218242e+46
2.0020104608e+45
8.4154514512e+46
2.1187393514e+48
1.6630050249e+45
5.9626132663e+43
1.6471252614e+45
8.6388929291e+44
3.0364030547e+45
4.5067569761e+47
1.8102714918e+47
1.6259041595e+42
8.3117567281e+44
4.5429810931e+48
1.4773799670e+44
4.5010227944e+45
5.0306949569e+45
4.0260455265e+48
3.2439997661e+47
6.0341254036e+47
2.2150602066e+47
3.3963422460e+46
6.4973178248e+46
1.4764066524e+48
2.6882718234e+48
9.5474488750e+47
3.2078661894e+45
6.7318648087e+45
3.1913817527e+45
7.5474208186e+39
4.3136300273e+45
1.3694401962e+48
3.1890817825e+44
9.9672365324e+46
1.8235716161e+45
6.8751847354e+41
3.2269182163e+45
3.2772931921e+45
7.1469393641e+47
3.5353180654e+46
6.7233548999e+44
8.9681661472e+47
5.5795652610e+46
2.7817204625e+49
1.9674646350e+48
2.9826364060e+45
2.8468175115e+46
1.9443055338e+45
1.9636410930e+47
1.1064977684e+47
5.6374565485e+46
3.2822113283e+42
9.9701249005e+44
4.6751316460e+45
1.0146148016e+42
2.6845031794e+48
8.4683876395e+48
1.7388287402e+46
8.9635222361e+46
1.3328466532e+46
5.1115659597e+44
6.0742215633e+47
4.9468290069e+45
2.8306359137e+43
6.5080121631e+48
5.0757501070e+44
9.6569290645e+44
1.6644218240e+48
2.4775859399e+44
1.2967714517e+48
1.2832434218e+45
4.7138165831e+42
1.3693275458e+45
5.6873609261e+48
2.4005555365e+45
3.1377054451e+46
4.0676171416e+48
4.1225591172e+44
8.4794799108e+47
9.0109487879e+42
2.1760234087e+46
2.4651668403e+47
3.1845173551e+47
3.0226669989e+45
1.6384071028e+47
9.1251441709e+47
2.1221150161e+47
1.3646541132e+47
1.1283477634e+48
4.5003714692e+46
2.3508508892e+48
1.6263297397e+44
2.2037011662e+47
9.2111266678e+46
1.3409644659e+44
2.8104789150e+48
1.4807201496e+47
1.0818535878e+48
1.3366663460e+43
7.8202749860e+47
1.2303469866e+44
2.4365728691e+48
2.6374230944e+44
1.5666427253e+49
2.1939821906e+48
5.7328337244e+44
2.6514369927e+48
4.1307657621e+44
2.4189957479e+44
6.1861924757e+46
2.1812762208e+49
1.0953597379e+43
8.9376275461e+46
4.8325044980e+41
7.1447798455e+42
3.9185229415e+47
3.6476147807e+45
2.4471800470e+44
6.7590457784e+47
1.9741349699e+46
1.3073342144e+48
1.5444227364e+47
8.7428019589e+47
6.3718485397e+41
8.1586651695e+45
4.5666095757e+44
7.1886364635e+43
7.3102416169e+45
5.5900435611e+43
4.1816490294e+44
7.1216943128e+46
3.6354086858e+47
9.5856350611e+47
9.4817494462e+41
3.4343278328e+47
6.7321366109e+44
1.0806900581e+47
3.4199270353e+46
1.1389690484e+49
3.7431080077e+49
2.0666962749e+48
1.3351597606e+43
1.2827276905e+47
3.5372474173e+41
8.5299241044e+47
5.8471232380e+43
3.6746098190e+40
5.5988209121e+47
2.9727522414e+48
1.2395534237e+49
3.6531618339e+46
9.3870154274e+45
1.9948932415e+47
1.6542314470e+46
8.1435520690e+43
6.0515870176e+47
2.1449747815e+48
9.4371569548e+47
4.9785214889e+46
8.9335722093e+45
3.6042947709e+47
4.1270262881e+50
8.6123206992e+45
3.4569094701e+44
7.8987009125e+47
5.8577493991e+43
7.7192945903e+47
2.3891709756e+46
3.7436625724e+42
4.5301443231e+43
7.7402593870e+45
4.3233301401e+45
3.8438535679e+45
6.5988344028e+42
2.3422786740e+48
5.9656040708e+47
2.9897777634e+46
2.0200573512e+47
3.9932034350e+46
3.5096933223e+44
3.7246853112e+44
7.6871588638e+46
9.6566722470e+43
2.9796691891e+47
2.8839541225e+47
2.5009512652e+45
1.9679210543e+49
1.7292010286e+44
6.7450844619e+40
2.4871462881e+46
8.7157431807e+43
5.3386707883e+47
5.1655263087e+47
6.2160643173e+47
2.6559709163e+48
1.2852459786e+50
7.3185744522e+44
3.1259598309e+45
6.0420423642e+47
7.9739544965e+47
1.0943713537e+48
1.1425634505e+49
5.7439380293e+42
4.1237520361e+49
3.4930765597e+44
5.7767130118e+46
1.1916035721e+45
2.4400891848e+49
2.9098375153e+47
6.3717397052e+45
4.3213514948e+49
2.9988662515e+48
1.4979668740e+47
7.6004276556e+47
1.5709324065e+46
1.1192427310e+46
3.4883579816e+47
2.5306640430e+42
7.2602375856e+48
4.3193924270e+47
2.1161355152e+45
9.4896572325e+47
1.5413895809e+50
2.5559190124e+49
1.2212010600e+46
2.1223001272e+46
2.2378900398e+47
1.3079958017e+47
2.4618420462e+48
8.4101056513e+45
1.0577306646e+46
2.1815427613e+42
3.0993264712e+45
2.0511187736e+44
6.3057792479e+46
2.0875889574e+44
1.6751178696e+44
7.1197741962e+43
2.1556573931e+45
2.5049059530e+44
2.2718008946e+49
1.5480744176e+49
5.6959992162e+47
7.9055213523e+45
3.6302183069e+41
1.0415856230e+46
7.9360477559e+43
1.2840941234e+47
3.2269395441e+40
2.1027417400e+46
1.7026582786e+42
1.6966321194e+48
1.0740316034e+44
4.6735280559e+48
2.9001786857e+42
1.9180371731e+44
4.3894514745e+45
5.4524727573e+42
9.5939575767e+46
4.7562399491e+45
8.5221696442e+43
4.8430560676e+45
8.2249314873e+43
1.5691570923e+45
1.2747237304e+50
7.2145097578e+49
2.2972701640e+46
1.5830214432e+42
2.4808744262e+46
4.7647930023e+45
4.2941490290e+46
3.7662852003e+45
1.7420375309e+47
1.7355919006e+47
1.9336665871e+47
6.4142192475e+46
6.8198971814e+45
1.9394027503e+45
1.4830396054e+44
4.0029888036e+47
1.3825018673e+45
4.9638099877e+45
1.2662463912e+43
1.5263939856e+47
3.2875146081e+46
9.3290138247e+44
3.4162346691e+45
5.3992009142e+46
1.9482500022e+46
3.6739243647e+44
2.0246391236e+48
1.5600525687e+45
3.7225709971e+48
4.0783742783e+44
3.7450201653e+45
1.0713214245e+43
6.5668604145e+40
2.0864074702e+43
2.9354844619e+48
3.0104602493e+48
1.0886744055e+49
2.4213424339e+44
6.6951587758e+43
2.8234516037e+46
3.5041496317e+49
5.7544733798e+44
6.8265893698e+46
5.0044314268e+45
4.9575249293e+47
1.0754433000e+50
9.8717966722e+47
3.1940438381e+42
8.8119516164e+47
3.2752663865e+46
1.3499691077e+47
5.3516974999e+46
2.2164150755e+45
6.9474967037e+46
9.7836687710e+48
8.4060427505e+46
7.0997423785e+45
7.9128859128e+44
5.0998822630e+45
1.3176420611e+47
1.0676876234e+43
1.6092547153e+46
7.4118653099e+45
1.2060130581e+48
4.4262794268e+48
1.3535799383e+48
7.3199758452e+47
2.6367684088e+46
1.6675714314e+49
2.1547474545e+46
2.2928146911e+48
4.5954368463e+45
8.7868490548e+43
6.6990418060e+46
2.1709243690e+45
4.7699985538e+46
1.1515769010e+49
9.1739857193e+43
1.3780439997e+47
1.0257689082e+47
7.2032515973e+42
1.8655245025e+46
1.3703099052e+48
2.0734253352e+46
1.8856660275e+44
7.9206179984e+43
1.0193844982e+45
5.5757522895e+44
2.7155922329e+42
1.0346862732e+46
5.7015485945e+47
1.0052760613e+43
1.9164463377e+46
7.4489525220e+47
4.1965806656e+46
2.3745450240e+47
1.9392373288e+46
6.5006025611e+47
1.1216517853e+44
6.2814263592e+45
1.9847636933e+45
1.5466962257e+42
1.6801199699e+48
1.1330674668e+47
7.9931797788e+47
9.7267374427e+44
1.9012490191e+47
4.8310404018e+45
3.4985360010e+43
1.4933599025e+47
6.3701709060e+44
2.7865886322e+43
1.5827516622e+46
1.7040492196e+46
6.6791453099e+46
4.6340005893e+48
6.9497515156e+49
4.5989729051e+47
1.7876183100e+49
3.1374087812e+43
2.5975073704e+43
2.5158070821e+46
3.8810762937e+47
3.9699756926e+44
2.7370093787e+46
1.1190101605e+44
6.6324803356e+46
1.7199401752e+48
6.6200479766e+42
2.5565946346e+46
6.0634831269e+44
7.1335661162e+42
5.8315844536e+46
2.1400118428e+46
1.6874282574e+45
2.0149434444e+49
1.4027019193e+47
5.5255388453e+47
7.9699726920e+44
7.9376090193e+47
6.2240198523e+46
3.4227715500e+42
1.2605262551e+46
3.5757982594e+49
5.0014211357e+49
1.2848066030e+46
1.9562432307e+48
3.5883646890e+48
1.2894249865e+47
2.4847210954e+41
5.3831687504e+47
7.9782743199e+47
1.3958561793e+44
9.7616648037e+46
9.2943470909e+47
2.8745579895e+46
3.8247829766e+47
6.9647533248e+46
1.6233620155e+42
1.9754226509e+49
2.9656500879e+49
2.4087747349e+45
4.1859067895e+39
2.6092128900e+45
3.8466508827e+42
3.9118819570e+47
9.1481115506e+48
1.7119000668e+47
8.9354014768e+47
1.3587854833e+44
9.3406106834e+44
8.5396668580e+47
1.3647393823e+46
3.6854357125e+43
4.9797394360e+46
3.1155941705e+43
4.5269912180e+45
6.9125048872e+47
8.8960553229e+44
9.3079102059e+42
1.2104331341e+47
2.9392548440e+46
2.7116121365e+47
2.7740188484e+41
3.7639303350e+46
2.0401725853e+47
2.9583943668e+45
1.9236885811e+44
6.3167772170e+44
1.2505729755e+47
1.4259273769e+47
9.8528693954e+46
3.0174482013e+44
5.6566868328e+46
4.6709436036e+46
4.8571337746e+46
1.1026936925e+45
1.5495763139e+38
1.9028850589e+44
3.6212379449e+47
9.8528368433e+45
2.3763960850e+45
4.4250546735e+48
9.0976752495e+46
9.9383975060e+45
1.0295740243e+46
4.1351220815e+46
6.7000779551e+42
4.1479825592e+46
4.4979387189e+45
3.1094193435e+47
8.3438752850e+46
4.2026613760e+48
4.6788830423e+42
6.7842691175e+45
2.1753010118e+45
7.6504457688e+41
1.3475016330e+47
6.1224542656e+44
1.6722956118e+47
1.3032056244e+43
3.5146421193e+45
2.8460976477e+45
8.1416636901e+45
3.0760454621e+45
2.0558195252e+46
4.4197394815e+45
9.6290264421e+48
2.0349362378e+48
1.8727694516e+46
7.1597929535e+43
1.9316226297e+49
7.6122474744e+43
5.9936987026e+44
2.1319868952e+48
8.9991415537e+44
2.0090309949e+48
5.0794153169e+45
2.7451470960e+45
3.6273636055e+48
1.7778635596e+47
3.3963062933e+43
3.9659213672e+44
1.2203872198e+46
3.4598700132e+47
5.2941947575e+47
4.9395002895e+45
2.1601322644e+45
7.3919459633e+48
1.7496991257e+44
5.1167595901e+45
1.7403733651e+43
6.6932244135e+45
2.3566277410e+44
7.0669242709e+48
2.8801236317e+47
1.3786500513e+46
1.5737003486e+48
3.9208403263e+49
4.1303339684e+48
3.3245960401e+44
2.1005405407e+46
2.2939618232e+47
1.7226500244e+46
2.4757675343e+47
2.3490337925e+47
2.3337758675e+44
1.2729177713e+44
9.9797740121e+46
1.3662449443e+47
2.0576915825e+46
6.9008248087e+47
7.5524583198e+45
3.5764972645e+47
4.0610124774e+44
3.8513557870e+44
6.1162729708e+47
2.2136267423e+47
2.1638391191e+47
2.0733191111e+43
3.3090659211e+45
1.2377358084e+45
9.7521066959e+45
3.4536463538e+46
2.2667094810e+48
1.1151430591e+45
3.5021163598e+44
6.1378166250e+45
1.2308064243e+47
2.6381548198e+45
7.5482742505e+46
1.2420809006e+45
1.6884308266e+48
9.3736460203e+43
3.7314465958e+46
1.1798906209e+50
2.6152973068e+47
6.1433373864e+47
6.0860731642e+47
1.8042258032e+39
5.4393927461e+49
4.5257627637e+44
6.2820862398e+46
6.7828342528e+46
4.2046779351e+46
3.4128826342e+39
1.2437884882e+46
6.0732391983e+46
2.7988785900e+44
4.7525743297e+47
8.5220354900e+43
1.9300044052e+43
1.0862198031e+48
6.8097221901e+44
8.5774075436e+42
1.5643237728e+43
3.0414199045e+45
1.5511912306e+47
4.0211503047e+46
3.5068496157e+47
7.0174739900e+44
5.7556279761e+47
3.7939082633e+47
1.5416787466e+45
1.5887571598e+45
3.3520851174e+49
2.1582019372e+47
2.1233872833e+46
2.0316633750e+43
9.9293563221e+43
2.6731133786e+43
5.6226095293e+46
1.5350828455e+46
4.4395872866e+46
5.2313957854e+46
6.1957983720e+45
6.3742490628e+41
1.6007769621e+44
6.2093348863e+47
3.6025043729e+47
8.9643692999e+44
2.7147312535e+44
1.4971732884e+51
1.8570005839e+49
2.7560844028e+43
4.0037601840e+45
9.0888662185e+43
6.2863713698e+45
3.2881134031e+48
2.9863835674e+44
6.5038463868e+47
3.0793976324e+46
2.6337738331e+49
5.8917801262e+46
7.9186963420e+45
1.9968177807e+47
2.6354862461e+40
7.0518008358e+45
1.1967061478e+49
3.4937245334e+43
3.1432286817e+42
2.1857671384e+48
1.2109350001e+46
1.3476989001e+44
5.9776431354e+45
2.5273657701e+44
1.9555960260e+48
1.9689473473e+43
4.6658111407e+47
5.4545392104e+44
2.9239959657e+45
3.8031000375e+45
4.1478420651e+44
6.8567484802e+48
5.8843617744e+47
4.5045381210e+47
1.6785429930e+44
3.7065087041e+46
1.2728970575e+47
5.3164772490e+43
5.5025991139e+44
1.6162297710e+47
1.4048100870e+42
1.6043934717e+44
1.1223448004e+46
9.0103606273e+46
1.2850716287e+48
6.2504352976e+44
9.7500969073e+46
3.6975434582e+44
7.1022584106e+47
1.7280654230e+46
4.8783058766e+44
5.4457241839e+43
1.4478226084e+46
2.5532225635e+45
1.5521809027e+46
1.3310076057e+47
5.8459778782e+47
2.0327478121e+45
1.6863990204e+46
5.4564786467e+45
2.0365887407e+47
6.8356187579e+46
1.4701074830e+42
1.6282531741e+44
2.8427700406e+47
9.8597935952e+43
3.5182589240e+45
2.1068898820e+45
1.0928562543e+45
6.8981617975e+47
3.0048506793e+44
2.3533086490e+46
1.1963960250e+46
1.5329447119e+47
2.8660552917e+44
1.4033804231e+46
1.3485779516e+48
4.3082985360e+45
1.1278857823e+44
1.0858244827e+46
3.5177390052e+45
1.2832642212e+48
7.1676948165e+38
4.1063047754e+44
2.0148699046e+48
4.8083189695e+45
9.4902129635e+47
9.8115057235e+45
3.1647460457e+46
3.3330393262e+48
3.6391165843e+45
1.7033306733e+47
2.3605286800e+46
2.8006855813e+47
5.7638437577e+43
2.2142206238e+45
2.3789793519e+44
5.9230677651e+46
5.7019487960e+44
5.5939927290e+47
2.1692175941e+48
6.2315916781e+44
1.2461905103e+46
8.1423129587e+44
2.2707754720e+46
7.3968312358e+46
1.9241470599e+39
3.0723256362e+49
2.1445624084e+47
2.0961611082e+42
2.4931918095e+47
2.9906285163e+44
1.4779284339e+43
3.1733646124e+45
1.3782673048e+51
2.3045869159e+44
1.9887112603e+43
1.1176549078e+44
1.8040703788e+48
1.1758770650e+46
3.2697671473e+43
2.7744175127e+45
1.2541922321e+46
2.7170368372e+46
1.2745217366e+47
6.2405848442e+45
4.0509235427e+46
3.0709418696e+46
3.0778478340e+43
2.1586850164e+44
6.5171407118e+48
9.9985796735e+46
3.4033558872e+48
3.0955901540e+45
1.0075258825e+47
9.8822878387e+46
1.2279360776e+46
6.9096737778e+46
9.7543538103e+45
3.6175921397e+43
2.5039451794e+46
1.3953675419e+45
6.1098010054e+48
1.9212043176e+44
8.4591035364e+45
1.1458584965e+46
3.7039526975e+42
6.3630348182e+47
2.0989235661e+40
2.1944931789e+45
1.7782066856e+45
2.5528720271e+46
2.1573611403e+47
4.9155915555e+46
1.0620490857e+46
5.2324303850e+47
2.1645595173e+44
8.9732229000e+46
2.0840704388e+45
1.3348625119e+48
3.6080923693e+46
9.0680309303e+47
5.9442318515e+48
5.7967072678e+48
7.7649380307e+49
3.2144280781e+40
3.7189233035e+45
5.3007726080e+44
1.9197837425e+41
1.2353221824e+50
8.2599211708e+44
2.2555143237e+45
1.6030710264e+49
5.3818870942e+45
8.5212951857e+45
8.5746556263e+43
5.4555757609e+47
1.0659128845e+48
8.0640869158e+47
8.0357646799e+47
5.9368117592e+46
1.8397130973e+50
2.5468088762e+45
3.8578774581e+48
4.7639574606e+45
3.0560258176e+47
2.2878858299e+46
6.1303677089e+46
5.8543570800e+42
1.6352730251e+47
6.5812232350e+46
1.9650350875e+49
2.8896051060e+43
9.6270715979e+41
5.3788066650e+45
4.0764982797e+46
7.8111572642e+47
5.0027446418e+45
5.4738399790e+48
3.0767379090e+48
3.9371857341e+46
7.1449363983e+48
5.1092787310e+44
8.7931218500e+42
2.4048229285e+43
2.7664682639e+44
3.9804181257e+46
2.4330395361e+47
4.2715539089e+43
4.4659871470e+48
7.2079986963e+46
5.3827909912e+47
2.2024704235e+41
5.0208874547e+47
2.0400547707e+46
3.4661208402e+46
6.9854647247e+48
1.7560627953e+48
1.7467903341e+47
2.2785618282e+49
7.9261647953e+43
5.1997691966e+47
1.0311509879e+45
2.7502660854e+44
8.6226397349e+39
8.1324601465e+48
1.3864602320e+45
2.6667113558e+46
1.8538030003e+40
1.3649667495e+47
7.7967296710e+44
1.3430611137e+44
1.3582279627e+48
9.4676729557e+46
2.6861951351e+47
1.2862262265e+46
6.5880273654e+43
1.5890257589e+47
7.1636596475e+47
4.7876800688e+48
5.1840207326e+44
1.4698832151e+44
4.3513125044e+44
2.7468698007e+46
2.9122362231e+49
9.9749488988e+47
5.1221401500e+47
3.4706895288e+44
4.6342278961e+46
1.0177955968e+45
8.7104314310e+45
1.8813393537e+47
1.1378249458e+47
1.1452190472e+44
3.5583553789e+44
4.3490019346e+43
6.3862036246e+45
3.0481612791e+44
3.1331388441e+44
2.3910590767e+48
2.8145805111e+45
1.9697977626e+47
2.3718433817e+47
3.1651036986e+47
1.4431500574e+49
5.3361351566e+43
1.3182129433e+41
1.6733087365e+44
5.0208148051e+45
2.7240416995e+46
2.4195717089e+45
8.9174388647e+47
1.3865889981e+46
1.6994212100e+43
1.1359021449e+49
2.9310723043e+47
2.4022322248e+49
9.8121462287e+45
2.5637511792e+44
2.2259731269e+44
2.0423281267e+44
6.4387818616e+45
2.0313574965e+47
8.1642378983e+41
1.4727456486e+45
2.3839902121e+47
3.7744703314e+45
1.0163445089e+48
4.3388845503e+48
1.3924987482e+47
1.8133773752e+47
1.2165915901e+44
7.9658033773e+46
1.7979099224e+44
2.3547404241e+46
6.5692190459e+45
1.5370088698e+48
4.3128984087e+41
2.8041997066e+45
7.3257627327e+45
4.2371395561e+45
5.1850321943e+44
4.6527840066e+47
9.4117950962e+43
3.8123423742e+42
1.0014112583e+46
9.4419735671e+44
6.2448592354e+45
9.8486376697e+47
7.9521610260e+44
4.1023912582e+42
8.0454569151e+42
1.4693379433e+45
2.2939449195e+46
1.2212337639e+44
3.8042489353e+44
4.8317077831e+46
5.6990550179e+49
4.0836314900e+48
2.2937106343e+43
1.8005953141e+46
2.4015346226e+46
2.1785446612e+45
2.0518057370e+47
1.9637445635e+45
3.2375678710e+45
6.4315445962e+45
4.1011311888e+45
1.9343912878e+46
7.1975821697e+47
1.8221400938e+44
3.4281133154e+49
1.0933191399e+47
1.4317950079e+47
1.7717802993e+47
1.8165655659e+48
7.8591112520e+43
4.6278387927e+45
1.2280034124e+48
1.0229336491e+46
9.1159329202e+45
1.2535739804e+39
4.7514857433e+43
4.0826660664e+45
3.3978202166e+43
5.9195897076e+48
5.6999954112e+48
4.9660774686e+46
1.0048289603e+50
2.2068538278e+45
1.7501636487e+44
3.8323873327e+44
3.6138173368e+47
4.4056828012e+47
2.0971223189e+45
1.7419885478e+45
1.4452400134e+48
4.6650538399e+45
5.7915252984e+48
1.7516963810e+45
2.9029376011e+44
8.7539685761e+44
1.2824927148e+48
5.1353476392e+48
8.4240565578e+46
1.4795546323e+46
3.7168879903e+47
1.4566289640e+44
1.4521890394e+48
3.1269615710e+48
1.1907627703e+49
1.1326190174e+50
9.2343554110e+46
8.1323371749e+42
6.5435313285e+47
1.3180048356e+47
8.0705067536e+47
1.0012982603e+45
3.2777837881e+45
3.9745455476e+45
5.0361407861e+44
4.8998552542e+45
6.0447549120e+42
1.3665230681e+46
2.7606125466e+45
3.5374628154e+44
2.4986501763e+46
1.0500198706e+45
3.5054661369e+47
1.0566646036e+47
9.0793752552e+46
1.5530949287e+46
4.8852304254e+43
5.0043316433e+43
1.4237130559e+47
6.9372588368e+44
6.2486575060e+46
8.4666685862e+46
4.4954395582e+41
1.8725279719e+42
3.2102844247e+47
5.3671814248e+43
6.1721125544e+46
2.1891305196e+44
5.0151040477e+43
1.4893981692e+49
6.5208790237e+43
3.7292472038e+47
9.7883359126e+45
8.1157015016e+46
3.3610860080e+43
4.2372089178e+44
1.2672878230e+48
7.3961990184e+43
2.7525485311e+40
2.4348107817e+47
2.9188780861e+47
4.7454652708e+44
1.3343512070e+47
6.9169776850e+44
1.0992798912e+45
8.4982404239e+41
5.6067558436e+44
9.6561169839e+43
2.5494278769e+48
3.5966774102e+45
1.0143769516e+48
1.4008786983e+44
2.3642757018e+47
2.6832486969e+43
4.8869503992e+48
9.5899780771e+47
8.8058194771e+44
1.3843126080e+47
1.5079798263e+46
5.0319800072e+47
8.5724243418e+44
1.8669290921e+44
4.5989441285e+46
1.0059521437e+45
4.9942469846e+42
6.4806670373e+44
2.1748705871e+46
1.4730870308e+44
2.4182733433e+45
1.1880072393e+48
9.5418268958e+46
1.1093119439e+45
2.5209633414e+45
2.9091290858e+46
6.1258136839e+45
2.5168664333e+48
7.5642471380e+46
3.0043720347e+45
5.1601753620e+44
4.6419416771e+49
1.0351183114e+49
8.7158133662e+42
3.6114719272e+43
1.9468571949e+49
2.0823562629e+46
9.3262829582e+46
5.8331320731e+47
1.9200297010e+47
2.7338101047e+47
1.2128919161e+47
3.6275313263e+49
1.6830166436e+46
1.6094343681e+45
8.6519065278e+43
1.3930647471e+48
4.3075173751e+39
4.8409533564e+41
1.4465241113e+49
5.4627585486e+44
2.2361781494e+48
4.9208464130e+45
8.3507635961e+44
5.1707888448e+44
1.2858690111e+46
2.1486640052e+44
3.8713033869e+44
3.0281554194e+47
2.3397318575e+46
6.1832680375e+39
3.7539465746e+44
3.1023595011e+44
4.3148070375e+47
1.0860662014e+45
5.5124870369e+44
9.2215947943e+41
6.6018336582e+46
1.2617433331e+45
2.3699765054e+46
1.7577572588e+42
4.0284184257e+39
1.9209834703e+42
4.1768363945e+46
5.3395460406e+43
8.8378528657e+44
2.9412437726e+44
3.3897337658e+45
3.7088516158e+44
1.9792193223e+46
1.4168733610e+49
1.4414425011e+37
7.9104415658e+43
2.3176866316e+49
3.4464891416e+47
9.2412943756e+46
2.7493358783e+48
3.8351479715e+46
1.1821581132e+46
1.7054487996e+45
3.2602947386e+45
5.4986784277e+43
3.3072010680e+50
4.8469566180e+45
1.3493633225e+48
1.3518007189e+43
9.7116397280e+42
1.3594373069e+47
6.4216834194e+46
1.8311055180e+45
3.1630708981e+43
1.7707452902e+46
1.1644095572e+44
2.6261313237e+44
6.0334816964e+48
1.4453259553e+45
1.3551522046e+44
8.4898202952e+43
1.0031186089e+41
1.3644856071e+49
4.2688450064e+47
2.1352392651e+47
1.1456712120e+45
7.5693743195e+46
4.4749180866e+41
4.7697076004e+44
2.3900067901e+46
1.6674758733e+48
4.1232885444e+47
1.0096623428e+45
4.4964714941e+46
7.0131894062e+48
3.7754753011e+47
5.0571215261e+46
6.4037356586e+47
9.3076437889e+39
4.1501765318e+47
6.0825281468e+45
4.8057856232e+45
1.5088260402e+46
1.2129894849e+45
9.4784840686e+45
1.1413943497e+48
1.3853346437e+44
4.0609293685e+47
4.1514160532e+47
1.8363451892e+46
1.4578870111e+49
1.5179404363e+47
9.8304096732e+41
8.6522184562e+43
9.6132556859e+43
3.9958036730e+43
1.3942343947e+47
1.5991306693e+46
1.8392405283e+42
1.5922707784e+47
8.2372802966e+47
3.2545582991e+46
5.0106027608e+42
3.8832618553e+48
1.0265482032e+45
1.3032019683e+46
6.6208146963e+46
6.7811905723e+45
4.4410473233e+43
5.4828317314e+44
8.8018184053e+43
3.1022365816e+46
2.9543597955e+48
2.3519836738e+46
4.4932216313e+44
3.7291751769e+43
9.2317561927e+48
3.1595539632e+48
8.7476867093e+45
4.2803194149e+50
3.3318814067e+44
8.8072477447e+44
3.3309215467e+46
1.4020257949e+47
1.6736231469e+48
1.1980055074e+46
1.5050544537e+49
1.1392955202e+45
3.9181146924e+48
2.5303395322e+46
1.1879518734e+43
1.0482094156e+45
1.1380621760e+48
4.1043936560e+44
1.7695053347e+46
1.0352733509e+44
5.1702627474e+47
2.4178910964e+47
6.0135926949e+45
5.8440003894e+45
6.0994096276e+45
1.2174309191e+43
5.3068820088e+47
2.2199696156e+46
1.3110988388e+46
1.3567350949e+47
1.0154782333e+41
1.7952726945e+45
2.6434948997e+47
5.4773849051e+48
8.4362384918e+43
2.3907744762e+46
5.9242333496e+45
2.6450050671e+47
1.7024768763e+45
1.6046267291e+46
6.8019296253e+42
1.4824370076e+44
1.7850524882e+44
6.1995442232e+45
1.9838302172e+46
1.2511271664e+43
5.8423938926e+44
8.7668428879e+45
2.0717959723e+43
5.4629065396e+43
3.1153848229e+49
1.3799011212e+47
1.4553600507e+47
4.0560049613e+40
7.4010620780e+45
3.0248087395e+44
4.6044565275e+46
1.0036901790e+47
1.8313066521e+42
1.3618767445e+47
3.0460889783e+40
6.0473958680e+44
5.4724488663e+45
3.3093865935e+47
2.3289766393e+45
9.4536858439e+47
1.7485378821e+48
6.8243224449e+46
9.3806384830e+46
7.4702482113e+47
1.4233879489e+46
5.8407319196e+44
8.9743127821e+46
5.0615045868e+47
7.6825241029e+46
7.9765714549e+44
5.2616294123e+45
2.3834599047e+41
1.6305601501e+48
1.1449061501e+46
2.0497370806e+46
8.6940260048e+43
6.4903606075e+46
2.9375057541e+44
1.7810353264e+43
1.8488071084e+47
5.1520617681e+47
2.7492109002e+46
5.2306351997e+46
8.3298225442e+45
1.1266846808e+48
3.6803940084e+45
2.4891658745e+42
2.4161888859e+46
2.7485568175e+46
8.3096575623e+45
1.4564849961e+42
1.5597024358e+45
1.4119587138e+47
1.5142943351e+47
2.5183736022e+49
4.5385268155e+44
9.0591414397e+47
4.0599227995e+47
2.2643430957e+48
5.7261600462e+47
4.1248863963e+44
1.7762325684e+46
4.1047804048e+48
3.4712121248e+45
1.4893010312e+48
1.0089051468e+45
3.2011867894e+46
4.0542745410e+45
4.6636304313e+45
8.2228439294e+43
1.9523650133e+46
2.9264556646e+44
1.5471742587e+48
4.8377580919e+46
1.1511538773e+47
9.0815156378e+45
1.0997617259e+43
2.6225326205e+46
1.7239481466e+48
3.0299360164e+41
2.8433084972e+42
1.7724508663e+47
1.6810521820e+48
2.0131477710e+45
3.6998683506e+44
6.3723052009e+46
1.8399857073e+45
4.5545461982e+43
6.0749435626e+47
7.0544994092e+46
2.3676737074e+48
6.1319705606e+48
4.1266619852e+47
1.9835657369e+44
3.6298148479e+45
2.4050869018e+46
2.5246735166e+45
2.6774118459e+43
1.8157998360e+46
1.4016593552e+43
2.6946057682e+46
5.7081492449e+47
7.9319768289e+47
2.3920291425e+49
7.4272542294e+46
1.0097352484e+47
1.9285950208e+46
9.0917972728e+45
5.8839495967e+44
1.3594831468e+46
5.9260959982e+47
1.2075674184e+49
1.1809327430e+42
2.1121248091e+45
8.9835784165e+50
3.2959884565e+45
2.2933942288e+43
4.4094776197e+43
7.3417569939e+47
8.8678851471e+43
2.0936739685e+44
1.2541894678e+50
7.8399652620e+44
8.4525508208e+41
2.1135719554e+46
5.8602262452e+46
2.2744865597e+43
6.9132891404e+48
5.1353388398e+46
3.3172331413e+42
1.6068648146e+47
1.0750020591e+47
9.3565321612e+45
4.6161809992e+46
2.0842521132e+48
7.2985578292e+47
1.1584849911e+45
4.2459827800e+48
8.7026693477e+47
3.5050410220e+46
2.5860714103e+46
1.8093276964e+45
7.7432558632e+44
2.3058974983e+47
2.8855069122e+48
3.7853356784e+46
1.8912756378e+47
1.1155324499e+43
3.7069306243e+44
4.8259145414e+47
1.3880031016e+48
2.6511277018e+46
1.3224997740e+46
3.5530504812e+45
2.5789912267e+44
1.3318329402e+44
1.6910981299e+46
8.9191838545e+42
3.7953055347e+44
1.9298953349e+45
3.9143870802e+45
5.4497155847e+46
1.1850823824e+44
1.1397718428e+46
7.8951444650e+45
6.6393400705e+45
6.7312670844e+41
2.4051588243e+47
8.5858954638e+40
4.2169680784e+41
1.2232534017e+45
5.8488544968e+44
6.5666145851e+48
4.1674613262e+45
1.4971941107e+44
2.0862458658e+45
4.1068829795e+45
7.5702057442e+42
3.7568537520e+41
1.9287381077e+47
8.6954341883e+46
4.5358029980e+46
1.5677543238e+46
4.0459445810e+49
7.2147750517e+44
2.5753081928e+45
5.2412945384e+48
5.4326006671e+46
1.4791911488e+46
2.4399030995e+47
6.4537282124e+47
5.1173967469e+46
2.0850611760e+45
1.5739526742e+41
1.8111362254e+48
2.2599706865e+48
3.7738619295e+46
6.1508445712e+48
1.7761467774e+46
1.5374229215e+45
4.2677358848e+48
5.7586657232e+45
2.1112647545e+47
1.8737332086e+46
9.9724199645e+46
8.3444317624e+47
4.1179337487e+46
1.0153139435e+46
7.6064525926e+42
4.9915114265e+41
5.6164932905e+44
5.7777544540e+44
1.5815891282e+48
1.1078603828e+45
4.7287965278e+46
4.1361101194e+41
7.9252268605e+46
2.5029236441e+42
1.0458413569e+48
1.1554037224e+49
7.8014066137e+44
1.6318322988e+48
1.4470545213e+44
2.7673027702e+46
9.4059934962e+45
1.0973093849e+43
1.3780008633e+43
8.9072150442e+44
3.7474599602e+47
1.7513322764e+45
1.5044446973e+48
2.2938120530e+46
4.3803123603e+47
1.8160852263e+49
4.9144581226e+47
2.3901810186e+47
9.2202953995e+48
2.5684974530e+46
1.1354458001e+47
1.0944076148e+45
6.2682007838e+42
4.6166312891e+48
2.0482016872e+48
3.7597037154e+45
7.8067925411e+45
3.8276433719e+43
1.0684058381e+47
2.3351687055e+46
8.2229601537e+47
3.4384557647e+46
3.5433705186e+45
1.5921091956e+46
2.5973501728e+46
6.4183963932e+46
7.7265235654e+42
2.3451405673e+47
5.4899287222e+44
9.5187500928e+45
2.2713276877e+46
1.4480426126e+45
2.0937491883e+43
5.0559431812e+47
2.1407107365e+47
5.3235477418e+45
2.3855709368e+46
1.7987068812e+47
2.2292909318e+45
1.0984103150e+45
1.1869524303e+46
3.6921566150e+41
5.7647987948e+46
1.5373062206e+46
5.2633538071e+48
1.0222727343e+43
1.1637390005e+43
8.2391594672e+44
2.7220273135e+46
1.0822725277e+47
2.4023693353e+44
1.2353992068e+41
2.0701330414e+45
1.3615488314e+48
3.5773063786e+42
4.5142689628e+48
2.6332796643e+48
7.8338797871e+43
3.4163657738e+46
3.7151673618e+48
6.5595640993e+48
3.0926115371e+46
1.0516362903e+45
8.9091470870e+44
3.6519707596e+45
9.1363883809e+45
1.0996008975e+43
5.5472743012e+46
1.7860471439e+47
3.6670664658e+45
7.4596491843e+44
6.3514170833e+47
2.4632226261e+45
1.2076561091e+49
1.0676907490e+47
2.4792769689e+46
1.6387484802e+45
3.8975950633e+46
2.5096922857e+44
1.2357630780e+47
9.7846534583e+43
3.4592668136e+45
1.7809315068e+47
1.5311381028e+46
4.0009582740e+48
9.8495603586e+43
1.7184285574e+48
5.2824293021e+45
9.6955935617e+45
7.9735163129e+49
1.3915113798e+48
2.2415859800e+44
1.1282672632e+47
3.1465066933e+45
1.0589716613e+46
9.6560572700e+44
3.1732307652e+46
1.2273413190e+45
3.6209786923e+42
6.8839273049e+48
8.3769609551e+43
1.4917802195e+46
1.7811741761e+43
7.3452044854e+43
3.1870757509e+49
1.1704882903e+42
2.0425291330e+44
3.2894930657e+44
3.1378062193e+46
1.8394853686e+49
2.3525097391e+50
2.4096553741e+47
1.2786513017e+46
1.6007644770e+47
1.2170914091e+47
1.5179041619e+39
1.0168560346e+46
8.7094710602e+45
1.7714572208e+46
1.1361729205e+43
1.0856693257e+46
1.2175978618e+44
3.8777536527e+44
2.5615015542e+44
3.7274954111e+47
1.9170605768e+45
1.0501685718e+45
1.1531625214e+45
3.4491349682e+46
7.2308893750e+47
8.9346190831e+45
2.3771070075e+45
1.1186763520e+47
1.1844791459e+46
1.3428910008e+47
2.7693768256e+43
2.4142596068e+48
6.0720048342e+43
5.9826143287e+46
9.5596100840e+43
1.8101572901e+44
2.4290691377e+46
4.2770001617e+48
7.7088383283e+45
6.8683976880e+48
3.4183230759e+43
4.0977158353e+44
1.1256363216e+48
1.0412655233e+47
9.0300540583e+46
3.2829173018e+41
9.8392019421e+43
1.2318102211e+45
1.3466022749e+47
1.0900731395e+46
1.9054773839e+46
1.3179367949e+44
7.4828885755e+44
2.4968197625e+50
1.0004656723e+46
7.5128287796e+48
2.7388263945e+45
1.0448807129e+46
5.6542709349e+46
7.7081424056e+46
2.1169394739e+45
6.2813132242e+45
4.5923010098e+46
4.4368614247e+46
1.4467829485e+47
3.5330216544e+48
1.0139646480e+43
4.0934437681e+47
1.3897968826e+48
1.4296397581e+40
2.3361385406e+46
5.1916943899e+46
1.1988742125e+48
3.3026539888e+45
1.0188497115e+45
2.0190268261e+44
3.0961083570e+48
2.8238303033e+47
2.6549426951e+47
1.1011884030e+46
2.8152027349e+46
7.4853535868e+47
3.3593706782e+41
1.0206319497e+47
9.6760737814e+45
1.3935676071e+46
8.1657403749e+47
4.3310861193e+46
3.8973141440e+47
2.9762221518e+44
2.7239774069e+43
1.2964591194e+44
7.4319623682e+48
8.4872749178e+43
9.8932157822e+44
3.7506105106e+44
1.3166826264e+45
4.0055307537e+45
2.5603492100e+45
1.2830861143e+49
6.3281403837e+46
8.5882537085e+47
2.2382784042e+48
9.5941460453e+41
1.3872408358e+47
1.5265623609e+47
4.4333021229e+44
7.7472102052e+46
2.9579996156e+48
9.9874643804e+46
1.0476247234e+48
8.1534882693e+43
2.7989315512e+45
2.8243993313e+45
8.4333525829e+44
6.4523425922e+43
4.2631007397e+43
2.0223977664e+46
3.3934308231e+45
6.3666921082e+45
1.6921276577e+48
5.2439226759e+47
7.5656088068e+45
1.3559745692e+42
3.5072553598e+43
6.9969679860e+43
3.7325175488e+43
7.2028168773e+41
6.1795484201e+47
1.0537885656e+41
4.7844079729e+47
6.6472569060e+46
1.3572529920e+44
5.2360570385e+46
1.6675144508e+46
1.6798308279e+46
4.4154438240e+42
4.7658293494e+45
1.5844662895e+47
1.1483041224e+44
2.4579605242e+47
3.2261282163e+43
8.0543413906e+47
2.5687977352e+45
7.5372349977e+45
5.1640601254e+44
1.4069317000e+47
4.5133735216e+44
4.0655337123e+47
4.0075882291e+46
1.9583883510e+45
1.1780324876e+47
1.7355173856e+47
2.4378920072e+45
3.8607633257e+46
3.2083218763e+46
8.9988694283e+41
1.1584062637e+48
6.0758356285e+46
1.3057457796e+40
9.5438478227e+42
1.0429805178e+42
6.3892005064e+46
4.3328683578e+44
2.4574641228e+45
7.9824982700e+47
2.2675633910e+44
2.3626912990e+48
5.6646393770e+47
7.8265937428e+45
2.6472503511e+44
4.8356419373e+48
5.5844577879e+44
7.0925059246e+41
1.6900267881e+45
3.3860885603e+45
2.6121674878e+47
8.6492675940e+47
1.6248329325e+46
1.1910540149e+47
2.8399390234e+44
7.3264620610e+44
2.4050607856e+46
3.3717204138e+46
9.7266445637e+45
6.1124567702e+46
7.6543331095e+47
3.8989843427e+49
1.7684175758e+44
8.7460741318e+46
1.2475736984e+47
5.4575669017e+48
5.5184484214e+48
1.2727714348e+43
3.6840791423e+48
1.0525335866e+44
2.8970005092e+43
8.3390655572e+47
1.1457702775e+47
9.7501327336e+41
2.7076591558e+46
5.3979294581e+47
1.7601785511e+46
4.7617965408e+46
4.1105623071e+47
6.6235073289e+44
2.6101410711e+44
8.5536139144e+46
4.0053314491e+45
2.9461835884e+45
1.4122227802e+47
4.0154775334e+43
8.1381674702e+44
6.7520701676e+48
1.9634059235e+43
1.3635562666e+46
2.8488898617e+43
2.8457388233e+46
6.8356019179e+46
1.0305649351e+45
2.3435643824e+50
6.1862668463e+44
1.7750904308e+47
1.2356439003e+46
8.5295282330e+46
4.2018664475e+44
3.9023265117e+45
3.6798401406e+48
1.3716715860e+46
8.1882575112e+47
1.3475195852e+41
1.5439903126e+44
9.5903578098e+46
1.5725506574e+44
8.2725457017e+48
2.3623749619e+48
9.9846774603e+46
9.4170543976e+45
1.1464578294e+46
1.0807195206e+48
5.8707223236e+47
1.5986054201e+48
4.1082961943e+45
7.7380824552e+50
3.3890766067e+46
9.5543639801e+40
2.6711669787e+49
1.1454561686e+44
1.2094948268e+46
1.3574077145e+48
5.4618673693e+48
2.1705967188e+46
1.2178259378e+50
2.0033304216e+48
4.5735339498e+47
9.4450904135e+48
6.9923346523e+39
8.6998421106e+44
1.4948629947e+47
2.9040039499e+42
7.3663505482e+42
5.3143251887e+48
2.4285993583e+47
6.6444434247e+44
1.9954928408e+45
2.7223006372e+44
9.4834175121e+42
6.2289928828e+49
2.3906864856e+45
1.0104589377e+48
1.1907423088e+45
3.0921542867e+44
3.0965044002e+47
6.4648383288e+47
9.4048784938e+46
3.9257096813e+45
1.8793594608e+47
1.0688215412e+46
3.6153725386e+45
5.6907895867e+43
1.0755356681e+48
3.2874746557e+47
4.7238469749e+42
1.7777800585e+45
4.6207986125e+45
7.7360907215e+44
6.8916842636e+47
8.8118959107e+46
8.6264652025e+43
2.7826706767e+45
1.0693033739e+43
4.0263039223e+48
6.2419080136e+46
2.8852629468e+47
5.9576456928e+46
4.4357808219e+45
3.2859914161e+43
5.3650932610e+42
2.1617157127e+47
2.6254922925e+45
6.3654377914e+48
1.7985301030e+47
9.2651563703e+46
2.3062420088e+48
1.1763220729e+44
1.0118956611e+47
2.5071889178e+47
1.5024123324e+47
6.2596033088e+44
2.5263847245e+46
1.5073819907e+46
1.3810565200e+45
9.2441650278e+45
1.2375406193e+46
2.0092668081e+47
1.1399376289e+49
3.0816043840e+43
1.9997532863e+45
1.4005351782e+47
2.0451227359e+48
2.8571969153e+47
3.3767359546e+47
1.6196364837e+46
4.4386184313e+47
4.9404389591e+43
2.3453887987e+48
1.1369898562e+45
3.6371580260e+47
8.9761135382e+44
8.8585504290e+44
8.4742786035e+39
1.0671731919e+47
1.0851162344e+49
1.2740153945e+50
6.0751526435e+48
1.9437825499e+45
1.2076824774e+47
3.1498676320e+48
2.9141789149e+45
2.9348590391e+41
3.6001424035e+43
1.2996096292e+45
5.3439153937e+44
7.1160157643e+48
3.1959318727e+44
6.1927604592e+47
1.1594685550e+45
3.0551821715e+44
3.2231653718e+46
2.6361628348e+40
3.0882153457e+44
3.1769425421e+45
9.8357769198e+46
6.5324159101e+44
5.2247411246e+46
1.1421560157e+49
3.0821126274e+46
6.7915765309e+46
3.2881012438e+45
2.0112378278e+45
2.0716006239e+44
3.9890471894e+45
5.5540156015e+45
4.8021681503e+43
2.7392183527e+47
3.6152963548e+47
5.0894164009e+48
5.6581446345e+45
8.0828596187e+46
8.8993469236e+47
3.3449357171e+48
1.0678574083e+45
1.4546638835e+44
1.1959441815e+49
9.4987309977e+46
2.5000779974e+46
6.7171339281e+48
2.1094464020e+46
7.8323505625e+43
3.2839986187e+41
3.8810958967e+44
8.4776713627e+45
1.6172646505e+41
1.5433466358e+45
6.6180231646e+44
5.5376851611e+45
2.8583779069e+47
1.2401604576e+47
1.9188507532e+44
1.8888208089e+44
2.1109753415e+48
2.1628557276e+47
1.9176663846e+46
1.3688245055e+47
7.2472108331e+47
6.5933192126e+46
1.5074342435e+47
7.6512261707e+42
1.5040122926e+49
2.8745341041e+48
5.7572684883e+43
1.8848880544e+48
1.1060169517e+50
9.6672466042e+46
7.2553003244e+46
1.4509876159e+49
1.8944135877e+43
1.0847209908e+46
2.4842310179e+48
1.6271909156e+48
1.5777450434e+48
4.5914912320e+48
5.1109440536e+45
2.3084230696e+49
3.2415617187e+43
7.8780707123e+45
4.0837473400e+46
7.5495524964e+48
5.0025513154e+46
7.2297808376e+46
7.4962018879e+48
4.6228132153e+45
1.4015388049e+48
6.3612862443e+44
3.9618029725e+43
3.3188249299e+45
2.0090255525e+40
2.6844634962e+46
1.4178010565e+40
1.4547516072e+48
1.8564516127e+45
4.8070811595e+47
1.2351060327e+46
6.4831023413e+47
9.4876616261e+39
7.9243717684e+47
1.7432553728e+45
7.3307395488e+43
8.3164426833e+48
2.5468397274e+43
3.3696662362e+44
1.3827711792e+49
1.7458974391e+46
4.7017011914e+44
9.9988351108e+43
1.8257094407e+45
3.0720632981e+47
3.0826720266e+43
7.6867434197e+47
3.5486575715e+45
4.8913046838e+42
7.5143747597e+43
1.8201602952e+47
1.5315954350e+48
9.3950743219e+46
8.8413398496e+47
8.0726589132e+47
4.8862248258e+44
1.7362907285e+47
7.1708334684e+45
1.1999963529e+46
7.8312054112e+46
1.7526465467e+45
2.4370156596e+47
1.4146759080e+48
1.2000637532e+46
1.8100029722e+46
9.6301952345e+43
1.0799561843e+48
5.5531576353e+47
2.0626044536e+49
8.9078947838e+47
2.6637074270e+48
1.6532674263e+47
1.3042113386e+48
5.3436364491e+42
3.8305073073e+48
1.8338139119e+47
8.7729122731e+48
8.2210873880e+45
1.7823400812e+46
4.4390742201e+43
1.5327269217e+47
3.1781602820e+46
2.3451257488e+44
6.8166903163e+44
1.7529336985e+45
4.4277409744e+47
3.4798020561e+46
2.2776831897e+47
5.3797611026e+46
1.8841070207e+45
3.6836890129e+49
5.4039192267e+47
3.2744276780e+44
1.7082696771e+50
3.1086477136e+48
1.8776398255e+48
6.0402220379e+47
1.9874952899e+49
4.5504520561e+44
9.4085568596e+47
4.2094788509e+45
9.3983857230e+44
4.0044242035e+47
3.3486093931e+42
1.0351584265e+45
4.0792093104e+45
2.9754875090e+46
8.9401555267e+42
6.3111524270e+44
1.3646949298e+46
7.9888316275e+44
7.5748326955e+47
4.7481192681e+43
9.5245881173e+43
8.9989476899e+42
2.4934165369e+45
1.0032878910e+43
1.7343309013e+46
8.4732873148e+44
2.7735887699e+47
1.7589838672e+45
9.4575228632e+48
8.7167543005e+45
7.0894277309e+45
3.2475874731e+44
8.0483211870e+42
1.3456456373e+45
1.4557987481e+46
2.9941320661e+47
2.9278158426e+45
9.4914969636e+44
1.0099828132e+47
1.4206061542e+47
3.7264607694e+47
4.4304614557e+47
2.1352484865e+49
5.1790711617e+45
1.0150684300e+44
1.2660076995e+43
7.8118813837e+45
7.6968439610e+46
9.5835126499e+48
1.3232097868e+47
1.2150319664e+46
5.4479369078e+46
1.4623573877e+49
5.8695065841e+46
4.1925869469e+45
1.0186952452e+47
2.9257759677e+43
2.4747041478e+48
2.8787689735e+49
1.7755828493e+43
9.3665841690e+46
1.4895780783e+46
3.4671553300e+44
1.9768630913e+46
8.1266628877e+48
2.2178150111e+45
5.4218369581e+46
5.4803832495e+44
6.8527000551e+42
9.4223612706e+45
2.9586018147e+48
1.1668401159e+47
6.2350264107e+47
2.1859467014e+46
5.1523876835e+45
1.3331483505e+46
8.7315465424e+44
1.5267141062e+47
6.2324528497e+46
2.3169670218e+47
1.0728371428e+48
1.3304240425e+46
3.7749763760e+43
3.2316977821e+47
4.1665446254e+42
7.8990721183e+48
1.9403361339e+44
2.8716979978e+45
3.0984953528e+46
2.0331084629e+45
2.1241662902e+47
7.1332772425e+47
1.0893971523e+49
1.1851561297e+44
1.1029223941e+45
4.5471868041e+45
1.0295553372e+47
1.8251207811e+48
9.0213618195e+45
1.3991761873e+47
4.7748816099e+42
8.8895087596e+41
4.7631059005e+47
2.7176725346e+48
5.8855644752e+46
1.0196666929e+43
3.8263704124e+47
3.2604693561e+48
2.9328342648e+47
2.5369474655e+43
2.6654674650e+47
1.4363656935e+45
1.4869207518e+48
3.7906367927e+44
4.5215031867e+46
3.3310633725e+44
3.8023648385e+46
8.8978170533e+46
3.4336473157e+49
5.2819376486e+50
8.9066798365e+48
9.6877921186e+44
2.0964691036e+45
8.2927923297e+46
3.5250707346e+45
6.1993376909e+46
3.6223397626e+43
3.7143776175e+46
2.0036577071e+47
5.5734181212e+48
2.2714196546e+44
1.2889714558e+47
6.9032195965e+47
4.4910137784e+48
1.6282892772e+45
2.0604232240e+46
1.4973409118e+46
4.0062122364e+47
9.6362999159e+44
6.9306666368e+45
8.8697838826e+43
2.8939035666e+45
1.1933702377e+48
3.5814908222e+44
2.5858563480e+44
8.7237958052e+42
2.9797512664e+41
1.2789756385e+48
8.2427599590e+44
1.9194042924e+46
1.8469762938e+47
5.4349067036e+43
1.2059838310e+47
1.0817606392e+48
6.1171372276e+47
6.7871261196e+49
4.4397026900e+48
3.1522168203e+41
7.8025993234e+46
1.0428077923e+48
7.1464141255e+47
9.5563909574e+42
9.0037420529e+45
2.0878893745e+45
2.6793924652e+47
1.5172654407e+47
1.9819774998e+50
5.2863915537e+44
1.9898329769e+42
6.2374376022e+39
3.1214071599e+48
1.8408532992e+47
2.6218147003e+45
7.4791146217e+43
1.5305769355e+43
2.4592282426e+44
4.0462840875e+48
6.0899099177e+43
2.2189405679e+45
6.9425498187e+46
3.8749914881e+47
3.4188444602e+46
1.5133658980e+47
7.4827707660e+42
6.8178301141e+45
7.7466277091e+49
1.8225365451e+47
9.3656660620e+46
1.1538243516e+45
2.6714733362e+47
5.2839538686e+45
6.2115594278e+39
1.8289453057e+46
2.1965165493e+46
3.3214085837e+44
2.0278668199e+48
3.7934280073e+45
1.4796203046e+44
6.2946119995e+50
5.7979572117e+49
4.9423976057e+46
1.2123206156e+46
1.2711952111e+47
9.0263776592e+49
3.9403316445e+45
2.2029467607e+46
2.9543972400e+46
5.5979289389e+44
2.8558329100e+49
1.0684478853e+45
7.1731063663e+47
2.3510040709e+47
3.5044566912e+41
4.0473888565e+47
1.2095299033e+46
1.3936907973e+47
5.9293868821e+44
3.4707342457e+45
1.0163742205e+44
2.3542252161e+48
9.6795492024e+46
6.9097616526e+44
5.0186987913e+46
1.0245302531e+47
1.1705179876e+42
2.6605533561e+44
6.5816360199e+49
4.7368669178e+48
1.0777660513e+49
1.5556725451e+49
2.8199763565e+47
1.5476708182e+46
1.8394103978e+48
1.2291615365e+45
2.3825112351e+48
1.6474795747e+46
1.8358516206e+47
1.6285648534e+46
3.4744511592e+45
1.3509332463e+47
1.1032480635e+50
6.2853449970e+44
1.3903943030e+50
9.6519031827e+46
6.5423932978e+44
4.9121855900e+46
1.0040922901e+48
1.0778669887e+46
2.3113332366e+48
2.9060766799e+48
1.0647856425e+44
7.2453222729e+44
6.8968393642e+46
2.4650454228e+47
3.9771806930e+47
3.2796907609e+46
2.0085602375e+48
2.7579938074e+48
5.5565827062e+48
1.9495003740e+45
2.7183278528e+44
1.8598247993e+43
2.2310189768e+42
1.8657072625e+43
4.5154590624e+47
3.9465759156e+47
1.4232451029e+47
2.1412837315e+45
1.1080116484e+45
5.5709344547e+47
3.0521016605e+45
9.3615942867e+47
3.5988437390e+45
2.3734658032e+46
3.1723018865e+43
2.2961008543e+42
1.7252549405e+46
5.2220997694e+48
6.0672501171e+43
2.1429931119e+49
7.5354440506e+47
4.8293302126e+45
4.7710512089e+46
2.9551311026e+41
3.5886650829e+47
5.7649717829e+45
1.8761088152e+46
1.2336464903e+48
7.0630294246e+46
1.8620689523e+46
2.2002135823e+45
1.3435862370e+47
7.9233775403e+45
1.6293314573e+46
6.7036661704e+46
3.8006158665e+47
4.6108057886e+47
3.1421883020e+46
2.9499105647e+42
1.3106092220e+50
1.5355155792e+47
2.1002326257e+46
8.4790793306e+47
3.6063702351e+45
1.7999303688e+45
1.3884898782e+47
1.1599578716e+47
9.3609279665e+48
3.8267971248e+45
2.2784744056e+48
2.4122003060e+45
3.8435707686e+44
2.3335986367e+44
7.1371952456e+47
2.2254409901e+46
1.2495971133e+47
2.5957448820e+47
2.8409119579e+44
2.3680045306e+48
2.2256007268e+47
2.4078042417e+47
3.5862145550e+48
2.0571224930e+45
7.0979357963e+46
7.9241333020e+44
4.9827846617e+45
7.5234625468e+46
1.3763308671e+48
6.3111704116e+44
2.2159627548e+47
2.3702820753e+43
1.5400307381e+42
1.9843667434e+48
5.4962271299e+46
6.9664648288e+49
1.5216834560e+46
3.5371823870e+50
4.8412761289e+46
4.2303902451e+42
1.1737005674e+44
1.2449347060e+48
1.6090855077e+46
9.5131115650e+44
3.7439537705e+44
2.5755456731e+48
4.6192376737e+45
1.0643640747e+44
1.2353165066e+47
5.3334285123e+47
8.7609266278e+46
2.2657147340e+43
7.2898396775e+49
9.4027138116e+45
9.8547544269e+45
1.7780799120e+48
1.1276849420e+44
3.8187573241e+45
6.9752615048e+47
3.6645398599e+44
4.7443839440e+47
1.4593316542e+45
3.8707583745e+44
2.3455930865e+44
2.7992834356e+45
4.8882804040e+44
3.7586558851e+47
9.4188754936e+43
3.3818967194e+49
2.9897710257e+48
1.8236531965e+48
1.8820150817e+45
2.6404273554e+46
4.7922931764e+39
1.3508315848e+46
4.2731978302e+46
4.4545139957e+49
2.8601503498e+40
1.6393619285e+47
5.0626961861e+45
6.8379494493e+46
2.8901279518e+47
1.1854558942e+44
7.4491646185e+45
5.1599270458e+43
8.0743160107e+45
2.1517568497e+46
5.7175931720e+46
3.7802587514e+43
2.6675383378e+45
8.6105986588e+46
3.0379541836e+46
1.5519808741e+43
2.9449267668e+46
4.4023911812e+46
8.8914560561e+45
3.6399325999e+46
2.1966685987e+44
3.0139717331e+45
8.5958018691e+43
4.8678734735e+44
1.5080444042e+46
2.0900886504e+46
2.5035159494e+43
2.4186508803e+45
4.7699891170e+47
1.0852990149e+43
3.1620130753e+45
1.1792506424e+48
1.9036657713e+47
1.8450681600e+45
6.9833180701e+46
5.2249895736e+46
3.4618933097e+44
8.0838627558e+44
5.2534427013e+46
1.8778755775e+45
3.4196284852e+47
1.9374729077e+44
4.3495069595e+47
5.9210619144e+44
8.1255953032e+48
3.7081163642e+43
5.3440529353e+47
1.6849877064e+46
1.5962154207e+45
4.3517312048e+47
7.8430421837e+46
1.6114027507e+47
3.0442563297e+45
6.9509339350e+46
3.7642645657e+44
1.1037015095e+47
3.9371318560e+43
3.6423933463e+43
3.0070120525e+46
2.3272682837e+46
2.1483164073e+44
1.9184956601e+45
1.9731151029e+47
9.6470968599e+45
4.3863175352e+44
9.5872029485e+45
5.8162962579e+42
1.1452851016e+44
2.4849074734e+46
5.9642432131e+46
2.8977460913e+46
4.9223545861e+42
3.1506453780e+45
1.6580511038e+45
1.2733609810e+46
9.0909793564e+44
1.1977356245e+47
6.2877701676e+45
8.6003722445e+40
4.3715833006e+44
3.6002956667e+46
3.6983442090e+43
4.9556428888e+45
6.7385818269e+41
2.5493889749e+48
2.1714023127e+44
5.6322797253e+43
8.5302773089e+45
3.3661175338e+44
4.5772395674e+40
5.5857613855e+44
1.2581264867e+47
1.7165277930e+44
2.9279699509e+45
2.9051956846e+45
8.3044205128e+45
5.1000271687e+48
1.8082733171e+43
1.5463254567e+46
1.2179871052e+48
1.1693326419e+45
2.5513927701e+45
1.4556052680e+47
2.5535730043e+48
7.1309300097e+46
1.6083313707e+46
1.0146852303e+47
1.0129575387e+44
1.3603833443e+45
2.6851582646e+47
1.3660807537e+44
1.4761369380e+45
9.3427764398e+46
1.8845317595e+45
2.6993223146e+50
1.3355181132e+46
1.0750177545e+43
1.6849851936e+44
5.8988393003e+43
1.2160897900e+43
2.3895071332e+48
1.2431769500e+46
4.9865656375e+42
2.1273850470e+49
1.6339157274e+47
1.0770249465e+46
5.6713990334e+40
1.9213596637e+42
3.1496942574e+43
7.1346565558e+46
1.4360994013e+44
3.9007245559e+46
9.0759717401e+47
4.0708847331e+46
7.0185538283e+46
2.5246663050e+45
1.9311756743e+46
4.9377455430e+45
2.4999494937e+41
1.3582778917e+45
9.0640474267e+45
1.2283552915e+46
1.3601987388e+47
9.1053638125e+48
3.9560373722e+48
5.3328195718e+44
3.3639308628e+46
9.8555400541e+40
6.1573246947e+46
3.7435241002e+46
1.8954768354e+45
4.4155098533e+47
4.1997567822e+48
3.8440705115e+46
2.1216773716e+47
7.7213214744e+48
2.7985863056e+44
9.1743447587e+43
4.4179661704e+46
2.5949421254e+46
1.7365926687e+46
6.5602438294e+45
4.3473737690e+46
4.8228684478e+42
1.4565114816e+49
1.0082440377e+44
1.6840286963e+46
1.4883647211e+48
5.7826190503e+45
6.2018079015e+47
1.1208560470e+49
1.8438482737e+49
1.7352576301e+44
1.4581804578e+50
2.6422297505e+47
6.3457526592e+44
7.4639282291e+45
1.8084192352e+46
1.1951471056e+44
3.1111615413e+45
8.9134724748e+47
5.1395022293e+44
2.9845871005e+45
4.0315732656e+45
5.7861144110e+45
7.0510492242e+46
9.6509019175e+47
1.1162437327e+47
1.9293425652e+46
1.3237612390e+47
7.4787517906e+40
5.3116697980e+47
1.0604566487e+45
1.8543051772e+49
1.5994256346e+45
1.5511036131e+45
2.2070125394e+46
9.1863503431e+46
6.3608327315e+48
1.7738886564e+44
2.5103197895e+45
2.8719180451e+46
2.0926075915e+48
5.4603860872e+48
1.1590847608e+47
1.5675337768e+46
4.3027901226e+45
8.2471435915e+45
6.7909075463e+46
2.2725817748e+48
5.7298122239e+46
9.7717471034e+44
7.0310981674e+45
2.8252063772e+48
5.6656955784e+47
1.2776186712e+49
3.1080109317e+47
1.8879235918e+46
3.0759917542e+45
2.7075425160e+47
1.1974335484e+50
5.7831157642e+46
3.2981011581e+46
5.6157435515e+43
2.4193121782e+46
9.8105877277e+44
3.8561697209e+43
4.4610773651e+40
4.0239682164e+45
1.7887611493e+45
1.1876650469e+46
9.2102659440e+42
2.2182820001e+48
7.1734438152e+46
1.1529883158e+45
5.6950493149e+45
2.9656646629e+47
5.7733578917e+45
1.3491514218e+45
4.4849040810e+48
1.4954569978e+44
7.0409037134e+46
3.9952742165e+47
8.7342955145e+46
6.0485577231e+40
5.6217410427e+46
3.5654274240e+46
3.6053928198e+47
4.1712822529e+45
6.4064899877e+45
1.6396629313e+47
3.8198764053e+43
4.4882487739e+44
1.9548832240e+40
4.5706596459e+44
6.8696365208e+46
1.4996295587e+47
7.0745784455e+46
2.5770851857e+47
1.2298800113e+45
9.1203460589e+44
4.2301310401e+48
4.4286469679e+43
3.9109535475e+47
1.6108647178e+43
9.3695555159e+45
5.1625440383e+46
1.4117300235e+49
3.6626440810e+47
4.5285178288e+47
3.7980919172e+45
1.3244301250e+45
1.8618238353e+46
1.0974799436e+45
3.4468349029e+43
1.0361701220e+47
6.4381810246e+39
1.1187608514e+47
1.5277616797e+47
4.8328826144e+49
7.9012459018e+46
9.4359470652e+40
4.2371804696e+42
1.7753764757e+47
1.3469727967e+44
2.8609553257e+43
9.6622040850e+48
4.1493889002e+44
3.6054928958e+50
5.2179385755e+47
9.7036659279e+46
8.9310941639e+47
1.1696994146e+49
6.5872336238e+45
7.2684687261e+45
8.9281028700e+45
2.0193392628e+46
3.1101213116e+46
7.0065305693e+41
3.3870094416e+45
1.2923320754e+45
5.2212732001e+43
1.5209683812e+48
8.9200593843e+48
2.3969582176e+43
5.5855973429e+45
1.7447819461e+47
9.4811562068e+40
2.6904397593e+48
1.7142768922e+47
6.3654022221e+40
1.3416862653e+41
2.1951856267e+44
5.0358744077e+43
9.3813238923e+47
5.9899296071e+44
6.6608353100e+43
5.0414808280e+43
1.1880114012e+45
2.7457781617e+46
3.0299004039e+45
3.4235181087e+47
2.2202686516e+47
4.7114187194e+47
2.2886991392e+48
1.4929310087e+46
8.8742300439e+45
9.2307255111e+46
1.5793443395e+40
3.9716571857e+45
7.3171318215e+45
3.4319347495e+46
7.4657287778e+48
1.2197188665e+46
6.0128577199e+48
9.0261361665e+46
7.8559532352e+47
1.7157674209e+42
4.6208269288e+47
9.0499957018e+47
1.0736432787e+45
3.7454924363e+47
5.7053715950e+47
3.6129349138e+46
9.9402345675e+43
6.1323098455e+42
1.1694041506e+47
7.2797407924e+50
6.9517991355e+44
8.8563895451e+43
6.7875369905e+45
3.9849529679e+48
1.7626520630e+42
1.5673954302e+41
9.6985713970e+49
8.1753990950e+43
1.1500178244e+47
5.5323343178e+46
1.0556738605e+43
4.3934401036e+44
1.6800918311e+46
5.7017291796e+46
9.6297870461e+48
1.4366570016e+44
9.0852829187e+44
3.3347476980e+47
6.7198066018e+48
4.4060996550e+48
1.2043862145e+45
1.8651557315e+44
3.9478120992e+47
2.8796760587e+46
6.8999814504e+44
2.4338897798e+45
9.5490203168e+45
5.5851541327e+44
1.1944478746e+47
1.5280716610e+44
1.1944731973e+48
1.3446796133e+44
3.2936826092e+45
1.2467671338e+47
2.1211839631e+49
1.5033104846e+44
4.0218955099e+47
3.7662606659e+43
7.2620393216e+44
1.5827328423e+41
1.0432912689e+45
3.0075341391e+46
7.2088943577e+40
1.1960186228e+48
4.9487462766e+40
1.9052290426e+46
2.8664707633e+43
1.2144550204e+44
9.8638286583e+46
2.7490618267e+45
4.2101497018e+45
6.4089435997e+45
4.7861155166e+45
3.0490554920e+45
5.6030238154e+46
1.5463321669e+48
6.0606771049e+46
1.7041404925e+46
4.0040950365e+48
4.0858422942e+38
8.5759274085e+44
8.5053470663e+44
1.0739595448e+48
1.6680039580e+50
5.4898545931e+44
7.2424252066e+48
4.5407043480e+46
3.2161184451e+45
6.0132849663e+43
4.7348357680e+44
1.0850872411e+45
7.0008806088e+43
9.6963699568e+46
1.1867189994e+47
1.7499987687e+48
2.3596451274e+43
3.7630629007e+45
1.6784085940e+48
1.6874871936e+49
2.6059933717e+46
3.6092687822e+48
2.5746813238e+45
3.2412931657e+47
4.4210547196e+40
3.7810755330e+46
1.8858340002e+48
1.4067746870e+43
1.0307529613e+40
1.3144315755e+45
3.5312584770e+46
1.2985007226e+48
4.6738939031e+43
8.9379214142e+43
8.7619683936e+47
1.5073550997e+47
3.0458565867e+47
1.6220095956e+46
1.0831269255e+46
3.4319617906e+46
2.7275997584e+47
2.9763128120e+45
3.0025809652e+45
8.2846574277e+42
7.2494090232e+47
5.3040402788e+47
4.3329523310e+47
7.2999579711e+49
5.3363218584e+45
1.8523804283e+43
1.6683586583e+44
7.9135244180e+45
5.9194884613e+48
6.8768188535e+45
3.7096238901e+40
2.1011423962e+47
2.4202797084e+45
5.6549526351e+43
9.4229118252e+42
6.6389651054e+47
1.1761470774e+47
4.8568810223e+43
1.5413372377e+46
3.7324600952e+43
3.6095038672e+43
4.2554977417e+40
1.8694795861e+48
3.8404037136e+43
6.6527121128e+44
7.4360391060e+43
9.7624587193e+46
6.8422256471e+45
9.1893097746e+46
9.3189066043e+46
3.5423462900e+46
3.4383865062e+43
7.7064424979e+45
1.4179196576e+44
6.2661358037e+44
4.5334963966e+44
3.4518413685e+45
1.8503427156e+43
9.2540089177e+40
9.0119728768e+49
2.5020845215e+47
1.0758922851e+45
4.9107650915e+45
1.3649951941e+44
3.0605659384e+43
2.8138163796e+47
2.9763984187e+46
1.7944752177e+47
8.4351231940e+47
1.0174462113e+47
1.5580249588e+44
1.9040759899e+48
5.7936706132e+45
1.9964180843e+46
1.5536994303e+42
2.2506187565e+46
1.3457452434e+48
7.9582469290e+48
4.4308617454e+46
3.7378066615e+47
7.6865429666e+46
1.7963320879e+47
3.2822954949e+46
4.5676766355e+47
1.2542350123e+45
1.4482487473e+45
5.3234113000e+46
2.0707362920e+46
4.0834474747e+47
2.7077836731e+48
1.2772400708e+46
7.3741914295e+46
3.0432343614e+46
7.0793230446e+47
6.2860245017e+46
2.4328400504e+46
2.8457685838e+44
4.0322731902e+43
3.8987208680e+48
1.2800348857e+45
4.3636935183e+44
4.1898038460e+45
1.8425520119e+45
3.9783669809e+48
2.0331245105e+47
5.4453300173e+43
8.9472038693e+47
5.1392606962e+45
1.1563673707e+44
1.8335988221e+45
2.8377255738e+47
9.7294897557e+40
3.1659343776e+42
3.0115599754e+45
1.8185308848e+45
1.1172442410e+46
3.3455989457e+47
3.1901205845e+49
1.4058152528e+43
4.8305008365e+47
3.3932516905e+46
2.2839695144e+48
1.3447697890e+48
1.4867876248e+45
2.8635940563e+44
3.2590190028e+41
3.1355394994e+47
1.2941623166e+44
1.6201809261e+47
3.7501192317e+47
1.2399282976e+48
1.3963510023e+45
1.3651335099e+47
2.0854647070e+46
3.1593517062e+46
3.1395035158e+46
1.6293789709e+47
1.6846238411e+47
3.5172826624e+44
1.5605599129e+47
2.8067296431e+38
4.7789940701e+47
3.7763938639e+44
1.1745006558e+45
1.5015223810e+45
1.2871227939e+47
9.5585728991e+47
6.2976169439e+42
3.8153946282e+48
1.1131900308e+50
2.3593093658e+46
2.6327332870e+48
1.9223153825e+42
9.2529451317e+46
9.6466581758e+48
7.6168168120e+46
5.7411288287e+45
3.7405109650e+49
1.9170296698e+47
1.3449455681e+46
2.8447942327e+42
9.4778443180e+44
7.5365845609e+47
1.2810617667e+43
7.4773066643e+43
1.8769393322e+44
4.5543702364e+39
4.8723678323e+46
9.0256811881e+47
1.7335739871e+43
2.7144168257e+43
7.7868352401e+45
3.6743917712e+44
8.7776571122e+45
7.7468189615e+48
1.7117617665e+48
6.4327617784e+45
6.4380926146e+47
3.1566610319e+43
1.7239104311e+47
2.2030173380e+44
9.5728793879e+47
2.5802183103e+48
3.2848714195e+43
1.6396409488e+45
2.1892953669e+42
1.6666627123e+47
1.1437689467e+47
8.9509712972e+41
2.8631254562e+43
2.1022846894e+47
3.1086358099e+45
1.0681664902e+45
8.4509865819e+48
3.2393113630e+41
2.2162408748e+50
3.1250398434e+47
9.1814795879e+44
4.9264806892e+44
9.1975629398e+47
1.2577757547e+42
1.9821560233e+44
6.0631907820e+45
2.0835787328e+44
7.0947926650e+47
2.3780930943e+47
3.4759555918e+47
1.8684899810e+44
5.4937127111e+44
1.1127198026e+45
1.4883276676e+47
4.9629035323e+45
3.9286890041e+47
4.0308258962e+46
1.4378111431e+46
7.6527494158e+42
1.6521721431e+47
5.1885078410e+47
1.9514050908e+48
6.4077442434e+43
4.5950115780e+40
7.9668422165e+46
8.3344941183e+42
2.3999212399e+42
9.0727187813e+47
1.3590373743e+48
1.5531067151e+45
1.0538380884e+46
1.5572428260e+45
2.9745831884e+47
7.9147609367e+45
2.9796364792e+47
2.9694412728e+44
3.0131811687e+42
5.4284282969e+46
8.7495770723e+45
1.5766422251e+46
4.7252630507e+44
1.4661305379e+46
2.0901547640e+45
1.4311169796e+43
1.2246879742e+47
3.5582113060e+43
2.9719463173e+46
2.5696435523e+46
3.9735672230e+44
2.6064066116e+44
5.5369603847e+48
3.1295300040e+48
2.0602277849e+43
3.4138370634e+48
2.0228219705e+45
4.3414906520e+49
4.0641197307e+42
4.8096971812e+44
1.3375627514e+46
3.7561230462e+49
4.6621720361e+41
7.1010205361e+46
1.5679074379e+45
1.9554330828e+48
1.3692362933e+44
1.2421463398e+46
1.2439858046e+45
1.4705900533e+43
6.9128689823e+48
4.2245431910e+49
1.2216442194e+47
2.4343779547e+46
1.0441052984e+46
2.0639154500e+45
5.1896636582e+44
5.3232807013e+43
2.2992830252e+44
8.2920145017e+48
5.1015172872e+46
1.3895941103e+47
1.6101674615e+46
2.3821590758e+45
4.5063602182e+46
2.7062224399e+45
6.5678246347e+45
5.8894385533e+44
6.2081547245e+43
2.8476135644e+41
1.2369960958e+46
1.1718593295e+46
5.8765213021e+45
4.9501317325e+46
6.1439484701e+45
2.0559560613e+45
3.2843524194e+46
1.2354962531e+48
4.1752758365e+45
7.0457939247e+46
7.7283656742e+45
5.9142498304e+46
2.8830151693e+43
6.5509601433e+44
9.6940830944e+45
1.6578562616e+46
2.1439664274e+43
1.7880281125e+48
5.8551652753e+48
5.9789399391e+46
1.4945190766e+45
1.4641996069e+46
1.6871128055e+48
1.6438345225e+47
2.8191207814e+43
2.1697747148e+42
1.3036340989e+47
2.4413083297e+46
5.1581135468e+43
6.0544709386e+47
4.9708835516e+47
9.2128835071e+42
1.9259893738e+45
3.0536145700e+45
1.8263539129e+44
2.2157722925e+46
9.4235346639e+47
4.7013689837e+48
1.3693133764e+43
5.0803620773e+45
2.1221995812e+45
2.1359761120e+48
2.5122394489e+44
5.3266692044e+46
1.5609492150e+48
2.0769636742e+45
3.6880170584e+40
1.3897426368e+46
2.7058923833e+47
6.2012737183e+47
3.7027799602e+43
1.0958344596e+48
2.5647599650e+46
2.2128766148e+43
6.7923631869e+41
2.5657890748e+45
1.3944649929e+43
3.3797051118e+43
2.9518760323e+47
2.3662835525e+44
2.2786567517e+47
9.9243965662e+44
7.6208124748e+45
6.6096955977e+43
8.5254941980e+48
8.6543675844e+43
3.0811351027e+45
8.0717053372e+43
5.3453720250e+42
6.7213839431e+39
2.0853707940e+46
2.4947620012e+50
6.7822935413e+44
2.6035938657e+45
7.6162160649e+46
6.2053411821e+42
1.9628881590e+49
6.7427453247e+46
1.2648498668e+44
6.2989847701e+42
8.2814678568e+44
1.5760125222e+44
6.9045055688e+41
3.5579340619e+41
4.5144964008e+45
3.1257502203e+48
9.7915426894e+44
1.7550854389e+45
5.8537175095e+45
2.7739909992e+47
5.9271585494e+44
2.1092340056e+48
2.0522797602e+49
7.4512475548e+46
5.5827673813e+50
2.0594306151e+49
1.0341648376e+45
4.2010078519e+49
1.8338323064e+47
7.1859568339e+43
1.7036631788e+44
3.1418286183e+47
3.2979195778e+46
1.5702565456e+47
2.4885962471e+46
1.5900501167e+44
5.3130311422e+41
1.7370494382e+47
8.0248496250e+48
1.0413215094e+48
7.5831455598e+48
1.6433915591e+46
4.7976852109e+45
6.9329516225e+49
1.3373843651e+48
5.9528318963e+49
3.0455992265e+45
8.7511058132e+46
5.0202030978e+43
1.4404037763e+48
7.9340244970e+46
4.5457818191e+46
4.0994124840e+47
1.5163897985e+48
6.5224253499e+46
4.3177655315e+46
1.3741396425e+49
9.0580964892e+50
2.2456756649e+44
1.6856375963e+46
4.9105643945e+45
1.7999458906e+47
2.6639744931e+48
8.4113233855e+47
7.1238125496e+44
3.0134153734e+45
2.2301509744e+46
6.8900206648e+45
2.3035813839e+46
9.7026159403e+45
2.0627373773e+46
1.3667881412e+43
1.7311179749e+44
9.9470631306e+42
4.3986524577e+48
7.6639510392e+45
5.7664909341e+43
3.9370334718e+44
1.0004001665e+46
6.7501435240e+42
8.2746020459e+46
1.3195423766e+46
2.5318858598e+48
4.1084975784e+43
8.4880380462e+43
1.3337087838e+41
3.8303914174e+44
5.4686141024e+45
3.5204300541e+43
3.3396147026e+49
1.3607383293e+45
1.9086122234e+46
4.2344480171e+48
1.2584748118e+47
3.6349744807e+48
3.4009302963e+48
1.1582505420e+48
1.1473545108e+45
2.2242305511e+46
7.1263833689e+48
4.1338554313e+44
8.7287608102e+43
3.8107492124e+49
1.9308313186e+44
2.2189532876e+45
3.3868058361e+48
1.4982700796e+46
1.9669529865e+46
3.1292489697e+45
1.6724437443e+48
1.4290834734e+44
8.0311458387e+47
2.8796841709e+45
1.4957983713e+45
4.3105976832e+43
8.3017493773e+45
1.3939396660e+46
2.1788464568e+44
1.4104832145e+48
2.7299392850e+47
3.0964387980e+43
6.8230498909e+45
6.6931561764e+44
3.9717517144e+43
3.8442336473e+44
2.1425973775e+47
5.3087047747e+48
1.8706477598e+48
3.0801130975e+41
1.3381379836e+45
2.2505415020e+46
3.7877590437e+43
7.8067700183e+44
2.2633681462e+45
1.8334794989e+48
2.5781061842e+45
1.7202331597e+44
7.0103428226e+45
1.0847286352e+48
3.0869176931e+44
3.3952719346e+48
6.0507630450e+45
1.2983012020e+45
1.1107377821e+47
1.6164584815e+43
1.5685464875e+46
5.2255224542e+44
8.7981056202e+49
2.7265161445e+45
1.0255080479e+47
1.2824952212e+45
3.3291085908e+49
1.1178391993e+47
6.9387437209e+44
2.1552585213e+47
3.7297811708e+45
1.1646617321e+46
8.6623347160e+39
2.8288463359e+48
2.0264229720e+41
3.0952929329e+48
4.9711916504e+43
3.4343954544e+47
1.6806274024e+49
1.0233870924e+49
1.2278943638e+41
3.2108491579e+46
2.4011829510e+51
3.5851633321e+43
7.4409674275e+44
1.2847747794e+45
5.0550337517e+44
2.3600778048e+47
1.1309663149e+49
8.1233556259e+45
4.3182545963e+45
1.6417344786e+48
5.0824148687e+44
5.5447200907e+48
2.7286577460e+44
9.4768427284e+47
5.5276312283e+47
2.4102369255e+40
3.9742922395e+45
6.3392310334e+44
5.4741549150e+49
6.5987494055e+45
1.1085947241e+46
1.9163115682e+48
4.9983012887e+45
3.8282181701e+46
2.5274582269e+46
2.0216502595e+47
5.4509920682e+45
7.2495576333e+42
3.1265876694e+48
6.1179599472e+45
1.1043447144e+45
1.9748540385e+45
1.8179726239e+47
2.0765431237e+45
1.9344834098e+45
1.3999054633e+48
2.2092393307e+49
1.4489968353e+48
8.1077023582e+39
8.3823539715e+45
7.1172314331e+48
1.7030951071e+48
6.8674425469e+46
3.0201916864e+44
5.9290954760e+43
2.7657870313e+46
1.5068546793e+47
7.7554161039e+46
2.8971933200e+43
2.4313779486e+46
1.6412029221e+47
6.4761623848e+45
1.3740533254e+48
1.7570540096e+46
5.4860952870e+46
1.8239148340e+47
1.4046833900e+44
1.5990142738e+40
3.4269218974e+45
2.0853543696e+47
4.6461808329e+46
5.0364552132e+44
6.5541746053e+46
3.4171160214e+43
2.9140732878e+44
2.6431213268e+45
4.1853105330e+44
2.4826100253e+46
1.4974113173e+45
5.8275590020e+45
1.0145494112e+45
3.9767231686e+46
5.6848917523e+47
6.3065529125e+45
4.2466721570e+43
1.4781203307e+45
7.4377718607e+44
1.5773320154e+44
2.1521975131e+46
9.2466500409e+45
3.6762512975e+49
1.7660467543e+46
2.5570473627e+47
2.9946102946e+45
2.6509799350e+47
1.8618780664e+45
5.5874295856e+47
1.9324993664e+49
2.2146024358e+45
4.6978448310e+46
1.6438482345e+47
1.5804177051e+44
7.7989738801e+43
6.9534951593e+46
8.8586645872e+46
2.4480332988e+47
6.5896390882e+47
2.1204652218e+48
1.4664676438e+47
2.9645330927e+46
9.0489561840e+48
5.9704994274e+46
3.2029885907e+46
7.7271042793e+46
4.0694865782e+44
2.9927858585e+42
2.7759010103e+46
3.8164795582e+46
5.2413427635e+44
4.3769927554e+45
2.0076765787e+46
3.3486625874e+48
1.5833203524e+47
1.3452800300e+46
5.5434045903e+46
1.3078498925e+40
1.1317499450e+45
8.1804694979e+47
4.4247320856e+48
2.3499769877e+48
7.9779673040e+41
7.7489275451e+44
3.5263019280e+47
6.5713130971e+41
3.1581809089e+45
4.4340486986e+43
4.7920710144e+43
4.5304847918e+45
1.3286222053e+49
7.9354152583e+46
2.2476334333e+45
2.1290613413e+47
1.5411861898e+46
6.8764000653e+46
1.3863271745e+48
1.0265401321e+47
5.0321627518e+48
1.1793030526e+46
1.4157449740e+46
5.1270313513e+45
1.3223362238e+44
1.1385421907e+48
5.9232572057e+44
1.5061806044e+48
3.2537251559e+47
8.4136905662e+45
5.1399615449e+46
1.9338006179e+46
9.4598886745e+45
3.6500143699e+47
3.4710861640e+44
9.9910050812e+45
7.5024153036e+45
9.6920594260e+42
1.0426323210e+46
8.3816712637e+41
3.7225047948e+47
1.9774021252e+49
5.9875862500e+47
6.0443357341e+48
2.7323166411e+42
1.5380833046e+46
3.1282303090e+46
7.8821945032e+48
3.2720683004e+48
1.7087180171e+46
3.0077595543e+44
2.2745941921e+46
2.1996947937e+48
6.8672242233e+44
7.7827838570e+48
1.4786336012e+44
3.1281111916e+46
1.0386910174e+43
1.1825449649e+47
3.7297004200e+44
3.4312056530e+46
5.6320560474e+42
1.9047576985e+46
1.2547003826e+46
1.9103178333e+44
1.0647335957e+43
5.0692050365e+43
4.8530460490e+47
9.0840867668e+46
6.2657626499e+47
1.3888992461e+46
4.8328825120e+48
1.8817266127e+48
6.6978207850e+44
2.1396708696e+47
1.0756790817e+47
1.1500829977e+47
4.9420773554e+44
4.6697818118e+47
1.8967981131e+47
1.2155016852e+40
1.2497268863e+45
7.4581876189e+45
2.4518088887e+47
2.3247769211e+46
4.9076416574e+45
7.6871433979e+43
2.5137598513e+47
2.5949392584e+44
1.0459745993e+46
4.8131781819e+48
2.9950883512e+44
1.5733190232e+47
5.0557117568e+46
6.6355433948e+47
1.4245280639e+46
1.2584997924e+47
9.4087189586e+43
5.7755705722e+43
4.7347788948e+43
1.0286976185e+45
9.8581514067e+47
1.1701914824e+42
9.5325195637e+45
3.0119048829e+45
6.5785384978e+43
2.3568207521e+46
2.5942073468e+48
2.6778133672e+45
2.1459817817e+43
8.4649469220e+43
5.0298864734e+45
5.6049868033e+46
4.1701592580e+43
8.3629534850e+43
2.8013045472e+45
2.2274282118e+48
1.0689733664e+45
5.2396125219e+46
1.9167572116e+49
1.0966082930e+45
5.0978894196e+45
6.8130400646e+48
1.2928639458e+42
4.6497608353e+44
1.1652659644e+46
9.7112802976e+46
2.5369997867e+43
4.9893084755e+47
7.0157419120e+44
6.8119426354e+47
1.5487141559e+48
4.6614915428e+48
1.5246744566e+48
6.5724848819e+47
1.0502571205e+46
7.5859704000e+48
1.4397436974e+46
5.8880532453e+44
1.4312169891e+45
9.1900174376e+46
6.5091634469e+45
2.0126808448e+47
1.1539132298e+49
2.5244399130e+46
1.7083526435e+42
4.3516302347e+47
1.6834687562e+44
5.0148138218e+43
1.1566241814e+47
1.7118037042e+49
3.4154723312e+46
8.6400210412e+47
3.9572237243e+45
6.0266799517e+43
7.5323946692e+46
1.1141965682e+47
5.3315614887e+48
4.6046054512e+46
5.7886751578e+45
3.5304389016e+44
2.8036821300e+43
8.8062712134e+46
1.0126113112e+42
4.9895120432e+43
5.1961867609e+43
2.2337300877e+46
2.3257432163e+45
2.3082835437e+48
4.3222490695e+39
9.5561029808e+47
9.2580336947e+44
1.3923340550e+45
5.4809028894e+47
3.1758943373e+46
5.0177126176e+45
1.3764656795e+48
4.6601749081e+47
1.6364947328e+45
1.4398382905e+46
1.8340337509e+44
1.4864518832e+44
1.1386219672e+45
2.3548846765e+44
4.6255216652e+47
2.5005767456e+45
2.1243948798e+47
1.7226200603e+43
3.9967958505e+46
2.9698820704e+46
2.3183607914e+46
2.8526864492e+45
1.2145393830e+49
2.0861226674e+47
5.2183088744e+45
1.8600541022e+43
2.1738678194e+45
1.9993529405e+48
4.4870181378e+40
2.9461606719e+49
1.8643821610e+42
1.7053282704e+46
5.9477389189e+42
8.0657372571e+44
4.2672232490e+43
4.6727668176e+41
8.3814668403e+46
9.6768210858e+42
2.4513033850e+49
9.8879284404e+45
7.8017477249e+46
8.8754034412e+43
2.0513273831e+46
4.1167195954e+45
1.3255903072e+43
1.6655783199e+41
2.7566282707e+46
3.7749300213e+45
4.1263950678e+47
2.1193181871e+47
2.4255986591e+46
3.4624295004e+47
8.2396391632e+46
2.2929021751e+44
7.2024122631e+44
7.1872414279e+46
8.3022914108e+45
2.6524916101e+44
2.3240343819e+46
2.3224066508e+46
3.1481484014e+44
5.4859077330e+42
4.3431499448e+46
4.2709821492e+48
1.8721011877e+50
2.2765538017e+49
5.4751829811e+47
8.7680728736e+47
5.0874728772e+47
2.8024906680e+44
1.8914206442e+49
2.9666591178e+47
4.7867044583e+45
2.4418791720e+42
7.7727756273e+47
3.5906509037e+45
1.0394525151e+43
1.9387315852e+43
9.3455210867e+45
3.8437139868e+45
2.5322942436e+46
2.9972237970e+47
7.6260308691e+47
1.8208467862e+47
2.9519016555e+49
1.9660205087e+41
3.0271748206e+48
2.5136000554e+46
3.2366142373e+42
1.1158561857e+45
1.1133374383e+49
8.7530262665e+42
3.1207411869e+48
1.2069433075e+48
5.5667106255e+47
1.8452781762e+47
1.5073685709e+43
8.0008108750e+45
1.0188527766e+43
1.0684616123e+48
8.6319042037e+49
5.7469134102e+44
9.9743331420e+42
4.8573259164e+46
2.1674228757e+49
5.4916896134e+46
1.0594862997e+47
5.3447992241e+47
1.5193074781e+45
1.4008064621e+47
2.7450693475e+42
1.3934500610e+42
2.6501472576e+45
3.0084046411e+43
6.7907256101e+44
6.2212641219e+44
3.6779900975e+44
4.6172117289e+45
1.8937973030e+43
1.6336187558e+42
4.7834811862e+45
5.7262555476e+47
1.3327892231e+46
4.2962732672e+42
1.9646885771e+47
1.2974739883e+44
7.4206535969e+46
1.0383796580e+47
3.4242539055e+46
9.8523995392e+45
9.3727709946e+46
7.4851148374e+47
1.8115584499e+44
2.9504923106e+47
1.5183386185e+46
5.4979865896e+43
6.7561064055e+45
9.1544807806e+45
2.6583055287e+48
6.9266883217e+45
1.3759432619e+45
2.7156468792e+47
6.0516859892e+43
6.9719992155e+44
1.2195513427e+49
1.3809795798e+41
1.3867323362e+46
1.9333166207e+41
7.1314063443e+44
3.6905054321e+46
2.4743162804e+47
4.8017887770e+47
5.9372398842e+44
2.4602296339e+43
3.9321233056e+45
9.7467994976e+44
1.2035424932e+47
5.9685683356e+44
3.5250933960e+48
6.2913649583e+47
4.9645206458e+46
1.2434243636e+45
4.0818782767e+43
2.5008679371e+47
1.4799884803e+46
3.7500564547e+45
1.0569622956e+48
7.7877621804e+46
1.4103990860e+46
8.7194192450e+44
1.0531761086e+47
5.8032717265e+45
1.9885166499e+46
1.8886083019e+43
7.8460583866e+46
5.1421177586e+45
1.1964123674e+44
1.5449575292e+46
1.0496590280e+41
2.1097357000e+47
3.4106733369e+41
6.0406752127e+45
2.2337020198e+45
2.0911849935e+45
2.0947979745e+49
1.2943889534e+47
1.8583062696e+43
6.8504035134e+45
8.4164395490e+46
2.6563232072e+44
4.2249905583e+44
2.6954472962e+48
5.4428991040e+45
4.3290593537e+43
2.6127000450e+50
3.1149779488e+48
3.2425201036e+47
6.7740160594e+45
4.6596784392e+46
1.3610755522e+48
3.8262505377e+44
2.0253066922e+46
1.7638290044e+46
2.9472725596e+43
1.0634318423e+47
2.6781990774e+46
1.4891504104e+50
2.6267831230e+43
3.4494632503e+44
6.9329993091e+46
5.1379020098e+40
6.5934740314e+45
3.9604307337e+45
2.5121479117e+46
2.2356683616e+48
1.2123929193e+42
1.3609561347e+46
9.3630272206e+48
2.9513293665e+46
1.5289797608e+51
4.1430306364e+42
2.3286757010e+46
7.8772612983e+42
2.3029531291e+47
4.4042628270e+45
4.6908556352e+45
3.4786776996e+45
4.2337447874e+41
2.5905392278e+45
3.7430517712e+46
3.5741879901e+48
5.4606301505e+47
3.7882825742e+47
6.8541295540e+47
1.9413638886e+45
1.3749108062e+45
1.0803206617e+45
3.0192345425e+49
9.7442558695e+44
3.9586389260e+48
5.0594925221e+45
2.4951328651e+45
2.9671304552e+47
7.4200150220e+43
2.3289101263e+47
3.5619204747e+45
2.7795774711e+47
8.3774135039e+48
8.7389073695e+46
2.0469437648e+48
5.7143251100e+41
4.8910175346e+45
1.0393354660e+38
1.1500330215e+45
4.5721497956e+41
2.4078067733e+46
3.4442419354e+50
1.9227541709e+47
1.6080777577e+47
1.1504258850e+47
2.4179385437e+49
1.0398233667e+47
6.5154651856e+46
3.3607298338e+47
8.8670483612e+45
8.8980797246e+46
5.3903315783e+43
4.1418144449e+42
8.0750065101e+47
3.0246146113e+48
5.2854658987e+48
2.0873197781e+43
7.4499475908e+46
1.4016493783e+48
1.0020475072e+46
1.4035316851e+43
2.3949442826e+47
1.8742352276e+39
3.2072263288e+47
2.4254784050e+42
1.9467739963e+47
1.9578003890e+46
1.5570030132e+47
1.1834747326e+46
2.0802581899e+47
7.3715660036e+42
1.0251613720e+42
2.2289737776e+47
9.7719156576e+46
3.5806485378e+45
6.4246113448e+48
5.0803101817e+48
2.5473693294e+41
1.5031438430e+45
2.4876593321e+45
6.9460537651e+45
1.9946315118e+43
6.6381662760e+46
3.2520514618e+46
2.3798401897e+43
6.4355703311e+47
2.4963540541e+45
4.0819482453e+43
2.2465085643e+50
5.3339655257e+44
6.9019957410e+46
1.0204514734e+47
1.6140251354e+40
3.8429521681e+45
3.3901449095e+43
1.7393410625e+45
9.5169112100e+45
6.1413848764e+45
6.8121023444e+47
1.7134111332e+44
4.5939201984e+45
1.5623324794e+46
2.6046128934e+46
4.8441100007e+47
3.5065614790e+42
8.6010314789e+44
2.2466741273e+46
4.1600553153e+46
2.4072007245e+41
1.5272719476e+46
2.7789368351e+46
4.3672965250e+48
2.0303807552e+43
2.3051361173e+48
5.5052430904e+47
9.0070594842e+46
7.7980863998e+42
1.5673097981e+43
7.3348083880e+46
2.3449472629e+48
4.7191349913e+44
2.2880387863e+47
3.8255567318e+46
1.6962823213e+44
1.6730723806e+46
6.9182573786e+45
1.3029083084e+45
6.0994912169e+46
5.1375031641e+43
6.5468995491e+47
5.0377290663e+47
1.2456444342e+46
8.6003305135e+47
1.0268823125e+47
7.0497031811e+45
7.3388546257e+45
8.0634978179e+49
1.3362555157e+48
1.5982362606e+46
4.2363566585e+45
3.6243516540e+47
1.4269658173e+42
3.0821233107e+47
4.2489998369e+46
5.5265582856e+49
1.0480776199e+45
1.5096268809e+47
1.0387774939e+45
1.1742429265e+43
2.8473138552e+46
2.1758370758e+42
4.1699845852e+45
4.2857768998e+44
7.2763583715e+46
6.6369381047e+44
3.2703326357e+47
8.0686522368e+44
6.9572746349e+46
1.1994114441e+47
4.2963199985e+44
1.8109127684e+47
1.2100365733e+46
7.3271032450e+47
1.3707627559e+46
2.5114065683e+45
1.1202568319e+45
8.7547115586e+41
4.4634845206e+44
8.0896783065e+47
4.9291581658e+47
2.2278187810e+45
1.2411763058e+43
1.0220451360e+46
8.7737475349e+47
2.1387465590e+43
2.1738649847e+47
1.7558193335e+49
3.9353619999e+44
7.4574058984e+47
3.7728480978e+45
9.1769931312e+46
4.4827777160e+47
2.1161240245e+45
9.2977062808e+47
6.7098272110e+43
1.4791016667e+43
2.0881967927e+46
5.9957648611e+42
2.1028058817e+47
4.3279289916e+47
1.7521248201e+49
4.7142420693e+47
5.3238790164e+45
1.8684468970e+42
3.0077863389e+45
1.3070139965e+47
5.6344427161e+47
3.8680043672e+47
2.6058603736e+44
4.3795110170e+47
2.3370389909e+46
2.3573996870e+45
1.7448966705e+45
1.1197810055e+47
6.9371992615e+45
2.4322050075e+44
3.7239486457e+45
1.8137483835e+47
2.2270962002e+48
2.4697876799e+47
6.8058880161e+47
4.5678059047e+45
1.8536431303e+47
1.0095037215e+47
3.7683839546e+44
5.4956288159e+45
3.8342460970e+45
1.1015422557e+45
5.5044105406e+43
2.5986568739e+48
1.3604114996e+47
1.3356282274e+48
3.0365771399e+45
1.9789931689e+44
7.5952727821e+46
7.7183030380e+48
2.8797581096e+46
1.4871034482e+46
1.7652204964e+45
9.5236350354e+48
3.2344816583e+46
2.1822637645e+48
2.0052348465e+43
9.0390850749e+46
7.6479545789e+47
1.3641778273e+44
3.6768898340e+44
2.1958940036e+47
5.5172217744e+44
2.1213424850e+45
4.9897061158e+45
3.6880105954e+49
8.6719555110e+44
1.4527913392e+46
1.1218093498e+46
1.0636391874e+49
1.2499447004e+47
1.0418964979e+44
1.7826144658e+42
1.7711702742e+44
7.6957186643e+44
6.4551346065e+45
6.0848456234e+42
2.1061357691e+48
4.2355866690e+47
4.3385242736e+46
3.1320458412e+47
2.3710716409e+44
1.5879819497e+42
1.9108404700e+45
9.3292403823e+47
9.6166759308e+45
9.1347435843e+47
1.3778284605e+47
1.4573777489e+44
9.6748944533e+46
6.2137964528e+42
9.3298402371e+45
2.6331190852e+46
2.1537196452e+47
2.7022676254e+45
2.8722771876e+45
7.6789158070e+41
9.9063384444e+47
1.5407310571e+47
5.6712262494e+45
4.5345325612e+43
1.5085134105e+49
1.6699872216e+46
3.4812867285e+44
2.2646595229e+48
1.9715096461e+47
1.2750147176e+49
3.7511206351e+48
5.0061021836e+45
2.1479031951e+44
8.3006209437e+43
4.7341779016e+46
3.1838104526e+50
1.5534520079e+48
1.1539504309e+44
1.0848937821e+47
8.5401326823e+40
1.1344571269e+42
1.0765460992e+45
2.3059688657e+46
2.5378819120e+45
3.0166797145e+45
3.1453530574e+44
9.7070295468e+46
2.9190517430e+44
2.3706168386e+46
8.3702475384e+46
1.0336390799e+45
5.4337082430e+45
5.2861669992e+46
8.5627117841e+45
8.4319866909e+46
1.8358030605e+45
3.5128983709e+45
1.5763994364e+48
3.1420509002e+44
3.4009661313e+44
2.5466071530e+46
4.2853771489e+47
2.7879543415e+45
9.8230513259e+43
2.4284647965e+43
2.2589034722e+45
3.6780904232e+47
3.3918546516e+47
5.3010749714e+48
6.0700250136e+48
3.5434827610e+49
2.0030577630e+46
6.1622293402e+46
9.9675220627e+46
1.2600426305e+49
3.7196444273e+49
7.4998433204e+47
4.8646533857e+45
5.1592046738e+47
1.3739998538e+45
3.6537774020e+48
2.6095178307e+46
2.0545256905e+49
1.1848722215e+49
9.0098007731e+46
5.7734867947e+46
2.0025460977e+49
2.5228078832e+46
1.9237413796e+43
5.5797536929e+43
4.2902281399e+44
2.2832993810e+44
1.9850186380e+48
1.9118099341e+47
1.4449162426e+47
1.7539805533e+46
1.1703846079e+45
9.0945878889e+47
1.5509712383e+44
3.9939851410e+44
1.3534685755e+44
8.8644343637e+44
7.1375570108e+48
7.3810159407e+49
2.6578759127e+45
9.1837618731e+44
9.2842104689e+47
1.8070048750e+46
5.6721728221e+40
2.3612835182e+43
1.3299498833e+45
1.2776208559e+43
6.5955194072e+44
4.1574106944e+47
6.5295322540e+46
1.1695486453e+44
4.8275533118e+41
1.3857625451e+45
5.2704633148e+50
2.2666632675e+46
2.7238314780e+42
1.5055499824e+46
9.7553591364e+47
1.3061785608e+47
8.7729224725e+46
2.5146181487e+42
8.9715305804e+44
1.3309683390e+49
9.2047050445e+43
5.0940291629e+47
1.4028574743e+43
9.5496561158e+44
5.9171341282e+45
1.8148776876e+48
7.4633272003e+45
3.0238135427e+46
8.0413050408e+45
2.8113788945e+47
2.7553653811e+42
9.0962127236e+46
1.0313807951e+47
1.5218783580e+48
3.9775202372e+42
8.9804113099e+49
3.9968476710e+47
3.8352983219e+47
2.1277675819e+47
9.2683497605e+45
2.2409828472e+42
1.1719384699e+48
1.7640949071e+49
3.3767756778e+46
5.5201021881e+47
9.6723594815e+42
3.8094553056e+43
1.6646390349e+46
1.2113455709e+48
2.5737686862e+45
3.6584703006e+48
4.3900033252e+47
1.1532482219e+48
1.2385159572e+47
6.9369028046e+46
1.5658045370e+48
1.6810310878e+43
3.3531430111e+45
9.8196074199e+42
1.5549582570e+46
1.5050932492e+47
1.6345305660e+49
1.0102456121e+44
1.8961272252e+44
3.9236317567e+43
2.7496226739e+45
9.5677540022e+43
1.2023710488e+45
3.0956655982e+47
2.1403316935e+48
1.3170373587e+44
1.9435176803e+44
2.5151534230e+38
8.4662573385e+47
5.4941072734e+47
4.4014662758e+47
1.0396419165e+47
5.5839452105e+48
6.1170893273e+47
3.2973720755e+48
1.1801524569e+47
4.1219262378e+47
2.0854153135e+47
2.1409044348e+46
9.1420533109e+46
1.3808783904e+48
1.0747416042e+49
5.9239501415e+43
1.7223331268e+44
1.7797054510e+47
1.2770391665e+48
3.6849026701e+43
1.4421337241e+46
1.9740890768e+46
3.0907826176e+44
1.1849940366e+44
5.0531783594e+48
5.3647853356e+46
4.2739174750e+43
3.8418347561e+44
4.5111527156e+45
1.1424168193e+46
8.0018878976e+46
2.0351946744e+44
6.5182619275e+46
1.8066237538e+45
3.1476793543e+48
8.9822625588e+42
1.8716247125e+46
3.3704178440e+46
4.3735054319e+46
4.7925220032e+47
1.6098570349e+47
5.4690824516e+44
1.1551677121e+45
2.2846180999e+46
7.8401456095e+44
7.7247822347e+46
2.7372733276e+48
1.2327205861e+44
5.0518634787e+42
2.8155180975e+47
8.2198762199e+45
1.8744087762e+46
4.9963710007e+45
8.3738957538e+46
6.2195462357e+44
2.3180973429e+46
3.3397657647e+46
1.6949974284e+45
2.3112895956e+46
1.4226248613e+46
2.3277102040e+44
1.1375771148e+48
2.7160681327e+45
5.1076349880e+44
3.1353462799e+46
3.8922390693e+44
4.5666879188e+47
3.7984971748e+49
7.1943026700e+44
5.1011042544e+43
3.6885963797e+49
6.5201811798e+46
5.1433966989e+47
2.1236000822e+47
1.2571354567e+48
2.6645499021e+46
6.0491536550e+45
1.0107236039e+46
3.9109474766e+44
2.5506836299e+42
2.5893955268e+44
3.8479481148e+46
3.3349197539e+44
5.0417729635e+48
1.2849001661e+48
1.3032295563e+45
6.6592781309e+45
1.9959877582e+49
4.2935788767e+45
2.7354502493e+45
1.5414314863e+47
6.6646462975e+44
1.5072191718e+44
9.0065591691e+42
7.4247851499e+45
4.6278037643e+45
1.1440329085e+45
5.5553477653e+45
5.9405209867e+40
1.0133877233e+47
1.8326188769e+48
2.3159895760e+48
1.1744256254e+45
2.9883523207e+45
9.4347248601e+45
5.0719218315e+46
3.6318744828e+45
3.8836182882e+41
6.5617084023e+45
4.0144520171e+46
6.7842610496e+46
3.9327055714e+46
4.0944272012e+45
3.1207422155e+49
8.1040814186e+47
6.4396661768e+43
3.5975352436e+46
1.2299888471e+44
3.6174247418e+42
8.0181920031e+47
6.6638130155e+43
4.0569192742e+45
7.2221216675e+44
9.0197439893e+44
1.6133789580e+47
1.2721340583e+46
2.3892767359e+43
4.7382275442e+45
1.3711687681e+46
9.2610046773e+42
1.1759861619e+48
5.1435242041e+46
1.2197860320e+46
8.9521125715e+45
2.6547629026e+36
6.6189925539e+48
6.1443291369e+46
1.6130113661e+47
9.3551100196e+47
4.8010553449e+44
1.0319038959e+45
7.7511893980e+48
1.6069913168e+45
9.3613660815e+42
1.3099743931e+45
1.0153231881e+49
1.9627908162e+46
1.2069194807e+48
1.9570559781e+49
1.6646958546e+46
1.4153958785e+39
1.6903914245e+45
6.5061398449e+46
3.9675949098e+41
1.4384776489e+45
8.1237170802e+44
4.5300553940e+44
4.4752094540e+45
1.3462041922e+45
5.1150784774e+42
4.0125995871e+44
4.2364727133e+43
1.8308524709e+47
3.6458827473e+46
1.0770343726e+45
1.1004411587e+46
3.0333117145e+45
3.0615939530e+45
9.6532020386e+44
1.1422086848e+48
2.5048516332e+48
2.3777994455e+46
4.6783711511e+46
9.8050889896e+45
4.4171114422e+45
3.3258653915e+48
7.4178154394e+45
4.7169089885e+45
6.6822255634e+41
1.0413449414e+42
1.4305073607e+47
5.0571883324e+49
3.9914091056e+47
4.7291266207e+45
9.6525381492e+46
4.3576772474e+43
1.7325544249e+45
2.7851272896e+46
1.8738221014e+47
5.2321132131e+47
6.3890985070e+47
1.0388674982e+45
1.3517562270e+45
2.9770522833e+42
1.2041818329e+41
1.4678143731e+48
8.9931470107e+45
1.1308434511e+39
2.3545514852e+50
2.8258851220e+46
2.0492284743e+45
2.9446982531e+48
8.0018761249e+42
2.5283490055e+49
6.5865801509e+44
2.6056908345e+46
3.2237666424e+48
2.3865817945e+44
1.6678084346e+47
3.4412769124e+44
1.5573442675e+45
9.0088881526e+47
3.6768699663e+49
3.2429376123e+48
1.5572468113e+42
4.8008631760e+47
1.4892735454e+48
1.0934780468e+47
4.8770299598e+42
7.5198092691e+43
4.3531006850e+51
6.3325859461e+46
1.8552877030e+45
4.4235322052e+44
6.6843490698e+44
3.5258140265e+47
1.0127965286e+48
4.0428989266e+46
1.4734188363e+48
2.0029516987e+45
8.7022371187e+41
7.5058700416e+42
1.4014869709e+47
5.0585168070e+44
6.9171070010e+45
2.0395303312e+46
1.6652639371e+47
8.3658020277e+45
4.4466491748e+48
3.1578066636e+44
5.3278460714e+47
1.5208818072e+47
3.5801207343e+44
2.2302987996e+42
2.3766614541e+48
1.2699947705e+44
1.0181278262e+45
1.3112406093e+44
1.9888183647e+45
6.5389413279e+47
4.4726971600e+46
8.3592430125e+45
4.5195490247e+44
1.4370929434e+46
3.8092215563e+42
1.0847679629e+47
3.7717497305e+46
1.1396060581e+45
3.6716645175e+43
4.5758863435e+43
1.4167156597e+44
3.2919142661e+45
1.3780829455e+44
1.4698575883e+46
7.4630104058e+46
4.8345909020e+46
2.8267177882e+47
5.8422399990e+46
2.7941048594e+47
6.9533592048e+47
3.0795438274e+48
2.0394279064e+44
1.7475771742e+49
2.0097935245e+47
2.5596314960e+45
9.1038967703e+49
1.2045312091e+45
2.3298299303e+45
8.9679945754e+48
4.3839938827e+42
1.4729967905e+49
3.7108273485e+43
1.6153734318e+46
2.9295145678e+42
1.2199258079e+41
8.5012544694e+41
8.4015618606e+44
7.1229332564e+46
4.5029900202e+45
6.7211142492e+44
2.2191942895e+41
2.1593272565e+48
1.2700532836e+45
2.3724244455e+44
6.8922628394e+46
8.1710823478e+42
1.1535358748e+47
6.0035222353e+46
5.2671578726e+46
8.1991363958e+43
5.6089393186e+43
1.2642235323e+45
1.7865962704e+46
6.9912193233e+46
2.6879503600e+45
2.3044208031e+41
8.2941943591e+41
7.0863824613e+45
1.2674478094e+46
1.4396588215e+45
3.4198535800e+45
5.7001417859e+43
3.8997417628e+47
3.5801935581e+45
1.8338786899e+40
8.6228863009e+47
3.2840963186e+48
8.4428686389e+43
7.1792151179e+42
3.5174791469e+48
2.4543845691e+45
1.2362395420e+46
2.8922288264e+48
5.3608043302e+43
7.8009251439e+41
6.7152865341e+44
1.1989756419e+46
1.0312130252e+46
4.4602973300e+47
2.6432082483e+48
5.9365735916e+46
5.4346389500e+43
1.2733780938e+42
2.2787374903e+46
2.8429123915e+43
1.6507469137e+44
2.9690434001e+47
1.4058054680e+44
4.0576674347e+45
1.4080466265e+47
4.0557907459e+43
8.7633914715e+46
3.3019096873e+47
1.4745384922e+45
4.4574647201e+48
1.0031116562e+46
1.2397773048e+46
1.1665350007e+46
9.1500357056e+47
3.3909479075e+43
1.0197827579e+45
2.8546625356e+43
5.2032706887e+48
3.3539400931e+44
1.1802533587e+47
1.3927824784e+48
2.5890768900e+43
1.8009878126e+46
1.7153394050e+47
8.7219913788e+42
3.2641243652e+47
3.8904412790e+49
1.3653043976e+48
2.4753052082e+47
3.1145073655e+48
1.1004989305e+44
1.4953762585e+47
1.1870485417e+46
5.0501630848e+46
3.9909056267e+42
3.8096894737e+46
3.0317439593e+45
3.5159073937e+43
1.6075857537e+48
5.5394270264e+44
1.7022439344e+39
4.1335307179e+45
2.7753285255e+45
1.3792072637e+45
1.6477017055e+45
1.0627033434e+48
1.8728939488e+47
7.6431496750e+45
6.5785040127e+46
1.5765338733e+48
2.8800649764e+44
1.2265089055e+43
1.9061364959e+46
2.2984737729e+44
5.1251960114e+44
5.7275259352e+46
5.1636916214e+45
1.6112676315e+48
6.3044154734e+46
2.6300696013e+47
1.5118340741e+48
8.0617569511e+44
9.9527343836e+45
8.0520908595e+46
2.0176702045e+48
1.7051058868e+46
4.9986763904e+49
2.2021487491e+49
1.5669740140e+46
2.6922167509e+45
2.4037583550e+44
2.8161967636e+45
1.5113565910e+45
3.6517881862e+46
8.5380765013e+39
1.1356333561e+42
1.1847799914e+45
2.9595821236e+49
1.1399947899e+46
2.2470033372e+46
7.4808966427e+45
1.0672899304e+45
1.2958786741e+46
3.3018016053e+41
1.9582468065e+48
1.7616498773e+46
5.4480986618e+45
1.9844812251e+47
2.2576332129e+45
6.3982008669e+45
1.0251169797e+48
1.2550636324e+49
8.1679054701e+44
5.0382026713e+46
4.1439621615e+45
5.4176748653e+45
5.9278352284e+47
1.5232332013e+47
8.2080134697e+48
1.0809069280e+49
6.8127690548e+47
1.1591332733e+46
7.2065741094e+45
2.3998879538e+47
1.8242060188e+46
5.6087974667e+47
1.6019116130e+45
8.3906470032e+47
4.8295308063e+46
1.3831377834e+48
4.3169340563e+45
6.4560201183e+45
2.1241263444e+46
1.5142778079e+43
1.7481473515e+46
2.4399551830e+47
7.2458810671e+49
3.7860105525e+44
2.1417973423e+49
9.8086293059e+44
1.5223648585e+47
4.5849837703e+47
2.6833432098e+44
3.4736637472e+47
1.1153280716e+43
7.9067274153e+46
9.1945027494e+48
4.6802155267e+45
7.6862807997e+40
1.4552347292e+48
4.6481598369e+46
3.2970649171e+46
1.1889685618e+45
1.0666466332e+47
4.1271067812e+44
6.8779403887e+41
4.0974096802e+43
5.4625474220e+46
6.6115855917e+45
8.6394493521e+44
4.6768631002e+43
6.4988650397e+42
7.4592894185e+47
1.2300345859e+49
5.9417992819e+45
8.5631654355e+50
9.3368457751e+44
1.1039056875e+49
3.1692544669e+45
2.4944925570e+45
5.9327314013e+49
2.1220029762e+45
1.7074346722e+45
2.1856775648e+48
2.2805497278e+44
8.3215160632e+45
1.5462305091e+47
1.5529118188e+46
8.7739215795e+47
2.2687200655e+48
5.4486482396e+43
2.0679591623e+45
2.8918827309e+46
2.3875795567e+46
2.6114498935e+45
2.7442191281e+47
3.5493859693e+40
5.3558770300e+43
4.9851713070e+45
1.8543241208e+46
1.3032659712e+46
1.3271973944e+46
4.3229013871e+47
3.1047551452e+47
5.2929676036e+46
7.2715652752e+45
3.9312230556e+43
5.0565436795e+45
2.9393774440e+45
2.5354926824e+48
3.1022399544e+42
2.9325728119e+47
1.8965155232e+45
4.0123409392e+49
1.2654234220e+47
8.3038443055e+39
8.3086791018e+47
2.7553362169e+47
3.8266840053e+46
2.9097870377e+47
6.6891277853e+47
2.2332162837e+47
3.0239073079e+44
4.2419838478e+44
6.6563450288e+48
5.0662281901e+46
3.2140887244e+45
1.4559938712e+48
5.0722102822e+46
6.2533926029e+48
3.6755346453e+46
6.6144722419e+43
9.1742970313e+47
6.7017467454e+44
5.5477657110e+43
1.0512604462e+46
1.3874769362e+48
9.1382481551e+49
7.8843458092e+43
2.0698480009e+48
5.2980737033e+40
7.9085516786e+48
8.6663538679e+46
2.4520680845e+42
5.4108598750e+45
4.6670419775e+48
4.9794066846e+46
1.0840232307e+49
4.4557561193e+45
6.9931326409e+49
8.1837352109e+45
2.4104702067e+47
1.3782467174e+48
3.9204592560e+44
4.1062409283e+46
6.1758251481e+43
1.5943460644e+47
9.3034169788e+43
1.0697140523e+47
2.7778500445e+46
3.5768331447e+46
1.8093286478e+48
7.1282776076e+46
8.8172771867e+48
5.7163841201e+46
1.4476616818e+47
2.6649865234e+46
1.2122406691e+43
9.0399451535e+43
3.7116008711e+46
4.6947604908e+45
2.1235015632e+47
1.0360507423e+48
6.0045658595e+47
6.0470716235e+44
3.8719968788e+43
1.7616449258e+48
4.6951668350e+48
3.2775022098e+46
3.8824368733e+45
2.0034236482e+44
1.7673849661e+47
1.3999313633e+48
1.9184673338e+46
1.0430192024e+45
2.8244484299e+48
1.8794318836e+49
8.6578268375e+48
2.3564420546e+50
8.2098722535e+44
7.5675222049e+46
3.2751198902e+45
7.7739743447e+45
1.0739393743e+42
7.5904772419e+45
4.2313658803e+46
6.5694968626e+43
4.3837764078e+48
2.6178874735e+48
1.8826425721e+45
2.4734029156e+46
2.7832327684e+47
2.3886471770e+44
8.3154193206e+42
8.1968753653e+40
6.8252416807e+47
2.8232573310e+47
1.1200919184e+50
2.7575311476e+43
1.1054531108e+49
5.5379760963e+44
9.1104061064e+47
2.7199711904e+48
7.7188926173e+46
1.7287248640e+47
8.8819191234e+40
2.6068739884e+50
4.1412902698e+45
4.7511570115e+46
8.0453460146e+49
3.5344814717e+47
7.9078173942e+44
3.9610128895e+49
6.7163180869e+48
4.3987869496e+43
4.5133408470e+45
4.0059499694e+44
6.3406636356e+44
1.4118089820e+45
3.8945564498e+43
3.3743612229e+45
8.8563197075e+46
8.5797289359e+48
8.8235181936e+46
2.3232696848e+48
1.8298977508e+45
4.6301718673e+47
5.4788204161e+45
8.3313135444e+43
1.6286832887e+45
6.8651871718e+45
2.6538703950e+46
4.6461484317e+42
3.9607934071e+46
1.1702505620e+47
6.3524836362e+45
6.1393885036e+47
4.1308893742e+45
2.3314104509e+46
4.1293840587e+46
6.2799277762e+47
6.5923393650e+47
1.8674919909e+49
7.8169828001e+48
1.6022187202e+48
6.0442392394e+48
3.7932031580e+43
7.6727787811e+45
1.0110738184e+43
7.4892579117e+42
1.5820212637e+46
2.3164995060e+46
1.5779618333e+47
8.3561987652e+45
3.2058490342e+50
8.0392530277e+45
1.1705610562e+41
3.5757251285e+48
4.8739795884e+45
4.3620082762e+42
2.8356524375e+45
2.9057164169e+42
1.1257274702e+43
1.5590821091e+46
3.9880414046e+49
2.5615978334e+45
3.0220189440e+45
7.3306959377e+46
1.8879985326e+44
5.5983015855e+43
1.0750111725e+47
6.2852917444e+46
1.4383521302e+47
4.6548952718e+46
7.4059783019e+47
1.9161439687e+43
2.8798148135e+46
6.9767909878e+41
4.7588075706e+46
2.7851749174e+44
3.4502807352e+41
1.3174216780e+43
1.5059800425e+46
4.9928331619e+45
2.1806248550e+46
1.4730302446e+46
2.9861120425e+47
5.8217982987e+43
2.2567399159e+45
3.3448184938e+47
2.3148128669e+43
5.7481256321e+45
6.5329494048e+48
1.0130646665e+41
1.2597706520e+46
9.0502004421e+45
4.8548065596e+45
6.5548515227e+41
1.3794148667e+46
3.6349577669e+48
5.1758112807e+45
4.8756583805e+45
3.9976670325e+44
8.2270724543e+47
3.3910872708e+45
2.3974647004e+44
2.0900802996e+44
9.7396384982e+46
2.2718386561e+43
6.7715092487e+47
2.4291438510e+44
7.4229294703e+45
1.3543875071e+49
4.5583592452e+48
9.5589080081e+44
1.5039531751e+47
3.4894909462e+46
5.8349045704e+42
4.2991822941e+47
3.8230675680e+43
9.7097639322e+42
2.8028045961e+46
8.3504769781e+47
2.8884327495e+45
6.8761162792e+44
6.0375757446e+45
3.7057246533e+45
7.2715725841e+40
2.6034083997e+44
1.9568736459e+47
1.2449411226e+50
4.1563761073e+43
6.7943807419e+45
2.8251091526e+44
1.9350053496e+45
3.8442693055e+41
6.1465161001e+47
2.5408380944e+46
3.8513116122e+48
1.3887955059e+46
4.2005001627e+46
7.5060761495e+48
1.3124962582e+49
9.6001226330e+45
3.7350816195e+45
5.6192603113e+42
5.8463594683e+46
1.8510267165e+48
1.0108092152e+44
2.6578774196e+48
3.6601808491e+42
4.9537308344e+48
1.1392938237e+46
7.6778161169e+47
1.1520862208e+45
7.7511500792e+44
1.8282181594e+44
1.6810444564e+47
1.4668923395e+48
3.4392809105e+45
6.2982024539e+47
3.3058361932e+45
4.7692899839e+47
2.6525382639e+49
5.6785437987e+47
1.8135051732e+48
6.2377828206e+42
5.0413633888e+42
1.4037885448e+45
6.7270883293e+46
1.3568972827e+46
4.8286709733e+45
1.8013740419e+45
1.4028023444e+50
3.2427421141e+48
6.9958240860e+47
1.2124196746e+41
1.0470837494e+47
1.8102911915e+44
4.6986542166e+47
1.6978569055e+49
1.3971727060e+47
1.7355841630e+50
7.1173522071e+42
6.7088822199e+46
1.4281140180e+45
2.2373520037e+46
3.8337155249e+44
3.9995773259e+48
3.7007285133e+46
2.4892590062e+47
1.0352181737e+47
2.3078948972e+46
4.6470814251e+46
2.7475156083e+48
7.0388209263e+44
1.1509283249e+46
3.8704972293e+42
4.1143730848e+45
1.1976642267e+46
1.6785881476e+43
1.3336419098e+43
4.9890525559e+46
1.4236064439e+48
5.0737435475e+48
6.9130766261e+47
1.0285436360e+48
1.3116225641e+48
4.1159493484e+45
9.4619507320e+46
2.5891267074e+46
3.6946864987e+46
3.7840251216e+46
3.8682029088e+47
3.4911835631e+44
1.3733632204e+44
2.2466977848e+44
3.1656228411e+45
5.4857861559e+45
4.6015462540e+45
2.7335453383e+48
6.7378710469e+47
1.2376351794e+48
3.2887531022e+42
1.4898237095e+41
3.1874732586e+47
3.4214061677e+46
2.3990620723e+48
1.7336788936e+47
4.9948655849e+46
4.6538681008e+45
1.7008587744e+47
2.7456950810e+47
6.1848422794e+45
3.1148602339e+41
1.3816966857e+46
2.4087207433e+44
2.0900263854e+47
5.4873014704e+44
2.5333417970e+41
8.2032752112e+43
5.2724878968e+48
9.1642620331e+46
6.4603909125e+45
3.9596448786e+43
3.0708631655e+44
8.1033400232e+44
1.9271544486e+48
5.9043705919e+46
2.1649005278e+47
1.1308907716e+45
1.5476095917e+47
1.0053151963e+47
3.1753395417e+49
1.4718241946e+43
1.4970162691e+47
2.1204039790e+46
7.0534921897e+45
1.1127232896e+46
3.7573226910e+48
1.5838159103e+45
8.2228027609e+46
5.4575155565e+45
1.4970534131e+43
2.4943005260e+47
1.8023538858e+43
2.3674120422e+42
1.0781603816e+45
1.0558513762e+47
6.6386140768e+47
2.0164685590e+47
1.0704775725e+49
3.9668423458e+50
4.1121020102e+47
2.2992513876e+49
8.2464654280e+45
8.8006012665e+46
2.9402865601e+47
5.4855705503e+43
1.7627080151e+46
7.2029082870e+45
7.1888885984e+43
1.8165974671e+45
2.6933056322e+46
1.6991556551e+48
1.0125226800e+45
1.7230388282e+46
1.3719148799e+46
6.7335887261e+45
3.0468837257e+46
1.2067551714e+46
3.1129000650e+43
5.9715240093e+42
1.3957718521e+46
1.0005200299e+48
2.1040830716e+48
7.8342325954e+42
1.0953191026e+45
2.3088318991e+48
7.3602142416e+47
2.1593135369e+48
2.1722114496e+43
4.6207895201e+44
1.7923216991e+40
2.7728291328e+42
3.6908833036e+44
7.7566897082e+46
8.5783831907e+44
1.7261800167e+41
2.0872363743e+42
4.9409913194e+48
6.2066709352e+45
1.8266629805e+49
1.6102239350e+46
1.3784581406e+43
4.2804789892e+43
1.4113117264e+43
2.4904092702e+47
1.3075325375e+44
1.8818515834e+46
1.3084182460e+45
5.3556948305e+47
4.5180133754e+41
3.6671931591e+48
9.3462638323e+41
4.1377766446e+44
3.9437322939e+47
1.2350859111e+48
5.1897803947e+48
3.7284124697e+44
7.3053278451e+45
7.2054896087e+46
8.0441406142e+45
6.7558275615e+49
8.5043474657e+46
4.5604881004e+47
2.3701840749e+47
1.4330218817e+50
1.9650672414e+48
1.0365805169e+44
3.0068074342e+46
8.4020407568e+42
8.5756035071e+45
2.7716154434e+44
5.9108209862e+45
1.0951137887e+44
4.1145095718e+42
1.2885645006e+45
1.9417483629e+41
1.3526362057e+45
2.0002619497e+45
9.1192191989e+44
8.8325402707e+47
1.7880293127e+44
3.5776311034e+44
5.6344474924e+47
4.2108563423e+45
8.8098698031e+45
6.8083998818e+45
2.9753545577e+45
4.2046802311e+44
2.6674733296e+48
1.0100513536e+46
2.3948612092e+44
2.6348581964e+45
1.8299185634e+47
1.2178150560e+45
2.2203748349e+47
7.5412710470e+44
4.2020322216e+49
1.2758299120e+47
3.6759045115e+44
1.5235292749e+47
9.9938855139e+47
4.0170050046e+47
2.4772779305e+48
1.3611606107e+46
2.6715275093e+46
3.1147974878e+45
4.2389409137e+44
1.4077937101e+47
4.8200141367e+44
4.9042454950e+47
1.2547127961e+44
6.7711537947e+44
4.0129457793e+42
2.8339426143e+42
1.1939710919e+45
2.7826849267e+45
1.7649346668e+50
2.3641900551e+45
1.1343997388e+46
8.7752149991e+38
1.2156576453e+49
1.1756172161e+46
1.9004996820e+44
1.2904841332e+47
1.0415533421e+45
1.4191472529e+47
3.3385030999e+49
1.8580663330e+44
1.5624214796e+43
6.9498011156e+45
1.7980154337e+46
1.0623783202e+43
1.0766834769e+46
1.5408149892e+46
2.9982619445e+47
8.6959848578e+44
4.3105951608e+45
5.1615914131e+45
8.7644456771e+47
2.9095976592e+46
9.7348248442e+45
4.2905760803e+44
2.6550634528e+47
1.3566491410e+44
1.5197464818e+47
7.6593717457e+47
4.0751664485e+48
1.5848622248e+44
3.6200840272e+46
6.4270147509e+44
4.6929885828e+50
7.7634223375e+44
1.3319225098e+43
1.1833450415e+42
4.0096050753e+45
7.7853362332e+45
6.2483817801e+43
8.0585632617e+45
5.1700663844e+46
2.2094865971e+45
6.4382952466e+48
1.5268032123e+45
4.4537277935e+47
3.2087232647e+46
3.0864514745e+45
7.8396580159e+42
1.6038227346e+48
1.1624385150e+47
5.5842746053e+47
2.2522584595e+45
7.0209984935e+46
5.0449383847e+45
1.3278312093e+47
2.0054485123e+47
2.2006001263e+43
2.0193417955e+43
5.3250006837e+44
5.8887124944e+40
3.9257727768e+43
4.4702867246e+48
3.0989485986e+40
3.0396324992e+43
4.2208090773e+44
2.5811637526e+47
8.1827602406e+42
2.8828561144e+43
3.5209802163e+45
8.8657380978e+45
1.2698788560e+47
5.4368318789e+48
8.9426043376e+44
1.7358858119e+44
1.2532127754e+49
6.2109507964e+46
3.4319882668e+44
2.1695781105e+48
4.3405995340e+47
5.6432185644e+43
1.7725648871e+44
1.1507991179e+50
1.2556705714e+47
5.4386203516e+44
1.1696392326e+51
4.0160455644e+46
4.9011577956e+40
1.1484906011e+48
2.7626177663e+46
6.4589234996e+46
1.1593604160e+42
2.2565327096e+48
2.6030092633e+46
2.4577976665e+49
1.2922102089e+44
2.5199959016e+44
1.1971986620e+48
4.5398521126e+47
1.1922439865e+45
1.1691781872e+45
1.5822073289e+44
1.0525679380e+43
8.8303639021e+43
4.3155012791e+42
3.1579807099e+43
1.1838983349e+44
1.5793466393e+46
8.5285814718e+47
1.9398198545e+46
1.1947332966e+46
7.8503145345e+42
9.9050848301e+44
4.8262031724e+46
5.6287641322e+42
2.2308885411e+44
1.5596989834e+46
4.4583208159e+48
3.8880400177e+44
2.9723897787e+48
9.1895611343e+47
3.5905386812e+45
7.3979505350e+47
4.4248985706e+47
5.5350437115e+45
4.7666231600e+44
7.7028364720e+42
7.9213527096e+49
2.2509397077e+46
1.8340928094e+46
1.7567163101e+45
5.3803049030e+44
4.4454480400e+46
5.0768129301e+45
9.4218739179e+42
6.3422442090e+43
1.0466643538e+46
2.0111177342e+45
6.6609205930e+44
4.2920390491e+46
1.4182439389e+44
6.0312504782e+47
2.0161212929e+48
3.8302054566e+44
8.5412377592e+45
2.7584690370e+49
1.6247450096e+48
4.0908191355e+49
3.7109264819e+44
2.6614509879e+48
3.3271791912e+45
5.8825919478e+46
1.5391838907e+49
4.6478580820e+45
7.5277180201e+44
8.1121928242e+47
1.5907118640e+44
5.0743168076e+43
9.6840519430e+47
2.7810273029e+47
2.3613068007e+44
1.2189244035e+49
8.2916739922e+40
9.7848242758e+46
3.7941297853e+47
1.5008423292e+46
1.0860392996e+47
2.9845006927e+47
9.7467607761e+47
1.2306240655e+48
7.2594509687e+48
1.9019819577e+49
7.8882848985e+44
1.9992343082e+46
7.5701068090e+43
1.6854151407e+41
1.3032289432e+47
1.3555873805e+44
3.4351430869e+46
4.9846604004e+45
1.2780737139e+47
8.8262186467e+43
8.2471355244e+43
2.5618620349e+43
3.2008823043e+43
1.2073015818e+47
3.9139015880e+43
2.0768910286e+43
1.1825509322e+48
2.8663573521e+48
6.3872612704e+47
9.0526679982e+47
3.7890495755e+42
2.0935256956e+44
1.9088226534e+37
2.2321807569e+44
1.0263131419e+47
1.3511623516e+44
2.1604224709e+49
1.1964340878e+44
1.8464564468e+46
5.0122183467e+46
1.9934484841e+45
3.9543048411e+42
1.0210303545e+45
1.7525902871e+45
3.4435345631e+47
4.7680149810e+47
7.0933628961e+46
2.8698414776e+47
8.8013974985e+45
1.1274015383e+48
3.6434060135e+45
3.0662962502e+45
1.6062004896e+47
2.4069433120e+44
6.4445058628e+44
2.4006742989e+46
8.3274355703e+44
2.8085802963e+43
3.4446204053e+46
2.0498950395e+46
6.6183639141e+44
1.6585001861e+46
3.2015114929e+48
2.9226375680e+46
2.2612516364e+41
7.2084706977e+46
8.9354552009e+39
1.5258602825e+48
1.0096596454e+46
2.3677147651e+48
1.1826398124e+42
7.1978111214e+43
2.5951807857e+47
6.0989689638e+48
9.8625851844e+45
3.6784474699e+41
1.0858808094e+46
2.1533521120e+46
8.2826382196e+47
1.2480776764e+46
1.6202750458e+44
2.0614852325e+49
5.5033553851e+49
1.6638862729e+45
1.9846743806e+46
2.7324449251e+48
5.1751189057e+48
2.0334964009e+45
4.2790499356e+41
9.0727695485e+45
1.6749580311e+45
1.4388766913e+49
1.2782343973e+45
7.0728463029e+46
4.1810936742e+45
1.5817507813e+48
3.4848921096e+47
3.7104485365e+47
3.1458659827e+42
1.3465901883e+48
1.2866845698e+45
9.8066186487e+45
2.7059361277e+46
9.6856555775e+44
3.6393550014e+44
9.4657017810e+50
1.0050494698e+48
3.7880261066e+48
1.8686989238e+47
7.5136328172e+46
2.9625474599e+46
1.1696321860e+48
4.5754997407e+45
6.5831056019e+43
1.0635671181e+43
1.7366867397e+49
1.6565414606e+43
2.0571497952e+47
1.1073257644e+49
3.2230704272e+45
2.4838081577e+47
2.7866891709e+44
7.8531227699e+37
1.5591656966e+48
1.7947343528e+46
6.9181037500e+46
7.6565030030e+45
4.6062641864e+44
1.2347412553e+42
1.9055147431e+49
1.5370206926e+46
2.6424958529e+43
2.0202261407e+46
8.4543465579e+46
3.2892936634e+47
4.8343940195e+45
7.5787800681e+46
2.0323839183e+47
3.5275880311e+45
8.4585656290e+47
5.5596557162e+43
3.9426785754e+44
4.9753822607e+44
1.1189271303e+47
5.5800176090e+45
7.8175699661e+45
6.7679750665e+50
4.2479078635e+40
2.0878198221e+48
2.8713871306e+49
1.2443234951e+49
5.0272748877e+45
4.6323041920e+44
6.0022938286e+46
1.6847188726e+43
1.0817742824e+44
3.8644207951e+46
1.3935665665e+45
1.8335908977e+46
2.8099461160e+45
5.0766516909e+47
9.3544053520e+44
1.7407318234e+44
7.4488268242e+44
3.9161284522e+42
2.5338540272e+49
3.0595798817e+49
1.2380303672e+44
1.7029359236e+44
3.9147704435e+47
2.5692033463e+45
1.2830486376e+46
9.3787763423e+46
4.4400676603e+45
3.1617238598e+45
5.0340920138e+44
2.5905762567e+45
7.1612622390e+46
1.6976497167e+44
9.9949817825e+44
3.2691357301e+40
1.0681217729e+46
8.4415319564e+44
4.3255942890e+45
1.4088171270e+47
1.7068458302e+46
1.1173660847e+48
1.5908100753e+46
8.1809710269e+46
2.3560790161e+45
2.4376024904e+46
2.3831576403e+43
1.9073931817e+47
4.0901549106e+46
9.9468570790e+44
3.2517088024e+48
7.3659616491e+39
9.1879676717e+50
8.3669031388e+44
3.0229167491e+47
1.2515603910e+47
4.1368737222e+42
5.0058743438e+43
7.6244836199e+44
2.7184049731e+45
6.0755994801e+45
1.2423989469e+45
1.1464055550e+47
3.1630984537e+47
5.8248338143e+42
1.1181408945e+46
8.8444271131e+40
6.3431510327e+46
8.9042898372e+45
4.1512722224e+47
2.9397661180e+48
4.7420279200e+41
2.0333111869e+47
1.1933733443e+45
8.9735065303e+44
2.7587700151e+49
6.3069260798e+48
2.3130741474e+45
1.9460805265e+47
1.8843638742e+49
2.8466560383e+48
1.3050415523e+45
1.0111070161e+48
3.3489152586e+47
2.7730668211e+49
4.0563798243e+47
5.1073369913e+45
2.6839690575e+46
4.2336291703e+41
1.2156730983e+46
7.9176528923e+47
2.6098488998e+47
3.9329120897e+43
1.6712303006e+46
3.1379967133e+46
3.0233857468e+40
6.5390326077e+44
1.0637102635e+46
9.8976579038e+47
1.7951511727e+42
1.1150192735e+43
2.5593907251e+46
5.1743499480e+47
9.0809998349e+43
3.4693080737e+46
1.5867407569e+43
4.1158633699e+43
1.6973020368e+47
2.6913662933e+44
9.4362531542e+46
5.7409695051e+46
2.9209697242e+46
2.7099858744e+50
1.6270928329e+47
1.8749015419e+45
7.9695154239e+45
7.5029099025e+44
5.1138147560e+44
6.6532358721e+47
1.9873617244e+46
4.6379395786e+42
1.2114439293e+42
7.7386014290e+46
1.9694442003e+47
1.2043689161e+46
3.4290379778e+43
1.6713881412e+46
6.1229903931e+47
1.0033794024e+43
3.5951207042e+43
2.0410349060e+43
9.8304849932e+48
3.0999673618e+44
1.0046560714e+46
1.0041534786e+48
7.7481398313e+43
3.2033946054e+45
1.0056515739e+45
9.6080807177e+42
1.8781398655e+48
1.8234763011e+45
3.9401751237e+45
9.2307915575e+43
7.9317637336e+45
6.9724159823e+44
1.7228056932e+45
1.1117615938e+45
2.6548297694e+42
7.1964459218e+46
8.4689566168e+44
7.4890169561e+44
2.8249367050e+46
2.6263717064e+48
3.2966548029e+46
9.6084999009e+45
1.3573063991e+47
3.6573190316e+47
5.3674808143e+44
9.5957739036e+46
1.1474990190e+49
3.7995215834e+49
3.3001820330e+44
1.1709955608e+45
2.6572260658e+45
5.7907311955e+47
1.0045342049e+47
4.2752444585e+47
1.2852484116e+42
1.9717515470e+42
2.4371800853e+44
4.0045387122e+46
5.6810792747e+47
3.7877702339e+45
1.5077981249e+44
1.0829626774e+45
2.5634061726e+47
9.1348872731e+47
2.0848707766e+44
4.5476627901e+45
2.6203136965e+44
2.7566650951e+46
8.6139592302e+40
4.0015851024e+49
1.0329372560e+44
4.5503966490e+46
9.4075513605e+42
2.1767536376e+49
1.8407066720e+45
4.2155464266e+46
1.2601203247e+48
1.5696370104e+47
5.6740011504e+46
3.4987162288e+44
2.2306010174e+49
3.3463700846e+44
5.5471236314e+46
1.1071626863e+42
2.8123515899e+46
2.9923327297e+45
1.0246094447e+46
5.3168457094e+43
5.3179734829e+43
5.7263739341e+45
2.8137067606e+46
6.8002711542e+47
9.4537550503e+46
1.1102091485e+49
1.7129239056e+47
1.6750941553e+43
4.1851261805e+49
3.9909628506e+47
4.3522122761e+46
9.8283517966e+41
1.0151565335e+45
1.9947439183e+46
2.5050930519e+45
1.0923038573e+46
1.7134905706e+48
5.7009637191e+45
3.1063114328e+40
1.0023104312e+44
1.5367432556e+49
9.7679357159e+47
1.3284647991e+49
2.9162714824e+46
3.2775338952e+47
2.0405772206e+42
1.9938394181e+43
6.9087037575e+43
2.4979095166e+45
6.6279073463e+39
3.3830164032e+48
2.4637260734e+46
4.8153030197e+46
2.2593840836e+44
3.3870775643e+46
1.8949542791e+49
3.9801658297e+47
2.7819077702e+44
6.7814510287e+46
7.4653910398e+44
4.8848406739e+43
4.5504864572e+46
3.7385171410e+44
7.4241036313e+43
4.9940880874e+47
5.8427526481e+47
8.2289296611e+44
3.1106469662e+46
1.9533358517e+44
8.3276486448e+43
2.2129623593e+44
2.2988168843e+41
2.8438049543e+45
2.5622898407e+47
1.7038416216e+46
1.6862723672e+51
1.3753149160e+42
2.0579826400e+46
2.3994921533e+47
1.7940902425e+47
1.0676590432e+46
1.5442902843e+44
2.5318049824e+43
1.8772270611e+48
1.3240974674e+45
9.0168183268e+48
2.1456559223e+48
6.8590403509e+44
9.8336933379e+44
3.6787653508e+42
2.2921346473e+47
2.8839011775e+46
7.2767300711e+45
2.3443790922e+46
3.1531388642e+48
2.3678906125e+42
7.8002775859e+39
8.0775207263e+42
3.1646565037e+47
8.1420389939e+42
4.2431083065e+43
1.2913819415e+45
6.4884113076e+47
1.9291884992e+45
2.2787182490e+47
1.2217709492e+47
1.8758765388e+47
1.3421252144e+41
1.3489876264e+48
1.5052883415e+42
1.2623664050e+44
6.8121102048e+45
1.3237138719e+46
4.8045137366e+47
9.1718102991e+47
1.3220199828e+46
1.7610428939e+46
1.3585498382e+48
1.4361150544e+45
1.2436530141e+42
6.2120871854e+45
1.5957509070e+47
6.2871720119e+44
6.0563641992e+44
2.6628621540e+45
5.1522736423e+43
4.5023718866e+48
6.7789153196e+46
2.6409811448e+47
7.2139211581e+42
9.1619135889e+46
1.1679525508e+48
6.2316804255e+45
2.9738803877e+47
1.3472297030e+48
1.6191856139e+44
7.0336235111e+44
4.2804028649e+41
7.9236128046e+46
4.8870441290e+41
1.4485406468e+42
5.1065501022e+44
1.2333040166e+48
2.2489445646e+43
7.0707482654e+45
2.8725233132e+45
5.1553100047e+45
1.4934379504e+46
2.9831176319e+45
1.9807560093e+44
1.0738932089e+47
1.4069181913e+48
3.6118929241e+48
8.8663298018e+40
1.0548407874e+46
1.4980961530e+45
6.1880527704e+43
9.5457283553e+42
6.4704092284e+44
4.3208074146e+41
3.0656446500e+47
3.8430733153e+47
4.7028314882e+44
5.9329247805e+43
1.4998604849e+48
1.4895265087e+47
3.1000485338e+47
4.8407156726e+45
4.1805492406e+40
1.6429907695e+47
1.6402425464e+46
8.3357419761e+47
9.7331355964e+47
9.0323652259e+45
1.0295331791e+47
8.6427478112e+44
2.8401907534e+42
1.8705874212e+46
2.9410291984e+44
1.3856092192e+42
1.6835769766e+47
9.7683298115e+48
8.4843296475e+47
1.2412936981e+46
4.4534512635e+49
1.9273103607e+45
9.0038726741e+44
4.7499920452e+49
2.6616687987e+44
1.3221101098e+47
1.9585571353e+45
2.2565970218e+44
5.5555642232e+42
8.2253167732e+44
4.2777688120e+47
7.1873273954e+45
1.2577481018e+47
3.2795291204e+48
1.9398587844e+45
4.1966724625e+46
1.5045864737e+44
2.0010922253e+47
4.2243164408e+46
1.5568334180e+45
4.2949510671e+45
5.9542205141e+42
1.2674372225e+44
4.5712636614e+48
5.5005448990e+46
1.4856178540e+43
1.0935125176e+48
5.4189148226e+45
1.4243959867e+45
2.2930368658e+48
6.4963085843e+46
2.3309114550e+43
3.2004317287e+47
8.9280391207e+45
4.2852390430e+48
4.3086829405e+47
2.6325830587e+46
1.5321126509e+46
6.8234181560e+47
1.0032831572e+42
5.5394511142e+48
7.7475165114e+44
1.8920136322e+44
6.3068576913e+48
3.7299999325e+43
1.8819987231e+45
3.6126705978e+49
6.7749865168e+47
1.2848365997e+48
2.9349110476e+49
1.3503654005e+44
1.3784776746e+49
2.8362546455e+44
1.2342935582e+44
3.8186351791e+45
1.5351850251e+48
6.5135531282e+48
6.6666053865e+47
1.3566554621e+49
6.1114910183e+47
2.7574146800e+47
1.0624770760e+47
2.0351569915e+45
2.3452232264e+47
3.5889827332e+45
2.2723455195e+47
1.8197733695e+44
1.6370092428e+45
5.4084737325e+47
2.1479698844e+41
1.2534115467e+47
1.0357402496e+47
1.3583525929e+44
1.0088904146e+46
1.1961445747e+45
7.2543437644e+48
1.9874962484e+46
1.8405650508e+39
7.2556216227e+47
1.8708883513e+46
7.4723138124e+44
2.5902618367e+45
5.8122774421e+46
9.9109331937e+45
1.2370221009e+49
4.2178138189e+48
9.6038351908e+44
4.4862187402e+46
3.1634799888e+46
1.0771600926e+45
3.0064858724e+48
2.7169006199e+43
8.9122701832e+45
1.9920572793e+44
4.8761578574e+45
8.3302121161e+43
4.6155042238e+49
6.0190644643e+44
1.6253357500e+47
1.7836346515e+49
9.8918796394e+46
8.7758467258e+45
7.9247622894e+46
7.8610657073e+49
4.1114001590e+45
2.3464581214e+46
1.9969876748e+45
5.7160454474e+46
7.8699522998e+44
3.8372872373e+43
4.7314239563e+46
3.8053281838e+47
2.2820405476e+44
2.3230642132e+47
8.6573446163e+45
7.7500213066e+47
9.0736597551e+47
5.4898842514e+42
2.3506667725e+46
3.7950758155e+45
3.5470209122e+43
1.1169930917e+47
6.7163302666e+45
7.1054187534e+44
3.5862536927e+45
1.1102216441e+44
1.7285227286e+43
2.5162503866e+44
3.1836410413e+44
6.2112198235e+42
1.8583004814e+48
1.3241959259e+50
2.8715976453e+46
3.6641940820e+45
2.2171068507e+45
1.0769774027e+46
2.8012718976e+44
2.2279449623e+49
3.7372083769e+44
8.8113028793e+46
3.2390674974e+48
1.5231259976e+41
1.2645943794e+47
6.6620947372e+46
2.4288696530e+41
8.3930556745e+44
4.7429212131e+49
1.0832468436e+50
2.0438987403e+42
5.8928928876e+45
7.1279606289e+43
2.2813359111e+46
4.5999233583e+47
3.4755942086e+42
1.1113363607e+43
1.9725790094e+46
1.0869379182e+41
5.8388190727e+48
7.8281142527e+41
7.6347242791e+46
3.2964567073e+47
3.4127691616e+45
7.6104012057e+42
1.5139895981e+46
1.6764438349e+46
1.0143362767e+44
1.1100618347e+46
7.2927889100e+46
2.3719199752e+49
2.1712111713e+47
3.6764941387e+47
2.6991641026e+46
2.6783924835e+46
1.1713932560e+46
1.5258077058e+48
2.7958454875e+46
1.6945065212e+47
3.2494400428e+45
9.4772046192e+43
9.3177440285e+44
6.0249067045e+46
7.4873382117e+45
1.1763568060e+39
2.0705568809e+45
4.3710960393e+46
1.6784562383e+42
9.8469145739e+42
3.3887867709e+47
1.3651225055e+44
4.3423811891e+45
1.0637307718e+49
3.2775962714e+48
5.2330037035e+45
6.0025336062e+48
4.5079650674e+45
8.5817587581e+44
1.7314315646e+48
7.6592936480e+44
3.1079570601e+46
7.2138326770e+44
1.6900594288e+47
7.1251252046e+47
1.3820347226e+47
7.5013092183e+43
2.0327336250e+47
3.8203796207e+48
5.9090511260e+47
1.7871162469e+42
7.5583887140e+46
1.3097967731e+47
2.3802220059e+47
1.8203870793e+44
8.0291920732e+47
1.6036673031e+42
6.2817691554e+45
2.7917135621e+47
8.7153058043e+46
5.2222650495e+43
1.6163686647e+45
4.9828175962e+46
4.0205886580e+46
6.7429324033e+45
6.4718438083e+46
2.5666222169e+47
3.3569795579e+46
6.4788508404e+43
1.4321719721e+44
2.0547154693e+47
2.6964526694e+46
6.1068633620e+47
3.0517818192e+43
1.1854939198e+47
7.0192571934e+43
5.1437444927e+44
1.5546194853e+45
1.5632914978e+44
4.5285025488e+43
1.9446129171e+46
9.4666045878e+44
9.4618425104e+45
1.2611013710e+47
4.8653201356e+47
3.7898624161e+44
8.3560050663e+45
3.9683900141e+47
1.4964803135e+46
1.1089368588e+48
3.4262409506e+46
6.2645268835e+47
1.2167431422e+46
5.1643395682e+43
2.5575594236e+46
9.8063925931e+46
2.8750060007e+42
5.7133530556e+47
1.3872433234e+43
1.9134687620e+42
2.7696748929e+47
5.3467516024e+46
9.5718785220e+44
2.2158244338e+46
1.8683698669e+48
1.6600261577e+47
1.9097997932e+46
5.7238752210e+45
2.2402186619e+47
8.6527645908e+48
1.4393085866e+46
1.7254888806e+46
1.0918724087e+49
1.5630874414e+43
1.6513539057e+48
2.3686537963e+48
5.1015053622e+49
2.3948779085e+45
1.6502159119e+47
6.0645372569e+43
4.3502083548e+44
3.1146853563e+43
2.2944887133e+45
4.8323372247e+44
1.1287809632e+47
1.0644917007e+45
4.0106275194e+46
1.2899484616e+45
3.8407006527e+48
2.5002880701e+45
1.1525298058e+45
2.2795412989e+47
6.3653938738e+47
9.9160243506e+49
8.7526456780e+43
4.3878338709e+44
5.7472018387e+47
1.8457089730e+48
2.2941301054e+45
1.9059201254e+44
9.8269480260e+41
1.0456339244e+49
3.1931154048e+47
1.5197352843e+46
2.6825307121e+42
2.3177066026e+46
4.5545919941e+47
9.9186854425e+48
5.8540502848e+46
5.1977062666e+42
1.6397919117e+46
1.1819905600e+40
2.2615296595e+45
1.8690398958e+46
1.2526105391e+45
8.2547174146e+47
4.8482378264e+43
2.7526016751e+45
7.7221420623e+45
1.6512941283e+47
2.5561750370e+46
2.0493700683e+47
9.8941598521e+40
1.9917370638e+47
6.1769452617e+44
1.7936060350e+45
2.4782098796e+45
2.7092695863e+44
1.3388821035e+46
4.7204034661e+45
1.9785161708e+50
5.6294800205e+45
8.7101845408e+43
9.6832139313e+47
8.6831158789e+46
2.7633229119e+46
8.8138482305e+46
1.2860547647e+43
2.4183047445e+45
7.7091763576e+45
5.9254463422e+44
8.5545172578e+46
2.6007198196e+45
4.6031371090e+44
5.8284209584e+45
6.1623382269e+45
4.7077423852e+47
1.3531084463e+47
5.0852426335e+44
4.0603363991e+46
2.5237013111e+42
2.2247163890e+46
7.6028325862e+45
5.7524171683e+42
6.3851969237e+46
4.0995297813e+41
2.0516797216e+44
6.7853503808e+46
1.5501324720e+42
3.0631412019e+44
1.2060573207e+48
2.3374591136e+46
3.6868026112e+47
1.7139996213e+49
2.0730007464e+47
3.5319322178e+45
8.9248403835e+45
1.0026590696e+48
2.5492856572e+46
6.4406771559e+45
5.5601377751e+45
1.5874807395e+49
7.1683549548e+47
6.0206830234e+47
4.6405641949e+43
7.4748485067e+45
3.8447113563e+46
1.9408002248e+45
2.4550021498e+46
1.2099623284e+47
2.6722340240e+48
5.3555042674e+46
2.1045935378e+47
2.0485664021e+48
2.4366816427e+44
5.0937807856e+45
4.2361507029e+47
3.3909660712e+42
4.8210144535e+48
4.3702389604e+44
2.3577212025e+46
9.1859639127e+45
9.1705040843e+44
7.9637321101e+43
3.3743409663e+50
2.8084771822e+47
5.8390273422e+47
1.4158994327e+46
7.5239828966e+42
1.7242094279e+46
1.2332111463e+47
6.1150345404e+41
5.8311342900e+45
3.6568719013e+48
9.1093359438e+47
3.5726905374e+47
9.7697649760e+46
1.7436684951e+47
7.6388109012e+44
7.4171434484e+45
2.0252638428e+47
1.7277962612e+38
6.3492745884e+44
4.2883357311e+47
4.6538517233e+48
3.5848638412e+44
9.3333057790e+46
5.9255466001e+47
3.5518887049e+36
4.9116026928e+48
3.7390970356e+48
3.1287063801e+47
3.9017378442e+44
2.6128122098e+47
4.1596316007e+45
3.5332015348e+49
3.1191693637e+47
1.6204596110e+48
8.0345207208e+45
6.3594328274e+43
5.9087638444e+45
1.3591288008e+48
1.5921397087e+46
1.1976579881e+46
5.5213140413e+42
1.3331578004e+45
1.2128324478e+46
5.3191234017e+45
1.5666330583e+47
1.7706793337e+45
1.5460609483e+47
1.7687463536e+46
4.9548868466e+48
5.9883794814e+43
4.0388981370e+44
1.8398713663e+47
1.2212701948e+49
2.0068045836e+49
5.5445451875e+48
2.0680967446e+40
2.8054352023e+46
2.6016101662e+46
1.4689277053e+49
6.2732941257e+45
6.7015630395e+42
3.1499085453e+44
7.7266506209e+44
4.9448762009e+45
2.9932059308e+44
1.1779459633e+46
1.4799085739e+47
5.3837630174e+45
5.8938037194e+45
8.3157301765e+46
1.7858520818e+47
2.8325781432e+45
4.4994090616e+46
3.7995218349e+46
6.4777024672e+46
7.1237540334e+44
5.9646527568e+46
2.4728178304e+46
4.3970741430e+47
5.4859875006e+45
1.3175199541e+47
2.5879193267e+47
2.6142632072e+47
2.9605449890e+43
6.0357571738e+42
1.1254445055e+47
5.0518285596e+44
1.0255959881e+47
1.1119827129e+45
1.9572987414e+45
2.5650829584e+49
2.1261947972e+45
1.3507833171e+47
2.0167583073e+48
1.8297351253e+46
3.9561828581e+42
4.8644707602e+44
4.6544564628e+44
1.2041729557e+47
4.0348713263e+46
8.5824479293e+46
2.1430522098e+42
1.0318086478e+45
6.5481781680e+45
3.6075431287e+47
8.2588431787e+45
1.8489975018e+46
7.2494219256e+46
1.2915271308e+43
2.4182817595e+43
4.1375896160e+48
4.7382384753e+44
1.0595488458e+47
6.6701043206e+47
1.8925969099e+44
5.6642789326e+45
1.0250338314e+48
2.2204523686e+46
1.3305172193e+47
2.5744359972e+49
6.5870725609e+45
3.2004685472e+44
2.8677438406e+46
8.8711970761e+43
1.2441377606e+47
7.3788142731e+46
6.4114148000e+48
1.8264957555e+48
1.3358251067e+45
3.4950748570e+42
1.8611176268e+47
3.9672081677e+45
2.1118047725e+47
1.9291380008e+47
2.0656677424e+46
3.1070081553e+44
2.1121017826e+44
8.1138607142e+45
2.1403542733e+41
5.1144097285e+46
1.1737875245e+49
2.5558222484e+45
5.2249708226e+47
5.6549050102e+46
9.8279170569e+46
2.2288077912e+47
1.6037313538e+46
8.1419651200e+46
5.3670869175e+43
7.6590602044e+46
4.8929612292e+43
4.5940283805e+41
1.7474045770e+42
1.9313790022e+47
4.8363003788e+47
1.0319617710e+48
9.5637559910e+44
6.4399229380e+45
1.2241483429e+48
3.9742914256e+47
1.6643688544e+47
5.5592281849e+46
2.3036040207e+43
2.7807645145e+46
1.9049412746e+48
2.1120204583e+45
3.0368403196e+46
5.4474635071e+48
4.5375758750e+45
1.3568734996e+46
3.4229109354e+43
2.7920432297e+47
1.8193092532e+48
2.3638600522e+42
5.6548777795e+46
6.9106711075e+48
1.0156370161e+46
8.6996409771e+41
8.8546319706e+47
1.9483371711e+43
9.8908377094e+46
1.3578728491e+48
1.2425432161e+43
1.8111900252e+49
5.4311169570e+46
8.9166566006e+46
7.9727389881e+40
3.6630644865e+42
1.4443136381e+44
1.8734071281e+41
4.0851888411e+44
2.2015828036e+48
3.0113215693e+46
1.0394973227e+47
6.8732322265e+45
2.5609392423e+44
5.0994239518e+47
8.9681679968e+46
7.1795800513e+44
2.2287261117e+44
1.2874034082e+45
1.2258476908e+47
1.3190283111e+43
3.7264577522e+47
4.1702579112e+45
1.5460784811e+47
6.3639072672e+48
4.4205899857e+45
6.2614416548e+48
1.7024175682e+45
2.3133782959e+45
3.0871526595e+43
1.2295097911e+44
1.1269843473e+45
2.7671830090e+47
2.0112911937e+45
1.0861371268e+48
5.0069293182e+46
2.3235710335e+43
1.0011127646e+47
3.9916509764e+45
4.3703171401e+49
4.6838279348e+45
4.0678506139e+46
3.2081593238e+46
3.9725956133e+48
2.6886607704e+47
1.5933273157e+45
3.9908516871e+46
3.0636340439e+44
4.4350248893e+44
5.1390548325e+44
1.8868139315e+45
1.0749938014e+45
3.6405572121e+47
1.1111895385e+48
6.1832361428e+46
8.1725180049e+45
6.9116070795e+47
1.2264375924e+44
8.5573022446e+44
1.6932591822e+49
1.7151357548e+47
1.2402655650e+48
4.2300749427e+45
4.5341480180e+48
4.8597975048e+47
8.3846158151e+45
1.3661821082e+46
8.6030554630e+45
7.4517280526e+47
1.6204476760e+46
1.0051549406e+44
2.5628144009e+47
6.4375001663e+45
3.0339433241e+47
6.6172659722e+45
1.5759742789e+43
1.2916834677e+45
2.3806197735e+45
4.5498965494e+45
1.2494983360e+48
2.3657933889e+46
1.9245662757e+47
1.7924581660e+47
1.5731057947e+45
2.5702971461e+49
4.2143776486e+45
1.0050340972e+46
1.6141437857e+46
1.1319639754e+49
1.1575694870e+45
3.5888806690e+46
7.6023507422e+43
4.9568816640e+48
3.4212208585e+46
1.1393039377e+47
1.1693390453e+47
7.0000773404e+48
2.9634738188e+41
2.0661655228e+44
1.5944444206e+47
3.1369382389e+48
1.4550039467e+44
1.4710928381e+48
4.0448994650e+47
1.3349031263e+47
5.0214485189e+47
5.4535214191e+47
2.5110505701e+43
3.1061702508e+47
6.4946319353e+44
2.2375043514e+46
1.1091990658e+47
4.6211706629e+46
2.8494569187e+44
2.8119974119e+44
4.7819675199e+44
7.7270727067e+46
4.9854773618e+47
1.0527506248e+45
1.4093092771e+43
4.1226222450e+46
1.2101757174e+44
4.6366846198e+46
3.1699461351e+45
1.6601821565e+47
1.9657943519e+48
1.5116502500e+48
2.6084603902e+46
1.9777944174e+49
2.3873229173e+46
2.4036226477e+45
3.8555936803e+45
2.3844231739e+47
4.2646544970e+46
3.3975971045e+48
3.0177262261e+44
4.0059105642e+45
1.2178477187e+47
1.2557160640e+47
9.3816848982e+44
6.2909455926e+37
1.0023633505e+44
3.8933647669e+43
8.4485827036e+48
4.6902361552e+46
2.6120998696e+46
7.1374553878e+44
5.3756881900e+44
4.0261077144e+46
5.8965853715e+45
4.7007292892e+45
1.6178061612e+46
2.0801833195e+44
1.0978768867e+50
2.2436111134e+45
1.6750330254e+47
6.1614381654e+44
2.9538628545e+46
3.8334986476e+43
1.5009703625e+48
1.5211319567e+45
2.5916722293e+47
8.7470304841e+48
1.3264726782e+46
1.4736562942e+45
7.9836686035e+44
1.3713105647e+45
4.6058215575e+46
1.6431806124e+42
2.0131605403e+47
1.4586786488e+43
3.0332507423e+47
7.4991792181e+47
1.8990593814e+47
2.1014801951e+43
4.0069564201e+47
8.9886302300e+42
8.4577483249e+46
1.3934953891e+42
3.5574653911e+47
1.0784839998e+46
4.7424630341e+44
4.2879650176e+48
2.6728518302e+43
2.3899862095e+47
3.1408870159e+47
1.7145666711e+45
1.1253609450e+44
2.5563939276e+46
1.2471492575e+50
3.0513372996e+48
1.4190363478e+43
4.7490923768e+46
2.4239439273e+47
3.3157560539e+46
6.0339283206e+47
1.1021725521e+46
1.3055286834e+48
9.3731505469e+44
4.4803024087e+46
1.2645037809e+49
5.7801291467e+45
7.4687435098e+47
1.8756359895e+47
1.0976848987e+48
6.9678999171e+41
4.8700651327e+46
1.6930984500e+43
5.6160512937e+48
6.9725234683e+42
2.1785785060e+47
1.7980824491e+45
1.2371872591e+46
7.0166992581e+46
3.9381521034e+47
1.2291726833e+47
1.7213395744e+50
1.7799442278e+47
4.0093200050e+37
2.1806790363e+45
8.6729568197e+45
3.4294121378e+44
7.9446911267e+47
3.9006172847e+42
6.3167397306e+45
1.4953623769e+45
1.2625544524e+42
6.3249118832e+46
7.7838545402e+46
8.4954079011e+47
1.7657596320e+48
1.1007812035e+47
4.5397878690e+45
7.7305286810e+46
5.5083239410e+44
7.0068109759e+45
1.8969183042e+44
2.3767676731e+43
3.0754005654e+45
9.3594759815e+45
2.7256335195e+43
1.1118523388e+46
4.8997438996e+48
5.9355508471e+49
2.9178907902e+46
1.4682297732e+49
6.1823795420e+47
2.8651598288e+48
3.2714699454e+47
3.0226696750e+43
7.8407543491e+46
2.2888734161e+46
6.0380039954e+43
8.3068619343e+45
2.1602393236e+43
3.1594484467e+47
1.3608232694e+46
6.4373626291e+48
6.7976497435e+45
1.4221086159e+48
9.5972998311e+44
2.1400813501e+48
1.2880862706e+44
7.2558143828e+45
3.9954888122e+42
7.6183176274e+47
2.3556576238e+46
8.5112128476e+46
1.3332247100e+47
2.0567160701e+46
2.0892198797e+47
1.5771976992e+42
4.0505474213e+48
4.5975390814e+42
4.6321550908e+48
9.7897377469e+45
2.7026405836e+42
1.2818601551e+41
2.8239234571e+48
2.2727086489e+48
1.5878174335e+46
2.1767731903e+46
1.5783946208e+47
4.9764947327e+44
3.0126059668e+48
9.4405284980e+45
2.1444209647e+44
2.4039029461e+45
1.7361672154e+50
1.3726220167e+46
2.3710089295e+40
1.0805906655e+48
3.5609523054e+45
6.4441721853e+44
2.5436321031e+47
1.4455885701e+47
2.6289965167e+47
3.0287519691e+45
2.0628170129e+47
1.1026763207e+45
4.3185703210e+45
3.0526668084e+42
4.1371084993e+44
6.5837263331e+45
1.6593810846e+48
6.3159087749e+47
3.2712285440e+42
3.4852787352e+45
4.7072143794e+48
1.8057737451e+42
5.8385730370e+44
1.6292600285e+47
1.6025887577e+48
3.9145654549e+46
1.5717999147e+45
3.4060932437e+47
5.8433261006e+46
3.9039645893e+45
3.0466427629e+47
1.0334298397e+46
1.3265190357e+45
2.8157656411e+46
5.3011804450e+45
6.3026651613e+46
5.9646985735e+47
3.3412676619e+50
5.7514650433e+43
3.6509693091e+43
8.9740926691e+47
1.3468576185e+42
3.5184680580e+47
1.9271367121e+44
5.6162128462e+45
3.6795448225e+49
3.6882451879e+48
5.0068304389e+46
2.0466225956e+46
1.7001438053e+44
6.3431004464e+47
3.0465692505e+44
1.3174867574e+41
1.9763515696e+40
2.6872165645e+43
4.3738347708e+48
1.9346422808e+45
7.0289571579e+43
5.1797125919e+47
9.4431898685e+45
3.6862244770e+48
7.2287102851e+48
1.7405485072e+46
6.8575573684e+46
1.6132301963e+49
5.0388938955e+49
3.6816599353e+46
1.6610444639e+46
2.1984068671e+47
3.3829816516e+47
1.8787472947e+46
5.2603960293e+46
1.4000916103e+46
5.7835975778e+44
1.6484682639e+43
1.1141596217e+43
6.9055202426e+47
1.2321565364e+48
1.8478796128e+49
2.1320027005e+43
1.5255740417e+47
5.3536763846e+45
2.5493525927e+44
5.3801365564e+49
1.7391750820e+46
4.8256830982e+42
1.0227129528e+44
2.3089146664e+46
5.0817187432e+45
3.7908204260e+48
4.6517776853e+47
3.0837548157e+48
1.9484817700e+46
1.6264913508e+44
1.6672536701e+47
1.4331537699e+43
1.3148583699e+46
3.4470932438e+46
1.6402780293e+45
8.5292691817e+40
6.3525735157e+43
7.0120768297e+43
3.2165883793e+47
5.4869269629e+43
1.4248632505e+47
2.1480183429e+45
1.2702247040e+47
9.9687619675e+46
7.0411372954e+48
4.6895595884e+43
4.8941196914e+46
3.4290351309e+49
1.4319865138e+48
8.8955532881e+47
8.9424134859e+43
4.0480292626e+47
2.0375473040e+47
5.3314039138e+45
9.9240863304e+44
1.6571004884e+47
2.5411852420e+43
8.8519733865e+46
4.4019176289e+43
2.2390254451e+42
3.0141493001e+48
1.4656493293e+46
6.8572138995e+47
2.1782572366e+46
4.0813530695e+44
1.7407824509e+45
1.5878971932e+43
3.6318888363e+47
2.7044738721e+46
7.6216620890e+47
3.5862804104e+45
6.4685795989e+44
5.9981928705e+48
1.8137622080e+45
1.7581390965e+43
1.7017454073e+46
7.2445618671e+46
2.6716924567e+44
1.7218249012e+45
1.3435160248e+45
1.2781509777e+47
1.3101945090e+45
7.4949032530e+45
1.5583068002e+49
4.1064937001e+47
2.9270696610e+47
5.6126656873e+46
1.5627356979e+46
2.7244425259e+44
1.0025059988e+48
6.2208992369e+43
2.9464458028e+42
1.6326407791e+49
8.2848632623e+46
6.4714280959e+46
5.1608600402e+48
3.5475195313e+47
6.0206806321e+44
6.2112670805e+46
5.3316481555e+43
6.7007730920e+44
1.3489229082e+45
3.8968254148e+47
1.0961425223e+46
2.8139929647e+42
8.7224184018e+47
1.2129446227e+44
9.5764667751e+46
1.5777903448e+47
3.5726391232e+43
2.5279029423e+45
8.1330089346e+43
3.6853320298e+44
1.9107761097e+45
4.2947850689e+44
3.9223030219e+45
2.1838405450e+43
1.0559430026e+49
1.8193349803e+45
1.0258056606e+48
1.7508267807e+46
5.5029936371e+45
7.0399978144e+45
8.1957420635e+45
2.9357978917e+47
3.9769778625e+45
9.8136843099e+41
3.0093346241e+44
3.3630011019e+47
1.1253986101e+44
3.8368616314e+46
2.0319471611e+41
7.4172821982e+44
8.0506521555e+43
7.0952260316e+44
1.8012877123e+44
1.8292417991e+47
2.7632894638e+43
1.9040955691e+47
2.1398788135e+48
8.1169813502e+45
3.1115908240e+47
1.8418946823e+45
1.6292064751e+47
2.2932347047e+47
5.5041889619e+43
2.0659200891e+45
8.0636907008e+46
4.9372358477e+40
1.2803427497e+45
7.1788852468e+47
6.3511498878e+47
1.5044128058e+44
5.4008045856e+44
8.1406263713e+48
4.6382436502e+48
4.5791294964e+44
3.6581618055e+46
2.1490103378e+50
3.8808259183e+44
3.4712951247e+47
1.5899706673e+47
4.8923078735e+44
1.4426018471e+47
3.0561488107e+50
5.8509121202e+44
6.0464865947e+45
6.7487303797e+43
3.0531519023e+44
5.3327202025e+46
4.0466744100e+44
7.8733249877e+47
2.9644476179e+45
2.7655670631e+46
5.9401795358e+47
2.9296661531e+46
1.8407866441e+47
8.1724040636e+44
4.9535115338e+46
4.2079040587e+48
1.4489420037e+47
1.7601497882e+48
7.7239104313e+45
9.5174008215e+45
7.6513707665e+45
7.8533931869e+42
8.3631124721e+40
2.5572588280e+44
2.1383985348e+40
1.4178080472e+48
2.2751012496e+45
6.4307527751e+43
5.3763521032e+42
1.4421275530e+47
4.8184328813e+46
8.7299678216e+48
7.1482492972e+45
1.8228898760e+49
2.1447532776e+47
3.2799036623e+44
7.0958692703e+44
5.3565781503e+44
1.8234930267e+46
3.6163316661e+46
1.9843056299e+48
3.7283656463e+44
2.4507000558e+45
5.1017624876e+48
2.1255102053e+42
8.4841072828e+46
7.1825680999e+44
2.3491788734e+46
2.9873357290e+46
9.8596787670e+46
6.6370032300e+42
1.9918179436e+48
7.8089741634e+44
2.1934787699e+47
6.6973292923e+44
7.1759531276e+47
1.8006992759e+51
6.3444774296e+44
2.7649677617e+42
8.5614312345e+47
6.1803759750e+48
1.0744780387e+48
6.9157461770e+46
3.1771023417e+46
1.5291035617e+46
4.7691708686e+46
2.8636192372e+48
3.1439852230e+49
5.8598537399e+44
4.8678544165e+47
1.4799340215e+49
9.3165734783e+46
1.3646296640e+42
3.0248817612e+44
2.0313141693e+49
5.7543321302e+47
4.0713893518e+44
7.3692999037e+44
3.2727015583e+43
7.8963628582e+45
3.0530059157e+49
5.4752832139e+45
4.1555796203e+48
2.8074594926e+46
2.5974548379e+46
7.4360713154e+45
4.7476710378e+48
1.4942230984e+47
2.8365305794e+43
4.3247713824e+45
1.5997989522e+43
3.4458814250e+46
2.2057078730e+43
1.2046149628e+46
7.0746850836e+42
1.6175477799e+47
3.5839047296e+49
3.9965955630e+44
1.4258883447e+47
3.9871106069e+41
4.1323931526e+43
3.8875251273e+46
3.9469811007e+42
1.3437577044e+48
4.1481408475e+45
5.8187386756e+46
1.3059297153e+46
2.2906420478e+46
3.6300643267e+47
2.9234834232e+40
7.3892667946e+45
1.6661378256e+46
1.2637983572e+45
5.6013493027e+44
2.3818402078e+49
1.0268215198e+48
3.5127306103e+42
1.1425053588e+46
4.6967603079e+47
6.6609051546e+43
9.9228580400e+44
1.4885680247e+47
1.1436728147e+49
1.0902010930e+45
6.1284728659e+45
1.7894701537e+45
1.2120268701e+43
1.6114659285e+44
3.3292114795e+49
1.8874416784e+42
5.4821213886e+44
9.3013495832e+48
1.2487054460e+46
5.8208113528e+47
7.1352935515e+47
8.0305006520e+44
1.8747053950e+48
2.7638035668e+44
5.2229897567e+43
2.4147129062e+43
2.0697475691e+41
2.2209138839e+47
1.8505988172e+40
4.2310481288e+45
1.4744126319e+43
1.0352055612e+43
3.0422201695e+50
4.7250195556e+46
1.6191244007e+42
2.8239486795e+46
6.5414222748e+45
4.4104742763e+46
1.5986961808e+51
9.1936120797e+44
1.5220003903e+40
8.2082004664e+42
2.1060593627e+47
1.3004371037e+47
1.3401111807e+48
4.2371745201e+45
5.3388511836e+47
1.3331478059e+46
2.4916891424e+43
3.0204366652e+49
5.2662193160e+40
4.0321731991e+47
3.5824624758e+44
1.3406336508e+43
3.0667755338e+45
2.4399867465e+48
4.6133141191e+45
8.0501194252e+47
1.6085190163e+47
9.2219408516e+45
1.5241685381e+47
4.2195520078e+42
9.0826425112e+48
3.7144774461e+47
1.0634575281e+46
1.2020759959e+44
1.8869224523e+47
1.7841808667e+48
6.6115478114e+47
6.5295144215e+42
1.8741278598e+51
4.8842275189e+44
2.6162726620e+43
6.7214997097e+44
5.1897581224e+49
1.7219840066e+47
7.9455601759e+49
5.5631151300e+41
2.4068889983e+48
8.0312473284e+44
1.1904426750e+47
3.4196492663e+46
3.7390109869e+46
7.4881694452e+45
6.1255561245e+44
1.7143196705e+48
2.1803628392e+48
8.1834628031e+46
3.4095642987e+47
3.4227260130e+44
5.4935232291e+46
4.6625236760e+44
3.0796393860e+45
6.5988287531e+43
4.2430304110e+48
5.1804110376e+48
4.7690282141e+45
9.8256088143e+43
1.0917565925e+51
1.3887393020e+46
3.2410192472e+40
2.3872037199e+46
1.0568603957e+49
1.8902195609e+45
3.6143801819e+44
3.8118086882e+49
1.3414881764e+42
1.3089094785e+45
3.4827225277e+46
5.5039590264e+45
1.3713204252e+46
6.0693946802e+47
2.1160459839e+43
1.5178653675e+47
3.4932694812e+45
6.2385045066e+45
9.2461891468e+47
3.0043834399e+46
1.0365712315e+46
2.0957199351e+47
1.2115142715e+46
2.4450605681e+47
3.2545364903e+44
8.0574273282e+46
8.3842284986e+45
3.3209692516e+46
1.3886304229e+46
2.1830120113e+48
2.5859769435e+45
1.1992501720e+42
8.7218077687e+44
6.0057395949e+44
4.0331611501e+46
2.3009163532e+44
4.0072997627e+45
1.7424451859e+46
4.1451038675e+45
2.7580744151e+47
5.7994507856e+43
1.1574719663e+43
1.3507544376e+44
1.8682546554e+44
6.3673421573e+48
1.3008793272e+42
3.7104571571e+50
5.1553150328e+43
1.6087609084e+47
2.0750749390e+47
1.1809927664e+45
5.8986005641e+42
1.5326491331e+45
2.0462383569e+45
1.2318523090e+45
6.6200383760e+44
2.9173754049e+44
2.2696793180e+45
1.3762531307e+45
5.1260227571e+46
1.2351953753e+44
7.8938779264e+47
5.8822598327e+48
4.9165046152e+48
1.0438225708e+48
6.8077842619e+40
6.7287513117e+46
2.1630649457e+44
1.3215927365e+45
3.7217283206e+42
7.9504981619e+49
1.3966301310e+46
2.3643156912e+45
3.9062420132e+43
1.9979516628e+48
1.0519239024e+48
2.0059398353e+43
1.8258015193e+46
1.0923046045e+47
1.8510435147e+46
2.4575635001e+46
1.6677447564e+43
5.3522428758e+45
4.0891725533e+47
1.6481095943e+48
1.8738569916e+48
8.0974812559e+40
1.4348031185e+48
2.8905368159e+49
4.8203028100e+43
3.6235519637e+46
4.5078999710e+46
1.3407769109e+47
1.9947124488e+45
1.6719092645e+47
1.2968135442e+44
5.0650345900e+44
8.4967148518e+46
1.2603417509e+47
1.3954324377e+46
1.1991588202e+44
4.3611207067e+45
3.1927672812e+46
1.5638574226e+48
7.2213705674e+48
1.4582352579e+45
8.3395390416e+45
7.9823133438e+38
1.4384302113e+45
3.8211646920e+45
3.0824775592e+43
9.5519685498e+49
8.2277837209e+46
3.5358943987e+49
6.4225735958e+46
8.7907981288e+45
5.9947700522e+45
6.8812914499e+48
1.5339634593e+42
1.9774075052e+46
1.5766722350e+46
4.1335135408e+44
1.3861996534e+48
6.7416028614e+46
1.6899316913e+45
5.7919445020e+44
4.6219728455e+46
2.1710782034e+46
1.0512805574e+43
1.7352747601e+46
1.7049585109e+48
7.7355547542e+47
3.3386249349e+42
3.1110016329e+42
7.3629717362e+45
3.2639854282e+49
1.0148320941e+49
4.0037454220e+45
5.9273320612e+38
4.3701243825e+47
1.8872415261e+44
2.7984479469e+45
5.1587933424e+47
7.2811844933e+43
1.5179192010e+46
7.6526822021e+50
1.4331276527e+47
5.9667191548e+46
9.7537389694e+45
3.1888710678e+47
1.0049326969e+47
2.6209179794e+41
9.7272633918e+45
4.1347369815e+46
4.4846465399e+45
9.5795822922e+46
5.7612295497e+44
1.4157437527e+43
2.8642781135e+47
2.0336366564e+41
3.8582975678e+43
8.4068037485e+48
2.5026019861e+47
4.7603472287e+43
2.4121755558e+49
3.1746523785e+44
1.6027132157e+48
1.4857135196e+50
3.4617198987e+47
1.0593122911e+46
6.2670087352e+48
1.2336190236e+49
1.2010442318e+46
4.6011194786e+45
2.9586836342e+46
2.1555020640e+43
1.2381683904e+45
5.9738274331e+45
1.2497597021e+47
3.1785699706e+44
2.8475775822e+46
1.4928150977e+44
5.5072926835e+49
4.2009229022e+45
5.3414514038e+46
2.1506727776e+46
1.3018708079e+48
9.0960006135e+45
1.6447968146e+44
1.5327346173e+47
1.5369800725e+45
5.5711223895e+42
2.0202812503e+42
1.0910224100e+48
1.1052170247e+44
3.4772272632e+46
2.1845458997e+48
1.3327884967e+45
2.4753988430e+44
2.8978213607e+47
4.0605509297e+48
4.3265119166e+48
1.4178198732e+44
1.4544560014e+41
7.6452774742e+46
1.1776543672e+44
9.8480809090e+42
3.9489649075e+48
3.0304595796e+44
2.0096919884e+47
6.0889252898e+49
1.7270371796e+47
8.5555603865e+44
3.8151755054e+47
9.5605037273e+46
1.5127325531e+45
1.9242300562e+45
4.2809201697e+46
3.3379334255e+41
4.0878715946e+46
2.1562872080e+42
2.1155006720e+44
5.9496803409e+45
6.4202940817e+45
1.0609476060e+47
1.3872734533e+44
2.0067015217e+42
1.8368620988e+44
3.1829464659e+49
6.5608476907e+47
7.0686970762e+45
3.7273609209e+47
1.4147090882e+48
3.7499521991e+41
1.7452475942e+45
5.1882858641e+41
1.1631513144e+44
2.0282293046e+47
2.8135751174e+45
4.5429660211e+45
4.6482232513e+45
2.7890026257e+42
4.1355530609e+46
6.8860678220e+44
5.9910991063e+42
9.7326766902e+46
4.3280214735e+44
2.1871622357e+45
3.5159884090e+43
5.2213175197e+45
3.8206109214e+45
1.3676063403e+46
5.8236792409e+45
1.0142423084e+46
1.2251288835e+47
1.0735746074e+47
5.2112754326e+42
1.6956309462e+47
2.1141862401e+42
2.6716320922e+47
6.0571634275e+43
2.0867074340e+45
1.2195628907e+48
4.3094694119e+44
4.2697054887e+47
7.7707241747e+42
8.3643518429e+47
5.1365423761e+46
7.2366739553e+46
1.3003315971e+48
1.0474040890e+45
4.0786032442e+40
6.9404694585e+46
2.6059320080e+44
5.3277138880e+45
6.3834601489e+48
4.3320272543e+45
5.0979743560e+47
8.5823436734e+43
6.1855827818e+44
4.6664036253e+45
2.3527038452e+48
7.7780660124e+45
1.4664141159e+46
4.6427614587e+45
1.5329207532e+49
4.5968998710e+47
3.1049320728e+43
1.5262460499e+47
2.0853473846e+48
1.1810820491e+47
1.7095303266e+45
3.8658538206e+44
6.9980082751e+42
1.3595141815e+48
7.4919024374e+46
1.2680309998e+43
3.0850799866e+46
7.2320675825e+46
9.3169683923e+46
1.9368710877e+46
3.1520983570e+47
1.2249709043e+47
1.3621664834e+45
1.2186770018e+46
3.5211381782e+45
7.3716662320e+41
3.1450916029e+45
7.0461395165e+44
1.6601684336e+45
1.5397705949e+47
5.4776175552e+48
1.3937463892e+47
1.4489578652e+48
1.4449705756e+41
9.8479561919e+47
1.3481561435e+45
8.9009231096e+46
4.6011436510e+44
6.8120798826e+39
6.1164303251e+48
1.3032101089e+45
8.0560289757e+47
7.1765478837e+43
3.2706409512e+42
1.9677265084e+46
5.5978886679e+46
1.1809642389e+42
6.2669304919e+43
8.3063414436e+44
8.1780024706e+45
1.3187432513e+44
2.7038011159e+44
5.2635412655e+41
5.3395774782e+50
4.2308523588e+47
4.0102457719e+46
8.1866776576e+45
1.4738535529e+42
1.0408026578e+46
1.0903199712e+47
2.2075637688e+46
8.5217435490e+47
1.1407221716e+46
5.5150004394e+40
1.8127273437e+45
3.8399437178e+41
3.1358578479e+48
2.0165366052e+47
1.0796402797e+47
1.8137146032e+45
1.7475471206e+45
1.9031271111e+47
7.8184254120e+42
1.5327060608e+49
2.9095355166e+44
2.6824091263e+48
1.2589056205e+48
5.5099463679e+43
2.8614352328e+47
3.5234440429e+48
2.2265716088e+46
4.8854691148e+46
3.0779234091e+43
5.1113204549e+46
2.2072182605e+42
9.4625148488e+47
1.8124380037e+45
1.9027515084e+44
2.3622555789e+46
2.1640717697e+43
2.4161354480e+43
5.8518278608e+43
1.5055896503e+45
3.8702345402e+49
3.5837876124e+46
2.5823104027e+45
5.6208503705e+47
1.0851885518e+44
7.0541136083e+43
4.3499984777e+48
5.8664257027e+43
1.3539203064e+45
2.0246412904e+47
5.6006874743e+48
8.9261220565e+47
2.6517299769e+46
3.7410038346e+48
7.8517386590e+45
2.6187359167e+48
2.8610585539e+48
5.0437157205e+44
6.4235917721e+44
1.6148005547e+45
7.3033850143e+45
1.7134993249e+46
6.6651726558e+43
4.2802813295e+50
1.3940867528e+49
1.0428140548e+48
8.3476550924e+46
3.2603492593e+45
2.7824198638e+48
3.0552434474e+46
5.3167413556e+42
2.9215320918e+48
1.5114542425e+41
7.5664632879e+45
5.7690717224e+49
4.7500986730e+48
1.9520058465e+47
2.4106525423e+48
3.7836520328e+45
1.2261703923e+48
1.5510958078e+43
1.6977188883e+47
8.9283702082e+43
9.6027952309e+47
1.5335677819e+43
6.4007351122e+44
5.6061683859e+45
2.5315651047e+45
7.5952550852e+48
6.4075288141e+47
3.0615492950e+49
7.8588341867e+44
1.2832982191e+46
6.1483457891e+42
5.7580703054e+46
9.5681600381e+47
7.0037629211e+43
1.0532494178e+45
2.9075990864e+48
3.4812328600e+44
7.7022672162e+45
8.8613436236e+47
1.2930404742e+45
9.1529009309e+47
2.7002079704e+47
5.5026356079e+46
8.8780839895e+44
2.6687438223e+46
1.5570637977e+47
4.3814044728e+45
4.7292937642e+48
1.6174366439e+44
5.4565101454e+42
6.3131062459e+46
7.1328124701e+41
2.5151689134e+47
2.7511019500e+47
2.1495527008e+41
6.3692328054e+42
4.9270410827e+49
3.1907449436e+48
6.7399408772e+43
1.9325364053e+45
4.0185404532e+46
1.6094712571e+45
5.2119423836e+46
3.6057333948e+47
1.0911477987e+42
1.1077061803e+46
1.0343435141e+49
2.9859826963e+47
5.0767544737e+50
7.0479680430e+47
1.5462070384e+45
2.0658956933e+48
4.4163739177e+49
1.5281449865e+45
6.5876725078e+44
8.7000541497e+48
4.5119149922e+47
6.5323193958e+45
5.7022917559e+46
6.4265021366e+44
8.0315481842e+45
3.3683855574e+45
8.8921926474e+45
6.0987203511e+43
5.7383323737e+48
3.0143308498e+44
5.7519685571e+42
9.4275218133e+42
1.1577139872e+47
6.3686501275e+43
7.6008719953e+46
1.4437613120e+46
1.1462074246e+48
7.4119915183e+39
7.0896563978e+36
4.1092339765e+48
7.1926212471e+44
8.8363971240e+45
3.0578361698e+45
1.7363961420e+43
1.4912900464e+42
5.3384401383e+47
1.3305648648e+49
2.2992259025e+47
2.1361089018e+44
1.0429031165e+45
4.3887512188e+42
2.6653398890e+49
5.2306298816e+43
2.1577801877e+41
1.7139425748e+46
3.5376164292e+45
1.7315549964e+42
5.4730454022e+48
5.0174965871e+45
1.1927119191e+48
6.6214446435e+44
1.6356139747e+45
1.3582567034e+43
4.2071579968e+45
5.6930133730e+47
6.5858015345e+45
5.3824305606e+44
2.5034762576e+43
3.1275508882e+48
1.4613380669e+43
4.4594686682e+46
1.9444083671e+48
2.1873678607e+46
1.8757240266e+47
2.5751579806e+45
1.6926561053e+44
7.0801257682e+50
8.3093213569e+44
1.9901812841e+43
4.6526115937e+47
2.7246128428e+46
3.0038637567e+44
5.0788864805e+47
1.8827677051e+44
4.3502099221e+47
9.5501025504e+47
6.5870314429e+45
1.3211312733e+43
2.6001820180e+46
1.6498943768e+46
6.0966048064e+45
8.9989330352e+44
1.3650562278e+49
7.9752487475e+42
3.3813197862e+43
1.8922498515e+46
2.2178727330e+50
9.3471056684e+43
2.5899120506e+46
1.5935016950e+44
1.6682314335e+49
4.1706770955e+44
6.5152754199e+47
5.9085188180e+43
4.4596361925e+45
9.9943340452e+39
3.7570999790e+45
2.6073832573e+45
1.7385782165e+47
3.1620549635e+47
4.0764172709e+43
5.6656470796e+46
5.2337624473e+43
3.6565515339e+44
9.6757529896e+42
2.3824828553e+46
4.4886896389e+47
1.5104304104e+45
1.4563996722e+46
1.8289509255e+48
5.9498549479e+43
5.4720108508e+45
9.6373740045e+46
1.8429913888e+46
1.3141086791e+47
2.0983310582e+47
2.1057485444e+44
2.4380132925e+45
1.8311610433e+47
1.5320191416e+42
4.2223646785e+43
4.5554317202e+47
1.0416879321e+47
7.6035092468e+44
2.4299474036e+47
3.9920738841e+47
6.9855839656e+47
1.6233532232e+46
2.3918453827e+48
5.3018639012e+46
2.8377299482e+43
3.7187413097e+46
3.6350656128e+46
4.6911097562e+46
2.7493610206e+48
1.4262775358e+45
1.3023365217e+47
8.7279908546e+48
2.4251332184e+47
1.7226542990e+44
9.7211709835e+46
8.2733488365e+41
3.0411875102e+44
5.6963738568e+45
1.5725327316e+44
5.7266836922e+47
7.0754137170e+47
1.8213992584e+46
1.4358729543e+44
1.6549879628e+45
1.5140475459e+46
7.9820781370e+46
2.4438887757e+48
1.8432597675e+45
3.0096570180e+47
2.1175156997e+48
2.6675160984e+47
1.7756283829e+46
2.3103623519e+44
1.9004695009e+46
1.0487162228e+48
5.1776702971e+47
6.1329195948e+46
2.9087015856e+48
9.2996880675e+47
1.0099481500e+47
2.4549320795e+43
2.3486112976e+47
4.4284790203e+44
1.3794616265e+45
1.4186282528e+42
7.0030079099e+44
2.5813296963e+45
6.9138634303e+48
2.1887573245e+43
1.7635277903e+44
1.1632747164e+46
5.8564029111e+47
6.5195772151e+45
1.3141968098e+46
6.2029118817e+45
1.5710790299e+45
1.7268721526e+44
4.6122083598e+45
1.8403886564e+42
3.8155559752e+48
3.5266502877e+47
2.6906896616e+47
9.2775321343e+39
9.1234149263e+44
1.0719473727e+49
1.7024704520e+47
2.4964907146e+48
1.7672254494e+44
2.8392474129e+45
1.0517246625e+43
1.2756821200e+48
2.8621655784e+44
2.2524759230e+44
1.5170025208e+48
2.6315374337e+45
4.8541107248e+46
5.5104855269e+40
1.9860376318e+46
2.1776027303e+45
1.4770106204e+47
1.7190420539e+47
7.6833100686e+49
3.5320232018e+48
2.9385994034e+48
2.4351815731e+46
9.1862883000e+46
3.8915853125e+45
4.7145608171e+43
9.4670327347e+48
2.7575903182e+47
1.4509378994e+47
2.1953346388e+46
7.2499285003e+47
3.7612124102e+43
9.3134372818e+47
1.1635669096e+45
1.4004522753e+44
3.7476854153e+46
2.0974745743e+48
3.8618237930e+46
1.8736313487e+45
2.5388202371e+46
4.4196883452e+43
3.3251461585e+48
5.0863189344e+45
5.5613579201e+49
6.7742531899e+45
3.7416516614e+45
3.7838372559e+45
3.9202243033e+46
3.9549676946e+45
1.6849064204e+46
2.7455236669e+47
4.8205669711e+42
1.6952025386e+47
1.0382377571e+48
2.0645803534e+43
2.7633021868e+47
7.7105032565e+45
5.7827513602e+47
9.5318188097e+41
1.1402012170e+47
1.0857381233e+44
2.9585235682e+43
2.2146548584e+42
1.2291913941e+45
9.1782188430e+44
8.7645633968e+45
3.6897943806e+47
1.0938020919e+49
1.0118868782e+45
6.6823493410e+47
1.6775219032e+49
1.9545067730e+48
2.8194171137e+45
1.5973021120e+46
3.6772359201e+45
6.7361617757e+44
9.8638905348e+41
1.8993450587e+47
3.1636651317e+40
1.3824011247e+43
5.0719631609e+47
2.3431010773e+43
8.7062090053e+42
7.5664328759e+46
7.3435190134e+45
4.8264318113e+49
3.0245018518e+47
6.2999614010e+49
4.7548206099e+45
4.9915941401e+47
7.0591184410e+45
7.0213725067e+43
5.7913629529e+44
5.8961479115e+47
2.0632568881e+45
9.3596140862e+39
1.9506378831e+48
5.9048031825e+49
6.4045121909e+46
1.9826938445e+43
2.4714446763e+45
8.7503773297e+44
1.1563873162e+43
2.4758875980e+46
4.2761709173e+38
6.6345827467e+46
3.9472895010e+44
2.2271729259e+48
3.3202930978e+47
7.5486909999e+47
1.0672890726e+46
4.6665674603e+47
1.0542945491e+48
1.9065901239e+46
2.0886284196e+41
2.2353292462e+45
3.7693861721e+47
1.3719496234e+50
4.6783168702e+45
2.5008973571e+47
4.0195921341e+46
9.2766049787e+45
3.2055248056e+45
9.1909821826e+44
7.4533597341e+47
5.6351063421e+42
5.6033331705e+44
1.5550267103e+48
2.7015302767e+45
2.4590039923e+47
5.9364650095e+48
1.9678436188e+45
1.7108600362e+42
1.6682495660e+48
4.5084522740e+47
1.4630455100e+47
1.1904007912e+47
6.1956878922e+47
7.3216913133e+44
2.9920605362e+49
1.7202356713e+41
1.0588533980e+47
2.3669541308e+49
1.0290828335e+45
9.1999165679e+46
8.0046348256e+43
8.5887868454e+43
3.6106127468e+47
3.1760547432e+46
3.8062106937e+46
6.9642949848e+42
3.8761145809e+46
7.0400864099e+49
3.8378408660e+45
1.2853340792e+48
2.7770203394e+45
3.6044696301e+45
2.7629884549e+44
1.5084483068e+47
2.5919675223e+46
2.9928379774e+44
1.1219173459e+46
6.1800333785e+47
2.2255749340e+49
7.5266376511e+45
3.2705759201e+44
2.2717879241e+43
3.3294297635e+43
5.6606593517e+47
1.0454540028e+44
6.2468623111e+45
1.7670623385e+49
1.6769984105e+45
3.4529570337e+41
6.6819036909e+47
1.2712160723e+43
2.2919554101e+45
9.5605365339e+43
2.0532096138e+47
8.3556837517e+45
2.2542914478e+48
4.3629387803e+45
1.1896912611e+48
2.4318702604e+48
1.0015935531e+47
2.1384836911e+47
2.0871796009e+46
5.4180842042e+49
6.2459750196e+43
1.8750104978e+48
1.7129837864e+43
6.7668795721e+48
6.6652022498e+47
2.3022013789e+45
6.2560264274e+46
1.3667365268e+48
5.2256569107e+48
2.3094535299e+46
3.0921701029e+49
2.4847601067e+45
7.7309137189e+48
2.4445554476e+44
1.5822108571e+47
2.8796517807e+48
7.0670035447e+45
1.4806072841e+44
3.1288864040e+45
6.8828563581e+49
7.6931973591e+45
2.0492615730e+47
1.5714734187e+42
7.4551956864e+42
1.5532010572e+49
3.4188784516e+46
2.0540429791e+45
8.8325583097e+46
9.1171077009e+44
2.8867216117e+45
3.4609362797e+46
1.9018639391e+44
3.7800498347e+42
3.9001018322e+48
4.0000378956e+44
8.9028435539e+44
6.3400187031e+49
2.6611169561e+47
6.2289024332e+46
5.4534089993e+46
6.2413614890e+46
3.3433531656e+45
2.0483622453e+46
6.9419916951e+45
1.2509256454e+50
3.1032514557e+46
2.1236978193e+48
9.3703961874e+45
1.2495294909e+48
1.5956101759e+48
1.7244831879e+48
6.6722351014e+45
1.1719232852e+44
3.5397367225e+44
3.2792817404e+45
3.4261008290e+46
1.0357570944e+47
1.3418567780e+48
1.0394433395e+47
1.1085223040e+47
2.2697000766e+46
3.7858638953e+47
6.8786777272e+47
3.5396246505e+47
6.8527601977e+48
9.8599364207e+43
6.0646757530e+46
1.1261154058e+44
5.4773588529e+46
3.2212879999e+44
6.1588140023e+43
3.1591992510e+46
4.4222560619e+46
1.2198139836e+47
1.4066183967e+43
4.5845701319e+47
6.2473820615e+47
4.6857412518e+47
5.8868355066e+47
5.8978084303e+43
2.6069440833e+45
8.3092591559e+45
1.1425999934e+48
6.0574693711e+44
6.9515714952e+44
3.0671382896e+46
7.0296071933e+39
2.1367361318e+47
1.7713712806e+46
1.3612273213e+41
2.3434659724e+47
1.4914599615e+44
1.3256813048e+49
4.0980928339e+47
5.1365676934e+49
9.1864971041e+44
1.4832656633e+47
6.9321984406e+47
1.9561681836e+49
6.7103881107e+46
2.1866226007e+45
5.7414473328e+44
1.3536240173e+47
4.6683289951e+45
2.1477778656e+47
8.1685650124e+40
1.1762459765e+46
4.5869141095e+46
6.4796252651e+45
3.5066412158e+45
7.6193624641e+46
8.7765368854e+46
4.7311141953e+44
7.3085645425e+45
8.4246076594e+48
1.5462022866e+43
3.4498878658e+46
3.3142627268e+46
1.4049117066e+45
6.6723186579e+44
7.9019628684e+46
1.5011311126e+49
1.2895565395e+45
6.5103828056e+47
2.0559958560e+47
1.1713896484e+46
5.9946380541e+47
2.5188672766e+45
6.5862589884e+48
7.5312662767e+44
9.5288613533e+47
6.3488795796e+42
1.9021727542e+46
7.8077507279e+44
7.2811568454e+47
2.7786823307e+44
5.4443811571e+48
4.7747481272e+46
4.4856017304e+47
5.4091177446e+45
2.5403149026e+48
8.8093614069e+44
9.9298999282e+42
8.7294147432e+48
2.0873270394e+44
2.2885444409e+46
5.1186460465e+47
3.7034384011e+44
9.1261222934e+46
2.6401500324e+43
1.0085276740e+46
1.3870579947e+44
1.8583322452e+42
1.0936687355e+50
8.7625039245e+48
5.0687263518e+48
2.3682711017e+46
2.0475476379e+41
4.9358094350e+45
4.9731205985e+46
5.3172831420e+46
7.2505730492e+43
1.0898371390e+47
4.9325252554e+43
8.7005048398e+43
2.2031427804e+44
6.8606809849e+46
3.9411474050e+43
5.7841628244e+44
5.1147854263e+42
4.7295666379e+42
8.1796439107e+42
4.4557912696e+42
5.0059133241e+43
9.5105576915e+47
9.2307581946e+44
2.8100037335e+46
4.7554417481e+45
1.2184090601e+46
6.3570289118e+44
1.1760065834e+45
2.5817588907e+46
4.8144961730e+44
3.4918109352e+47
1.6042249474e+47
7.7648246418e+46
6.2450048971e+47
4.8234700713e+47
4.8694980298e+47
1.9891938488e+45
4.8449090966e+44
3.9179924105e+46
1.0105184204e+46
5.4968611849e+46
3.8977553348e+45
7.8308712618e+46
4.3876141853e+43
1.4999984926e+44
9.9920524812e+46
6.9256494784e+47
8.3924910648e+48
4.1442468305e+44
2.7503438370e+46
5.7531242191e+47
9.5465715944e+43
1.7346524875e+44
9.5324287303e+47
4.5407662335e+43
2.0681310645e+46
2.9061779158e+43
3.0560529271e+43
6.3928747776e+43
7.6712023238e+40
2.4315733549e+44
5.9476195458e+46
9.6358574752e+46
1.4327326673e+41
2.4283934355e+44
8.8037716287e+44
1.1251592389e+48
1.7019438514e+47
5.3453793387e+46
1.0072702748e+46
1.8299314149e+44
2.3058800934e+44
4.6827515595e+46
5.6789868769e+46
1.0867915063e+47
1.5633178504e+41
1.0656310766e+43
9.3146964457e+46
3.6570698816e+45
5.8358956158e+48
6.2900223435e+43
2.6476945408e+44
1.1086748328e+46
1.6890429495e+50
9.8675099130e+48
6.5492051227e+47
3.6398067397e+42
6.5135052490e+42
1.6411745674e+44
7.0561346638e+44
5.4387936255e+46
4.8941353278e+46
2.0738670778e+43
4.6642821466e+46
3.8865942417e+48
5.4773552983e+47
1.5184277534e+44
9.2538993218e+47
6.8885526575e+45
2.6255634278e+44
4.4166530662e+48
1.6085083290e+47
9.0256224286e+44
4.7129531689e+48
1.1290842346e+48
2.7728234925e+49
8.4790727762e+42
2.7740806046e+46
1.6786884143e+48
2.5505508448e+43
1.2952765925e+46
6.1454453299e+43
1.6964189358e+39
2.0175574909e+46
1.1360650446e+47
2.1883937510e+45
5.8481678301e+43
1.4249650679e+46
2.4986653247e+45
1.7623777586e+47
1.4353078401e+48
3.4224961591e+46
1.3615190947e+48
1.8862705149e+48
2.6985996968e+47
1.1791955550e+49
9.9005661584e+42
2.9624777414e+46
1.1487098510e+46
1.3519366311e+45
2.2481383252e+44
4.0819467531e+44
7.0717715506e+47
1.3723229627e+46
1.1081155878e+47
3.2633466077e+47
2.8207713744e+48
8.3220892539e+42
5.6302386855e+44
2.5894561983e+45
4.6890554255e+46
1.4747962494e+43
1.0886257368e+45
1.4263993532e+46
6.2924891586e+50
1.9130661960e+46
2.4378666781e+44
2.7764779513e+46
1.3498787672e+47
1.2540222939e+47
4.5734197848e+46
4.2908271219e+49
6.8177906550e+42
2.4822341666e+48
4.2818013663e+46
1.0420104840e+46
3.4258578084e+45
2.0164361011e+46
6.9117589729e+46
1.7805210171e+49
7.0380983337e+48
2.3215986588e+44
1.9156345890e+47
6.3201248462e+46
2.8259962338e+50
1.2171189819e+41
9.2638052222e+49
1.3862824199e+48
3.9859982909e+45
1.2214082486e+48
1.0564274706e+48
1.6791834362e+46
1.3407063181e+46
5.4561943648e+42
3.2071061542e+45
7.5884663361e+47
3.6351242158e+43
2.6446756688e+48
4.1227950685e+47
1.6882276270e+45
1.6262148565e+46
9.4702436831e+43
7.1871401195e+43
7.9073829521e+40
3.0688597947e+46
1.1423526403e+46
4.7057812514e+47
1.9440709254e+47
5.1775479809e+43
3.5361492146e+48
6.8034986243e+42
1.1182612239e+42
7.7820816539e+48
5.1768934693e+45
1.4079975265e+45
9.1364911478e+45
5.3181902511e+47
1.8729300322e+46
1.2279128935e+48
2.5897829415e+45
8.2183985572e+47
1.1236205161e+43
4.1298309583e+43
2.4934688172e+44
8.7121779721e+47
2.5646626730e+47
7.2446855704e+45
2.2502058768e+45
1.9179762570e+49
2.2073670749e+47
8.1289869337e+48
2.3835700784e+47
6.3593666545e+47
2.9279655801e+45
2.1578378135e+45
6.1892554466e+46
1.2570535277e+47
1.0679368610e+41
5.3438497864e+46
9.0541979707e+49
4.4761899095e+44
9.3293489468e+45
8.0505684693e+46
7.2991120477e+43
1.2647272877e+44
4.4545621755e+47
3.0879185278e+43
5.7365748331e+47
4.2620816722e+46
1.7350080385e+42
3.2839966378e+47
6.0834135458e+47
8.9732277567e+44
2.0018540371e+45
5.2608450065e+45
4.9745354560e+42
8.3415922230e+44
1.4345264217e+45
4.3537847015e+43
5.6092897802e+44
8.8157903420e+43
9.6246563934e+44
3.7404267882e+47
5.9298078743e+45
9.3401531691e+42
4.2212623837e+46
1.0082709249e+45
5.2179340074e+49
4.7055897146e+48
7.0046752186e+48
3.1953160526e+47
8.7523789004e+42
1.9310701874e+47
4.8282931767e+46
1.2884358976e+49
3.7861236800e+49
7.2957965808e+45
1.1781892046e+48
3.7730307129e+44
2.3395189168e+43
5.4857589833e+48
2.5845494050e+46
6.0596557790e+47
1.3958774147e+45
1.4089361123e+45
1.4688371849e+47
1.2254765622e+48
5.8913756231e+44
6.3682253105e+48
6.1276203726e+49
3.3755376834e+45
1.2735237531e+45
6.7785152916e+46
1.4558847949e+47
1.6962785163e+43
9.6051890647e+47
6.0866464292e+45
5.1680914649e+47
2.7685609229e+44
2.5640827498e+44
1.2568250345e+48
1.1484796443e+45
1.8177175813e+45
1.5604300862e+48
1.5898837896e+42
2.7105387672e+43
5.9137860854e+46
5.6329295656e+48
6.6871807062e+47
1.2900257075e+48
4.9485826947e+45
8.8480975628e+46
9.9316988702e+41
2.6405613956e+48
2.1752594023e+47
3.1627427107e+42
2.8974069368e+48
2.3959868942e+46
2.1164327003e+44
2.8917280758e+47
1.5110037946e+46
2.0981709617e+45
6.6890269313e+46
3.4307987818e+47
1.0510176076e+49
5.1412706484e+49
3.8294732738e+46
2.8118719364e+47
8.5293164284e+45
4.9889186642e+44
8.3605209295e+42
1.3397868621e+48
2.0265396748e+44
5.0700908714e+43
1.8766221056e+46
1.0301549890e+42
2.6995584557e+48
4.4545391902e+40
1.5352673330e+43
3.2619093968e+47
2.0704792141e+47
3.4297414320e+46
1.6368591637e+47
5.3576864403e+46
4.6916022597e+44
2.4806278655e+44
1.5630568139e+46
2.6665439129e+43
3.3719053876e+46
1.0508797601e+48
2.0299441507e+44
1.4947862147e+44
3.2219590074e+44
5.0371579908e+43
7.5501885240e+43
6.3479771495e+46
5.7475946335e+45
8.7847808615e+46
8.4072321351e+45
2.3109091718e+46
1.4244927329e+47
2.1061156237e+45
2.1469355445e+46
1.7357614459e+43
9.8454065879e+42
1.3006749788e+45
3.3123255868e+47
4.0566669933e+40
1.3501439560e+49
3.8568104325e+40
1.2978163552e+44
9.3043456179e+48
1.8930168932e+47
1.5183834621e+44
9.1501142386e+45
1.6137743241e+45
1.1891462757e+45
2.2612448773e+45
2.5731042437e+47
3.3483777500e+45
8.0876713438e+48
2.0845458554e+46
6.1321001963e+44
6.3171599490e+44
1.7264931844e+46
3.1861720821e+45
1.0560709391e+47
2.0375700903e+47
1.2944310613e+45
3.8969916917e+45
1.0060724236e+46
7.1260254594e+46
1.2261227649e+49
4.0665626205e+44
5.8438806936e+47
1.3186461763e+46
3.5814021877e+44
1.2006537274e+48
9.5904685638e+44
1.9363060606e+46
5.1635774941e+43
5.9155761464e+48
8.1023610718e+44
2.8861928885e+46
6.0833582301e+43
8.6166082923e+45
1.7462683915e+47
1.1388570776e+46
1.4309868098e+50
2.1332567289e+45
9.5771753571e+37
1.0721304221e+45
4.2084222866e+42
1.1185444120e+43
1.6013960908e+46
9.4254225065e+49
1.2060541661e+47
8.5368723162e+44
5.4166382404e+43
5.3939194216e+43
2.2286696635e+42
2.2390267024e+47
2.1965114028e+48
5.5450362970e+44
9.8924783072e+46
3.0487672987e+45
1.8910741757e+46
2.7331418983e+45
7.9363237220e+41
7.3999673734e+43
1.1464424853e+45
1.6890492853e+46
3.6441981894e+45
1.5297089133e+49
2.2110502547e+46
7.3623709633e+44
1.7066920131e+46
8.4158768753e+45
8.0717993701e+44
8.3963228738e+43
1.5548049939e+42
1.3235951313e+44
3.4715479020e+46
2.6170385468e+45
5.9853482319e+42
5.2115380818e+46
8.5485173110e+44
1.6203494411e+45
2.0701193392e+46
1.3111612027e+50
1.7405242977e+48
2.3196258307e+43
4.8760873932e+47
5.7594003441e+48
2.4357118020e+45
9.1669122123e+44
2.3134563976e+43
3.3903604046e+46
2.5086163528e+50
1.0106775310e+47
6.3866083473e+43
5.1682953111e+47
1.4526136476e+45
8.0824044661e+44
2.1831471005e+44
1.0364811831e+46
4.8786327478e+50
2.7989377151e+43
1.3579367157e+46
5.0550769297e+46
6.9394464931e+46
1.8202166856e+45
3.2265664508e+45
4.8442796922e+44
5.2515239486e+42
1.0264045601e+49
1.0027212216e+49
1.9608069645e+46
1.0486793971e+45
9.2719701071e+45
1.8517971461e+48
1.6165458296e+43
2.9551067099e+45
1.0228801567e+45
4.0233882011e+45
4.2635465518e+47
1.2236632087e+45
1.7234647595e+44
6.6113647424e+45
1.0714940236e+47
7.0927178076e+43
7.9816106503e+47
1.7082659507e+44
7.0488832818e+41
6.2199432263e+42
1.3508011440e+46
8.1403833608e+46
2.2177539440e+47
1.8883523088e+44
1.9824032312e+47
6.0824532310e+42
8.0069907379e+46
1.1735345838e+45
5.8986809058e+49
1.8350489179e+49
1.2086350334e+47
1.3994015334e+49
4.3121106896e+46
2.3053121151e+46
1.4778272706e+47
2.9735812742e+43
4.5236678124e+42
9.0819888753e+44
9.7932020213e+45
4.9241000601e+40
2.5710973557e+47
1.0323057610e+41
1.9538559933e+44
3.0328581958e+47
3.5177613248e+45
7.5134393202e+47
4.9914630559e+42
1.9160885391e+46
3.6318250988e+46
7.2469651857e+43
7.0351521777e+43
4.4038227494e+46
2.5004434716e+48
4.2548759533e+43
9.7063362190e+44
5.9186109162e+47
5.3148110578e+43
3.4894007011e+49
1.5049729669e+46
8.4557522130e+45
1.7843517018e+46
6.9770264124e+47
1.4774468715e+44
9.4006940722e+43
3.2778394515e+44
1.6900644638e+46
2.7177697282e+47
2.1784532490e+47
8.0267554172e+46
1.9333841802e+45
1.8014849145e+46
1.5337530580e+46
1.0436173332e+47
1.6466291091e+45
4.9087728313e+48
7.7038133197e+47
2.2771625880e+45
2.4139069919e+47
1.3790268534e+48
7.9618635556e+49
2.0932320737e+45
6.9640547716e+42
5.1666191532e+46
2.0591684923e+42
2.3650257363e+47
2.4260770124e+48
2.3083938432e+46
2.6344076355e+47
8.7706512868e+47
2.3914098263e+48
1.7831239949e+49
1.7576014513e+47
8.8724618804e+44
8.2510173769e+44
2.4914037105e+42
7.7082291472e+46
3.7283046026e+48
1.5641537306e+45
1.1763294802e+45
2.7819288488e+43
8.6776695541e+48
7.6744857186e+46
5.6700920440e+46
2.2915087957e+45
1.6048239244e+46
1.7346117445e+44
4.0556672154e+46
1.7069252046e+45
3.9342726094e+46
4.8422207514e+46
7.5573791605e+46
3.1218685960e+45
2.1705097631e+45
6.5566813727e+47
3.1388634703e+44
3.7105999967e+46
8.4493816018e+45
8.2372798807e+47
7.3416980073e+43
2.1942038092e+47
1.0399004415e+46
1.9961537442e+40
3.8164386701e+47
2.6497314557e+49
1.3754888090e+47
3.2700761856e+49
3.7730365306e+46
6.7284504193e+47
1.4225357842e+50
1.3647818246e+48
7.7304691606e+43
1.9373929112e+50
1.5229921314e+48
6.3810419102e+48
1.3772366846e+43
1.7588200932e+46
8.6016768478e+44
3.8680099098e+49
7.7084460971e+43
6.2083124030e+41
1.0113283722e+49
1.3567580178e+48
1.8164449940e+40
1.4087455871e+49
4.0097270002e+44
4.2983711270e+45
1.4477801316e+47
6.0560654569e+46
3.8077615359e+47
2.3978811061e+44
8.9608529330e+44
1.5518318317e+45
1.5679378164e+43
8.0148584241e+45
1.0022680564e+44
7.4326116450e+44
6.9512228373e+46
1.0541722060e+47
2.1196796384e+45
7.0062116552e+49
1.7084951910e+45
1.9882494650e+43
1.0500598669e+48
1.0385131641e+44
1.7666483049e+49
7.2219025244e+46
4.5663349440e+43
3.6040419007e+47
1.2223041143e+47
3.7601804028e+46
1.7008305411e+46
1.1833810926e+45
8.6904684784e+47
3.2464815134e+48
6.4791189167e+44
2.0974657351e+46
1.4775348043e+45
4.1572559960e+47
3.3999328312e+47
2.5830764803e+48
9.2830391915e+47
1.8416895325e+47
1.8012160872e+50
6.7862328167e+48
9.2094865879e+47
3.6811039595e+46
3.4032304397e+42
3.2827203439e+43
9.3581681156e+45
1.5929574606e+48
1.3091714116e+45
2.2881209342e+47
1.4349113838e+46
8.7560524054e+42
4.0306487942e+46
1.2667998675e+48
6.2047718382e+40
2.2818092314e+45
1.0431751826e+46
1.8645467014e+43
7.7941677797e+46
1.3528956788e+44
1.1712754932e+45
2.0813567801e+46
8.4119267292e+43
1.0719624679e+46
4.7701167046e+47
3.0588837710e+46
1.5350016639e+48
1.0579277471e+43
1.4036595710e+41
2.1204434082e+50
2.1543231864e+45
5.1916204730e+46
7.8835014781e+44
1.7715254108e+42
3.0059160990e+47
1.3136929137e+45
2.8762912209e+45
1.8622878790e+45
4.1746758649e+48
1.4728728691e+46
4.9086601960e+46
2.0459232057e+45
6.3211033556e+46
2.3622157660e+44
3.1032668789e+47
1.5898861175e+43
3.1507686446e+46
5.8942856360e+43
5.8768285499e+47
1.2039868008e+49
4.1503246762e+43
6.0215353250e+46
7.6694221954e+47
2.0670234875e+42
9.2225322242e+39
9.5917435147e+44
2.4892860624e+45
3.4699760103e+46
1.6456783191e+45
8.6386503286e+43
3.9744479209e+47
1.5714212356e+43
1.5646516106e+46
1.6269873635e+45
4.2793950307e+47
6.8520695581e+43
4.8582309501e+45
7.2315525298e+45
1.9443426774e+45
2.9687396367e+48
1.0039347247e+49
3.5818921050e+43
2.4980760180e+47
7.3807496297e+40
6.9262883561e+41
5.3486241558e+45
1.0250235753e+45
1.3115800962e+46
1.8150822559e+41
1.8563432802e+48
7.8273179973e+46
2.3168192041e+48
1.1701940589e+48
1.0237344496e+49
1.0614409988e+47
9.1582820758e+45
6.7567885553e+42
2.2805334481e+43
1.8938948359e+46
3.1081017635e+47
1.2067316829e+47
4.2308274271e+45
2.0216909539e+46
6.7421287948e+48
5.3101921014e+33
6.8031396298e+45
3.6689511101e+46
1.3720545018e+48
6.3702147700e+46
4.4803383130e+45
1.7480587773e+45
1.9681197780e+47
1.1650621642e+46
4.1605457032e+47
3.4554892266e+43
1.2787642201e+45
1.1764269498e+49
2.7525501241e+47
6.8022300544e+48
2.3580396097e+42
3.3238215613e+48
4.8090515840e+43
2.4961268491e+42
1.6124683048e+47
1.1482296518e+47
5.0762243543e+47
6.7757504100e+47
1.3776286508e+46
3.8460677135e+47
4.1169076517e+48
5.5586861895e+47
4.2947942172e+44
3.1741071884e+43
9.9845228722e+46
2.7503118973e+44
1.2213385631e+46
2.0607795751e+43
4.1910660932e+46
4.3368417009e+44
6.9648710621e+46
2.2277156957e+48
1.7487113513e+46
1.3195295478e+46
1.6799147203e+45
4.1772958853e+44
3.8241170560e+44
2.1808194503e+42
4.6982020744e+46
7.4929323285e+45
1.1176422790e+47
2.6723989463e+43
8.3131598518e+46
5.5542062715e+41
1.4660804458e+47
6.2267086528e+43
5.2681897765e+47
2.3260946704e+45
3.0564414916e+46
3.5605805613e+40
1.5066972510e+45
6.7224228677e+44
4.2020299636e+45
2.7559240859e+43
3.0688242944e+40
4.6953641798e+48
2.6082134981e+45
3.5439151860e+39
2.3217532612e+49
5.2612025884e+45
1.7952308920e+48
1.6428504723e+46
1.4321606370e+45
1.8884191759e+47
5.0437453099e+45
5.2667618890e+45
2.5519834643e+48
2.9648663904e+43
7.6589045577e+45
3.2542158212e+47
1.2767041907e+47
1.1070946467e+37
9.9345732913e+42
3.7532861215e+46
5.3976271101e+45
6.6324332124e+43
1.2431893846e+48
3.2073131382e+42
1.8307861299e+46
2.6479042425e+42
1.3209371243e+45
7.6674449042e+46
1.0072393839e+46
1.7203205862e+45
6.2715210981e+43
8.8710259170e+42
9.3307678223e+47
1.5912795720e+48
7.2140050848e+45
2.0813827678e+46
2.6704730100e+45
2.1047017266e+45
8.8695459558e+49
2.2169498040e+45
3.6253227119e+48
2.2201565520e+46
6.5380781787e+47
4.7362624871e+44
2.1015097309e+47
1.6832358280e+47
8.7258802365e+45
5.2257214125e+45
7.9574221101e+46
7.8879015825e+46
5.0516994071e+47
9.2992705193e+46
1.6290675983e+48
8.3732537339e+44
3.1906924670e+46
3.0844363742e+43
3.5672015641e+41
2.3633884914e+45
4.8161792258e+46
8.9088440538e+44
1.0297026051e+43
4.0224460618e+42
1.0772678435e+44
1.1026913465e+45
6.8293761046e+48
4.7403686825e+46
1.4442679126e+48
3.5588920531e+49
1.0627597743e+47
1.2853061586e+49
3.6021883259e+47
1.9424186324e+47
3.2852106823e+44
1.3106608569e+48
2.2048997205e+45
3.7673447963e+45
2.5177408703e+43
7.9679605744e+45
3.1445832229e+44
1.4997038952e+44
1.1318080562e+43
6.1208066658e+43
9.5133082888e+45
1.2434518108e+46
1.2926116217e+46
2.6991773034e+47
4.8341249503e+46
7.0016285492e+44
1.3206778524e+44
1.5557599491e+47
1.6254181793e+46
2.0895565020e+46
1.2730062202e+45
2.5610554821e+45
7.6000452231e+48
3.6395810483e+46
1.3590506639e+41
3.1216168317e+46
2.3548020158e+46
9.0855429861e+46
8.2040604385e+46
1.9787992693e+49
1.8182603758e+45
7.3958298410e+44
4.7829432581e+45
1.9114695064e+48
1.8015560588e+46
8.4070965122e+44
8.3986940348e+49
4.3607308182e+46
1.5495043881e+47
1.1532077740e+47
4.6271175260e+47
7.3238684062e+45
4.6164932043e+46
9.0040480678e+40
6.5798755437e+44
2.0187000991e+44
1.4328064409e+47
1.0870840293e+47
5.3674822661e+49
2.8182789763e+45
1.8661009224e+47
4.3088290874e+49
6.6218981004e+41
8.0301502219e+45
4.1397323896e+47
5.6148262689e+48
1.9635895037e+47
2.4346162308e+44
1.2845651216e+45
1.1177487915e+45
1.1097555812e+49
1.5711553915e+46
1.7884679789e+47
2.1550433999e+46
4.2113094691e+43
6.6646121479e+45
1.6822670730e+45
3.4386499091e+48
1.0803694378e+48
5.9918592778e+45
2.8073986958e+43
7.1639069487e+47
8.1705452064e+47
3.3402939627e+44
2.7170290282e+45
1.5281899315e+47
7.1602653455e+42
1.0427079546e+46
7.4438997046e+45
2.5518737307e+46
6.5729950433e+46
1.6301879009e+43
3.3245237334e+43
1.1987783496e+45
9.9364897381e+48
6.7092742143e+46
1.9845350321e+46
3.3637679352e+48
4.9284900769e+46
6.0353127548e+47
1.1698540777e+47
1.8289085344e+45
2.8577031609e+46
1.2736479386e+47
1.2615702508e+44
5.2938447860e+46
9.7594470593e+46
3.8971552948e+46
1.9988251394e+47
1.2609484283e+49
3.4216483337e+46
7.1668343999e+44
4.4596975766e+47
1.6438754357e+47
2.0667107935e+44
9.8709075965e+46
2.0850795854e+47
1.0765792075e+49
7.1130121775e+42
5.2703236824e+46
1.0741065003e+46
9.1156106493e+46
6.3507370846e+44
5.0012330024e+41
1.6455783379e+46
3.3190548031e+46
1.5506731833e+47
1.0861032047e+46
4.8759712693e+43
3.5243901052e+45
1.2688593404e+48
9.8340963785e+45
1.0813841547e+47
9.9411256402e+46
2.2733069285e+47
6.4112336768e+47
1.9596308950e+41
5.8617661102e+48
7.6589486879e+47
2.5812371762e+39
1.9773167564e+47
5.5758257192e+47
1.2944670049e+48
6.7438247599e+46
1.3414843612e+51
1.4735025499e+48
1.4475608807e+47
7.6546657200e+45
1.8939074543e+47
7.3756229382e+46
4.5025742363e+44
8.1396174199e+45
2.9667307625e+43
7.2795928097e+46
8.9720702736e+44
1.8903197251e+45
1.7673327625e+46
7.0536937808e+44
2.2372213237e+46
5.8446514940e+45
3.5713101468e+45
2.5128091697e+45
2.1245288676e+44
6.5581537737e+45
1.8326939720e+47
1.1442204828e+49
1.5987516167e+46
4.6013880558e+47
1.1349942224e+47
1.4479106221e+48
3.6095668895e+44
1.1364160855e+43
1.1564945126e+47
5.1029839869e+43
4.7524618365e+45
6.1806602435e+46
2.2552263291e+43
3.6278703441e+47
6.3414510568e+44
2.8322591769e+44
2.2107628931e+41
2.9891806532e+49
4.1962337869e+44
1.4976327966e+46
6.3913781222e+49
3.7597065403e+44
1.9347065999e+46
1.7201649838e+46
2.0485036036e+48
2.2958062161e+40
3.9665658417e+47
1.2506651525e+48
7.9267328829e+44
4.3192685511e+44
1.2895227101e+47
3.0630398783e+42
3.2378781891e+44
1.4290951340e+46
1.8894190635e+47
6.3476917062e+47
2.9486040203e+47
1.2394234109e+48
2.0130877322e+44
2.0970363951e+48
4.8174961970e+47
1.2735005914e+44
1.7849399936e+48
8.2186711262e+46
1.3363696837e+45
1.3090577081e+45
2.2012336525e+46
6.9330262263e+46
5.2996714260e+49
5.9918652908e+47
3.2120603975e+47
3.0429417997e+45
1.0186217631e+46
1.2108751467e+45
8.5935880309e+46
2.3594714377e+44
6.3821872435e+47
3.7553907307e+46
4.1288580466e+44
1.1623493100e+49
2.9239529325e+47
3.0765381529e+48
1.3991611725e+49
2.1985759693e+46
8.1193007934e+42
6.9809574814e+44
3.1796407183e+44
1.2503096008e+46
8.7475537142e+48
4.4402614995e+47
2.3215688579e+46
1.1310161630e+47
2.8911621560e+43
1.4756752280e+40
1.1003258336e+49
3.5952391490e+48
2.7422412352e+47
4.1934464167e+45
7.5400761239e+46
1.4462303392e+46
2.2189405227e+44
3.7146856704e+43
1.9127481186e+46
4.9446857214e+46
4.4435643306e+41
1.6254855643e+47
1.8247696464e+49
4.0078099112e+46
6.9434569800e+46
3.2124478356e+47
1.3755784665e+47
8.3712098539e+46
3.0294595232e+48
7.5907272607e+46
5.6218598298e+43
1.5477556209e+46
2.2260323017e+43
1.5369887655e+46
3.3631387657e+44
2.4753875636e+46
1.8466611513e+44
2.0235800194e+48
1.1373484264e+50
2.4058962217e+44
6.8642529139e+42
7.8887221224e+47
3.8542672562e+44
3.1305860666e+45
1.0483489020e+42
2.0805750365e+46
5.2687034956e+48
2.3646843056e+44
1.3529356009e+48
7.2768667142e+45
2.0663382409e+48
1.7082244827e+48
5.3320732035e+45
1.8143877178e+49
2.7326749140e+47
4.1380740504e+44
6.9193922776e+39
3.4196306161e+47
5.9054239115e+42
5.1175780743e+44
1.2399355106e+49
4.0437945695e+42
1.1806232153e+44
5.2170441450e+45
1.8043874151e+47
9.1751767004e+42
3.9273275189e+44
1.1653498607e+46
1.9396060563e+47
1.0414039722e+44
2.7322139485e+43
1.9989718010e+47
1.8822130919e+45
3.9339670355e+47
6.1274843280e+45
7.5690326145e+49
2.2405129315e+43
2.7407894956e+43
5.3178708456e+48
4.3274988668e+44
5.4825556668e+44
6.9731474247e+45
3.1697534987e+42
1.2064907556e+45
4.1677465825e+46
3.7724345270e+45
8.1968709762e+49
9.0974749316e+45
6.5156697848e+40
5.5591571640e+43
2.0291557124e+47
5.9790702399e+46
1.0284344622e+50
6.0762785639e+44
7.7726786110e+47
1.7683838525e+46
2.0604412178e+48
4.9534639579e+47
1.5745747408e+45
3.4158601010e+45
2.8988078592e+41
6.7251652528e+48
1.3500200924e+45
1.0129668437e+47
1.3679256025e+45
4.8886155618e+44
1.2144946159e+48
1.4959550768e+47
2.0953973042e+48
3.6551877483e+45
7.1291139808e+43
1.4744713814e+47
7.6815751285e+47
9.1131854222e+43
1.9304183205e+43
2.3728569696e+45
3.0911668242e+46
8.9416033150e+45
4.6196330460e+42
6.8111804408e+44
3.5547378924e+45
1.0377675670e+47
5.3430918365e+45
1.4080305017e+45
1.4885284597e+46
2.4873428996e+46
6.0984066396e+43
1.2957399710e+40
2.0622758354e+45
3.7943584345e+45
7.1572031233e+42
4.0611362121e+44
1.7736533328e+47
1.7000430393e+49
1.0409583466e+44
1.1027881602e+47
9.9701975553e+42
4.4306001398e+44
3.6881800061e+44
2.8597402223e+45
2.7593716448e+45
8.3223547041e+47
1.4568358862e+47
2.5735699753e+47
5.9323457774e+47
8.2434511933e+49
2.0910491600e+49
1.7940154034e+45
1.0183998601e+49
4.6248419238e+44
3.5795077117e+47
2.5263026937e+44
9.0133896433e+43
5.4708523376e+46
1.4964994480e+43
1.7546885952e+43
8.5928497908e+44
2.0650053301e+42
6.4464702308e+47
8.4933121816e+44
2.5984041011e+47
5.0822849342e+46
1.7547341594e+47
9.4552145749e+47
1.9755901003e+47
1.3760877614e+44
6.0978139631e+46
2.8131273673e+47
2.4282442821e+42
2.3200111528e+45
2.0821167405e+48
6.9007799889e+44
7.2186284150e+44
5.0162995928e+46
3.8192001573e+46
5.7689668964e+44
2.9275962367e+48
1.3035659456e+41
2.7088138344e+46
5.2886024913e+45
4.5059919849e+46
2.5113845949e+47
2.8900255363e+48
1.7786486221e+46
4.9212111182e+44
3.4521113526e+45
2.3588910246e+48
1.3727554866e+45
1.1114184078e+45
2.2962396622e+47
1.3333748196e+50
2.8034048387e+45
7.7523889091e+46
6.0389581177e+45
3.7164250487e+44
1.4453419114e+44
7.6373614943e+43
8.1434661110e+48
2.9757709041e+45
6.8278219513e+48
2.4695964036e+49
3.1080403110e+45
2.8663241507e+46
7.5279034080e+42
1.9503563591e+42
3.1115677763e+43
3.7393293176e+46
1.5567654141e+44
3.5566372680e+42
8.9086914259e+43
1.1066061826e+46
4.6738175365e+46
3.1309171813e+45
1.1072769913e+50
2.0397831893e+49
6.9911896383e+47
1.1657263844e+44
2.7538279316e+49
8.3834660569e+44
3.1869567037e+47
2.9600531976e+42
2.0017536412e+44
8.1085016657e+48
4.9878385400e+46
1.9566187396e+47
2.8729414527e+41
2.4535002943e+45
2.2439804651e+45
1.4532666683e+45
2.0858202748e+47
5.9934648053e+45
5.7210720473e+42
7.4354683529e+48
9.3825215603e+44
5.0304409596e+49
1.8671095261e+44
3.0383734225e+46
3.9656392391e+45
3.5090381658e+45
2.8540689071e+47
1.5354017970e+43
5.5993709010e+45
1.6522867367e+47
3.5810576859e+41
5.4367284212e+39
1.3465385651e+46
7.4874782884e+46
1.3876422294e+43
3.0635533663e+44
3.1239732974e+45
3.9920883414e+45
5.9061411283e+45
3.0937226037e+48
2.4292252368e+47
2.0703723738e+45
2.7406322995e+46
9.6723887794e+47
1.6052035557e+45
1.3181439593e+45
4.2638162885e+45
7.5480565138e+47
2.3474062574e+49
1.2970807277e+47
3.7236015278e+41
2.4153496809e+46
1.3995709285e+47
1.2605453920e+45
1.2039638021e+46
1.3010461154e+46
1.4641601813e+47
7.5244666301e+45
8.0453885421e+46
2.0700427064e+47
9.9843132810e+45
9.5098883351e+47
1.9462809294e+43
2.0570864735e+44
4.4360445775e+49
1.4537757602e+48
1.9828636593e+45
1.2115706301e+44
4.4103868398e+47
3.3585771789e+46
3.8321774600e+44
2.5783667755e+48
3.8481761674e+46
1.9297488611e+44
1.3404578777e+48
2.3360672364e+42
2.0782786146e+48
4.3555438326e+46
8.0299333716e+43
1.2522283121e+45
1.6819556950e+47
1.2682828739e+47
8.3900397909e+45
1.0457693999e+45
6.6871771389e+47
1.9208478920e+45
3.6614142784e+44
6.6882550253e+49
6.8269323005e+47
1.3139376513e+45
1.3478343901e+45
3.5805341513e+43
1.0102353608e+47
1.5721605900e+45
1.4351316164e+45
8.9874535432e+43
3.4581757306e+41
1.0820099745e+48
9.2358317728e+48
6.5148716481e+44
1.7143446360e+43
9.9412213425e+47
1.8731084096e+46
4.8428343916e+41
2.3968039565e+47
1.1655082508e+43
1.7721939731e+45
1.1556897199e+45
2.5095264257e+48
1.9132059257e+49
1.0643185481e+47
3.5168937718e+47
1.2937246568e+46
1.3228965451e+48
9.0088964253e+46
2.9285648929e+43
1.4298785307e+46
1.0373263789e+45
2.1159474790e+44
2.8533777772e+47
9.7279808039e+46
1.1585989372e+48
1.7399336062e+43
6.4828017107e+46
2.3009229156e+45
8.2060670525e+40
1.1941086855e+47
1.6789731455e+46
6.6812297804e+45
1.2991890374e+49
9.7768802024e+46
3.4002642161e+44
1.4752128850e+42
2.7828034859e+47
1.1564464255e+46
3.9425070350e+45
1.9618088004e+45
2.7332440334e+46
1.9442456154e+41
6.5690489009e+47
1.0111820575e+47
4.5389129143e+45
1.1465778025e+47
7.7254821270e+45
8.1866322549e+46
2.5405075966e+46
2.6010056958e+48
2.3298650869e+46
3.7081801361e+48
1.3323965641e+46
7.6400863935e+42
9.0140729731e+41
6.7841817504e+45
1.9466062082e+46
1.2087712715e+47
8.6465334360e+46
1.0109937174e+45
4.0200413351e+47
1.4970244174e+48
9.8820189554e+45
2.6337022399e+43
2.3335340088e+47
1.2908644585e+46
6.8079017720e+45
3.0782599333e+44
3.2439742342e+48
4.3325859300e+43
9.2464446349e+47
3.7514734007e+45
4.0843776741e+45
1.3818312373e+46
1.9604488968e+48
2.4537300412e+48
4.6180956576e+45
4.4033793533e+48
1.7208565694e+47
2.2127473396e+48
2.0936545132e+46
7.9076582661e+46
1.0028575421e+47
5.9937942037e+41
3.0461389088e+48
8.9684893298e+44
1.0435915916e+44
2.3486576252e+41
7.7058743567e+48
2.1017332883e+44
1.3417946150e+48
1.5579372672e+44
4.0397107516e+46
5.5481909947e+46
2.1041922036e+46
2.2919514025e+47
1.4589933664e+44
1.0170739329e+45
7.4663537414e+43
1.5662393987e+45
1.1020916547e+46
9.1465472524e+47
1.3228290137e+46
6.7576014432e+46
4.5103395846e+45
6.1586607854e+39
1.5910863027e+45
1.1109223573e+47
2.3086179444e+48
4.0030106581e+41
1.0159365717e+45
4.5922692432e+45
1.5830446515e+50
1.3238802379e+47
7.7155198525e+47
1.7249001396e+47
1.2398915985e+47
1.0804894003e+48
5.0525813369e+45
6.2118827379e+43
1.6066624450e+46
8.4648107982e+46
1.2235554225e+46
4.0565176409e+48
4.1477028254e+44
8.0891327588e+45
7.5305144647e+39
1.0655861301e+46
2.0091043232e+44
1.0674337349e+47
1.3694450172e+45
1.1506073209e+49
1.4535117831e+49
1.4078829321e+45
3.5865829894e+47
1.5783297496e+45
1.7965796244e+41
4.3931460248e+46
6.4921569877e+46
6.1074158343e+48
5.7002702061e+46
8.7128033042e+46
7.3652142557e+42
1.5156048045e+48
2.3479675912e+48
3.4938744615e+47
5.6846485341e+45
7.2040127383e+45
8.2904171207e+43
4.3466562487e+46
9.3631384983e+44
5.8029860821e+45
1.0151218385e+44
5.2914391454e+44
1.2686065217e+48
8.3061465295e+45
5.8696127429e+44
1.8695013124e+45
9.4536742060e+43
6.5502967207e+42
7.0902382514e+46
3.8874582505e+44
2.6242089429e+47
4.6072970839e+42
4.0417146823e+43
3.1563119216e+45
1.5070234459e+45
5.0626917630e+43
3.3995835675e+45
5.7056683369e+43
1.2959769101e+45
3.2782756584e+46
4.8452408425e+44
1.4424727929e+48
6.5013677362e+45
1.4855752636e+46
3.8354080094e+48
1.2239948984e+48
1.2012011830e+48
1.1859337075e+45
1.6348080085e+47
1.1398999892e+44
5.4728127760e+46
6.2953642885e+45
6.1361482636e+46
9.4241013006e+44
1.0465613001e+45
2.7844062926e+45
1.5674480037e+47
5.5407785227e+46
1.3288822938e+44
2.3096221502e+48
2.3062309654e+46
2.5047113485e+39
4.0873643664e+46
3.3455154259e+46
2.1045634343e+48
1.8490983780e+48
1.2436034243e+49
6.6794352927e+45
1.3746240870e+45
1.0966197133e+43
2.3832674508e+44
6.4377506888e+42
1.1571449408e+44
5.4394956067e+45
5.1776540708e+44
3.1772468318e+44
9.5623619389e+43
1.6176775103e+49
2.0013756878e+49
1.9212001570e+48
1.1276870350e+42
2.6447212754e+46
9.3956940892e+44
1.1662594637e+46
8.7069368564e+41
1.2089731367e+48
1.3836567749e+46
2.6511626035e+45
1.7388152861e+48
1.4584569868e+47
8.2665225392e+47
1.1596398700e+42
2.0436227444e+43
5.3402578767e+44
1.4747789604e+44
8.1600493149e+43
3.1766840673e+44
2.0833366192e+43
4.4806002103e+50
8.3133950386e+43
7.5456396263e+43
6.2131881223e+45
1.6739347619e+44
5.9401629164e+43
7.6084702221e+44
1.7183050067e+45
5.3222290394e+42
3.4842078755e+49
2.8234345140e+47
3.9236343779e+45
3.3216941830e+44
4.5310571309e+44
3.7627526616e+46
3.0105274141e+47
2.0394528762e+44
5.1781360537e+48
2.0452889720e+42
2.3402448316e+48
1.1458247000e+45
8.4691575405e+47
4.9082883857e+45
2.1094107317e+45
1.7746492271e+47
4.0028826543e+45
4.3456294827e+46
2.7293647391e+45
1.5031802331e+41
1.6863009086e+47
1.0576445521e+46
3.8777773632e+47
2.3526033424e+44
1.8507441018e+49
8.2769174275e+46
2.5886914455e+45
7.6247738829e+46
2.4845733588e+45
2.2707097706e+46
2.0469809827e+43
1.0578463769e+47
3.2715428450e+43
3.3313477001e+45
3.1114243630e+48
2.1543875385e+49
1.5715424081e+48
2.4253162782e+45
2.8056639075e+44
2.6300485006e+45
2.4941046152e+44
1.4309247787e+44
6.7902253113e+45
9.6901742155e+45
6.1163804965e+45
3.4463656436e+47
2.5032209231e+48
1.2852732983e+43
1.2026524153e+43
1.6351038865e+43
1.2017461006e+48
5.4809257702e+48
2.0894098101e+44
1.8143552851e+46
2.1962870311e+47
2.2803831945e+41
5.9968906859e+45
9.8737056586e+46
8.5952670918e+46
2.7327662501e+45
1.5143097887e+47
3.2439504950e+47
2.7953953687e+41
7.9825343097e+47
8.6241981365e+47
4.6514648143e+45
4.7400046974e+47
1.0142558017e+49
1.5972121021e+50
5.3731557557e+47
1.1130930925e+43
6.0934080410e+47
7.5671889395e+49
2.2069061577e+47
2.6593755180e+46
1.5950693725e+44
7.4074781573e+44
1.1372780197e+46
9.4796894823e+46
6.5560125502e+43
5.0408904927e+46
7.8337190053e+45
1.1111013359e+49
2.1729732524e+48
5.7642813564e+46
7.8244293652e+47
1.2624361536e+47
1.9983403738e+47
2.2409792401e+46
3.0866274474e+46
4.2699788556e+42
4.9464441877e+46
3.1931483306e+47
3.0288415408e+43
2.4749302652e+44
1.9946678643e+46
1.0614219028e+44
6.1113077891e+45
5.6169226295e+45
8.5010578043e+44
3.9970735582e+43
1.2144368217e+47
1.2818510472e+46
9.7100093551e+46
3.2884921485e+47
1.6870137059e+48
1.9498489132e+45
3.4751131041e+45
6.4254163024e+48
6.0545693710e+46
1.1691360908e+45
8.6213529044e+47
9.8495965634e+47
8.2761324428e+44
5.2018919403e+43
9.9115628459e+42
1.2262011604e+46
2.2325784025e+44
1.6233960467e+44
1.6645202398e+42
4.8849767951e+45
2.0395783482e+45
4.3936350011e+42
1.7637511201e+46
3.4140783480e+41
3.0094013829e+44
6.2241675209e+45
4.2454925592e+47
2.0134077411e+46
1.4868908347e+47
2.7115087581e+46
1.6875279783e+43
1.9216635385e+46
7.2672995811e+47
2.6655439996e+48
2.3193056048e+45
3.1370829801e+47
2.4234730224e+44
1.7444985176e+46
2.8006206953e+42
2.4400134698e+47
1.7037290975e+44
2.4782786883e+45
1.9139702083e+47
7.4131704230e+44
6.1459709143e+48
5.2166061165e+42
1.3904807220e+48
8.7017199755e+48
3.0249817477e+46
1.8022313005e+41
5.4010309511e+47
2.8211734838e+46
1.9259997242e+45
5.4487064571e+46
2.4247322585e+42
1.1650617817e+49
1.4982656533e+46
4.1148423972e+48
8.8809152030e+42
1.3303974430e+46
2.3618230513e+46
5.4346186442e+46
2.5631379340e+47
1.0391366491e+47
3.7553598392e+47
2.2607352997e+44
4.0325862172e+49
5.2369823660e+46
3.0415213292e+46
7.0695440666e+44
6.7988260393e+47
2.4788783083e+47
1.6688110274e+47
2.9806999564e+47
2.9124428632e+43
4.1097949196e+44
1.6692825686e+47
1.0858316584e+47
4.5363366820e+48
2.6491283184e+47
5.7600293093e+37
2.2573978063e+47
3.6669094503e+45
2.0564985435e+46
1.4237402068e+46
3.7457348666e+44
8.5611489133e+47
8.5565201131e+46
1.8588418286e+47
3.5303800213e+46
4.5985517556e+46
2.0499317372e+44
2.3718378757e+47
1.3086023434e+50
1.1105276674e+49
2.9721458030e+47
4.3185709773e+47
1.7013390508e+46
3.4274579004e+47
7.0089601629e+46
4.8399803159e+48
1.2707004588e+49
1.0233166218e+45
1.3302016230e+46
1.3357004648e+47
6.8187840332e+41
8.1030571995e+44
1.2932578129e+47
1.9416236427e+44
2.7370053655e+46
9.1776690270e+47
1.6048920100e+43
1.9204425702e+41
3.9690539125e+48
1.1557575308e+43
4.4938487182e+44
4.7484317271e+46
3.6484201604e+47
4.7212942563e+45
4.5925257663e+46
3.2135686999e+49
3.8757170089e+42
1.1508895774e+47
6.0931856484e+45
2.3346851533e+44
7.1750306237e+46
1.3621203531e+46
5.1700740123e+44
1.0735480995e+46
2.0073517043e+46
5.1005653091e+44
4.4399828038e+47
1.8140046800e+44
1.0303216551e+47
1.7099301391e+42
3.9353879874e+47
2.2712843964e+44
3.6013612687e+47
1.8472160846e+49
2.2982003347e+46
4.3712476819e+43
7.7261328543e+43
2.5182164935e+44
7.7819430567e+45
5.7033109387e+43
4.0188067845e+49
6.6543777009e+43
1.2095650145e+46
4.7443638747e+44
2.3778288064e+47
2.0986587871e+47
1.7602270674e+46
3.0521925212e+50
3.9122092100e+47
4.6918771431e+45
3.1264843768e+43
5.1369207550e+45
2.6513177883e+47
6.9337413752e+43
8.8347126964e+48
1.3445378423e+43
3.5961078885e+48
2.8683979751e+47
2.8558868719e+46
2.0902174038e+47
1.0972123295e+48
5.3437860731e+47
2.4776329404e+46
7.8504179632e+48
1.0036629423e+46
2.0060575794e+42
2.5512675577e+46
3.7982887026e+45
6.3401286101e+45
1.2035334984e+48
1.2430338599e+48
1.3993788458e+47
8.4320578370e+48
7.5705334325e+46
2.0555043359e+47
3.2587092286e+49
1.3453531122e+46
1.1664156593e+45
6.4469713115e+47
8.6371068424e+43
1.0913281407e+44
1.5511156711e+48
1.8720904578e+48
9.8304769884e+44
6.5997217387e+48
7.3628507483e+47
5.8358624152e+48
1.0836293655e+45
5.9962622556e+48
2.5387394948e+43
4.2314518581e+45
1.9123478105e+46
3.4008682216e+44
6.1394052891e+48
2.9677363607e+45
7.3263520627e+46
5.3526751968e+49
1.1138134987e+48
5.5745348325e+44
1.8767398573e+46
2.9472424286e+46
2.3059309396e+48
3.5201443161e+43
2.7022778284e+40
3.5298403033e+45
1.0666753192e+46
5.9125155722e+46
7.1620727674e+46
2.0835291011e+45
3.0048837125e+46
1.9537871163e+47
1.2911099693e+45
9.3603620361e+44
3.8703964688e+47
9.3057415306e+42
5.7085735112e+41
4.2714177339e+49
6.3034637717e+43
9.7665836608e+46
5.1737741335e+47
3.4661755605e+44
5.6505698251e+47
4.3639783935e+47
1.2617452966e+48
1.2968427065e+50
7.2353136617e+46
9.6027772356e+46
7.8983500163e+46
6.0637038823e+41
7.1062087811e+46
2.5670186931e+45
5.0735402528e+45
4.1560014662e+44
5.1706205256e+47
2.2289693299e+46
3.6646552624e+47
3.3354157566e+46
8.9725791010e+46
1.8141220124e+48
1.1108150281e+49
2.9716085395e+44
3.4589126464e+44
7.2176614085e+48
1.8146219250e+46
4.0472906139e+45
2.3921346866e+47
2.1824284496e+45
4.3376775572e+49
9.5427376860e+48
5.0757600232e+45
3.2787777503e+46
4.1951523918e+45
5.4102925243e+46
2.8319620544e+48
3.0871005277e+44
7.0219861721e+43
2.1230871371e+47
3.6792201071e+46
2.3238943710e+45
3.7511100429e+48
4.0545699103e+47
1.5029213810e+49
2.5863114833e+49
5.3751719377e+47
1.3665386824e+47
1.3399152940e+46
3.5619704073e+44
1.1702791791e+43
3.8299762646e+46
8.5117312979e+44
2.8407866452e+44
3.5753522485e+44
1.1306876938e+44
9.7785741788e+48
8.1567983533e+47
6.7569586116e+44
1.8072427311e+45
1.0406603739e+47
8.9387159833e+45
6.4320540009e+48
3.0879030332e+47
1.9063374430e+47
1.8882743682e+47
2.1038457243e+46
4.6689793651e+44
3.5441647494e+47
2.6589567119e+47
1.0274112953e+44
1.9311622013e+46
6.3342503158e+48
1.0347830393e+47
1.3063307449e+46
1.5075218609e+44
4.1985818917e+48
1.5239537513e+44
5.1663828057e+47
3.2723102897e+45
3.6232656850e+46
1.8864154584e+44
5.3798067276e+45
1.2022510663e+47
4.6092028104e+47
1.0080211678e+47
7.3819288185e+46
9.8570353325e+44
2.2912133587e+47
2.4897226713e+47
1.5166142635e+42
3.1153693236e+45
1.3358626616e+42
1.2237431354e+44
1.4463034378e+46
1.3152731374e+46
3.4608289571e+45
1.3564738405e+42
2.4350788147e+44
6.9536966923e+46
7.6270408710e+42
1.1617636727e+47
7.3615304461e+48
7.0662650607e+43
2.7299730114e+46
2.4143832988e+48
2.7051708675e+47
1.3661168800e+43
3.0250418832e+43
9.9198491034e+48
9.1742501561e+45
5.0959705424e+48
3.0221049800e+46
3.8698334396e+44
1.4447567363e+48
1.4342387635e+50
6.0149206497e+45
1.3804963960e+43
3.3687700706e+43
1.5307309787e+41
8.9462271381e+43
1.7458697966e+45
3.2680585444e+45
6.3789339818e+49
5.4511654088e+49
1.1546338865e+45
9.1354330953e+43
4.1916485983e+48
1.4789559686e+42
2.3236974011e+45
1.4997850272e+48
4.3509391245e+45
7.2116851832e+45
2.9293890589e+43
5.4839312866e+47
1.1707421883e+46
1.0560038792e+49
9.1293749970e+43
2.6701420232e+44
3.1345151291e+49
2.3849756107e+46
8.9264775571e+45
8.1975306829e+47
2.7555683773e+44
1.4164669877e+45
4.5565107420e+48
2.3476739884e+45
4.6771257321e+45
6.9190524423e+43
1.3184403046e+45
1.6267513183e+46
4.4837361428e+42
4.5606248318e+43
1.7334675664e+45
9.9570206767e+45
1.2926342668e+45
8.1675186408e+42
8.5823001810e+44
2.6041346365e+45
1.0757001276e+42
7.4361642383e+44
1.1986545385e+48
6.8092391014e+46
7.2326345262e+47
6.9587389554e+44
4.7568142580e+48
1.0569663224e+46
7.5241584781e+48
7.2459415153e+44
4.0350176335e+46
2.3061579058e+48
1.4912532830e+46
1.3015406116e+44
2.1082043696e+50
3.5201693353e+44
6.0060553730e+46
2.4218716097e+46
4.5710427389e+44
4.4322269933e+46
7.8362918883e+45
8.5051096631e+44
1.4626908063e+44
1.9583851737e+47
7.8248235556e+46
1.0745435041e+46
4.7614754971e+43
5.7368482800e+49
2.0045294834e+47
1.2522010069e+47
1.7000685283e+46
1.5775012883e+47
3.6414754371e+48
2.1644698004e+46
1.7094177754e+47
1.3838324523e+46
4.9780409074e+47
6.5824008541e+46
1.3475518712e+43
5.1038885341e+47
2.1855084128e+47
5.4223460351e+45
1.2830412926e+48
1.8626715843e+44
4.6796848147e+44
1.3285518277e+45
3.0758826840e+47
2.3917717360e+47
5.5208844943e+48
3.7126016397e+41
2.5185463313e+47
2.5538089285e+48
1.2728609697e+47
9.7024017278e+44
1.9147326178e+44
1.5175881987e+45
1.1976652262e+47
2.0381629438e+43
1.7249295388e+47
2.1739177456e+40
1.3580410577e+46
5.2662112047e+47
3.7361110394e+46
3.0926727572e+45
4.3380151530e+44
1.0050949532e+46
5.4463789337e+43
2.4541506568e+44
1.0095973239e+45
4.0391708151e+47
1.4573239268e+43
6.8570418772e+44
1.2992025888e+44
5.1684798765e+45
1.4129066279e+46
4.1959625424e+47
1.6087833067e+48
1.1690377434e+44
1.0028059600e+46
9.5287093139e+47
1.1861845173e+46
5.8794134562e+42
2.4648717783e+42
1.0667195452e+45
1.2563680935e+47
1.1377815221e+47
2.4185033195e+42
2.5520586549e+46
1.2876488915e+50
3.9847815153e+44
1.4033934607e+48
5.6776685013e+46
1.0579440153e+46
1.0795959699e+48
6.3307356525e+45
6.5561003908e+48
6.0416363162e+45
9.8880404975e+47
7.9972128595e+47
1.6902245676e+44
3.7138183796e+45
2.2933317625e+48
3.7664666271e+47
1.3515076746e+47
2.1810486059e+48
3.3975598280e+42
1.0023162105e+46
3.3821349602e+44
1.6690458737e+46
1.5172591287e+45
3.4440432819e+46
6.2293842995e+48
6.9774098823e+47
1.3902207281e+46
1.4908968487e+49
1.3844409755e+45
5.5696772645e+48
2.1957950477e+48
5.7737989689e+47
1.8375816195e+42
7.7492099212e+48
2.5441329686e+41
7.1843077754e+39
4.8815401787e+46
8.9489416470e+45
1.2728844613e+48
9.1578329612e+45
7.1395737436e+46
1.5601772881e+46
3.4214863100e+46
3.8976852878e+45
8.3861312992e+44
1.1572690858e+43
3.6413401926e+48
8.8965548599e+46
3.3566066297e+47
1.3608179318e+45
2.7344374883e+46
7.0712533300e+45
1.2590948489e+46
2.4693442980e+46
6.6233059500e+45
7.3512072459e+41
2.2788776390e+44
1.0693515497e+44
9.9963150190e+44
3.0098898136e+48
6.5601544921e+47
3.4136644357e+44
2.0530593640e+45
2.1720161730e+47
4.2351509280e+44
1.5426020532e+46
3.2008467280e+48
1.2111938322e+48
4.6524131319e+45
2.5157414027e+48
3.3733947885e+45
6.7868358841e+43
1.0808098657e+48
7.2841935116e+43
4.7410850416e+46
6.4519241143e+43
1.0748082065e+47
4.0738713916e+46
1.3756100780e+48
9.5884581368e+46
6.8444845962e+44
8.8299838385e+44
6.4627551720e+47
2.5671921029e+48
7.3408226679e+45
3.6313322455e+46
1.5189329901e+48
6.8268873423e+46
4.9120692991e+49
1.5234188668e+47
1.1480031092e+46
1.4640629404e+46
1.3629350748e+47
3.1980829349e+47
1.8658539358e+43
1.6844165321e+43
2.9406977583e+43
1.0755731219e+48
2.1440809699e+47
1.3962000034e+45
4.0017474634e+46
1.7174791581e+43
3.4905213655e+46
5.1503954640e+46
1.0284915974e+45
3.9978481335e+45
1.2240362829e+47
1.8023898318e+45
2.4955810785e+46
3.0818773545e+42
1.5563423664e+48
4.9741177835e+47
3.7248340146e+49
3.8207043347e+48
4.3892112182e+45
1.5028375655e+48
2.4398975000e+48
2.0905114409e+44
1.1622499726e+43
2.6764340582e+47
8.0788092625e+43
7.4115966964e+48
7.2900875007e+43
2.3868689764e+45
3.1730281163e+45
3.5555799777e+42
8.2667353745e+44
1.6802090031e+45
4.5973032264e+42
2.9967101600e+42
1.7920294253e+48
2.9193311474e+45
1.0660767512e+47
2.5884348150e+42
5.7561485244e+45
3.8304070749e+47
1.8748440535e+46
9.4986144372e+46
1.0682322301e+47
1.9848263675e+48
8.1284613044e+46
6.1280392516e+45
1.1631995865e+43
4.9640526079e+48
8.3216452406e+45
1.0855116932e+45
6.2526229665e+45
8.2686334316e+43
3.3020536726e+46
1.0669503854e+50
9.8729608620e+44
4.0575984654e+44
4.6473524391e+45
8.2234127020e+46
2.4836372688e+43
3.5748721801e+44
3.0182162312e+48
1.2201238916e+46
8.4379846573e+47
1.1829383038e+43
1.9107881486e+45
8.0113934123e+45
9.9907986982e+45
1.2910814145e+46
5.3926392419e+40
1.4812885728e+44
1.9103371462e+48
2.2773886630e+47
1.7729077246e+47
9.3777834570e+43
1.2178027925e+45
8.8516318019e+46
1.4075534938e+45
2.3263403593e+46
1.5612496217e+45
1.9012397269e+46
3.6066118113e+47
5.3961599393e+42
3.4447092402e+45
3.4816810898e+43
2.1190848108e+45
3.2029443011e+45
6.8309293448e+43
1.4947608961e+47
6.9072891841e+43
1.1520143301e+47
1.8735463869e+47
1.1289519376e+44
5.0326662038e+47
3.0967532452e+48
2.2785698910e+44
3.7429115663e+47
2.7735268424e+46
1.8036903650e+45
1.9040247376e+42
5.7085607459e+46
4.0034396387e+47
9.4190931572e+47
2.2432451777e+43
2.8269040079e+44
9.8344916802e+45
9.7683942935e+47
1.7887197422e+46
6.3756762580e+48
3.3032160057e+49
3.6578875702e+45
2.7765152122e+48
2.5512342816e+46
7.2972193410e+46
4.4535310329e+41
1.2032305974e+44
7.0692261435e+48
6.0919908901e+43
4.5569024705e+49
1.6490992514e+43
5.4553214459e+44
8.2186127738e+47
1.8413266984e+45
1.6702441499e+49
6.6972491824e+45
5.6898871906e+47
6.8199828866e+46
5.8950996712e+41
1.5473969821e+46
1.2363936736e+44
1.4764212848e+48
5.0932713567e+46
1.3992905588e+48
2.1675285418e+48
1.4853978280e+45
6.6633317906e+46
1.3946053975e+49
3.3076088549e+46
6.3438321908e+42
3.1865780477e+46
9.4042223841e+45
3.3684029291e+45
7.8483309742e+48
7.5609871531e+46
6.2494914335e+45
9.5961368573e+45
8.3197954253e+46
3.8009900432e+46
4.3163184936e+45
1.0174626198e+48
3.3227602220e+44
5.6037127004e+44
1.0174110696e+45
6.4331310952e+45
1.1879941909e+46
1.1608621738e+41
3.5841535608e+42
5.2714698116e+46
1.4121334966e+48
1.8831609753e+46
6.3789123944e+47
3.0978692014e+47
9.1099893541e+45
6.1239396066e+48
1.5799181397e+47
3.4830178435e+45
9.0593299629e+46
2.2346401820e+45
6.7372482736e+46
3.1580407221e+45
3.3847305906e+44
1.6476003146e+43
2.0198660770e+44
1.5787075944e+44
1.2018341357e+45
6.9833118146e+46
6.4438062158e+44
1.0625565175e+44
2.5086712537e+47
1.0399422684e+46
3.7746932424e+47
3.3118510032e+46
1.9500466311e+46
6.7964431064e+46
9.1957676039e+46
2.3771732341e+42
1.3738678910e+47
2.0684754536e+45
1.2218480697e+45
2.2424418662e+45
1.2486074951e+47
3.4682112529e+47
3.6599650471e+48
3.6242803834e+45
2.2505883489e+46
9.4151897076e+45
3.5861330102e+44
2.1490088597e+47
1.3078171301e+47
1.2771264430e+45
3.1708291523e+46
2.7393358609e+47
1.4851991411e+45
1.2104048968e+45
1.2113830057e+45
9.1505022202e+47
2.6570846013e+47
1.6843535730e+46
3.1897597109e+45
3.1071640117e+40
3.3098163869e+46
4.0412005071e+44
1.3277789980e+46
3.9967321622e+48
4.0645584360e+43
5.6056490874e+46
9.4067688486e+47
2.5829571416e+46
4.4351148649e+49
1.9880382843e+44
2.6634808863e+41
6.1770289871e+48
5.3181397494e+47
2.1020462633e+49
2.9809092716e+46
2.2224990580e+46
7.2584155219e+44
4.8104201851e+45
4.6723963075e+42
2.2550485401e+42
4.4230143464e+45
2.5105922549e+46
6.6144660463e+44
2.7067456777e+48
2.3897238318e+49
1.7797018088e+43
6.4741093988e+48
3.3488707603e+45
1.5309141321e+45
4.7362625684e+45
3.5669350041e+45
2.3099149198e+46
1.8843714772e+47
5.4053419237e+43
4.1452884872e+44
2.2102783099e+47
1.6405770918e+49
6.6133834833e+40
8.7297094101e+43
2.5231553224e+44
1.0721445274e+45
3.1189607891e+46
5.6362261683e+47
2.6293609396e+46
3.7192758377e+47
2.3071231193e+45
1.4396598269e+46
3.8288277944e+48
1.3004105243e+47
5.1171056163e+46
3.1109937319e+43
3.2533088463e+44
9.7999871155e+43
7.8101015394e+48
2.0995007323e+48
6.3472753652e+42
1.4457140541e+48
3.4841013789e+47
8.0160701364e+44
3.0731320101e+47
4.8103807654e+46
3.7960740908e+45
2.8685009110e+49
2.5525427992e+45
2.7538745853e+41
3.4724748893e+47
1.4599084040e+45
3.6737182469e+46
8.4705024823e+44
4.9470980146e+43
2.2722415014e+47
6.9929670406e+43
1.5623636919e+47
2.3790414414e+47
1.1511963427e+47
1.9869662325e+44
1.0575058231e+49
3.1120049928e+48
3.1797418535e+47
3.3086966511e+42
1.2363063107e+45
2.2572222998e+48
1.1096491487e+44
8.7033096426e+44
1.5453165929e+46
7.3134930570e+43
2.5748154042e+48
2.3654498729e+45
2.6463074855e+46
2.8621874800e+47
2.5955520825e+39
3.1529897894e+48
5.0110028556e+45
9.8692446279e+42
6.1108972613e+44
7.9470270564e+41
1.0196341242e+43
1.4652321977e+47
5.0056371077e+46
9.4909498201e+44
1.6953211467e+41
6.7200072914e+45
6.7570608892e+49
7.0488091232e+44
3.0573220210e+45
3.4665015890e+47
1.9282372477e+49
1.2491779991e+49
7.1566185273e+47
7.7845355133e+46
3.9543563045e+44
3.9612268928e+45
1.2047532906e+43
1.1727439750e+46
5.8009912830e+41
9.4191505950e+46
6.1896112696e+47
1.5029306099e+47
1.1689829231e+45
8.8637422921e+44
1.4252832757e+45
1.6489301352e+47
1.4046981193e+47
7.4095386164e+44
3.9043097496e+45
9.5952314494e+40
1.8823647960e+45
1.0660776951e+48
2.7544153326e+46
1.0975534231e+44
1.7681225492e+48
3.7471952080e+45
4.8276208877e+39
1.9803794810e+46
2.2906550985e+47
1.3712730729e+45
1.5832261061e+48
2.5982105958e+48
2.7195223454e+45
8.5221784202e+41
1.9822048912e+45
4.6720225844e+45
1.4380079757e+45
3.2880991919e+43
1.2615834810e+43
2.0500705449e+48
1.6438052201e+45
8.9350236454e+46
4.9502298543e+46
1.6704384267e+46
5.4964020082e+44
9.4697731072e+48
3.2099559972e+46
1.3349126821e+48
5.2768739766e+47
1.0432663927e+43
2.9723499649e+42
4.0999283138e+42
1.3433434794e+46
7.3820182258e+43
6.3225787851e+41
3.8534908715e+44
3.8178658125e+46
8.4311800922e+45
7.0607719064e+48
1.5056231946e+49
2.9425706245e+45
8.6368740809e+45
6.0147311209e+47
1.1405192431e+46
1.5017373158e+47
4.4261570636e+42
4.1456108393e+44
1.9299173612e+47
3.6571055730e+46
8.0744321788e+45
5.8197577473e+45
1.5842308194e+45
1.2825560053e+45
3.2685262074e+48
4.3631920951e+47
3.0079584963e+49
1.6639779993e+46
1.8314846936e+47
1.0998969034e+47
3.9506809622e+46
2.7048840192e+44
1.8250575125e+46
1.8817286436e+46
3.2479473091e+46
5.2777103847e+46
5.6707641213e+48
2.3856804886e+42
3.2716780536e+46
1.8064880387e+43
1.8233283805e+46
3.1790634694e+47
1.6050452205e+46
8.5035534606e+47
3.4637752372e+44
4.8216989641e+46
2.1530138573e+48
4.1002278999e+46
4.0615983445e+48
1.1522710769e+47
7.0303316757e+47
4.0917609031e+43
4.2288591455e+46
1.1735469308e+46
5.7224380930e+42
1.5448437717e+45
3.1825773408e+46
4.7460865410e+43
3.6471068226e+49
3.5830810106e+45
1.2462904470e+49
3.6127049714e+43
6.4333988794e+48
3.5649843101e+42
7.7640004819e+45
7.3519622434e+45
1.4991960049e+43
2.2473189012e+43
7.4671003040e+43
2.4148945971e+46
1.2364404137e+43
1.0700929922e+44
1.1213904122e+45
4.9025920932e+47
3.4126069014e+47
8.0003864783e+48
1.2195759176e+43
1.3454224619e+46
4.5600682312e+46
1.6225949309e+45
2.2831104977e+43
5.3192511027e+48
7.6879891358e+46
3.4906271170e+48
2.8019755501e+46
1.4302404422e+44
1.5243090666e+42
2.8213764996e+47
4.2468923126e+46
1.2322461768e+48
5.0423542056e+46
3.0523263999e+43
8.7990905294e+42
1.1389638442e+47
4.0947507107e+48
1.5486790846e+46
4.6013896111e+47
4.8012729739e+46
1.3319921036e+45
4.6780608701e+45
1.8516761654e+48
2.6426550315e+43
5.7100646587e+47
3.5515235223e+47
2.4913832223e+48
4.0686217122e+47
2.7732684290e+42
5.5740127862e+46
2.1796348084e+46
1.1702639166e+47
1.8098330305e+45
7.2780528767e+46
7.5282455280e+45
1.1920300557e+48
4.3384839959e+45
4.1953197343e+45
4.3372189343e+48
1.5426008842e+44
8.7531214506e+43
5.0032241925e+44
2.9655565684e+48
7.6041831384e+44
9.3296584694e+46
1.8989167210e+46
1.2973447288e+48
3.3448661915e+46
6.0391004576e+48
6.7576398736e+45
1.3291206390e+49
3.3617500510e+45
2.0843509527e+49
2.2945237042e+47
1.1132307519e+48
4.3494821090e+47
2.7316845429e+47
1.5397271689e+48
1.5672378199e+48
1.6102953092e+48
5.9015156534e+46
8.6154720967e+46
4.1085624416e+47
7.6299625847e+45
3.3691563219e+46
5.8704196541e+45
2.4000365269e+46
3.5600065589e+42
1.5992878318e+49
1.3045507945e+47
8.4595648033e+47
3.3196216935e+46
2.0335168318e+44
1.0452678698e+49
2.3143426398e+45
2.2251522676e+45
9.1528960914e+43
1.1914122322e+46
4.0546700996e+47
7.7413350858e+45
3.3002494462e+43
7.2599854337e+44
5.2643986407e+45
2.3001067486e+49
1.2936376363e+44
2.3452356687e+46
5.2547263252e+48
1.5525560258e+46
2.0048259698e+45
5.4605817051e+46
2.4093731792e+49
2.7274860162e+46
1.1310403873e+45
5.6015604986e+46
2.7613115831e+45
1.9008814806e+41
4.4246296424e+48
5.9985182376e+46
7.7063226318e+48
1.9017014513e+46
1.0238412228e+45
3.2179961591e+44
6.6719436560e+41
7.3878422062e+42
3.0325962289e+46
2.8672771508e+47
1.3277784388e+44
4.6235730858e+45
1.8818041063e+49
1.3014254449e+46
1.1359922083e+46
1.2800975154e+44
1.6394957388e+44
2.5244507331e+45
1.5387376288e+46
4.8302986253e+42
3.6441184480e+45
3.4959367033e+41
7.8143669400e+46
7.2918936722e+45
6.2685912636e+44
2.4469640841e+48
5.5508999319e+47
2.7477837581e+48
2.7972341364e+45
2.8400188345e+45
7.3529317116e+43
3.4525803691e+46
1.8131275507e+49
2.4597067057e+45
2.1846970724e+46
1.2392122390e+43
5.2431592846e+43
2.8713834155e+43
8.0075193174e+44
2.0986342522e+45
2.7884457858e+45
7.3200060672e+41
2.1193387670e+46
2.0426019055e+47
7.6069871417e+46
9.5032541106e+45
4.1825060650e+43
2.3055966448e+48
8.1424414373e+47
5.5129384945e+44
4.5116936578e+45
1.0811382632e+45
1.2748030042e+45
1.8954443059e+45
3.4039748249e+47
1.0829514731e+48
9.9341451671e+45
1.5146723359e+43
2.7469618942e+44
5.7850061201e+48
6.9004979460e+45
1.0455996773e+47
1.9993754836e+42
7.5680829253e+46
1.0194967966e+45
3.7751382953e+47
4.5030389924e+47
1.0012753875e+45
1.5210176669e+47
1.0262700613e+48
3.6174766443e+49
2.7488250325e+46
3.5523602688e+45
2.9970318777e+48
5.1655811547e+45
5.6747535038e+44
1.1702118752e+47
3.3236831974e+43
2.8616162055e+41
9.6844579299e+46
1.4045448029e+43
6.9287099787e+45
8.0578213088e+42
1.4761985633e+42
3.2619955948e+47
1.1669671090e+43
1.7294388124e+47
8.8854858636e+43
1.6086500455e+43
8.4213555586e+44
3.3302435574e+46
1.7211158260e+43
1.4151029123e+46
2.1942237494e+41
2.3719706978e+45
1.3803637366e+45
1.1070690760e+46
2.4464105332e+48
1.1315540160e+48
3.6228680398e+41
9.4703104827e+47
4.1648084845e+48
5.0721376410e+45
4.2858983784e+46
1.9483325171e+44
1.1114245263e+47
8.3645691395e+42
4.2451970466e+45
3.4286726435e+47
2.7826838736e+41
8.6238586522e+44
1.2309850626e+50
1.9530791000e+45
1.6412666076e+47
8.0093269332e+44
6.3999338418e+43
1.0145632660e+43
2.6322550052e+46
1.2003814025e+47
6.1348377681e+45
9.7418610470e+46
1.1535246105e+46
3.0307237084e+48
2.4307489586e+44
3.1963373048e+46
5.4287693009e+48
9.4557489096e+44
2.3389256252e+48
4.9764705840e+47
4.8205273638e+45
2.2072385523e+46
2.4234084751e+45
5.4926732110e+42
1.9169150264e+47
1.6266642874e+46
1.6961093872e+43
1.0633071957e+47
4.9077083866e+47
6.5533888627e+45
1.6039849439e+47
9.4209107582e+44
2.0851329552e+40
7.0394630099e+44
1.5603536713e+43
1.0388039908e+42
1.5805401801e+48
1.7377952436e+45
1.5394200452e+44
9.9849736954e+46
8.9937085287e+45
7.8947484749e+47
1.4789056314e+46
1.2299298540e+45
7.6748484398e+45
8.4051873523e+46
4.4279992876e+46
3.5812072811e+46
2.0101850123e+44
1.8712400756e+46
1.3564205255e+48
3.2571461462e+46
1.6620681896e+47
1.5976288919e+45
4.3722258825e+46
1.7800624068e+48
2.8499236554e+44
4.9178057123e+47
5.6799125420e+44
1.8861954109e+48
6.5570823567e+45
1.9597963883e+45
1.4128783952e+45
7.1661010459e+43
2.1144158376e+47
1.2354455456e+47
7.5467332977e+45
7.2936556295e+44
2.2400438330e+46
1.2788266200e+43
2.6344373940e+45
1.7215379949e+47
1.5551366038e+45
9.4832213877e+45
2.4009638148e+43
2.4887309342e+47
3.7038984134e+47
8.4254759959e+45
5.0593492619e+45
1.8330375123e+47
4.4907731338e+45
5.8328086096e+45
1.7710487122e+47
6.0919995451e+47
1.8389259884e+49
8.2643167882e+41
2.3132197588e+43
8.4794854402e+44
6.6646061052e+48
9.2480787218e+46
4.1251035250e+47
1.0236110913e+46
2.4287455011e+46
2.1901904553e+45
2.1072755338e+47
2.0599803673e+46
2.7434746782e+47
3.4117424484e+45
8.2648126447e+49
4.5853760809e+43
8.5326246815e+48
5.4221758883e+45
2.2928896160e+44
3.8206105951e+48
1.9292166080e+46
1.1754898396e+46
1.0118794561e+47
7.1157631903e+48
9.6802811924e+47
1.0501305134e+48
8.1329350364e+45
1.3311030756e+45
1.7542547055e+44
3.3142080851e+44
2.2911605735e+45
1.8839922299e+45
5.0127066059e+41
3.9756394189e+46
1.1705049676e+46
1.5190635329e+44
4.2544785699e+45
8.3283131493e+46
8.7267534835e+47
1.3565007548e+41
2.3835435012e+46
5.0448315456e+45
2.6136195050e+47
1.6996461618e+47
2.0091093473e+49
4.9839327114e+48
3.8979635131e+48
7.0573593722e+47
2.4333293063e+47
5.0203836448e+47
3.8072325146e+47
4.6861329379e+47
1.2474821649e+45
2.5115931255e+46
2.2524871387e+45
3.7962469744e+44
1.0944611180e+47
4.5278497533e+43
1.0068210961e+44
2.0067101011e+46
1.1359151145e+43
8.0252092339e+49
1.7578924649e+46
4.1513266403e+43
4.0078128334e+47
2.7500531203e+45
4.4770166674e+48
8.2558621067e+48
5.9305459867e+43
8.2282016037e+42
9.7126030080e+45
4.5264960011e+46
5.3644966846e+43
4.7134333954e+46
6.0379253877e+43
3.3058003223e+41
5.4160737986e+48
7.8225123246e+43
2.1659720778e+50
1.3192247702e+45
4.8277845252e+48
1.7429589915e+46
3.0029105915e+48
3.4299888244e+44
3.8983887291e+47
2.8054481149e+48
1.1855302499e+49
4.1923065815e+46
1.3111834003e+46
2.5728570830e+45
3.9687095730e+47
9.5522380753e+45
3.4685403555e+46
1.5105781783e+44
9.3481721356e+45
1.2004216762e+50
2.5094560366e+48
7.2274334234e+44
2.9474087000e+45
8.7220182005e+45
6.6025419643e+47
6.9133381439e+42
9.8423633125e+45
3.0177337323e+46
9.0218206565e+46
3.7306251021e+47
1.4617721096e+48
1.4154639752e+48
8.4038089953e+45
5.2999658270e+45
2.3429736557e+45
7.7770155288e+46
1.0552654765e+41
4.5147669312e+47
3.5974001819e+49
1.0743282057e+45
3.3859133133e+49
5.4669224431e+46
3.5826255443e+47
4.7648723705e+42
1.1167306807e+45
3.2716199260e+49
4.5107627210e+47
1.8839521485e+48
1.3359992234e+45
2.6919552602e+44
5.7155708626e+48
9.5692130623e+44
4.7956303302e+43
2.0246795295e+47
8.8055061124e+41
2.1445797949e+46
1.0268311534e+46
4.6420875056e+46
2.1592425172e+47
1.4561386170e+45
3.2630945372e+46
2.4546708972e+46
3.7872789124e+45
9.0713262039e+45
8.7113376514e+45
4.3102511900e+46
1.1079539990e+45
9.3738320511e+44
5.4695578950e+47
6.0607175227e+41
2.2409371053e+46
1.1094344940e+46
2.0250146833e+43
9.3956993173e+47
2.6900114752e+47
4.5510158705e+46
9.6485970470e+43
2.2297657269e+47
4.7871181199e+42
1.6266793493e+47
4.6887681423e+46
1.0399400543e+47
7.4073780700e+44
7.9495498502e+46
3.7575663699e+47
8.1736613863e+43
1.1715971102e+44
9.2162006085e+44
1.2067548586e+47
1.0334363096e+45
4.7827968397e+45
1.5503147316e+44
4.6778749865e+47
3.6803166901e+47
1.8175780703e+46
1.5964575118e+42
6.3906641892e+46
7.9773226041e+46
5.3347863480e+43
2.4840835453e+44
1.0410826615e+48
2.3897300223e+47
1.7340477993e+44
1.6856533631e+46
1.9559343260e+48
3.3403866231e+45
1.2770672620e+44
9.6245918997e+47
1.7350679629e+47
1.8844234308e+49
1.3260730593e+46
6.7503953244e+43
8.5256209633e+42
4.3022106153e+45
1.1995339515e+44
2.8396464552e+48
5.8577281829e+46
2.5507993920e+49
4.5167120001e+45
2.2103101561e+48
2.3519688015e+44
7.0968112851e+47
4.0750189637e+45
3.9414400938e+45
8.9499469210e+43
4.3365901866e+45
7.2219157821e+46
3.0038600751e+45
4.5505031084e+47
4.5797477088e+49
8.2446151920e+47
4.4914943863e+46
1.1470239137e+45
5.1092810332e+45
2.7186614434e+47
1.2404032898e+47
5.1094982443e+48
7.9255144721e+41
2.3286105528e+46
2.8838718668e+47
1.3921426118e+44
6.9043351655e+47
2.0295536068e+47
3.1727736187e+47
3.3602954317e+51
4.0534297216e+45
6.5449183210e+44
7.3926597283e+42
2.7810023653e+48
7.6730129275e+42
1.1073952911e+47
6.7900839862e+44
2.4367407891e+44
1.7525907116e+43
1.7053119419e+47
2.4451054015e+45
9.9421144094e+41
5.6128315661e+46
9.1966129200e+42
3.9011744970e+48
1.9042851561e+45
3.2751432097e+41
1.1705442901e+48
8.0821948602e+48
6.8887298795e+47
1.0221260667e+47
4.8857879144e+46
8.7264939921e+45
3.2608552925e+45
3.8803645111e+38
7.0941847833e+44
6.8206255926e+44
3.5681765389e+44
2.2194798620e+45
1.7371402122e+46
6.3103907449e+43
8.6148093801e+47
6.7150382480e+44
8.8045393024e+46
9.4128195569e+44
2.0510901209e+45
1.6250942223e+47
5.5381366093e+46
1.6871972626e+41
1.4151020100e+44
3.4136426349e+43
9.6197062749e+47
1.8320718169e+48
1.4750824839e+48
1.4109904873e+47
2.8997806867e+40
4.1739544758e+46
3.6559261165e+47
5.1329368331e+49
1.1818786756e+47
5.0644226433e+45
9.1359142631e+46
2.9068204063e+44
6.2854491310e+46
1.3637250419e+41
1.9701178731e+48
1.9199497903e+48
2.5892153263e+45
2.3157008052e+48
5.4021899760e+46
1.8378936186e+45
9.4611028228e+46
2.4813771274e+46
2.0625306139e+45
1.0081293618e+47
1.9081130363e+46
1.1050724178e+46
1.0776601241e+46
5.9708534204e+44
1.6635323780e+43
1.2602478056e+45
1.5446531644e+45
1.0587476786e+46
6.5424837354e+47
5.5044739771e+50
2.7366311723e+47
5.0991568291e+51
4.5669724178e+47
1.8553580460e+47
2.5955242705e+43
9.1227246130e+44
1.1147235020e+48
2.8850057929e+46
4.4919377355e+46
7.2300454500e+46
1.4277997896e+42
7.5388303221e+41
3.7627300686e+45
7.9900959928e+43
3.3119761660e+47
4.8251691587e+48
6.9850780448e+49
2.4115803922e+47
1.3154665777e+46
3.0335134071e+41
1.3949545912e+44
9.5392121358e+41
6.4588309326e+44
1.0879090684e+44
2.0515660624e+47
5.1499413833e+40
3.6692299883e+46
6.3445159956e+48
1.0441277957e+43
3.7481688127e+46
3.2640174009e+43
5.0037917635e+42
2.4528480338e+47
3.0979303979e+49
2.3437975884e+47
4.1669655088e+47
3.6256004243e+46
1.4391150923e+45
6.3410735311e+45
1.3143035613e+44
6.3351653983e+45
4.7398635172e+49
3.2863159559e+41
5.4483547814e+47
1.1888425760e+42
1.2539191150e+46
3.6846830019e+46
1.1245541678e+39
4.1115919518e+47
1.7459370576e+48
4.8433665168e+47
6.5176169415e+40
7.6357815497e+47
1.6554586099e+45
3.7015760554e+47
1.5024391606e+47
1.2048545862e+50
1.0511040486e+37
9.3611089109e+46
9.0012845147e+45
4.9478039237e+44
1.9976351809e+44
2.9639517636e+44
2.5370415946e+46
3.0054063701e+47
2.4752331262e+45
6.5457983019e+43
3.5471877602e+49
1.6560429171e+46
2.0670818308e+44
3.1768843531e+44
2.7288259651e+43
2.2472074802e+47
8.1604968177e+46
2.5551422213e+47
3.8481559984e+47
1.0304837888e+49
1.1566263356e+47
6.3573403858e+49
2.7962935208e+44
1.5775829916e+49
1.1825683627e+47
7.8330443492e+43
7.8008604636e+48
1.6947637170e+48
4.1005061618e+47
4.3074131818e+45
5.1860733346e+44
5.4568233050e+45
5.2196317812e+45
3.1634461727e+42
1.1896902229e+47
6.1678042522e+48
1.6550164934e+44
1.2706839983e+46
2.6980413183e+46
2.9979249124e+46
4.7810237746e+47
2.4741177352e+46
1.9964750518e+44
4.9164948345e+47
5.0356893620e+40
1.8389813556e+43
9.5367283225e+47
1.6534964122e+48
6.3188146089e+45
1.2770919740e+44
1.5513768574e+49
3.1736814026e+43
1.2791152272e+45
1.4947793943e+47
2.3240043849e+41
2.2145979741e+48
1.7406005882e+47
9.7799979058e+45
1.3162408631e+45
3.5482011940e+45
2.0261645431e+45
2.0731813197e+42
1.8570827748e+49
5.0559373144e+42
2.5004176401e+43
1.6237069088e+47
1.5129586446e+44
5.2770584949e+46
1.3707387529e+44
8.1072440600e+47
8.3740212917e+46
2.6598114218e+46
4.1403951864e+48
1.0964368859e+44
1.9606659329e+47
5.4064306799e+47
1.3980933349e+45
1.1219748367e+47
4.7848273591e+43
2.4943094213e+49
4.8774795781e+46
2.9153886612e+44
1.6400474962e+44
2.2101896305e+44
1.4358438488e+44
3.8657200241e+46
1.1380090854e+45
7.6787394800e+46
6.1654654038e+44
8.8172612501e+47
4.2599364860e+42
1.8413156789e+48
1.0111579204e+47
8.4087995808e+47
5.9080234835e+47
8.8304578329e+46
5.0320697013e+44
2.0570710166e+46
1.9594280534e+46
2.9149714431e+46
3.3830579472e+46
2.1952277175e+47
1.1530383789e+47
9.3436357448e+43
4.4080957973e+44
2.2811817016e+46
2.5039494587e+46
5.6080937856e+45
5.2186476082e+45
1.0555628887e+44
4.0554006587e+42
2.2437022845e+46
1.8614798517e+46
5.7815229234e+42
4.5175060498e+46
5.9379893838e+47
8.4137647798e+40
1.0022261506e+46
7.2663236946e+45
8.2336807805e+47
3.9197573859e+45
2.6918140096e+47
2.2015827920e+44
2.5615000694e+44
1.0327054161e+41
8.7629630428e+44
4.9810469514e+45
1.8388179424e+48
8.6008513225e+46
1.2003278121e+50
3.2159992061e+44
3.6672021853e+45
4.2932786010e+45
7.5016593083e+47
8.5603705608e+47
2.9165074410e+44
9.0503343473e+47
1.1243679511e+47
4.6315414552e+45
6.9313514276e+46
5.1908496060e+46
8.5416875738e+45
7.5362914698e+41
1.8289917679e+45
1.2063057255e+44
4.2303362172e+48
2.0082264375e+45
2.1442152680e+44
2.0315662402e+46
1.3618165111e+46
5.0916184003e+43
1.1207016637e+45
1.6993085612e+47
2.5428370217e+43
7.1775349408e+42
3.5180642034e+43
2.6824572216e+47
6.3867284737e+43
1.5176740700e+48
3.7063805874e+45
2.6751388144e+46
2.3887351546e+45
6.3843755497e+46
8.2328120478e+46
8.7287203505e+46
4.1402661480e+42
3.0945615944e+49
3.4196234319e+47
9.8196131084e+45
3.5077371432e+45
1.3007146331e+45
1.6629749204e+43
3.2481294980e+45
1.0833833980e+44
5.7659293612e+47
2.6834697445e+44
3.8278861894e+46
2.9785695216e+45
8.2734218940e+47
4.0960885792e+45
6.3333483268e+46
1.4060089723e+45
6.3731008707e+46
2.2518003981e+46
7.5785986323e+46
6.9134010552e+48
8.1794491697e+43
3.8631847323e+46
1.3173837915e+47
1.8678367155e+42
5.0516711271e+41
4.2189753496e+46
1.8336241083e+47
5.7724804306e+44
2.9503387185e+48
1.0922592150e+36
5.2130886198e+47
4.2031110258e+42
1.9232211338e+47
1.1109460450e+47
2.7337304266e+45
6.5850964444e+43
3.3994074720e+41
3.1125387929e+46
4.5072027950e+47
5.0167892505e+47
1.1977189424e+46
9.2002674936e+45
5.1764256475e+46
6.7611963215e+44
2.7764389745e+44
1.0295749489e+49
1.1999802506e+48
3.9139313958e+46
4.9951535393e+47
3.4156933582e+44
5.5786638372e+43
4.2192622441e+47
5.3909741705e+46
1.9716641664e+43
4.8632889188e+43
4.9683349493e+42
3.4058363068e+45
6.6792703546e+42
1.1498331343e+45
7.3495317111e+49
3.1537885309e+45
1.0643524731e+48
2.3262909739e+47
3.2045718653e+43
2.6247455833e+48
3.9345907728e+45
4.8796421976e+46
1.5949880021e+47
2.8633429449e+46
4.4291961777e+43
7.1507738774e+43
6.7741924058e+44
1.2371311323e+46
2.1078994968e+48
1.8020399430e+46
3.1434577352e+44
1.2378940659e+49
7.7017920814e+46
1.3611415340e+43
1.9437169710e+48
6.8901787086e+48
7.7564893411e+47
4.1337863211e+46
1.6010513196e+49
1.3540834695e+47
3.7891181436e+47
1.4253662683e+47
1.1388452250e+48
1.2203065012e+46
1.7854740789e+47
2.3651864381e+47
9.9956889794e+43
2.6403727523e+44
2.6339360102e+43
5.5963550314e+46
6.0211778009e+45
1.7716948566e+48
1.0285716773e+44
2.7495667999e+49
3.3422051390e+44
4.1510106953e+45
1.6889747916e+44
2.2985744791e+48
2.9231510567e+46
4.3261657041e+44
1.8937416766e+45
1.0114796724e+46
3.0632682843e+45
4.1888098228e+44
7.2885642465e+46
6.9287308913e+48
2.3290943838e+48
2.6240132261e+45
1.2213353165e+45
1.2213353165e+45
1.7265815599e+43
1.4194426961e+48
1.8486910579e+48
3.2098224095e+45
1.2447487987e+47
2.2042356096e+47
3.9180068869e+41
1.8199249314e+46
3.3012417012e+40
9.5271301808e+44
5.6006240657e+47
1.3651794105e+44
4.9709795846e+47
2.9974132354e+47
6.0212177216e+46
5.5657335228e+46
5.9720069422e+43
7.8933696780e+46
7.7523569598e+46
3.4590978083e+48
1.4782181376e+46
3.5268373763e+46
6.5627088137e+49
1.5028561011e+42
4.0897598176e+46
3.0113877144e+47
1.6972016736e+50
3.0514580705e+46
1.8448909648e+45
2.4105076838e+48
6.3295290388e+46
9.6211925244e+44
9.0707925465e+45
9.0094273643e+48
2.0123538179e+49
2.0161879165e+45
3.2998496832e+47
7.4696244973e+48
3.0674862230e+45
1.4324786443e+48
1.5719327521e+47
5.4547860267e+44
1.7415135133e+47
2.8374766714e+44
8.2405659480e+44
5.7659617698e+47
1.0559224769e+45
4.2553912706e+48
3.0101748931e+44
2.0281841639e+45
4.1906298058e+46
7.5094957759e+48
1.6316790992e+43
7.1318901093e+43
1.4774800226e+46
1.5680550582e+48
9.7972044663e+47
1.7889983037e+49
1.1439119487e+44
1.0111354445e+47
2.9714490588e+46
1.4209699552e+47
8.6554693016e+47
3.4655402657e+42
3.4153158645e+44
6.2866101728e+46
1.3672406693e+47
1.8491659720e+44
5.3214471949e+48
6.6838123249e+42
1.0185910684e+45
8.1819338695e+43
1.0621080177e+44
4.8695543084e+42
2.6686071697e+48
2.3043769623e+47
6.8095510277e+47
8.4695645962e+46
7.1155850044e+47
1.4743089388e+43
1.2593060894e+45
3.8024510617e+46
4.9311201878e+45
7.0115372132e+46
5.9366061207e+44
9.8169734335e+46
5.9633786317e+48
2.6931622862e+46
4.4326085834e+46
5.7292146132e+48
6.6886988890e+47
3.4153949117e+42
2.0909788138e+47
4.8555745512e+42
7.2547265788e+47
2.1282661208e+44
1.0577958014e+44
5.1655992697e+43
5.7662644027e+40
1.6595814697e+46
2.5940326501e+45
2.1602444579e+42
1.7603320884e+46
4.7665894702e+44
7.8302025348e+49
3.3599844122e+47
2.6543261701e+47
2.5530978600e+42
3.6982099624e+42
3.5558860742e+47
5.2512416811e+45
1.3354940747e+45
1.0636796025e+46
1.1283909520e+46
3.7102617025e+43
6.4050283501e+47
2.4951247955e+46
1.2997863129e+48
1.2198260538e+49
2.1392383417e+42
3.9098742397e+47
2.8460219907e+45
1.1195304127e+46
1.8891493213e+44
2.2112130400e+47
5.0492125450e+47
1.3108296179e+46
2.5847372779e+44
1.0341433478e+45
4.2822635442e+48
4.9106506405e+46
9.1595426155e+48
1.3037921938e+42
2.8961686741e+45
1.0501736249e+46
8.6652831710e+43
7.3898757382e+48
2.0691708929e+44
1.3135639276e+41
2.5042024616e+47
2.8217959682e+46
2.4102431305e+46
8.3391000985e+44
2.3093308972e+45
9.6392117899e+43
3.0903426935e+47
1.5042058966e+46
9.6908605826e+44
6.6787173312e+43
1.1267044152e+47
1.2969394356e+46
9.5433843553e+49
1.0578189658e+49
2.7127342019e+45
2.6155275047e+45
1.2558874083e+48
3.3662211807e+46
3.2318493175e+43
3.4647651609e+47
6.5521140813e+44
1.1800171777e+46
1.1961832355e+44
2.1471787895e+45
1.9823028023e+42
9.8490087314e+45
4.5341290014e+44
7.9332880001e+44
1.2485356150e+49
2.7695111800e+48
6.7222443664e+45
2.1578815566e+45
6.7623209064e+47
5.6291159558e+42
3.3059889304e+47
6.6735239339e+44
5.4012468325e+45
1.8511944554e+47
3.1331022155e+45
2.3590677660e+45
3.3036432657e+45
4.4239239292e+43
1.9654100677e+48
1.4652764448e+48
9.8898156508e+43
5.2561265340e+47
6.0767253423e+46
8.8767097058e+46
9.8564196244e+44
9.2970243883e+48
3.8055398967e+47
1.3591151779e+48
4.0314930718e+47
2.3318958585e+47
6.5123111074e+46
5.5898495104e+43
3.1597036659e+49
8.4197131071e+46
7.6848554300e+42
1.8067211258e+44
1.5956023597e+44
1.5044198029e+47
1.8527162000e+50
2.5230274969e+46
4.2776048763e+48
2.2189368603e+47
1.5561030801e+47
1.4647615682e+47
3.5705455003e+45
2.7758945093e+46
1.5563128994e+45
5.6855523238e+46
7.1372968085e+45
5.8886524815e+47
5.5821508105e+44
1.3421571479e+46
3.1953637991e+46
2.1422602710e+46
2.6029103435e+45
3.3527453611e+48
7.6809161340e+43
6.7309435103e+44
2.0106159280e+48
3.2960754242e+40
5.6579813433e+48
6.1789488810e+46
2.4250206914e+49
3.8160454527e+46
1.1709987555e+46
8.0068874233e+49
3.2652456824e+48
3.0476400897e+43
4.4666386478e+47
1.4210822905e+45
9.7960007744e+43
3.1687762110e+47
3.6492792882e+48
1.8072206572e+46
4.5240525749e+45
4.6292656883e+44
4.1562021418e+40
1.0748791096e+45
5.7611398374e+47
9.2908627025e+46
7.3110520987e+40
6.8589680980e+43
3.1276817784e+42
3.7801738310e+44
5.8793373922e+43
1.7992845864e+46
2.0439533784e+44
6.2472120877e+49
4.2833526569e+48
1.2872236086e+48
6.3537936727e+42
1.6442240451e+48
7.1093139335e+47
2.6131227418e+47
5.6114865306e+46
5.7878881687e+47
1.9621147972e+43
1.8353664975e+44
8.1233444161e+44
4.4866087654e+45
1.9019191377e+44
1.4500368150e+47
2.3972269771e+47
1.6062046694e+48
5.4103261719e+44
5.2922817438e+47
2.8121859836e+44
9.8975125017e+43
2.3219537301e+47
1.7620991430e+44
8.1910572013e+41
8.1142595721e+43
3.1867978031e+43
6.3851903368e+40
6.7603305627e+45
1.8359024563e+46
9.8674375268e+40
5.8895933024e+45
4.1581036380e+47
5.4047511942e+46
1.2599385966e+49
3.8478795612e+47
6.7953385377e+47
9.4284757960e+48
3.5472556707e+46
9.4919661437e+43
2.9513156106e+46
2.4090779250e+48
1.7654635214e+47
1.0856061692e+46
1.8034871768e+44
2.0260284745e+49
5.5730588340e+45
1.0669061555e+47
2.0973634095e+44
6.7794623811e+45
2.8517259043e+45
1.5847715110e+48
1.1909955923e+42
1.7003186880e+44
1.4086440489e+44
3.2592547509e+47
3.8031358822e+46
2.9857365369e+44
1.1996189990e+40
3.0832477452e+45
5.4222315479e+44
6.2465301684e+48
2.3232458827e+46
1.6931917288e+49
2.6703773468e+45
5.5751389929e+45
6.8913649238e+40
8.3614038426e+44
1.6396036745e+47
2.4421720658e+44
4.0519838304e+47
4.2170304551e+41
9.4399695381e+46
6.5089579252e+43
2.0823636922e+44
1.9261929649e+48
1.4257175926e+48
2.1495063400e+47
2.0575190810e+42
1.6511167898e+46
2.6558538608e+44
1.5171189313e+45
1.0787560618e+48
2.2866540961e+45
3.3351083453e+48
5.8320618622e+49
5.3134697127e+47
2.5119661313e+46
6.8916261110e+45
1.9191337631e+46
3.0107037030e+42
3.9338650545e+47
2.0083799940e+47
2.1397164810e+46
1.6735862044e+46
6.6221605453e+45
2.9802230977e+42
1.5049051469e+46
5.4162429252e+47
4.2558520066e+45
2.0048755368e+42
1.4994425075e+47
1.0986424969e+46
5.1672721117e+47
5.2730984142e+44
8.6621041589e+47
6.7485173978e+46
2.1295517945e+47
1.9974224036e+46
1.2543387902e+45
7.6096147501e+46
1.5985799198e+46
5.1808670632e+48
1.5325591146e+48
2.9927464858e+43
2.0849698282e+49
2.2914521187e+43
1.5957937821e+48
5.6123887112e+45
2.6030193054e+48
2.3025191859e+47
1.8713596408e+46
4.0867390951e+44
3.9286069599e+47
1.2807727595e+47
5.6445928684e+42
1.3976073468e+39
1.4115144789e+47
2.7337947498e+47
6.0723180881e+45
5.5243002534e+43
1.9709219511e+45
1.3600025809e+45
4.1237046657e+45
2.8391001038e+48
9.6539101035e+44
1.2630824825e+46
2.4080090451e+44
1.5012672502e+45
2.4110745859e+49
1.7454245883e+44
2.1741033094e+46
8.4343547803e+45
2.8681797225e+46
1.0420457947e+48
4.5174150223e+44
7.1955430976e+47
3.7539446166e+49
5.5559777988e+46
1.1539420376e+48
9.9469757165e+45
2.2871904261e+48
7.2246050729e+46
1.4562868612e+45
4.1973634392e+46
3.3899166427e+45
6.5099299572e+44
2.4120171296e+44
2.9543198718e+45
4.1839841009e+44
1.4984577607e+45
9.6683513231e+46
1.3088488332e+47
1.4334891229e+48
4.2791076536e+43
1.2217843942e+42
1.1161539718e+49
1.5432211703e+42
3.6760974402e+45
1.1460996878e+44
2.4078272125e+48
1.4273015617e+48
2.6882402609e+43
5.8504665710e+47
7.0016570126e+46
5.0572890810e+45
2.7218460170e+42
5.7779354508e+44
3.9755437929e+47
1.8430473576e+43
1.4942602622e+43
6.6990491776e+46
2.3614244844e+48
9.6236904161e+45
2.5329785107e+47
7.8016385161e+45
7.0701659905e+42
8.0525639482e+46
9.9638262991e+46
2.6607525933e+45
5.1830606176e+46
5.0040329242e+42
1.4282675783e+44
3.2202701635e+47
8.3171100041e+48
5.1218365407e+48
2.9221926132e+46
1.8642911198e+43
5.8178145901e+45
1.6231946866e+45
6.6358677002e+46
2.3869334955e+45
1.5183451217e+47
4.8268629876e+43
6.2377987121e+40
2.9935787745e+48
2.4939960248e+49
7.3724202027e+44
1.4673926752e+49
4.5960355427e+47
7.7319780094e+47
9.4023670980e+49
5.9669944309e+46
1.7877437163e+46
4.4885572369e+46
1.3577431109e+44
3.3251327592e+43
4.7346413293e+42
6.7617967731e+45
6.5723454694e+40
6.6459944795e+45
4.4737498578e+45
8.1325941492e+47
2.0368280011e+42
5.6065032767e+47
5.8145462867e+47
3.6828456213e+45
1.5875155359e+44
4.7427286510e+43
2.6109256296e+48
4.4359429400e+47
4.6472661604e+47
3.2966264031e+43
1.1747053075e+47
7.2108411515e+46
5.7199996477e+42
7.4253549160e+44
1.0218513162e+48
6.1227991515e+48
1.0304602576e+49
9.9230830583e+44
6.5263252355e+45
1.1292680268e+45
3.7540002473e+45
9.6034058876e+44
7.2902389553e+45
6.5890867726e+41
5.6682750692e+48
4.9424498467e+46
6.3888210810e+45
2.0012531287e+48
3.1066400041e+42
5.3330056904e+47
3.8969591313e+42
1.0728285672e+44
2.4212592282e+45
4.7114883946e+42
6.0452090817e+44
4.0173793692e+47
1.0492866897e+45
9.5228177729e+40
2.4094945405e+48
4.1336610711e+49
1.1942652861e+45
2.6864971253e+40
3.0239798401e+43
2.1332509423e+44
4.6545908292e+44
4.2025849834e+47
6.9007511378e+42
1.4392718498e+47
1.4268104481e+50
1.9619356181e+45
5.0323043257e+43
1.0605503827e+48
1.6793840451e+48
1.5529558690e+44
3.8425563222e+45
2.9448144820e+46
1.2126985712e+47
9.8070950951e+42
8.0697805194e+47
2.1876959675e+46
9.2187812686e+45
3.1278113289e+44
1.2840651534e+48
8.1963598265e+45
4.4904283053e+45
6.3356414271e+42
2.6340043067e+48
4.2602632666e+47
1.3618555761e+46
8.0471463216e+49
9.7019124118e+44
1.0682272776e+43
1.7382700313e+45
1.4176610838e+45
7.4857315685e+47
4.8700605206e+41
5.3034326137e+44
2.5173341665e+47
2.4105523905e+47
1.2481881997e+47
9.1138646495e+43
6.2653617244e+48
2.2529070073e+48
4.0098725549e+46
2.5196200027e+48
2.9179521790e+49
6.6854250482e+45
1.7974103536e+47
1.0633540185e+46
8.1237512811e+44
7.6697461572e+45
1.0702764394e+45
3.6526797753e+44
1.5870771589e+45
3.7256939784e+47
6.1086466518e+46
4.7364880392e+44
4.2629463554e+44
2.0750739753e+44
6.7632818632e+45
2.7872716202e+45
1.1196837905e+47
7.4321680751e+46
3.6171009319e+48
2.4796313965e+48
7.6776611909e+41
3.1690215391e+44
6.4231187269e+44
2.0009410842e+46
1.0711917412e+45
2.7038786439e+47
2.6708724832e+48
6.1831580174e+44
1.9435417835e+47
2.3482627269e+44
1.0622149681e+44
2.6333778568e+44
2.4521647521e+49
4.0473234227e+48
6.4378823395e+46
2.2921514663e+43
1.2742969561e+48
6.9761832824e+45
9.3022077159e+46
8.6377228577e+42
7.3126178345e+45
6.7920108056e+41
7.3138275331e+42
1.3304445867e+47
6.7740473993e+49
1.9362198016e+48
1.7261794221e+48
1.6075824698e+49
4.5835228935e+48
2.2477821733e+48
2.6166803511e+43
3.6690525916e+49
3.8425616643e+47
5.6931945659e+49
7.8262477720e+47
1.5277039715e+46
5.2691020767e+42
1.5554836291e+46
2.4007091409e+45
1.0847246728e+46
1.3252527354e+50
1.8009430510e+45
4.3144317903e+44
9.1404835562e+46
3.3733161063e+46
2.7301253416e+45
1.6252218947e+47
2.2647246945e+47
8.8681248259e+45
2.8474833998e+48
3.3350712009e+48
2.6695550839e+45
1.4834936769e+47
8.7527440911e+47
1.4521183543e+49
3.8334842124e+47
1.0272154247e+46
1.8029714324e+46
3.8744448764e+45
5.8092158598e+46
3.2628896711e+44
5.2322805433e+42
3.5675583486e+43
1.1005051893e+43
1.5084692179e+44
2.4552135099e+44
7.4315088339e+47
4.2964683765e+47
3.8090737738e+46
7.6050163480e+46
8.4543483088e+43
1.7884883213e+49
7.9357792523e+43
1.4107703333e+45
1.4225820785e+49
5.6732747585e+44
1.5046345019e+48
1.7472236531e+44
9.8428482372e+43
3.0032720455e+47
2.4580446023e+45
1.1994962319e+48
5.6290890876e+44
1.7947577953e+45
2.9668850106e+44
5.8694376198e+44
4.6151075960e+45
9.7563416924e+48
3.0522264159e+44
1.6769133371e+48
1.2872627702e+45
1.1245241508e+45
2.6758555852e+45
2.2120473986e+45
4.1738284947e+46
2.7457628845e+48
1.1696878767e+46
6.5611832313e+43
5.1860172868e+46
1.5386171145e+47
4.1876564089e+47
2.0400835348e+44
3.9245967370e+49
5.5477116754e+45
5.8813380955e+47
5.1697187880e+43
5.2676780473e+46
1.5194354846e+46
7.6225533710e+46
1.3731100403e+48
5.5958747102e+47
8.7891261780e+45
1.1347508871e+49
1.6818816971e+48
4.4205194260e+42
2.5631183937e+44
3.9571965227e+46
4.6073350519e+44
3.4814179252e+46
2.3986578743e+46
4.8816199975e+48
1.3105305269e+43
5.7375855247e+46
7.2503769389e+49
1.0935238983e+45
2.4581865773e+45
5.4453322284e+47
1.5650267047e+39
2.1107330445e+47
7.6567844421e+43
1.7451863316e+46
2.2183165723e+43
6.0606001978e+44
3.8796176317e+46
2.0938708536e+48
2.6518426438e+42
9.1880447797e+49
5.0312108880e+47
1.9927796702e+41
9.8359848654e+44
3.3731601498e+44
1.0740081252e+45
7.7834298872e+48
8.3513027210e+44
1.6016201892e+46
4.6355333664e+45
9.2748777985e+47
2.5992976204e+44
2.4363095936e+46
2.2146604795e+44
4.2282538048e+43
2.2933764967e+48
1.7226192710e+47
1.6247932661e+45
4.6708303578e+50
7.6512116270e+48
2.7418357152e+46
2.0746678133e+47
2.0415593237e+42
6.8987700556e+47
1.2089623783e+45
5.1911133658e+45
8.3347953425e+43
4.6704365154e+46
6.5766589874e+45
1.2407625400e+44
9.0101934891e+43
8.8687657006e+45
4.5542222681e+45
6.7156632054e+48
1.1822928957e+46
2.1671504214e+44
1.4624386675e+46
3.4492356224e+45
3.8041270721e+45
4.6043529272e+42
1.3605627012e+48
1.5664021392e+46
1.3174112443e+47
1.6896950789e+47
6.0530878470e+44
1.0628785830e+45
1.4272430825e+45
7.5771460074e+45
5.2388332987e+49
4.3979620787e+41
7.3964194626e+43
2.6891176422e+45
1.9683285817e+47
1.0311865047e+48
4.8701271897e+44
5.7537770812e+41
3.5704486894e+43
1.7886225203e+45
1.2471610167e+49
2.6469485198e+44
2.1676925375e+44
1.2829892510e+38
7.8534900215e+44
5.3611036483e+47
3.8246529441e+44
7.7197668439e+48
2.1426290564e+46
7.2333333700e+44
6.4444727834e+48
8.0590662368e+45
2.4950781915e+44
2.7865578642e+46
1.1665712473e+42
3.1992344131e+44
1.5326435100e+45
1.2094245364e+46
2.0252530312e+47
2.5204318996e+45
1.1806236355e+49
2.9370126321e+44
1.9033162980e+48
1.4195658604e+48
2.0914627056e+46
7.1406295642e+45
3.3670807540e+44
2.0515254323e+48
2.3959624681e+44
2.0986774381e+45
6.1258701874e+44
5.3360442749e+46
8.5505976966e+44
1.9302480773e+46
1.2710248289e+44
1.4703894842e+44
4.9108661932e+46
5.1448225087e+46
1.2097079599e+44
4.5728600662e+48
2.5126854815e+45
3.5705450935e+41
1.2940066740e+45
3.4671559179e+46
1.7805663802e+46
2.7045015453e+47
9.9679779412e+39
3.6805595615e+45
4.8249835977e+47
1.0124814503e+46
8.8994662677e+43
9.3384162005e+46
1.6021822588e+44
5.3673146320e+48
3.7028243376e+44
1.0100694814e+44
2.2661670794e+47
9.8259444453e+43
4.6875685046e+45
1.4566542350e+44
4.1896195722e+47
6.7948287779e+46
1.4920320883e+45
1.1598255118e+45
6.7673067971e+42
1.0879664129e+50
8.0265229809e+47
3.9618797520e+46
2.3777336308e+46
4.0730551737e+48
2.5396142361e+43
9.5819534516e+47
9.0276674170e+45
1.7245550488e+47
4.6643560772e+43
2.8538467902e+42
1.7146181545e+49
2.3728205658e+47
1.3096892561e+49
4.8339695605e+47
2.1901544224e+47
9.1682828356e+50
1.5874956158e+44
7.7355007827e+44
1.5948937086e+45
1.5028470795e+48
1.5677710414e+48
3.3874173908e+42
8.9637613149e+47
1.0703884573e+46
4.8652117526e+46
3.1999724117e+44
8.0168890235e+45
1.1769423013e+47
2.2456424730e+42
2.1404240121e+46
4.7257688524e+46
1.3057899907e+46
2.9630274445e+45
1.0833631868e+46
7.4141249147e+40
6.1083891945e+47
7.1362595019e+44
6.7543217660e+49
2.3129146581e+46
6.1318712833e+47
5.9875991696e+45
2.7291374177e+49
1.0359146387e+50
2.5019151841e+48
3.2906192229e+40
4.6365960081e+45
2.4733755619e+48
1.8443448244e+45
2.5984219073e+46
2.5993236503e+44
1.4967682661e+47
1.1504674004e+47
2.1808090076e+45
3.7624598088e+44
5.1471076034e+45
3.2115002600e+45
7.8597928446e+44
5.5335484593e+42
1.8135557547e+40
1.4798788184e+47
1.6961799191e+49
2.5539001296e+44
5.9741526891e+45
7.7691257812e+47
1.7452489901e+49
2.3142020486e+45
4.1408872593e+44
7.3701812791e+44
2.3810465946e+46
2.3754478432e+47
3.3737562678e+45
1.4553548968e+42
1.8750179850e+48
1.3150225734e+45
1.7705671255e+44
2.3980153008e+45
2.3627183865e+46
4.0999843556e+45
4.0793877113e+43
3.1230467731e+49
6.3370934893e+45
1.0756876411e+44
2.3048135310e+48
1.7342518883e+41
1.4509348165e+48
7.9036128933e+45
6.9925211203e+46
2.5501331742e+47
7.2246309742e+42
1.7567914450e+49
1.5764951011e+46
3.8834446990e+44
3.1759564702e+48
3.2512158227e+42
7.5913572305e+44
2.2625352813e+43
2.4939532399e+44
8.8801291113e+43
2.1194949176e+45
6.5614316881e+44
8.2314538929e+46
8.6450908529e+43
4.4853212793e+43
5.5435327912e+45
1.8215462455e+44
8.6881675571e+48
3.6965381338e+46
1.3669940748e+50
4.8911288425e+46
1.1791148247e+46
6.1660214406e+49
1.6068992747e+44
9.5271192738e+44
6.6970476352e+47
5.3539897127e+46
9.2913466684e+42
5.3629904565e+45
1.2937907356e+47
2.5935667884e+45
3.2094705575e+48
6.2798175090e+45
5.1059523377e+43
1.4144506643e+47
1.0445539822e+49
5.4336586701e+47
8.8767778563e+44
2.3151309527e+48
9.6619323502e+44
2.1748384289e+43
1.0214839407e+48
1.3876079314e+45
4.4589804405e+45
4.3203183762e+44
5.3413536408e+45
6.5812681897e+43
4.2825727752e+44
2.9456058306e+46
2.5678767045e+46
4.7985879058e+49
2.3931835778e+45
9.4851040031e+43
8.2246645157e+44
6.3754086967e+47
7.1579235915e+45
8.5322233155e+47
3.9748861155e+48
4.4904621666e+46
3.1072869431e+47
1.2979223343e+46
2.0346990976e+46
1.9253788271e+47
6.3927801324e+45
6.7770824851e+46
1.7236341851e+49
2.8944622511e+45
2.0737047938e+45
3.9204029107e+48
1.9668272512e+49
1.3312190893e+41
3.6115450489e+46
1.9116452584e+46
4.6742922054e+45
8.9174565703e+44
4.4777550010e+43
5.2593574054e+46
1.7070502262e+47
9.5273135367e+43
4.9358600556e+46
1.2842654593e+47
5.4454417291e+47
1.0952143964e+46
3.9827314080e+46
2.0133344287e+48
4.8370495933e+46
1.8585577193e+43
1.2129521199e+49
3.7034494243e+46
1.4556153707e+42
5.7888911220e+45
2.4826634508e+43
5.3435174683e+47
3.0937215506e+45
8.0667204444e+47
3.1358383790e+43
7.2808030121e+44
2.4866444510e+43
1.8529443241e+47
2.4906684134e+46
1.1594476403e+45
5.7033267187e+45
1.0016812949e+44
4.1785594466e+48
4.5592358323e+45
2.6139836651e+48
1.7364686896e+46
2.5165503972e+42
1.8928650778e+49
4.2389149534e+45
2.6900063981e+45
3.5307011519e+46
9.4897853050e+44
1.0683302867e+47
1.7256915119e+46
8.2738735595e+48
7.0046316846e+44
3.8970726693e+44
9.0247714615e+44
1.7155197153e+47
3.8969924746e+47
9.2766123215e+44
8.3848041369e+42
6.5410832753e+48
9.9395441190e+46
9.0974297034e+44
3.9250129273e+46
5.7870776501e+49
2.2988032325e+46
1.3350169205e+48
4.8780885772e+44
4.0040408827e+42
1.0059034553e+43
4.5552342435e+44
4.1773220600e+45
7.9668470567e+47
5.1525844958e+41
2.0458181054e+46
3.3666796136e+41
2.6014690703e+43
3.5163961298e+46
2.3026116173e+43
2.3301156225e+44
7.4393729969e+47
1.4803126987e+47
4.1513016246e+48
5.0255163160e+44
2.9358032172e+47
1.9570640745e+48
6.2248635438e+46
5.5555615778e+48
3.0097476146e+44
4.1051509523e+48
4.8970267796e+46
6.9547502176e+49
1.0533631464e+45
1.9679483613e+46
1.1573895779e+43
3.6163942251e+47
6.3970317781e+45
6.0519361709e+43
3.8204945381e+43
9.1685438012e+41
1.8569393688e+43
1.1294697377e+48
2.0124309286e+44
6.7144864521e+42
1.9313603132e+47
2.2872433723e+47
2.4481796203e+45
3.7977972973e+44
6.8447215602e+49
1.0694387616e+45
7.1993674210e+43
4.9592050286e+44
3.0950024808e+44
5.3251345496e+44
1.3748461168e+42
8.1512748989e+47
5.1700037796e+42
2.9281045367e+46
6.3988907253e+48
6.7336850411e+43
7.8941581631e+47
1.9333063015e+47
5.6766579607e+47
3.7642166560e+45
1.7006003558e+41
2.8829589522e+45
9.1888946104e+44
9.4083605506e+45
1.1644412226e+46
8.1232483757e+47
3.6990041060e+47
3.6876933143e+41
5.2994284703e+49
9.1475175387e+45
1.0612818356e+45
1.8183098450e+45
2.0936539362e+45
1.3041961513e+49
9.3797333731e+43
6.3575751022e+47
1.8882195073e+43
4.3905887850e+48
1.2135954808e+45
2.9774277575e+45
9.5328177417e+45
1.3515650069e+48
1.3220165958e+45
7.9170211938e+46
9.5811238723e+44
1.8656919869e+46
3.5859454672e+46
5.6454485748e+46
2.0563552892e+46
4.4237958400e+48
3.7887013113e+47
2.4892812288e+42
2.1541690085e+44
9.4003045076e+45
6.4775952191e+48
5.0102870475e+48
3.6526368053e+46
1.5656166186e+47
2.1614975634e+44
1.6518543492e+40
1.9295019531e+47
3.5042822058e+46
1.6331640464e+40
1.5966469362e+47
2.5701978574e+46
4.9578755799e+42
1.6760623907e+47
1.1218198544e+46
9.1362853995e+47
3.2531034554e+47
7.6587034894e+47
1.1906632610e+46
3.7887299723e+41
1.6900823866e+47
6.5916072539e+46
2.1880476354e+42
4.7848915331e+47
6.5840191614e+45
1.3141299783e+47
2.7707212931e+46
4.3166967231e+46
9.8210269514e+46
5.7772795188e+49
8.8672793927e+43
7.2674534847e+47
3.6974829837e+46
4.8649852657e+43
1.7319178487e+49
1.0666486227e+44
6.2238524036e+44
3.5904948203e+44
2.1195531650e+42
2.9221132455e+45
2.0647775159e+48
2.5549719590e+47
1.0356060162e+44
1.3011633383e+47
1.0585169487e+47
4.1271034799e+42
5.5681709245e+46
2.7766019474e+46
3.9888518479e+43
2.7030124606e+48
3.9791689098e+45
1.4739258724e+44
7.9560294230e+46
7.2480277915e+45
3.4627076242e+46
5.1601297348e+45
4.2974064145e+39
3.4879699278e+45
2.8007429516e+45
2.2867521982e+44
9.1963013700e+41
5.4112858279e+45
1.4117344677e+38
6.0730289569e+48
1.2996464160e+45
3.9398390037e+48
1.7732976885e+45
1.1593012695e+42
1.4687194482e+49
1.1328167377e+43
2.0989084188e+46
7.4531759130e+48
9.5454090253e+46
2.2700188425e+47
6.5319489617e+46
4.0647440386e+46
1.1436391980e+44
1.7435577385e+47
1.4695594156e+43
1.4045821152e+43
7.3655175393e+45
4.4514775822e+46
1.5477516477e+43
6.6672290159e+46
4.3288354536e+42
7.2724900577e+46
8.8966298317e+47
1.2757177857e+44
3.2377274734e+48
6.1246499127e+43
1.9032615882e+46
4.0978056021e+45
2.8601092049e+47
1.0098941896e+45
1.2398728770e+46
5.1117784427e+46
1.2167360753e+46
2.4277549670e+46
2.6725465090e+47
1.6108909531e+44
8.4016723403e+42
1.6775404306e+44
1.5969259893e+44
2.9918924469e+47
2.6143341135e+45
3.1368786020e+49
2.5718742815e+45
1.7842245208e+43
2.1641857855e+45
1.7204656362e+44
2.0901910634e+48
1.1529476585e+45
9.9733392087e+47
7.5415808541e+44
6.0409287674e+47
6.4302795104e+44
1.2759485211e+47
7.9184699506e+45
1.6586801739e+45
8.6071984906e+46
4.9155855519e+47
4.0437876055e+45
3.3268838226e+44
1.9111108639e+44
5.3924855568e+43
8.9591890076e+43
1.1371839789e+45
3.0217105150e+44
2.5644194383e+42
8.3108416835e+45
3.8891788394e+46
2.9578265810e+50
1.0569198901e+47
7.9270972014e+46
1.1251781902e+47
3.8310489644e+42
5.5333782213e+43
2.5037789223e+48
1.5600336727e+47
5.4976428093e+46
2.2910059457e+45
2.7213060016e+44
4.6165577680e+46
3.2119152665e+40
1.5199539856e+46
8.6848305673e+47
1.6222493312e+46
1.4746210566e+47
2.2241578887e+47
1.4852613054e+46
1.9714603260e+49
2.9167668909e+46
6.3948151552e+46
4.7544626100e+49
2.8176402525e+45
6.0375149879e+45
2.4239588978e+47
8.0466962819e+48
1.4501183316e+48
1.3253368303e+46
2.2528714062e+44
1.2617967020e+44
3.4127866449e+45
6.5920477424e+47
2.8708256168e+47
2.0126110483e+41
1.0149900720e+50
3.5099009791e+49
1.0263724451e+47
3.4675261648e+47
1.1095617401e+50
1.4925473328e+45
7.1784310634e+45
2.1383914007e+44
1.9115692785e+45
3.8062065407e+44
2.0554000463e+46
3.4712895813e+43
1.1152170863e+46
4.3012061801e+42
4.1438117921e+46
4.8200233906e+45
1.7398053301e+48
9.0790576090e+47
2.5086278353e+47
2.4322466794e+46
2.7451179331e+47
1.1098046161e+47
4.8885858906e+45
3.1000262485e+48
2.3145824375e+38
3.7603845637e+45
1.7391049706e+45
6.1148081709e+47
4.8561210427e+47
6.2723729564e+49
3.8823314146e+39
1.9617141113e+45
5.9576068912e+44
4.5921044272e+40
6.8386625681e+47
9.8041352820e+46
1.3292026333e+46
3.0755478347e+43
4.1274900327e+43
5.8810013553e+44
1.4632723307e+47
7.6622497497e+46
8.0708163475e+47
4.2523681540e+44
1.4139289457e+48
9.6351271488e+47
3.5927897406e+47
1.4180619704e+49
1.2038487195e+41
1.1306844210e+44
3.3489992099e+47
2.3748312846e+50
2.1234619800e+47
5.4184244817e+42
1.8344989539e+42
2.0671687759e+47
3.3644852698e+46
1.1195142144e+48
9.8557715209e+45
7.7515838649e+45
1.0333143107e+47
1.1821227304e+46
3.5675267001e+43
1.2371242882e+48
3.3581932270e+42
1.6541983787e+49
2.2259823885e+45
9.2423334145e+48
1.9818489122e+49
1.3881632341e+48
7.4207484210e+46
2.4936560903e+41
1.1923993278e+41
3.9203531555e+46
1.2510582511e+46
2.3066823448e+47
5.3393236560e+45
6.3869085115e+45
7.1351288646e+44
2.7786922756e+47
7.3097745912e+46
7.1924891103e+45
2.8382427374e+46
3.8838711605e+45
3.8577610279e+39
7.5314775499e+42
5.4873437243e+44
9.8149016404e+44
7.6586952421e+44
3.4727388402e+46
1.1790239198e+42
1.2818763482e+45
1.0060166538e+44
7.3288413340e+44
7.5939949727e+46
1.7896333404e+46
2.4078947531e+44
2.2067422238e+48
3.4050816296e+44
1.1177833138e+49
6.2080930082e+46
1.0014623367e+47
1.8046614715e+48
3.5106766232e+45
2.9208657946e+42
3.0094885396e+40
5.3815965595e+48
6.1770787771e+47
4.5113988145e+46
4.2222815177e+46
1.6537279931e+46
5.4163918148e+46
4.1965924077e+47
8.3439631710e+42
3.7760335339e+45
9.7230665351e+49
2.2142825179e+46
1.5828476450e+46
3.8498676307e+43
4.4561009404e+47
3.5752728055e+43
7.8701063824e+47
1.1100355700e+47
1.4771565226e+40
1.2650425783e+46
2.9061532248e+48
1.2458823018e+46
3.4691554813e+44
2.7312985051e+45
3.6722741112e+45
5.1659783233e+46
2.5816235353e+45
2.5619188004e+46
1.3543756405e+48
1.0566176196e+44
1.8412634474e+43
1.5684063688e+45
8.1323288383e+45
5.5224726595e+47
1.0564060373e+46
1.1131036969e+47
1.0319625305e+46
6.7060596132e+45
8.6717155987e+42
8.5335391353e+46
1.0533092079e+48
1.2445272669e+48
5.3055285598e+43
2.2745433156e+46
1.9731260717e+46
9.1655700035e+43
4.9470961876e+45
1.6233229791e+47
2.6291681308e+46
1.8483173750e+46
6.6629173265e+48
2.3812051542e+46
8.7212968536e+42
3.1335153873e+44
2.4410645033e+49
1.3003500325e+47
2.9481253028e+46
8.7372411158e+46
3.3343339899e+47
1.5388450705e+47
5.1621659455e+48
1.0667950165e+44
2.0905522347e+45
1.5447909859e+45
3.2252523567e+41
1.7121866803e+48
1.5926044255e+48
5.3677289728e+48
2.0303901148e+49
1.1776392147e+50
2.3723245139e+47
2.0135387791e+45
8.8700157556e+44
6.5007311793e+44
5.2942758531e+47
4.6482092251e+44
3.0075783616e+46
3.7390756183e+47
1.7721792326e+46
7.7681752648e+44
5.8049428321e+45
5.2875048409e+45
3.8498935256e+45
8.9279702319e+44
1.5946396433e+47
8.9677857344e+46
1.0077816955e+46
4.4194538705e+47
4.4692068801e+46
3.2134825834e+45
4.1016843665e+43
4.9452904874e+44
6.7807315355e+42
1.6636692813e+48
2.1985775873e+40
1.9103741467e+44
1.9783606969e+48
3.4600869309e+46
5.1023340650e+43
1.9210966207e+45
4.1195486950e+45
1.7737050880e+47
3.1784207451e+44
2.3724187356e+45
9.2066859118e+47
2.2144549585e+46
3.3995800627e+46
1.0524729695e+42
5.9379276527e+45
3.7523463231e+44
9.9455526429e+42
1.3773356318e+44
7.8029043928e+43
1.1108015740e+46
1.3407830851e+42
2.8531886082e+48
1.0905898535e+46
2.9143374057e+46
3.1037754610e+46
3.1280966803e+46
8.4790361684e+42
1.0902749242e+48
4.0500057579e+45
1.0590624787e+46
1.5695073364e+48
7.5898757381e+50
1.2646870133e+50
1.5347803213e+51
7.7094355597e+44
3.1257399400e+46
1.6400795954e+48
4.0065598787e+45
5.3883539702e+48
2.2647880025e+44
7.1744373060e+46
4.8521178718e+45
6.6424787742e+44
9.8772495490e+49
1.6047670015e+45
7.8911131072e+47
2.4295571339e+47
1.5861676011e+46
3.5746562534e+45
1.3058107985e+45
8.9525368907e+46
9.7425564382e+44
6.7004227632e+42
4.6049531439e+46
5.5155921523e+48
6.3456537456e+44
2.2259746633e+38
2.4420826352e+45
6.2801358362e+46
3.1264068764e+45
1.0844890722e+47
7.8348584996e+45
7.6220386903e+48
2.1049082924e+41
1.4859304784e+45
5.4793779258e+46
1.9594917239e+48
1.7609266443e+46
4.9654834846e+48
9.8036364013e+46
1.0313732311e+43
1.4634949688e+47
6.4823986291e+47
9.8969349090e+43
7.8068873431e+47
1.1453309614e+45
8.8995044337e+40
1.0922749664e+44
2.7730239988e+47
2.0240681719e+46
6.7265558779e+47
1.9953244202e+48
1.1857645301e+44
1.4714074118e+48
3.3901730744e+43
2.7217142654e+44
1.5506594428e+43
8.4190391713e+48
7.8043292069e+48
9.7334013136e+43
3.8651961187e+47
1.4659663563e+43
8.2979717135e+46
2.4416561744e+42
6.2686609655e+46
3.3074318159e+43
6.4819229966e+43
2.4219569962e+47
1.1043221641e+46
2.3003553482e+46
1.4697928069e+44
8.7961593822e+44
1.5487426618e+43
5.3034706223e+47
5.2975657532e+42
8.3092343402e+42
1.1543549139e+46
1.1850684826e+47
4.2732078071e+48
7.6194986618e+47
8.7260740480e+45
1.5517081971e+45
3.3086893783e+44
1.1050872600e+47
6.8028510787e+43
4.1361474497e+48
1.2133553618e+46
4.6901875084e+47
6.7071150552e+42
2.8673252165e+46
2.4593208933e+46
1.0655243184e+47
7.9486894845e+46
6.9647421158e+43
2.9358514577e+47
2.1634476164e+42
1.2028940843e+48
3.1200463108e+47
3.0249116801e+45
3.4706389401e+44
1.3853350936e+47
2.3518098815e+46
1.6435971147e+48
3.8434285273e+48
2.0796286297e+47
7.9448318611e+45
2.4056769052e+43
1.1605383334e+47
1.2977021986e+45
4.3368143251e+43
1.7419785700e+45
3.9238334521e+44
2.2323430802e+47
3.0804810614e+47
1.6514247054e+47
1.1965981955e+45
1.3874398978e+46
4.1924181980e+45
3.2358236930e+46
1.4161424540e+47
9.1985632051e+48
6.7044218579e+46
1.2583473295e+48
3.3021070283e+47
5.8778216031e+48
4.5446806897e+46
1.4768224664e+47
1.8479897119e+48
5.2807573191e+48
8.0854079210e+42
3.8765762916e+42
1.9499778322e+47
1.5085803625e+48
8.9123499898e+44
1.0659101255e+47
1.0366992973e+45
1.0995551123e+43
3.1245026488e+48
2.5906580031e+49
5.2585916036e+45
1.0814135800e+45
2.1017846667e+47
8.7576920968e+45
4.1759326998e+46
8.2044109504e+48
2.2618189368e+43
3.6078965311e+46
3.5994899519e+44
9.7407207064e+46
2.1846214612e+43
6.2292595242e+45
4.7344108596e+47
1.0555501137e+46
2.2399400210e+45
1.3046451851e+46
9.0578434077e+43
8.2293966412e+45
2.6348131021e+43
6.3358441349e+45
7.3730973842e+46
9.0248185655e+47
3.2597589479e+46
1.2628527680e+44
3.1774434414e+45
1.9894725655e+36
9.6578845851e+45
2.9900900897e+46
1.6993523859e+43
1.6577136658e+43
8.0546381262e+46
3.9383394971e+42
1.1781124025e+48
1.6036009327e+48
2.0284878932e+45
1.0171819443e+45
7.6106253430e+47
5.5252563004e+48
4.9011918403e+42
4.1181861838e+44
7.1163058595e+49
1.6165606679e+47
2.0127441581e+44
4.1620649878e+47
4.3216643359e+46
1.9730421610e+46
1.3597805800e+45
2.3133739219e+44
5.0585286351e+46
3.0187109232e+49
1.2571541551e+43
5.0613814879e+49
3.1820799401e+47
8.4247764699e+44
1.7847319081e+44
1.0307871952e+45
6.4549934436e+44
2.8126706426e+46
2.0127796306e+48
1.2743456004e+46
7.1801759918e+43
8.8555524162e+43
2.7463008865e+44
3.0947887417e+47
6.7805056936e+48
1.7943706111e+45
2.0807581566e+46
9.7464340873e+45
2.8354386522e+45
2.3818222058e+43
8.5634967607e+47
1.3389317408e+46
1.0267903301e+45
7.9549937700e+48
7.5796908415e+46
2.1567596937e+45
1.0883967667e+46
1.3997263794e+44
8.6091880105e+47
3.5586935776e+44
7.3969068920e+44
3.8470963555e+48
1.0625212625e+46
6.0500072842e+43
1.0384242194e+47
3.1235081044e+46
8.7400057146e+46
3.3348881369e+44
1.2314012406e+45
8.8429476238e+45
6.2502965375e+44
5.1892689612e+43
2.5279702047e+44
3.4850685924e+42
3.1743042356e+48
5.5534971555e+48
3.3376732655e+47
2.8845113038e+46
3.3793494582e+46
3.9356987742e+45
9.8519292121e+47
6.0016322467e+45
1.7424939351e+45
5.7461588905e+46
5.9597679629e+48
1.2461367173e+46
9.1460088133e+46
1.7988256404e+49
1.7723533125e+45
3.7574281358e+46
7.6739856624e+45
1.5705484982e+45
1.0600864893e+46
4.8472772594e+46
1.5320624517e+48
6.8204413561e+47
3.1798573256e+48
8.0898117169e+48
6.8961496250e+48
3.6656558653e+44
6.0514216126e+44
4.4561852629e+42
1.2274102580e+47
2.8315617038e+43
1.1364426345e+46
6.1200438545e+45
2.1011175608e+45
5.9352868619e+43
8.3889604703e+48
2.4558559830e+46
4.0213176224e+46
3.5433714308e+47
3.6802014314e+43
1.3817239296e+48
9.2164901992e+46
7.4484906230e+48
5.8747792012e+46
1.6866687714e+42
1.0271906098e+45
4.6089393065e+41
2.4678790351e+44
5.5769466117e+47
1.6792899241e+48
1.9340121326e+47
1.1378590985e+47
2.3482275738e+48
3.4201318548e+45
1.5441780530e+45
4.1291298928e+43
4.4897653428e+41
1.2519657315e+45
1.1584500954e+48
2.2905667118e+46
2.6242744507e+46
1.5220760168e+46
1.6873955966e+48
3.3596283498e+44
7.6550406677e+45
1.2114946122e+48
1.0273090172e+45
1.8641534125e+46
2.0648014782e+43
3.8004336699e+44
2.8316400617e+47
3.9446195763e+47
2.0318036353e+46
1.8656675893e+48
3.4651479437e+47
8.1200209084e+44
1.3435050673e+48
1.8228201466e+47
1.3064721728e+43
1.6359417328e+45
1.6330858629e+46
8.7773918573e+45
6.0527934816e+47
1.4610254659e+49
3.0605818334e+47
9.1260537365e+47
7.3040056545e+44
1.4634718830e+44
8.1927153014e+48
1.5544744047e+48
1.5074631177e+45
1.8288033129e+45
4.4654318380e+46
3.5893643239e+42
6.7528437579e+44
1.5850129301e+49
1.0218973661e+46
3.8971044272e+45
4.2845370378e+47
1.6481153302e+43
7.0630196066e+48
2.0813522136e+45
2.2307026222e+48
3.5063667463e+44
3.5492634378e+43
4.6331201992e+46
1.8282103682e+43
1.7963232501e+47
5.6768702915e+46
1.3635392971e+46
3.5123854258e+47
7.5561492287e+47
3.9644655799e+47
7.2694535203e+46
2.0425582574e+46
2.0978294068e+48
1.5172009356e+45
8.2815266372e+45
4.9067670903e+48
6.4405576859e+45
1.7209962493e+44
2.1132352151e+45
3.2296958730e+44
3.5248750256e+44
4.4931974300e+47
3.8312626775e+45
6.4254657906e+42
2.2133534847e+44
2.6382589013e+45
6.7304529184e+45
6.2032099105e+45
3.8833933834e+45
1.5411643713e+50
1.2371464698e+46
8.8724582925e+47
1.0002366939e+48
8.7592383248e+47
2.1366750868e+39
1.3631530965e+48
5.8729115006e+44
2.3554817420e+46
2.7918331638e+43
1.0346394218e+45
1.6335188576e+47
4.4977374656e+43
1.0430645584e+44
7.8753624325e+47
8.1937619298e+44
4.4727196270e+46
1.7115637124e+46
4.7160667102e+44
5.0052078822e+48
5.6537967883e+44
1.2020210566e+50
3.0701961698e+47
1.3219912221e+45
1.0365832411e+46
1.3799709675e+48
1.1855270537e+45
1.5144956744e+45
2.8118613038e+38
2.0549747987e+47
7.7707508481e+46
8.8784930055e+46
1.6034418611e+48
5.8690750576e+47
1.0055359331e+48
4.7704571888e+45
7.1422639052e+45
4.2546656001e+48
1.3342443990e+44
4.2474137064e+45
4.1134680127e+45
1.2858310936e+44
2.6541697676e+46
1.8342822006e+50
5.6993035327e+47
4.9586163022e+43
1.8540833695e+44
1.3958321369e+45
6.5426895023e+46
2.8999776516e+47
2.1341735115e+46
7.5317974179e+47
3.0812770811e+48
1.3453726319e+43
2.7292879827e+45
1.4452669647e+47
1.6588638970e+43
2.1570768672e+47
2.1537235360e+44
5.5582683526e+48
1.2767333596e+43
2.1859048635e+48
2.0574667195e+45
3.1211346146e+46
1.0354513872e+41
6.3494569038e+46
2.9461560467e+49
2.2184336464e+43
1.7027468629e+46
5.8386690803e+43
1.8144881317e+47
2.3906278678e+48
1.0237794724e+49
2.2096032365e+48
8.3354052849e+44
2.5462735384e+45
8.8635211255e+47
5.8668565220e+43
3.3471206355e+49
7.9087123450e+46
5.5233908042e+44
1.9506865079e+43
2.5244904804e+45
1.9381872591e+45
1.1765088609e+46
5.9137015127e+45
2.2059382861e+49
1.1246502577e+46
1.2213363060e+47
3.6506657144e+44
9.5721865191e+43
1.2241228347e+42
3.0206475617e+46
3.2389483238e+45
8.4061274064e+43
1.9607991199e+43
8.5485826436e+46
1.6067232496e+43
6.5623165074e+45
5.6106084398e+43
4.6954927833e+46
3.2652425628e+45
1.6945908383e+46
1.5124406674e+49
1.6189015672e+45
2.3129350619e+46
2.1098342178e+45
1.4060337954e+46
3.0485983229e+46
2.5323566394e+45
6.5551963436e+44
1.7194163424e+47
3.3512630792e+47
9.7787023949e+43
3.0754178338e+45
4.5802463333e+46
8.4925610281e+47
1.8103182982e+45
6.5818755532e+48
4.0080589893e+46
1.4204741469e+45
4.0965786062e+44
4.3797400177e+45
2.4822086424e+45
4.0989011464e+46
4.0031259345e+43
1.1808676859e+45
6.0655097266e+45
7.7305963086e+48
5.5067836212e+46
8.7601139789e+46
6.9235960226e+41
6.1678051643e+45
1.4545020207e+46
6.6918630478e+49
4.3615658706e+44
1.2723761721e+45
1.8621453708e+47
2.2048624576e+46
2.8058569696e+47
1.0207908445e+46
4.0358990523e+46
1.3495434027e+48
5.3416741389e+44
1.5801574004e+43
2.9808635571e+43
1.1241983293e+44
9.4505218103e+41
1.1475034275e+47
5.9680395150e+45
3.3993551281e+47
7.3174123496e+47
2.4915887306e+49
2.6363253752e+48
3.2864244871e+45
1.5742792133e+44
2.8495860160e+41
1.1136051896e+49
2.6444745592e+45
2.1592461356e+45
6.9538821005e+46
1.3592058947e+44
1.0900163396e+46
1.2926507283e+43
7.2562925769e+45
1.2864631694e+47
4.7266016444e+46
1.5578383687e+49
5.5232779596e+43
1.2923764230e+46
4.0820770090e+46
5.3570025091e+46
3.8906819094e+48
1.9679232927e+45
3.4470582527e+43
6.3128019594e+47
2.1854039335e+45
2.4495186267e+44
6.2161160283e+44
6.9176321522e+44
5.8113991182e+47
1.4896725577e+42
4.8002658808e+46
1.0003833667e+48
1.3545230129e+45
9.7133801097e+48
2.4221533600e+46
3.4946502618e+46
8.8747693610e+45
1.8050079554e+45
1.5800569442e+48
1.4136475398e+47
1.9317014560e+48
2.5266402136e+45
1.4957451121e+48
3.9776539801e+45
2.8361624671e+43
3.5874011541e+46
7.3317101199e+46
8.3067536145e+44
5.1102601280e+45
8.9890120316e+49
1.6472067199e+46
5.2416184726e+46
2.6523552379e+46
2.6022223285e+47
2.1523239273e+46
3.7639975784e+45
8.1079583715e+43
1.6558002958e+45
2.1169731952e+46
4.2459857930e+43
1.9368448668e+44
8.9748647837e+48
9.3764229081e+47
1.4065211210e+41
3.9022251661e+48
5.9344941805e+45
3.9470574170e+47
2.7906198801e+44
8.3589783227e+43
8.0390498420e+48
3.6740434776e+46
1.3043918114e+47
5.8367784421e+43
2.1468401350e+48
6.7515124148e+45
1.6382550465e+46
1.5665365089e+48
3.6841336448e+46
8.8256986043e+49
1.2279336602e+46
1.2993476545e+47
1.0943456875e+47
9.5155639025e+47
7.2001571338e+48
5.2406693504e+44
1.7468910447e+47
2.4902324432e+45
1.4964412982e+48
4.7118340344e+46
8.8007074568e+42
3.9603947056e+45
8.0034689252e+44
1.6793526799e+47
2.7178769322e+46
4.3390254177e+44
6.6529677894e+46
2.5206238059e+45
2.1782187952e+46
2.8953666664e+47
1.0479085637e+44
2.6505225870e+47
1.0225989952e+43
9.2987958871e+45
2.0475072624e+46
1.2136012139e+45
4.9596198136e+45
3.3770654786e+46
3.0073725818e+44
2.1380247642e+47
6.7786110915e+41
1.1483981987e+46
1.1834914949e+46
8.5940158029e+43
1.1236242641e+45
2.3903840554e+46
7.7477216493e+48
2.0395651936e+48
5.5076677299e+45
8.8391270032e+46
3.3747025234e+46
2.0048757405e+46
3.7031480837e+40
3.1656877097e+44
6.9443763817e+44
1.6873086037e+44
5.8805086385e+44
2.9910563580e+43
8.1735214657e+47
9.2398067265e+43
6.7345478285e+40
1.6664712747e+49
1.0745442056e+48
2.2009380818e+46
3.3733422785e+45
1.0156860259e+44
3.4429755713e+48
2.5688969912e+47
7.2194980187e+46
9.1795903574e+42
4.4635004773e+45
6.8711272165e+47
9.5195827517e+46
4.3631535372e+43
1.8338775630e+44
8.2473567056e+43
4.3879493051e+48
1.1988585393e+46
4.1480304439e+44
1.1933102409e+48
1.7800400991e+46
4.9785352743e+42
2.3721678771e+45
6.3181583564e+39
6.0497786747e+45
1.2686880445e+46
2.0364858511e+49
2.7807426271e+48
2.6585666784e+45
1.3181936227e+47
5.9283473824e+43
1.3075250413e+47
3.2335146327e+48
2.3303863879e+50
3.0518193126e+46
1.6975897619e+47
4.5074685451e+45
1.5725013736e+46
2.4219650149e+46
4.4343453697e+45
2.9437089677e+46
5.4876513162e+44
5.3937464382e+44
7.0960017865e+45
6.8036243832e+44
1.4055485636e+47
5.3486315679e+49
3.4769036468e+48
7.8479140446e+45
7.5490632437e+43
1.4137854089e+45
1.5467801144e+43
2.3099780800e+45
1.4670790854e+45
7.1921065778e+45
4.1002239127e+44
1.1668632839e+47
2.1695058466e+44
3.1845550428e+44
8.4103202778e+41
9.0607567054e+48
3.0176129970e+43
1.3832561611e+48
2.7163949119e+47
1.8497093470e+45
2.7734351670e+45
2.5709577380e+46
1.0707595959e+49
8.0651334434e+44
2.3711605656e+48
2.9284856659e+47
7.0385679906e+49
1.2507451747e+45
2.8451237408e+43
1.8514776365e+44
2.1778482999e+46
9.8318919639e+43
1.8684596740e+46
3.3341446195e+50
2.5148583645e+46
1.5249081952e+45
1.6111480427e+46
1.0831376111e+47
1.3406801702e+45
4.6855542338e+42
3.0265878288e+42
6.6332793655e+43
2.3175437159e+43
5.9112515709e+44
1.5850716042e+44
5.5197581928e+47
2.4617900861e+43
5.8713713836e+41
2.0792988203e+43
1.1783497485e+48
1.4648081043e+47
1.4667618639e+46
3.7454777143e+48
1.3976376755e+46
7.0904192825e+42
1.7262750053e+46
2.6660644326e+46
6.3587431524e+46
9.6407101181e+46
1.5965706304e+49
2.6170110165e+46
1.9751789906e+49
1.8184706283e+46
5.4722716556e+43
4.4357714147e+41
1.4298642555e+45
6.8674190747e+47
8.4049238965e+45
5.3959022479e+47
8.5126399360e+48
1.9573617546e+44
5.3435421075e+43
3.9959647449e+47
2.4748183271e+46
2.2883660182e+45
1.7643143203e+45
4.4237261943e+46
1.5494165303e+49
8.6815498060e+45
1.3857483556e+46
4.6305364505e+48
2.1884349789e+45
6.0627557983e+46
9.2987184254e+47
4.8617996672e+47
6.7276146084e+48
1.3039155889e+44
5.9617140552e+44
1.3562443257e+46
3.4290957143e+46
7.8493467342e+46
4.9196553711e+45
9.1614359191e+48
4.7534902043e+47
7.8896417651e+46
8.3043971472e+44
3.1158443480e+45
3.7885649308e+46
3.8703356159e+46
6.5334683763e+44
5.2352015617e+48
1.7894304873e+42
6.0517021136e+46
3.2489029856e+48
3.8901495176e+44
1.2012705657e+43
3.8801764142e+42
2.2345822658e+45
1.0638009765e+47
4.3209465285e+48
2.5343766678e+45
6.9454665997e+45
1.0407010333e+47
7.9275954308e+47
5.7169223913e+41
3.2902420560e+46
8.3152444007e+44
3.5254222457e+48
1.6654127788e+43
6.1041421330e+46
8.3940533861e+45
1.2019028031e+47
4.3023959068e+44
1.7684952581e+45
1.4824646450e+47
2.3064309377e+46
2.3636486810e+43
1.4683129094e+50
3.3841185648e+47
5.2024057599e+41
3.1086434923e+45
6.0844695585e+44
7.4101824891e+45
8.0930578166e+47
1.9573943992e+43
4.5846832881e+44
7.5306354218e+40
1.7704164624e+48
5.0058356335e+46
3.1677838437e+44
2.2369513052e+47
1.3311136308e+46
2.0942202050e+45
2.7376631366e+48
5.0001874077e+43
2.4108950345e+46
4.7105175124e+47
4.1370665629e+48
5.2433191513e+48
3.0086970641e+46
1.9144863021e+45
3.2100989573e+43
5.5859052870e+41
1.0990715321e+46
2.4364984931e+43
3.9159400977e+48
2.2181262912e+45
8.5077814337e+46
1.2770516765e+46
1.3976936197e+44
3.0546412827e+46
2.7462980788e+45
1.4184137409e+46
3.2069890333e+44
9.5495037761e+49
1.5591663516e+46
4.1176782198e+45
6.7252464388e+46
2.4779803385e+42
1.8735802994e+44
1.0309090194e+46
7.4913729670e+45
2.9740624507e+39
8.4594735589e+46
3.5641579617e+47
1.6451059581e+46
8.6789246514e+49
3.2989690096e+42
1.0092841402e+46
3.2529312096e+44
4.5651407278e+48
5.1615349760e+43
3.5929593324e+47
4.8615135141e+45
3.2422842019e+47
3.1586119329e+49
2.7603249021e+46
9.0553783313e+45
2.9456263034e+47
4.4021291157e+46
3.4888083647e+43
2.8270088170e+47
3.7045902322e+45
6.9166423821e+48
4.9052208147e+43
3.4586510137e+44
1.7745221960e+48
4.2517344585e+49
9.7536705589e+46
2.9480486483e+44
7.6248500993e+43
7.7465353483e+45
7.0769847420e+44
1.4250080790e+42
1.0638555563e+44
2.3449245434e+48
3.0097431405e+46
1.1227013059e+43
6.8087273033e+43
2.3770327348e+42
2.4021127652e+45
3.2091902639e+45
4.9736983985e+44
6.7585770929e+46
3.3419370777e+48
2.1059602621e+45
8.2041355491e+44
2.3787197077e+47
9.7504287685e+47
2.9736306654e+43
3.9886333776e+49
5.6991263002e+45
7.8160436286e+46
1.9660220492e+49
5.2154516590e+44
2.3112812353e+48
3.1603332170e+44
2.7257238669e+43
2.5480248995e+43
1.3391652189e+47
2.1474937984e+49
3.5328202265e+48
2.4545965829e+46
1.7969787877e+47
2.2883095534e+47
1.6461932911e+47
6.9012048995e+46
4.7819074264e+42
3.9485283974e+45
6.5631016129e+46
3.7453914145e+46
1.6751579976e+48
7.0460534975e+45
3.1509200879e+44
1.0088419880e+45
1.1082844454e+43
5.4923839086e+44
3.8754386343e+45
2.5123093858e+44
5.7347220564e+45
4.2695833268e+45
4.2022513305e+47
2.8351732905e+44
1.8855447553e+46
4.8187358337e+42
2.5894365941e+46
6.6423947874e+43
2.1675543188e+41
2.4298736632e+48
4.7872637230e+46
1.8029238366e+44
8.9523373243e+41
2.9079941453e+47
1.2865281242e+47
2.8641159968e+46
5.9632792121e+46
3.6661209075e+45
5.0908694308e+44
2.2803362013e+46
4.1271769742e+45
7.5026493271e+44
6.3204039899e+45
7.0119396025e+42
2.6006490735e+45
2.5464338710e+43
1.1205723866e+46
3.8037620216e+45
2.1764753177e+46
1.8743516958e+47
9.8799344954e+46
4.4289726355e+46
2.4081938647e+49
9.8196169710e+45
2.8236890638e+47
2.1271397530e+45
2.6638996212e+48
1.3896147110e+46
2.7619152927e+45
4.3479258517e+46
3.3343886882e+47
2.4205537710e+44
1.3493889238e+49
7.9934788623e+45
1.4367086523e+49
8.8989873724e+48
1.0786234823e+45
3.0676160565e+42
1.9877500849e+42
5.5348981094e+47
2.8722940591e+47
1.0128567054e+48
1.6343851662e+49
2.2823921348e+49
1.7823693895e+49
2.1229334966e+46
8.9231293805e+43
1.0986041158e+49
1.6603075934e+48
3.2245280408e+42
3.1608021987e+44
1.2478497127e+48
3.1592154763e+42
4.0175996639e+44
5.5283248618e+44
4.9624302196e+41
1.2951098479e+48
1.3977239254e+46
1.4206757222e+44
3.3423818134e+47
2.4514772345e+46
1.9258747239e+45
5.8181219603e+46
1.9312024020e+47
3.6820965640e+44
3.1025751206e+43
4.9517139392e+43
2.6801319168e+40
5.2025443910e+47
5.0420927888e+46
1.9038314573e+42
1.5254473508e+49
3.9581716029e+47
1.5788744713e+46
7.8305451847e+45
3.6949381987e+47
1.8245810956e+44
9.4776397907e+44
1.5489325163e+46
8.4342675315e+45
6.5625179773e+46
5.3697206904e+48
1.6330357605e+49
9.7182707761e+45
3.1231203499e+44
2.1380656243e+49
2.6795155136e+43
2.0347897590e+42
4.1701359630e+45
1.8354808521e+47
2.5580067802e+48
4.0545005436e+45
5.4179277139e+40
2.3334513083e+48
2.3025508937e+45
4.5066489829e+47
7.2236810943e+43
2.6350725102e+45
4.2285662932e+42
4.4887889438e+46
3.0441893920e+49
1.1217862250e+40
2.9255998523e+44
5.1541228506e+46
2.9399276035e+46
1.0103667924e+49
1.3163443446e+44
4.1791736617e+47
2.6641207313e+46
4.0792621520e+44
2.9285985962e+45
2.6198747035e+47
5.8608767496e+44
7.9462994142e+41
1.7782598867e+47
2.1516112929e+46
3.3760378797e+45
1.4090032431e+48
2.5308207454e+48
1.0491559573e+44
1.3215441349e+46
5.0686889014e+49
9.7347601232e+46
6.2208161403e+46
2.6864688079e+47
1.1311475542e+48
1.4031605628e+45
2.6846087506e+48
3.0513896423e+45
1.3313595313e+44
2.2583990565e+49
2.8581810299e+47
2.2710348430e+46
2.0614257975e+43
2.9907328033e+46
3.8606747183e+45
8.0576357093e+43
1.0394382064e+45
1.1823818274e+45
9.9951871355e+45
7.7568543507e+44
5.7128123991e+45
4.2034535345e+48
2.2886402243e+45
6.6153181009e+46
4.7037158792e+43
3.0629837291e+44
6.0758510950e+43
1.8358814061e+43
2.5454122199e+45
2.1316810929e+49
6.9595796679e+48
1.4073253051e+47
1.9591026655e+47
1.0714473319e+47
1.5088587127e+47
1.0638550660e+48
2.2955127765e+46
4.2048816143e+45
2.1230865345e+46
1.6264896430e+49
2.9937528510e+48
1.3288421946e+46
5.1642966312e+49
2.6307506071e+50
4.0361576976e+47
6.9559030163e+46
6.4550027286e+39
4.5270602610e+47
1.5158045708e+43
1.1906140169e+46
1.4018259524e+44
2.2143487196e+48
2.8077709728e+43
1.3263166328e+46
5.3894502508e+45
1.6503959671e+44
4.3510668802e+48
3.0090358308e+39
4.2129198818e+44
1.6909567253e+45
9.2145700615e+46
4.2062480625e+43
2.1056272923e+47
4.7230073845e+48
6.7405695055e+48
3.0204926917e+46
1.0510453558e+48
7.8644531123e+42
5.1766667721e+44
1.6634805600e+44
2.8759754225e+48
6.6554752034e+42
7.6503703152e+45
8.1310061203e+45
5.4341867278e+45
1.8160993909e+47
3.0246622438e+44
3.1985020097e+48
1.5863994220e+46
1.7081279002e+47
6.8034294412e+45
3.7030118677e+46
1.4590513196e+46
9.8733209944e+44
6.5983330375e+46
1.1088314239e+44
1.1119258614e+45
2.2879662838e+44
1.8237295612e+46
5.8838433789e+47
1.0237054507e+50
2.8187853554e+43
2.7114883364e+45
4.1735390536e+49
4.1179822439e+46
2.3226641379e+44
5.1447734064e+46
3.2730825091e+46
1.1362552553e+46
1.4202399737e+45
4.1491943711e+48
1.6326124094e+43
3.0868289080e+48
2.4881534356e+45
7.1380941696e+43
4.5805080412e+40
2.0674558473e+48
3.0557211528e+49
2.0486174076e+46
2.7825918636e+46
9.3266357329e+47
1.6016337225e+47
9.9985299632e+48
2.1981725207e+48
1.6528072784e+41
8.7294789374e+46
2.0904813125e+48
4.5587346895e+48
7.8809161608e+46
3.5870367033e+45
1.6362575015e+47
1.5687431930e+44
6.1177538479e+47
2.3822845076e+47
6.3515561183e+48
1.4892095111e+44
2.7011397402e+44
1.2449373470e+46
1.8964519996e+47
1.1375245147e+47
1.6585465031e+44
5.7807012249e+46
2.3576539559e+46
7.4510448181e+46
1.1257228281e+47
4.2283436465e+42
4.8339781283e+44
1.5230268990e+43
8.3391439792e+46
4.1421510283e+47
2.9706210209e+45
1.3960517894e+48
8.9290090512e+44
1.3987341641e+47
1.6581891236e+44
2.1153866502e+44
1.3839326989e+42
7.0821914497e+46
4.4026345805e+46
2.8006397048e+46
5.9312126196e+43
3.7024679240e+42
1.6623639298e+43
1.1879974101e+46
3.1377741288e+47
2.2958671088e+45
1.2433402023e+47
7.5017216446e+44
6.6886772482e+46
9.2916555983e+46
3.2382791545e+48
2.5821055506e+43
5.5652615748e+48
5.7793235323e+46
1.1152305109e+46
1.2031341333e+45
2.6167753831e+45
5.5130182210e+45
1.5974281527e+48
1.8168890526e+39
7.3560382416e+45
9.0002756529e+46
2.3029751957e+44
1.3893529195e+44
6.8049429304e+43
1.3061866400e+43
9.8859000954e+43
1.6061906410e+44
2.8409183107e+46
1.8050548493e+48
1.4315784251e+49
2.4518224766e+44
5.1655535052e+44
1.9733582967e+47
3.5310100913e+47
4.3109016995e+49
2.5562484567e+45
2.6716522454e+47
2.1804216797e+47
3.1612997020e+42
7.4422487496e+45
8.8774863662e+46
2.1963850837e+39
1.1343155058e+47
1.2277397679e+45
2.4179730528e+48
1.0298211017e+47
2.8724591787e+44
3.5234269560e+40
1.2975212305e+44
1.6695811211e+47
1.3035767606e+41
4.7736573985e+46
3.5532863885e+46
6.1473087807e+46
1.0676798078e+42
4.4613999909e+44
6.9174925877e+47
6.0259785009e+45
1.4397104484e+43
3.7259042804e+47
1.2564635711e+42
4.4073455352e+43
1.7990448450e+44
3.1790784936e+47
5.3855021243e+46
4.6508517507e+44
2.8883876151e+45
1.3984392371e+44
5.3062339655e+44
2.2737644234e+42
1.8896648703e+47
5.0998080841e+47
1.3155840980e+48
1.8099867660e+44
6.0859049967e+42
1.8009254976e+44
2.0463590846e+45
1.1097356945e+47
3.8165951802e+47
6.5913136953e+44
5.9692030248e+49
4.4712717295e+44
8.9245553422e+46
1.5031616204e+44
3.8644086943e+43
1.1657190397e+49
1.3118382233e+46
1.4853202457e+50
8.4851612050e+44
1.8099684440e+46
5.3649423239e+44
9.2212096355e+43
4.0351438928e+42
7.7296909437e+44
9.5853643588e+43
7.5220406152e+46
1.9375844491e+42
1.0261257086e+43
3.1829414140e+45
2.4652873937e+44
8.8283565829e+43
3.3024301463e+45
7.5664154147e+48
4.5451940717e+43
1.1659086094e+48
6.3222494708e+45
1.3525741547e+46
5.5617042816e+44
3.9772120332e+44
1.2688169081e+47
3.7951724224e+47
2.7838376683e+45
1.8528335921e+44
5.9127555883e+46
1.1933783236e+47
2.5022460576e+47
1.3325915532e+45
1.0221335103e+46
1.7094085318e+49
6.4784472931e+49
4.7367726155e+46
1.1299473688e+48
3.2049483885e+44
7.8186605649e+47
1.8410967118e+44
2.9051873485e+45
1.0625409331e+44
7.9116749376e+48
1.4154067341e+47
3.8220156073e+46
3.5287415800e+46
6.0651069643e+47
4.7968271645e+43
3.3434714567e+46
1.4310967329e+41
2.1461108157e+44
1.4599396015e+46
1.6601460984e+50
1.0000209943e+47
1.5583796989e+50
4.7607363812e+43
2.1705923925e+47
4.2651571697e+42
2.9151932038e+44
1.0294198458e+45
9.4119050702e+46
1.6061774192e+43
5.3998481012e+46
3.1993311016e+44
4.4915177867e+46
1.3173509845e+47
1.1486636169e+42
3.6816334988e+47
5.5262319899e+44
2.7698113362e+45
1.3780705270e+44
3.3655235921e+48
1.0834150616e+43
5.1732128326e+45
1.6252861679e+47
1.0416684806e+43
1.9790055959e+48
1.0502889434e+46
8.1031394904e+46
6.8780924439e+47
4.4218305572e+41
2.3628229708e+46
1.1894384020e+44
5.7921078908e+44
1.2989427146e+47
8.4957003639e+46
2.2667062467e+44
1.6844011806e+44
3.3698718163e+44
2.2478297450e+47
4.9382722230e+47
2.0728447377e+47
1.9740280423e+43
2.1699444817e+43
3.8669076889e+43
1.4820990305e+44
4.7853962561e+48
7.0193520176e+45
3.6165374945e+46
4.9824234112e+45
2.9164123642e+48
2.0621811733e+44
3.5366551443e+45
1.7392325635e+45
1.0607551474e+48
1.5950939755e+47
7.6079854116e+47
1.1981949099e+46
3.6791304967e+48
2.8757968113e+47
1.0385686589e+43
1.1332699844e+45
2.6255776378e+44
2.3068001200e+47
2.6155224244e+41
2.0542751197e+47
2.9243811621e+45
2.5392116880e+46
4.2396262216e+46
3.8854517701e+46
1.2110005790e+44
7.9583007527e+43
2.0362797821e+47
2.3570211330e+46
9.0623279992e+43
9.5678727330e+43
1.5584765107e+45
5.5624507321e+43
5.1135304977e+45
4.4694156526e+46
5.1146121390e+44
5.7802459041e+47
6.8298317331e+47
9.2349572922e+47
1.0122121367e+47
6.1282976227e+50
1.2235665621e+46
1.3756364123e+46
2.3051849517e+46
2.0565860020e+45
1.5144810874e+46
1.9026107594e+45
1.9414290051e+45
6.1838627972e+43
8.8792444404e+39
1.0508594827e+43
2.2326756617e+49
7.0285556827e+48
1.3156432182e+48
2.5610575374e+44
2.1781400369e+45
1.4491421648e+45
6.9635084883e+45
4.1488070274e+47
4.4920534101e+46
5.7470736289e+44
6.4390324119e+44
6.3091533524e+43
1.4958175818e+46
7.0385634318e+45
2.2732976818e+45
2.3495077243e+48
1.4018186794e+45
2.6547840410e+46
2.1224630562e+45
2.0231339670e+43
2.0585940004e+48
5.8171614511e+48
1.5015708664e+47
1.2952983445e+48
1.9040040601e+48
4.8337914005e+45
9.4430030972e+47
1.5300066165e+47
5.9265039209e+46
6.4685823689e+45
4.7368823138e+44
6.3169509899e+46
1.7710972515e+47
5.7803417896e+45
7.9942341130e+46
1.0202117957e+49
1.9572838549e+45
1.6646882353e+47
4.1238754285e+44
5.7189479325e+48
2.9503603044e+44
3.2518836985e+48
5.7591571662e+43
1.6429593852e+48
4.2218142542e+44
1.8070889438e+47
4.8104400337e+46
1.0469036629e+44
3.8921116312e+47
5.7375187135e+45
2.1056788893e+47
1.0866361446e+49
2.6306131577e+47
4.2884842456e+44
1.6519787898e+49
1.6920863777e+47
6.7302558105e+48
2.6217333473e+46
7.4831331229e+47
5.5391526813e+47
9.3288676254e+47
1.2408067352e+42
1.3596871298e+48
1.1291364944e+48
6.7140711677e+43
5.3718690748e+45
2.6109918400e+46
1.3140129535e+44
2.0372365350e+47
1.5970962620e+48
1.2814017787e+43
3.5267075167e+48
6.6664183251e+44
1.6815483218e+43
1.0390944582e+45
1.1864085831e+44
7.4342032830e+47
6.3015166002e+46
4.4984933760e+48
2.2754001528e+44
1.3199915190e+45
1.1645453286e+49
3.9271316488e+48
1.1526664800e+46
3.6731211311e+45
5.0027475138e+46
6.7501044631e+42
3.7349892645e+42
2.2312483514e+45
4.6775830245e+45
1.3013066643e+48
1.8034092536e+44
6.4750050524e+44
5.1112642575e+46
3.7610711183e+47
2.7624323281e+48
4.5203760106e+37
6.1122899274e+45
2.1035266483e+43
8.0112202901e+46
7.1287908784e+45
1.6089533390e+43
1.3112286470e+49
8.1440615316e+45
4.1874553031e+48
3.1654657097e+48
1.4102982795e+43
6.5259722221e+43
2.7422955247e+43
2.6565565462e+45
3.3494706465e+45
2.4351046094e+47
2.3987358671e+48
2.0295857705e+45
6.8409747924e+46
1.4199978971e+47
5.1330890723e+42
1.3109999083e+45
1.9907672661e+46
1.9444575090e+48
5.8058508240e+49
4.9559498731e+46
1.1162537208e+46
3.9628078042e+44
1.8118805577e+46
1.6848753159e+47
1.3318889367e+44
1.1790102097e+44
3.2345819823e+46
1.8639185986e+41
2.8697772325e+47
1.7977397263e+43
1.2184229168e+49
1.3816486598e+46
2.0827736058e+48
2.5982249268e+46
1.8694904316e+46
7.7655124464e+44
8.4134194440e+48
3.7835831603e+47
5.4094342058e+44
1.5172473941e+46
2.3145514578e+47
6.6829762438e+46
1.8955152746e+43
3.9508148325e+45
4.7109405586e+44
5.2193277965e+43
1.4772094229e+43
3.1840934610e+41
3.2079374238e+44
1.5476836659e+42
4.4878967723e+45
2.8667313782e+46
5.9493660375e+45
2.1698189383e+48
1.3904473642e+47
2.3286465590e+47
3.2987417199e+45
6.2686072598e+44
1.0464100444e+46
1.2856342365e+49
8.6198346102e+48
2.6608729189e+47
1.2048414919e+50
2.5519309799e+49
1.1121994966e+46
2.5864683561e+44
7.8129211498e+46
6.2234544043e+47
5.7948701808e+46
1.1724116640e+43
1.2699033694e+47
9.8520879762e+47
2.8370548114e+47
7.4498353449e+42
1.1539202862e+46
1.8252539519e+45
3.4931020866e+42
4.7737407084e+45
1.8394207351e+43
4.9194735633e+44
8.5375381073e+46
6.2576749487e+44
5.1798762046e+47
1.1635931823e+43
4.1429666201e+46
9.3637780907e+43
1.7116404205e+47
1.0688506968e+48
6.2805907948e+46
1.7003186265e+46
1.1106224191e+48
2.6236155880e+44
2.9561061522e+46
4.0881245766e+46
1.0438935159e+47
3.0260332005e+46
3.2339729704e+49
8.4060291023e+45
5.2745528440e+44
2.9871535674e+44
1.0509581638e+45
1.1407750773e+45
3.3561956408e+46
1.9250627703e+45
3.3100630746e+43
1.7851871937e+46
4.0188571342e+48
6.4131248441e+45
1.6849115821e+44
3.5251411140e+46
1.2338559280e+47
1.4179197278e+46
1.4654951049e+46
1.8667207111e+47
5.8407394848e+47
1.0557849188e+46
6.6511852081e+42
5.4732780704e+44
1.7159238697e+47
9.3388851443e+43
4.5158919707e+44
1.8824901759e+45
4.3260595982e+40
3.1404571350e+48
6.5926654393e+46
1.2690686769e+46
1.3498679454e+46
1.0207694750e+47
2.0132131525e+46
2.2240224469e+43
6.8651185322e+45
1.2278421783e+48
5.3650462159e+44
2.1418990700e+48
4.8399470796e+44
5.9485841121e+46
1.9405375923e+46
1.1105473907e+46
9.2277635683e+46
9.8557406143e+42
1.3025411827e+45
4.5086663484e+46
4.9815144710e+47
7.2084037775e+45
2.7187871803e+47
1.1575962455e+48
4.8825555752e+46
1.0776871986e+45
6.7260177857e+47
1.2089416870e+48
3.4943288811e+45
6.5282922516e+45
4.6293456943e+47
5.1547927167e+46
6.8440718468e+46
9.0948656822e+44
2.3052977776e+44
1.4099263919e+44
4.0873882903e+48
2.0428702199e+45
1.9779747536e+43
1.0346644589e+43
3.0501871432e+46
2.8168049797e+46
2.8214828812e+46
8.3725427322e+45
3.8605884817e+46
1.7279863878e+45
2.8931017180e+47
1.9400558305e+43
4.9266644338e+47
1.1174878622e+46
4.1095772958e+44
6.0373158672e+47
6.6922963572e+45
2.2145448723e+44
1.7730561881e+45
5.4414358840e+45
1.0572006974e+47
5.6143563933e+47
1.3920156615e+42
4.4148612291e+50
2.4293792036e+48
5.0512157226e+46
2.8990448985e+47
5.2246121642e+46
5.6510035055e+42
3.5595903407e+44
2.4841829605e+43
4.5604609808e+46
1.0362281080e+48
7.9100768294e+45
1.5517007629e+45
6.7189455278e+47
4.6041036335e+47
4.0748902487e+46
1.2804090269e+49
6.7119560070e+44
6.5132189421e+47
2.0398971164e+44
2.2339720014e+46
1.5197159021e+47
3.7323813966e+46
8.1603715910e+49
1.8267737280e+46
1.9814337019e+48
7.6886937030e+46
3.4959647450e+45
4.3018745751e+47
4.7227394764e+49
5.3792410789e+49
4.6153188396e+44
9.6623356328e+43
8.4513014436e+40
5.9127417995e+46
1.1065832312e+47
1.0596166736e+46
1.1925181333e+44
1.0746654470e+46
9.9277223055e+45
7.2516497390e+45
1.5347638411e+47
8.8458822423e+43
2.8662130869e+47
4.6202182589e+44
7.5615018981e+46
1.5583651324e+44
1.0722265362e+44
7.8333947117e+45
2.9642672725e+47
2.4631766825e+48
6.3066218096e+47
2.2854670318e+48
6.5092351864e+43
1.0384287937e+47
3.6796950904e+46
7.0423472966e+45
3.0165969344e+47
5.2230386669e+45
1.1540041587e+47
9.0376268919e+45
4.1475727793e+47
1.7083444951e+48
5.8872080482e+44
1.5096284537e+42
1.0507275530e+50
5.9247924845e+41
2.2899200547e+46
5.8159450671e+45
1.2706962256e+46
1.0684766714e+43
4.6153870889e+47
2.8499776585e+45
5.9790833702e+48
1.3172762082e+46
2.0304148493e+41
1.7204910431e+46
1.1432904282e+48
2.7985286181e+46
4.3060045644e+44
1.1105322655e+45
6.8673998379e+45
2.0643447736e+39
2.4636136304e+47
8.4231414429e+45
3.9476585041e+50
1.6107485681e+47
1.5053303164e+49
2.0802031963e+48
9.3832780783e+43
1.2430873579e+48
7.8951673883e+47
4.7962341335e+41
2.0787773967e+46
1.4937101851e+49
2.1859236094e+45
1.8094553085e+45
2.0833635031e+47
3.2698226365e+45
1.7068297442e+43
1.9593112366e+47
6.9022754636e+45
9.3954339315e+46
9.8203613275e+47
3.8191559699e+46
2.2506891012e+49
3.2427904765e+44
5.5281665945e+48
4.8904289039e+44
1.0702468100e+45
3.5030387114e+45
4.1751053667e+43
5.7778891561e+43
2.7146844179e+43
2.2379066549e+46
4.2148859850e+43
7.6043017248e+43
1.0918853425e+49
2.7245819411e+45
2.4510735647e+47
2.1359792230e+48
2.0586761189e+41
8.1173522844e+45
1.1881111051e+43
3.5465549221e+42
3.2953374374e+46
2.0829948174e+46
2.2445923193e+49
1.2420219849e+46
1.3474093443e+49
2.2949765509e+43
3.4396837982e+46
9.3357976261e+43
4.5585507205e+46
5.3735184313e+46
3.9370781834e+43
1.9133815904e+44
2.8018779218e+48
3.0671327912e+46
1.2560529173e+46
4.0164211446e+43
7.7801099786e+46
1.4764344373e+45
1.0605330851e+45
2.2174920108e+45
1.0641649900e+46
2.4889314513e+45
3.4959311792e+47
3.1272856644e+48
6.6943678545e+48
6.0969930382e+46
2.7407123934e+45
1.2351308242e+43
8.8385944623e+45
8.3303190766e+44
2.3785024671e+41
3.7965470284e+43
6.2433355887e+45
1.0536572468e+47
3.1837900082e+47
1.7461060632e+47
6.5876287932e+45
1.2996600856e+46
3.0913930707e+45
2.1298474634e+48
5.4573436347e+45
5.5241362444e+47
7.7600467724e+49
2.5266818648e+45
5.7634828469e+47
4.6534188779e+46
5.8119709739e+47
2.4227121583e+47
4.2109795704e+47
1.8023831721e+48
3.3718481955e+46
4.3627334750e+48
1.7919711524e+48
1.1222485311e+44
1.0393575655e+44
1.1459337549e+47
6.6694798205e+46
1.2528542630e+48
2.5189713211e+45
1.0554259415e+48
2.2867810382e+44
3.3097877144e+43
3.7236907197e+44
4.6428228770e+44
1.7289829197e+41
2.6579375925e+41
2.9065032491e+48
7.8435419081e+47
9.8399909087e+46
7.2250045805e+45
1.4556951678e+44
5.6388984956e+47
1.3720125465e+42
1.3413698419e+47
1.3780113898e+48
2.4654900524e+43
7.4130052302e+45
1.4050050641e+46
6.7316057861e+45
1.2764098192e+43
4.9275370944e+47
3.4632025223e+41
8.9647709328e+44
1.3634651254e+48
7.1978345372e+46
2.8251624192e+45
6.7168332919e+47
1.1743303049e+47
9.3110559423e+45
2.3762867409e+49
1.9654542306e+46
4.3539165159e+43
1.8586141351e+48
6.7856936674e+45
7.4706025118e+47
9.3077034030e+45
5.7218647621e+44
7.6396032170e+46
1.4344354275e+49
7.6727976674e+42
1.1111481069e+49
1.2313181415e+48
1.3078178032e+43
1.5349091392e+43
5.3147973271e+46
6.9073605495e+46
4.7118626553e+44
5.7336918192e+49
2.7420674484e+45
4.2107810734e+46
8.0825029022e+44
2.0242550119e+47
2.7729709012e+45
8.3367793381e+44
4.4699601351e+45
3.7810734842e+44
1.5040978068e+43
3.3857066365e+42
8.2325927689e+47
7.8309782627e+41
2.5645527638e+46
1.5748689224e+49
3.4426053556e+46
4.5161529932e+46
8.4752357220e+43
2.3789993775e+45
1.6900975782e+46
5.2751283616e+43
1.1062810092e+47
4.6945862499e+46
5.9368995341e+45
7.1477069673e+48
1.1193429485e+47
9.0226823079e+47
1.8753665118e+46
3.2845739729e+47
4.7982014565e+46
3.6624902449e+44
2.0118657182e+48
1.4714948777e+41
1.1501688158e+47
2.2105677655e+48
1.7050136229e+50
2.0515718092e+47
2.9584046810e+45
5.3315920274e+45
1.1546393302e+49
7.4125539651e+45
3.2097908946e+43
2.4643072154e+47
9.1866689790e+40
1.5058453352e+43
6.0272833272e+45
5.4987344057e+46
2.6226877399e+41
6.8360017441e+46
6.3373906363e+44
1.2724013473e+48
9.1824597236e+42
3.5386216714e+47
2.1439846320e+43
2.5401641500e+46
2.5024415296e+44
7.6996029764e+47
7.0602432416e+47
7.1921768932e+47
4.5644694197e+46
4.9723822251e+44
7.7649680392e+47
1.4064699392e+45
2.0241197820e+45
2.3696127069e+46
1.6610132519e+46
3.3616618315e+43
5.3703254181e+48
2.3874739795e+48
1.6978392169e+48
2.4857111974e+47
5.6382968196e+43
5.5033234363e+46
1.5126222183e+45
1.6472888759e+43
1.0657087588e+48
5.5908454087e+49
1.8971091508e+48
8.5827786370e+46
3.1211056230e+44
5.0259160168e+44
3.0058677117e+45
1.0565365179e+42
9.2434223026e+46
2.4078474766e+43
1.0744195800e+44
2.2607663662e+48
2.1421837462e+49
4.6014953094e+47
7.5875946886e+41
6.0880454831e+46
1.3886373078e+47
1.7524089597e+44
1.2642354029e+47
2.6511608818e+44
1.3858190784e+41
1.1060674481e+47
3.6490464018e+48
1.0870861902e+47
1.2131468386e+49
2.0661752141e+44
1.0185580397e+46
1.9453957081e+46
1.1282666955e+45
9.0659796420e+44
1.2350021703e+49
1.2800124084e+45
4.9797083258e+46
8.7030841366e+46
1.0733725226e+47
1.8091426618e+45
9.5512235753e+46
1.0015174003e+47
2.0210418771e+41
1.0708480235e+47
1.0704150468e+45
1.3385319713e+44
1.5459534831e+45
3.0653927684e+45
3.0298862949e+44
5.4730482834e+46
1.0209105599e+46
1.1178780885e+45
1.3218318688e+46
6.7949876023e+45
2.8319714426e+46
6.4285924281e+47
3.0009519467e+48
2.7803720753e+44
1.0543416999e+48
1.4288144044e+46
4.5842616243e+43
6.4628037294e+44
4.5481129012e+46
4.7426114571e+42
7.9597711257e+46
6.4717402303e+43
1.2234479194e+46
2.7280209691e+44
6.5843625486e+43
2.7888029213e+45
1.3444787769e+43
1.3492929223e+48
4.6478543874e+45
4.0947414628e+47
2.9359185966e+45
5.1487579125e+46
1.2113165812e+43
2.6248164235e+47
4.2573447553e+47
1.3480249898e+44
1.7930536215e+45
1.6086779767e+47
2.1324911532e+48
1.1047701726e+46
3.2021834239e+44
1.6374216438e+48
1.3647078463e+46
2.4144610866e+41
9.0394791038e+44
6.6677112549e+44
1.1652855580e+45
4.2945498851e+46
3.7386074543e+47
1.0769565096e+47
4.9173780879e+42
3.3305868807e+49
1.0845115488e+47
4.1143109537e+44
1.1915732468e+47
1.1072461101e+45
2.4801849094e+45
1.6074969253e+48
1.8971195982e+47
1.3955949470e+44
5.7388669153e+42
4.8588858415e+43
2.0242476648e+44
2.3427088496e+45
3.9648442278e+42
4.2312194015e+49
9.8432946714e+45
4.9718751999e+45
4.1518876284e+44
1.8443153603e+44
2.1186730869e+48
1.3126042831e+48
3.3908326820e+42
7.8878464473e+46
6.7098270373e+47
5.1409387412e+47
3.0938299764e+47
1.0600021582e+48
7.2785779370e+46
3.9584276346e+47
1.2637279166e+47
1.7575890208e+44
1.1905450991e+49
6.7064314165e+45
8.4505186082e+46
7.8369395533e+48
1.1550215114e+48
2.4734238230e+45
1.5878558167e+48
6.0316486887e+48
1.3533132567e+42
3.9258829045e+47
1.3638302868e+47
1.4235518579e+46
3.4065600604e+47
5.2394383953e+48
3.8727921353e+47
3.0257366582e+46
2.1398762022e+45
3.1789306273e+46
5.0379423062e+48
2.0923191570e+48
5.1704863673e+47
9.9907729400e+44
4.6592140174e+44
1.4821959746e+41
5.3815482153e+44
4.3522145074e+46
1.0200507881e+50
2.2716413247e+46
2.2007836754e+43
4.6600886665e+44
1.0419181596e+42
5.1558083345e+43
1.3704535597e+43
1.8652702745e+47
1.8618091766e+45
6.8392928040e+45
3.4470181013e+46
3.9430104113e+46
3.9656184631e+43
4.0832252302e+48
2.1638427171e+47
8.7121697860e+45
6.5705214268e+45
4.4645177827e+47
1.7220141177e+47
3.4571271433e+45
5.8027302018e+44
3.2133125791e+47
2.0691694478e+44
2.6080329340e+46
1.8608374751e+47
5.2470340972e+48
1.7792164249e+46
6.1807696000e+45
3.7363913529e+49
1.7512891068e+42
4.3292944981e+46
1.0573660073e+45
1.6001994170e+44
2.0109638266e+44
2.8577611564e+46
1.0053412057e+44
1.7747802747e+43
3.3163247715e+41
1.4134500094e+44
2.2598009256e+41
1.6194727352e+45
1.5302568003e+48
2.5372001802e+46
4.6075928175e+46
3.0994835453e+45
9.3289905233e+46
2.9860444412e+43
2.0094077454e+45
1.2898000018e+46
6.9850650664e+45
1.7536190579e+44
1.7383341533e+42
7.5495312844e+46
9.5634433781e+45
6.4356141525e+42
4.4532506090e+45
1.2729308928e+44
1.4166821518e+45
4.9505181262e+47
6.4113635574e+45
9.5731214633e+45
9.1231724006e+45
9.7194912841e+43
2.3869589858e+43
3.2706056861e+44
7.1589212684e+45
2.2317889259e+43
2.5659634573e+47
1.5457848592e+46
6.5653982969e+46
8.6750973227e+44
3.3511353669e+42
3.9447322523e+41
2.6607724953e+46
2.1337409176e+46
2.3595077807e+48
3.3633270798e+48
1.0180074590e+43
8.6634730428e+43
6.7679563462e+49
1.0046613451e+48
4.2439446337e+45
8.0899390605e+46
5.4455071764e+47
6.4629601715e+46
1.8405598134e+47
9.3458516479e+49
1.3065194258e+44
2.1392238827e+38
3.4531929742e+47
6.1826020373e+45
1.3566913616e+49
2.2851767103e+47
3.8531088328e+45
1.6242774548e+48
1.2246693795e+42
1.4225492273e+47
3.8838352995e+47
2.7278736244e+49
1.5780321223e+48
9.9545932165e+42
2.8052545243e+46
2.8918499929e+42
4.2160952748e+45
7.8503309900e+47
2.2498859208e+46
9.8352034879e+45
6.9560365922e+46
5.0135249287e+44
8.1070358087e+45
6.0253381368e+47
4.1222005142e+42
2.0420048766e+43
5.1170633737e+44
3.2214568167e+46
4.8306395470e+42
2.1321205917e+44
4.9709708108e+50
1.8822983305e+48
2.8369749077e+46
5.8085428580e+38
5.5930152211e+45
1.0047549706e+47
1.4356607527e+46
1.5418769525e+44
8.3850132284e+44
1.3620085093e+45
2.5077528612e+44
4.0155546255e+46
2.1662535582e+46
9.5459386010e+44
2.1110303843e+48
2.0038908489e+48
3.2721412447e+44
1.1034660627e+48
9.8301985727e+44
2.0696737654e+46
7.1140141520e+44
4.2481683117e+47
1.7497438244e+44
2.2507740227e+44
1.2686138308e+47
9.6403567212e+45
2.5111566352e+43
2.6920639467e+45
5.7630727349e+45
1.3413961514e+48
3.2399508572e+47
7.0588408913e+43
2.4805681404e+47
1.8589305697e+45
1.5872925976e+47
7.2915544708e+45
1.6421785237e+49
5.4893150880e+46
9.4381305116e+45
2.8063769522e+43
4.1995306793e+46
1.6694691926e+45
4.9316050177e+45
9.5104333458e+45
1.0209702675e+49
1.3899408302e+46
5.2099964477e+47
1.6927991771e+47
5.2150391857e+42
8.5673439994e+44
3.0834444905e+46
1.7021350084e+47
1.1880186821e+46
1.3457621039e+47
5.9134201411e+45
5.7253707434e+45
6.1832714168e+47
2.6238985008e+45
2.8534644567e+46
3.3059242701e+46
7.2394675662e+47
8.5254044734e+46
1.7500604181e+43
3.1981408416e+47
1.8868775617e+45
8.9763181255e+42
2.1513995560e+46
1.3705176502e+48
3.1956040012e+46
9.7293768564e+44
1.2120512985e+45
3.4614290072e+44
6.6445373372e+46
3.9274815807e+45
6.0234209526e+42
2.5490108587e+44
7.9130629475e+47
5.6436994796e+44
7.3239948072e+46
1.1882668653e+45
1.9630894237e+44
1.4916500577e+45
1.1884952413e+44
1.8290640361e+45
1.2729302306e+43
4.0860117436e+47
1.7330654322e+45
4.1564128089e+44
2.1349464625e+45
2.6875447798e+44
6.7651551425e+48
1.1498944993e+42
2.6412657225e+41
3.2459157573e+46
2.4188184435e+46
2.3909851006e+46
1.8348486172e+47
1.4994837045e+46
8.2322953257e+42
2.0619979206e+47
4.7582599415e+45
3.2264652500e+45
3.2885244141e+47
2.7506031504e+46
3.6721700422e+48
7.4740614941e+45
6.4403335946e+46
4.8666785950e+47
3.4771613742e+46
5.6902420887e+48
5.9845079668e+43
5.9626914428e+45
9.6021126652e+48
6.8381940438e+46
2.3602379085e+44
1.7989069443e+45
1.7909456690e+46
6.4200254319e+44
8.4083776251e+46
3.5719867412e+46
3.7294028400e+43
1.6608871408e+47
3.5587888230e+45
2.9871625862e+47
3.9050831697e+47
1.1287719672e+46
5.9770910587e+46
6.1555402920e+40
1.5294808434e+44
1.0068115533e+48
7.2515573881e+44
3.8426483392e+45
3.2704732007e+45
3.6538785468e+42
2.0450974632e+47
6.2548368842e+46
1.8111656067e+48
4.7408206078e+46
5.5486417863e+45
9.5837928372e+45
7.2860784878e+47
9.2627038080e+45
2.1978386809e+46
1.8352986786e+46
7.9147089403e+44
1.7716616968e+46
6.6224361008e+45
1.9957253695e+47
4.4959342198e+47
1.2021330397e+46
8.0926654237e+43
8.4723443283e+48
3.5537541952e+44
5.7493815909e+47
7.2236964909e+45
2.3299186938e+45
8.7491559301e+43
1.5125059220e+50
2.1763319970e+43
3.9695129372e+48
3.0573831560e+46
4.5373213750e+46
6.6207718005e+49
4.8273693739e+44
3.8738352580e+46
1.2856951010e+46
2.7575243178e+48
1.0190587992e+43
5.6926301704e+43
9.1800887497e+45
6.2811598858e+45
1.4904573179e+47
3.0125937375e+43
1.0180054067e+46
5.3899335588e+45
6.9991455491e+47
7.8752094923e+45
7.3262833659e+47
6.3315499365e+43
2.3485283970e+44
1.9379620146e+48
1.5166246101e+48
4.2964783149e+46
3.2891408351e+44
1.0129938910e+42
7.9081252123e+43
1.5663700099e+44
2.9228576759e+46
2.3718945259e+43
3.3646254725e+46
5.8881761122e+48
1.3634473207e+45
1.2193499233e+44
1.1544858108e+48
2.0383004557e+47
1.1431831484e+46
7.2140680939e+43
1.8215112647e+45
4.6120364132e+47
9.4472562211e+47
5.7393085985e+47
2.3606686766e+49
1.1713416687e+47
5.6233898872e+48
7.9916802150e+47
1.0138154447e+43
1.3237795280e+47
2.3304737540e+48
1.6569106152e+50
7.2783964527e+42
1.4596019001e+46
7.8352359821e+46
1.3509578184e+49
6.5717594243e+46
4.1131254233e+44
2.4280116378e+46
1.3963400171e+45
5.5350214844e+44
1.2709260981e+46
8.9305529334e+45
7.5077095430e+41
5.6731732393e+44
1.6563490320e+44
3.6465036793e+46
5.0081535546e+45
1.2912566245e+45
1.0197586612e+45
4.9181877272e+47
9.8853795714e+49
3.8022316955e+47
2.8906249223e+45
2.8436527793e+47
1.0232123027e+48
1.8120753020e+44
8.2668917267e+41
7.4753722954e+43
3.7811256808e+46
1.9547094834e+42
1.0909183146e+49
1.7916889944e+44
1.5582056882e+49
5.5836100700e+43
1.6982449219e+46
2.5888007594e+49
4.2191487003e+47
2.2872846406e+40
3.3898083441e+42
2.8820087839e+45
1.4393916812e+43
3.1912956973e+47
1.7667193305e+46
2.5000036988e+48
6.5112151940e+46
1.3414903138e+46
8.9516750212e+45
1.9757490338e+47
3.1287508779e+44
1.7127615372e+48
3.1338428099e+45
2.4874711626e+46
8.8033454005e+42
1.5808991060e+48
4.9401266441e+46
2.9682896158e+48
1.1989418616e+47
3.2802612466e+44
6.2436880211e+44
2.5959235650e+47
1.6500496806e+45
4.3450464527e+47
3.1356624416e+46
1.9407837225e+46
1.0337517363e+46
7.9693694939e+40
2.0600211218e+44
1.2077940605e+43
2.0262500317e+46
7.6657649508e+44
2.4051063243e+45
2.3445856723e+47
5.9502088642e+46
3.1640680265e+46
2.5494691483e+46
8.6054749107e+43
3.4202573698e+43
3.4813867073e+48
3.0437605601e+49
4.4502767296e+47
1.2792482239e+48
9.8581477570e+43
8.3627501921e+45
7.8478749531e+43
1.0070694027e+45
1.4651601937e+44
9.9242736662e+45
2.1385051096e+45
4.9349221887e+48
7.7378270016e+44
1.6816270301e+44
3.0604495881e+47
1.9291808214e+48
8.9637827372e+42
3.3811655632e+44
2.0385013751e+48
7.8696733108e+40
1.8555993725e+44
4.4880195648e+45
7.7616266083e+47
2.9090696123e+46
4.7379361984e+47
1.7922442570e+45
1.8035718329e+46
3.1578735094e+43
2.5529933952e+45
9.2021784226e+44
1.2269965427e+47
2.1155760057e+49
1.9737846214e+47
4.9932053064e+44
2.1874036842e+46
9.3362489054e+45
8.9041869709e+44
2.3573219275e+48
2.1645390092e+48
2.7342374933e+43
7.1039362306e+45
7.5198233988e+47
3.5233131601e+43
7.0488843426e+46
1.2092336999e+44
6.6411622228e+45
5.4396537209e+44
3.0017237410e+49
5.6721080829e+43
4.9632322835e+44
6.8166835896e+50
4.1464084936e+48
4.1285269763e+47
1.0487213676e+44
2.7681709060e+47
3.5609425141e+47
2.6395162579e+48
4.4117618008e+48
1.2342514189e+43
2.0370138030e+49
4.0557156310e+45
7.0211545635e+46
5.9913649818e+41
5.2173986421e+40
7.1492526049e+48
2.2426160241e+44
1.3483065782e+48
4.4893583204e+45
5.1033585586e+47
5.2509799328e+45
1.0783541750e+46
1.1144625529e+48
1.1448763643e+46
6.9354885257e+46
2.1863178026e+47
5.0837913565e+47
4.4080041732e+46
1.6623499566e+47
9.7022084283e+46
1.7732900293e+49
7.0992605031e+44
2.0129763853e+49
1.3681030125e+47
2.7666896341e+44
2.5871926302e+45
4.6424721145e+47
1.5285729718e+46
6.5042533611e+45
2.1481886774e+45
1.3618671298e+47
6.9272975175e+43
7.5055316124e+45
2.4744920320e+44
2.3125328099e+44
2.5581992530e+47
3.7359625812e+46
1.3207525009e+43
6.8608617523e+43
9.5865799308e+44
1.4530593376e+43
8.7884246153e+43
1.4287145640e+47
4.6263388084e+44
1.3567924602e+45
1.0006070248e+47
1.0736020383e+42
7.8449102322e+45
3.4364857666e+47
9.1028745437e+45
6.0038662254e+47
8.7332000620e+44
5.0490512635e+46
5.4873995739e+47
1.0097847575e+50
1.7788357570e+49
6.2145986749e+43
7.3545215227e+49
1.4479219508e+46
4.2876489276e+45
7.2450906644e+45
1.2542923885e+47
5.4056759738e+46
2.1552026066e+44
2.3706789156e+44
6.3481910564e+45
7.1099470326e+47
1.6348381392e+44
3.8930040116e+45
5.2993540600e+45
1.8463784035e+42
8.7724285230e+43
6.9503570118e+47
3.5383799851e+43
3.8488371571e+47
6.0664676323e+45
2.3572071329e+43
3.8540576508e+45
4.6386395112e+47
2.1116776707e+49
2.9998820580e+44
3.0420791301e+44
