This is pdfTeX, Version 3.14159265-2.6-1.40.21 (TeX Live 2020) (preloaded format=pdflatex 2020.4.7)  23 NOV 2025 12:09
entering extended mode
 restricted \write18 enabled.
 file:line:error style messages enabled.
 %&-line parsing enabled.
**main.tex
(./main.tex
LaTeX2e <2020-02-02> patch level 5
L3 programming layer <2020-03-06>
(/usr/local/texlive/2020/texmf-dist/tex/latex/base/article.cls
Document Class: article 2019/12/20 v1.4l Standard LaTeX document class
(/usr/local/texlive/2020/texmf-dist/tex/latex/base/size11.clo
File: size11.clo 2019/12/20 v1.4l Standard LaTeX file (size option)
)
\c@part=\count167
\c@section=\count168
\c@subsection=\count169
\c@subsubsection=\count170
\c@paragraph=\count171
\c@subparagraph=\count172
\c@figure=\count173
\c@table=\count174
\abovecaptionskip=\skip47
\belowcaptionskip=\skip48
\bibindent=\dimen134
)
(/usr/local/texlive/2020/texmf-dist/tex/latex/base/inputenc.sty
Package: inputenc 2018/08/11 v1.3c Input encoding file
\inpenc@prehook=\toks15
\inpenc@posthook=\toks16


! LaTeX Error: File `utf-8.def' not found.

Type X to quit or <RETURN> to proceed,
or enter new name. (Default extension: def)

Enter file name: 

Package inputenc Warning: No characters defined
(inputenc)                by input encoding change to `utf-8'
(inputenc)                 on input line 165.

) (/usr/local/texlive/2020/texmf-dist/tex/latex/base/fontenc.sty
Package: fontenc 2020/02/11 v2.0o Standard LaTeX package
)
(/usr/local/texlive/2020/texmf-dist/tex/latex/geometry/geometry.sty
Package: geometry 2020/01/02 v5.9 Page Geometry

(/usr/local/texlive/2020/texmf-dist/tex/latex/graphics/keyval.sty
Package: keyval 2014/10/28 v1.15 key=value parser (DPC)
\KV@toks@=\toks17
)
(/usr/local/texlive/2020/texmf-dist/tex/generic/iftex/ifvtex.sty
Package: ifvtex 2019/10/25 v1.7 ifvtex legacy package. Use iftex instead.

(/usr/local/texlive/2020/texmf-dist/tex/generic/iftex/iftex.sty
Package: iftex 2020/03/06 v1.0d TeX engine tests
))
\Gm@cnth=\count175
\Gm@cntv=\count176
\c@Gm@tempcnt=\count177
\Gm@bindingoffset=\dimen135
\Gm@wd@mp=\dimen136
\Gm@odd@mp=\dimen137
\Gm@even@mp=\dimen138
\Gm@layoutwidth=\dimen139
\Gm@layoutheight=\dimen140
\Gm@layouthoffset=\dimen141
\Gm@layoutvoffset=\dimen142
\Gm@dimlist=\toks18
)
(/usr/local/texlive/2020/texmf-dist/tex/latex/amsmath/amsmath.sty
Package: amsmath 2020/01/20 v2.17e AMS math features
\@mathmargin=\skip49

For additional information on amsmath, use the `?' option.
(/usr/local/texlive/2020/texmf-dist/tex/latex/amsmath/amstext.sty
Package: amstext 2000/06/29 v2.01 AMS text

(/usr/local/texlive/2020/texmf-dist/tex/latex/amsmath/amsgen.sty
File: amsgen.sty 1999/11/30 v2.0 generic functions
\@emptytoks=\toks19
\ex@=\dimen143
))
(/usr/local/texlive/2020/texmf-dist/tex/latex/amsmath/amsbsy.sty
Package: amsbsy 1999/11/29 v1.2d Bold Symbols
\pmbraise@=\dimen144
)
(/usr/local/texlive/2020/texmf-dist/tex/latex/amsmath/amsopn.sty
Package: amsopn 2016/03/08 v2.02 operator names
)
\inf@bad=\count178
LaTeX Info: Redefining \frac on input line 227.
\uproot@=\count179
\leftroot@=\count180
LaTeX Info: Redefining \overline on input line 389.
\classnum@=\count181
\DOTSCASE@=\count182
LaTeX Info: Redefining \ldots on input line 486.
LaTeX Info: Redefining \dots on input line 489.
LaTeX Info: Redefining \cdots on input line 610.
\Mathstrutbox@=\box45
\strutbox@=\box46
\big@size=\dimen145
LaTeX Font Info:    Redeclaring font encoding OML on input line 733.
LaTeX Font Info:    Redeclaring font encoding OMS on input line 734.
\macc@depth=\count183
\c@MaxMatrixCols=\count184
\dotsspace@=\muskip16
\c@parentequation=\count185
\dspbrk@lvl=\count186
\tag@help=\toks20
\row@=\count187
\column@=\count188
\maxfields@=\count189
\andhelp@=\toks21
\eqnshift@=\dimen146
\alignsep@=\dimen147
\tagshift@=\dimen148
\tagwidth@=\dimen149
\totwidth@=\dimen150
\lineht@=\dimen151
\@envbody=\toks22
\multlinegap=\skip50
\multlinetaggap=\skip51
\mathdisplay@stack=\toks23
LaTeX Info: Redefining \[ on input line 2859.
LaTeX Info: Redefining \] on input line 2860.
)
(/usr/local/texlive/2020/texmf-dist/tex/latex/amsfonts/amssymb.sty
Package: amssymb 2013/01/14 v3.01 AMS font symbols

(/usr/local/texlive/2020/texmf-dist/tex/latex/amsfonts/amsfonts.sty
Package: amsfonts 2013/01/14 v3.01 Basic AMSFonts support
\symAMSa=\mathgroup4
\symAMSb=\mathgroup5
LaTeX Font Info:    Redeclaring math symbol \hbar on input line 98.
LaTeX Font Info:    Overwriting math alphabet `\mathfrak' in version `bold'
(Font)                  U/euf/m/n --> U/euf/b/n on input line 106.
))
(/usr/local/texlive/2020/texmf-dist/tex/latex/mathtools/mathtools.sty
Package: mathtools 2020/03/24 v1.24 mathematical typesetting tools

(/usr/local/texlive/2020/texmf-dist/tex/latex/tools/calc.sty
Package: calc 2017/05/25 v4.3 Infix arithmetic (KKT,FJ)
\calc@Acount=\count190
\calc@Bcount=\count191
\calc@Adimen=\dimen152
\calc@Bdimen=\dimen153
\calc@Askip=\skip52
\calc@Bskip=\skip53
LaTeX Info: Redefining \setlength on input line 80.
LaTeX Info: Redefining \addtolength on input line 81.
\calc@Ccount=\count192
\calc@Cskip=\skip54
)
(/usr/local/texlive/2020/texmf-dist/tex/latex/mathtools/mhsetup.sty
Package: mhsetup 2017/03/31 v1.3 programming setup (MH)
)
LaTeX Info: Thecontrolsequence`\('isalreadyrobust on input line 130.
LaTeX Info: Thecontrolsequence`\)'isalreadyrobust on input line 130.
LaTeX Info: Thecontrolsequence`\['isalreadyrobust on input line 130.
LaTeX Info: Thecontrolsequence`\]'isalreadyrobust on input line 130.
\g_MT_multlinerow_int=\count193
\l_MT_multwidth_dim=\dimen154
\origjot=\skip55
\l_MT_shortvdotswithinadjustabove_dim=\dimen155
\l_MT_shortvdotswithinadjustbelow_dim=\dimen156
\l_MT_above_intertext_sep=\dimen157
\l_MT_below_intertext_sep=\dimen158
\l_MT_above_shortintertext_sep=\dimen159
\l_MT_below_shortintertext_sep=\dimen160
\xmathstrut@box=\box47
\xmathstrut@dim=\dimen161
)
(/usr/local/texlive/2020/texmf-dist/tex/latex/physics/physics.sty
Package: physics 

(/usr/local/texlive/2020/texmf-dist/tex/latex/l3packages/xparse/xparse.sty
(/usr/local/texlive/2020/texmf-dist/tex/latex/l3kernel/expl3.sty
Package: expl3 2020-03-06 L3 programming layer (loader) 

(/usr/local/texlive/2020/texmf-dist/tex/latex/l3backend/l3backend-pdfmode.def
File: l3backend-pdfmode.def 2020-03-12 L3 backend support: PDF mode
\l__kernel_color_stack_int=\count194
\l__pdf_internal_box=\box48
))
Package: xparse 2020-03-06 L3 Experimental document command parser
\l__xparse_current_arg_int=\count195
\g__xparse_grabber_int=\count196
\l__xparse_m_args_int=\count197
\l__xparse_v_nesting_int=\count198
)) (/usr/local/texlive/2020/texmf-dist/tex/latex/siunitx/siunitx.sty
Package: siunitx 2020/02/25 v2.8b A comprehensive (SI) units package

(/usr/local/texlive/2020/texmf-dist/tex/latex/tools/array.sty
Package: array 2019/08/31 v2.4l Tabular extension package (FMi)
\col@sep=\dimen162
\ar@mcellbox=\box49
\extrarowheight=\dimen163
\NC@list=\toks24
\extratabsurround=\skip56
\backup@length=\skip57
\ar@cellbox=\box50
)
(/usr/local/texlive/2020/texmf-dist/tex/latex/l3packages/l3keys2e/l3keys2e.sty
Package: l3keys2e 2020-03-06 LaTeX2e option processing using LaTeX3 keys
)
\l__siunitx_tmp_box=\box51
\l__siunitx_tmp_dim=\dimen164
\l__siunitx_tmp_int=\count199
\l__siunitx_number_mantissa_length_int=\count266
\l__siunitx_number_uncert_length_int=\count267
\l__siunitx_round_int=\count268
\l__siunitx_process_decimal_int=\count269
\l__siunitx_process_uncertainty_int=\count270
\l__siunitx_process_fixed_int=\count271
\l__siunitx_process_integer_min_int=\count272
\l__siunitx_process_precision_int=\count273
\l__siunitx_group_min_int=\count274
\l__siunitx_angle_marker_box=\box52
\l__siunitx_angle_unit_box=\box53
\l__siunitx_angle_marker_dim=\dimen165
\l__siunitx_angle_unit_dim=\dimen166
\l__siunitx_unit_int=\count275
\l__siunitx_unit_denominator_int=\count276
\l__siunitx_unit_numerator_int=\count277
\l__siunitx_unit_prefix_int=\count278
\l__siunitx_unit_prefix_base_int=\count279
\l__siunitx_unit_prefix_gram_int=\count280
\l__siunitx_number_product_int=\count281
\c__siunitx_one_fill_skip=\skip58
\l__siunitx_table_unit_align_skip=\skip59
\l__siunitx_table_exponent_dim=\dimen167
\l__siunitx_table_integer_dim=\dimen168
\l__siunitx_table_mantissa_dim=\dimen169
\l__siunitx_table_marker_dim=\dimen170
\l__siunitx_table_result_dim=\dimen171
\l__siunitx_table_uncert_dim=\dimen172
\l__siunitx_table_fill_pre_dim=\dimen173
\l__siunitx_table_fill_post_dim=\dimen174
\l__siunitx_table_fill_mid_dim=\dimen175
\l__siunitx_table_pre_box=\box54
\l__siunitx_table_post_box=\box55
\l__siunitx_table_mantissa_box=\box56
\l__siunitx_table_result_box=\box57
\l__siunitx_table_number_align_skip=\skip60
\l__siunitx_table_text_align_skip=\skip61
(/usr/local/texlive/2020/texmf-dist/tex/latex/translator/translator.sty
Package: translator 2019-05-31 v1.12a Easy translation of strings in LaTeX
))
(/usr/local/texlive/2020/texmf-dist/tex/latex/graphics/graphicx.sty
Package: graphicx 2019/11/30 v1.2a Enhanced LaTeX Graphics (DPC,SPQR)

(/usr/local/texlive/2020/texmf-dist/tex/latex/graphics/graphics.sty
Package: graphics 2019/11/30 v1.4a Standard LaTeX Graphics (DPC,SPQR)

(/usr/local/texlive/2020/texmf-dist/tex/latex/graphics/trig.sty
Package: trig 2016/01/03 v1.10 sin cos tan (DPC)
)
(/usr/local/texlive/2020/texmf-dist/tex/latex/graphics-cfg/graphics.cfg
File: graphics.cfg 2016/06/04 v1.11 sample graphics configuration
)
Package graphics Info: Driver file: pdftex.def on input line 105.

(/usr/local/texlive/2020/texmf-dist/tex/latex/graphics-def/pdftex.def
File: pdftex.def 2018/01/08 v1.0l Graphics/color driver for pdftex
))
\Gin@req@height=\dimen176
\Gin@req@width=\dimen177
)
(/usr/local/texlive/2020/texmf-dist/tex/latex/booktabs/booktabs.sty
Package: booktabs 2020/01/12 v1.61803398 Publication quality tables
\heavyrulewidth=\dimen178
\lightrulewidth=\dimen179
\cmidrulewidth=\dimen180
\belowrulesep=\dimen181
\belowbottomsep=\dimen182
\aboverulesep=\dimen183
\abovetopsep=\dimen184
\cmidrulesep=\dimen185
\cmidrulekern=\dimen186
\defaultaddspace=\dimen187
\@cmidla=\count282
\@cmidlb=\count283
\@aboverulesep=\dimen188
\@belowrulesep=\dimen189
\@thisruleclass=\count284
\@lastruleclass=\count285
\@thisrulewidth=\dimen190
)
(/usr/local/texlive/2020/texmf-dist/tex/latex/multirow/multirow.sty
Package: multirow 2019/05/31 v2.5 Span multiple rows of a table
\multirow@colwidth=\skip62
\multirow@cntb=\count286
\multirow@dima=\skip63
\bigstrutjot=\dimen191
)
(/usr/local/texlive/2020/texmf-dist/tex/latex/graphics/color.sty
Package: color 2019/11/23 v1.2a Standard LaTeX Color (DPC)

(/usr/local/texlive/2020/texmf-dist/tex/latex/graphics-cfg/color.cfg
File: color.cfg 2016/01/02 v1.6 sample color configuration
)
Package color Info: Driver file: pdftex.def on input line 147.
)
(/usr/local/texlive/2020/texmf-dist/tex/latex/xcolor/xcolor.sty
Package: xcolor 2016/05/11 v2.12 LaTeX color extensions (UK)

(/usr/local/texlive/2020/texmf-dist/tex/latex/graphics-cfg/color.cfg
File: color.cfg 2016/01/02 v1.6 sample color configuration
)
Package xcolor Info: Driver file: pdftex.def on input line 225.
LaTeX Info: Redefining \color on input line 709.
Package xcolor Info: Model `cmy' substituted by `cmy0' on input line 1348.
Package xcolor Info: Model `hsb' substituted by `rgb' on input line 1352.
Package xcolor Info: Model `RGB' extended on input line 1364.
Package xcolor Info: Model `HTML' substituted by `rgb' on input line 1366.
Package xcolor Info: Model `Hsb' substituted by `hsb' on input line 1367.
Package xcolor Info: Model `tHsb' substituted by `hsb' on input line 1368.
Package xcolor Info: Model `HSB' substituted by `hsb' on input line 1369.
Package xcolor Info: Model `Gray' substituted by `gray' on input line 1370.
Package xcolor Info: Model `wave' substituted by `hsb' on input line 1371.
)
(/usr/local/texlive/2020/texmf-dist/tex/latex/listings/listings.sty
\lst@mode=\count287
\lst@gtempboxa=\box58
\lst@token=\toks25
\lst@length=\count288
\lst@currlwidth=\dimen192
\lst@column=\count289
\lst@pos=\count290
\lst@lostspace=\dimen193
\lst@width=\dimen194
\lst@newlines=\count291
\lst@lineno=\count292
\lst@maxwidth=\dimen195

(/usr/local/texlive/2020/texmf-dist/tex/latex/listings/lstmisc.sty
File: lstmisc.sty 2020/03/24 1.8d (Carsten Heinz)
\c@lstnumber=\count293
\lst@skipnumbers=\count294
\lst@framebox=\box59
)
(/usr/local/texlive/2020/texmf-dist/tex/latex/listings/listings.cfg
File: listings.cfg 2020/03/24 1.8d listings configuration
))
Package: listings 2020/03/24 1.8d (Carsten Heinz)

(/usr/local/texlive/2020/texmf-dist/tex/latex/tools/xspace.sty
Package: xspace 2014/10/28 v1.13 Space after command names (DPC,MH)
)
(/usr/local/texlive/2020/texmf-dist/tex/latex/hyperref/hyperref.sty
Package: hyperref 2020/01/14 v7.00d Hypertext links for LaTeX

(/usr/local/texlive/2020/texmf-dist/tex/generic/ltxcmds/ltxcmds.sty
Package: ltxcmds 2019/12/15 v1.24 LaTeX kernel commands for general use (HO)
)
(/usr/local/texlive/2020/texmf-dist/tex/latex/pdftexcmds/pdftexcmds.sty
Package: pdftexcmds 2019/11/24 v0.31 Utility functions of pdfTeX for LuaTeX (HO
)

(/usr/local/texlive/2020/texmf-dist/tex/generic/infwarerr/infwarerr.sty
Package: infwarerr 2019/12/03 v1.5 Providing info/warning/error messages (HO)
)
Package pdftexcmds Info: \pdf@primitive is available.
Package pdftexcmds Info: \pdf@ifprimitive is available.
Package pdftexcmds Info: \pdfdraftmode found.
)
(/usr/local/texlive/2020/texmf-dist/tex/generic/kvsetkeys/kvsetkeys.sty
Package: kvsetkeys 2019/12/15 v1.18 Key value parser (HO)
)
(/usr/local/texlive/2020/texmf-dist/tex/generic/kvdefinekeys/kvdefinekeys.sty
Package: kvdefinekeys 2019-12-19 v1.6 Define keys (HO)
)
(/usr/local/texlive/2020/texmf-dist/tex/generic/pdfescape/pdfescape.sty
Package: pdfescape 2019/12/09 v1.15 Implements pdfTeX's escape features (HO)
)
(/usr/local/texlive/2020/texmf-dist/tex/latex/hycolor/hycolor.sty
Package: hycolor 2020-01-27 v1.10 Color options for hyperref/bookmark (HO)
)
(/usr/local/texlive/2020/texmf-dist/tex/latex/letltxmacro/letltxmacro.sty
Package: letltxmacro 2019/12/03 v1.6 Let assignment for LaTeX macros (HO)
)
(/usr/local/texlive/2020/texmf-dist/tex/latex/auxhook/auxhook.sty
Package: auxhook 2019-12-17 v1.6 Hooks for auxiliary files (HO)
)
(/usr/local/texlive/2020/texmf-dist/tex/latex/kvoptions/kvoptions.sty
Package: kvoptions 2019/11/29 v3.13 Key value format for package options (HO)
)
\@linkdim=\dimen196
\Hy@linkcounter=\count295
\Hy@pagecounter=\count296

(/usr/local/texlive/2020/texmf-dist/tex/latex/hyperref/pd1enc.def
File: pd1enc.def 2020/01/14 v7.00d Hyperref: PDFDocEncoding definition (HO)
Now handling font encoding PD1 ...
... no UTF-8 mapping file for font encoding PD1
)
(/usr/local/texlive/2020/texmf-dist/tex/generic/intcalc/intcalc.sty
Package: intcalc 2019/12/15 v1.3 Expandable calculations with integers (HO)
)
(/usr/local/texlive/2020/texmf-dist/tex/generic/etexcmds/etexcmds.sty
Package: etexcmds 2019/12/15 v1.7 Avoid name clashes with e-TeX commands (HO)
)
\Hy@SavedSpaceFactor=\count297
Package hyperref Info: Hyper figures OFF on input line 4547.
Package hyperref Info: Link nesting OFF on input line 4552.
Package hyperref Info: Hyper index ON on input line 4555.
Package hyperref Info: Plain pages OFF on input line 4562.
Package hyperref Info: Backreferencing OFF on input line 4567.
Package hyperref Info: Implicit mode ON; LaTeX internals redefined.
Package hyperref Info: Bookmarks ON on input line 4800.
\c@Hy@tempcnt=\count298

(/usr/local/texlive/2020/texmf-dist/tex/latex/url/url.sty
\Urlmuskip=\muskip17
Package: url 2013/09/16  ver 3.4  Verb mode for urls, etc.
)
LaTeX Info: Redefining \url on input line 5159.
\XeTeXLinkMargin=\dimen197

(/usr/local/texlive/2020/texmf-dist/tex/generic/bitset/bitset.sty
Package: bitset 2019/12/09 v1.3 Handle bit-vector datatype (HO)

(/usr/local/texlive/2020/texmf-dist/tex/generic/bigintcalc/bigintcalc.sty
Package: bigintcalc 2019/12/15 v1.5 Expandable calculations on big integers (HO
)
))
\Fld@menulength=\count299
\Field@Width=\dimen198
\Fld@charsize=\dimen199
Package hyperref Info: Hyper figures OFF on input line 6430.
Package hyperref Info: Link nesting OFF on input line 6435.
Package hyperref Info: Hyper index ON on input line 6438.
Package hyperref Info: backreferencing OFF on input line 6445.
Package hyperref Info: Link coloring OFF on input line 6450.
Package hyperref Info: Link coloring with OCG OFF on input line 6455.
Package hyperref Info: PDF/A mode OFF on input line 6460.
LaTeX Info: Redefining \ref on input line 6500.
LaTeX Info: Redefining \pageref on input line 6504.

(/usr/local/texlive/2020/texmf-dist/tex/generic/atbegshi/atbegshi.sty
Package: atbegshi 2019/12/05 v1.19 At begin shipout hook (HO)
)
\Hy@abspage=\count300
\c@Item=\count301
\c@Hfootnote=\count302
)
Package hyperref Info: Driver (autodetected): hpdftex.

(/usr/local/texlive/2020/texmf-dist/tex/latex/hyperref/hpdftex.def
File: hpdftex.def 2020/01/14 v7.00d Hyperref driver for pdfTeX

(/usr/local/texlive/2020/texmf-dist/tex/latex/atveryend/atveryend.sty
Package: atveryend 2019-12-11 v1.11 Hooks at the very end of document (HO)
Package atveryend Info: \enddocument detected (standard20110627).
)
\Fld@listcount=\count303
\c@bookmark@seq@number=\count304

(/usr/local/texlive/2020/texmf-dist/tex/latex/rerunfilecheck/rerunfilecheck.sty
Package: rerunfilecheck 2019/12/05 v1.9 Rerun checks for auxiliary files (HO)

(/usr/local/texlive/2020/texmf-dist/tex/generic/uniquecounter/uniquecounter.sty
Package: uniquecounter 2019/12/15 v1.4 Provide unlimited unique counter (HO)
)
Package uniquecounter Info: New unique counter `rerunfilecheck' on input line 2
86.
)
\Hy@SectionHShift=\skip64
) (/usr/local/texlive/2020/texmf-dist/tex/latex/natbib/natbib.sty
Package: natbib 2010/09/13 8.31b (PWD, AO)
\bibhang=\skip65
\bibsep=\skip66
LaTeX Info: Redefining \cite on input line 694.
\c@NAT@ctr=\count305
)
(/usr/local/texlive/2020/texmf-dist/tex/latex/appendix/appendix.sty
Package: appendix 2020/02/08 v1.2c extra appendix facilities
\c@@pps=\count306
\c@@ppsavesec=\count307
\c@@ppsaveapp=\count308
)
(/usr/local/texlive/2020/texmf-dist/tex/latex/fancyhdr/fancyhdr.sty
Package: fancyhdr 2019/01/31 v3.10 Extensive control of page headers and footer
s
\f@nch@headwidth=\skip67
\f@nch@O@elh=\skip68
\f@nch@O@erh=\skip69
\f@nch@O@olh=\skip70
\f@nch@O@orh=\skip71
\f@nch@O@elf=\skip72
\f@nch@O@erf=\skip73
\f@nch@O@olf=\skip74
\f@nch@O@orf=\skip75
)
(/usr/local/texlive/2020/texmf-dist/tex/latex/lastpage/lastpage.sty
Package: lastpage 2015/03/29 v1.2m Refers to last page's name (HMM; JPG)
)
(/usr/local/texlive/2020/texmf-dist/tex/latex/caption/subcaption.sty
Package: subcaption 2020/01/22 v1.3d Sub-captions (AR)

(/usr/local/texlive/2020/texmf-dist/tex/latex/caption/caption.sty
Package: caption 2020/01/03 v3.4h Customizing captions (AR)

(/usr/local/texlive/2020/texmf-dist/tex/latex/caption/caption3.sty
Package: caption3 2020/01/03 v1.8h caption3 kernel (AR)
Package caption3 Info: TeX engine: e-TeX on input line 61.
\captionmargin=\dimen256
\captionmargin@=\dimen257
\captionwidth=\dimen258
\caption@tempdima=\dimen259
\caption@indent=\dimen260
\caption@parindent=\dimen261
\caption@hangindent=\dimen262
Package caption Info: Standard document class detected.
)
\c@caption@flags=\count309
\c@continuedfloat=\count310
Package caption Info: hyperref package is loaded.
Package caption Info: listings package is loaded.
)
\c@subfigure=\count311
\c@subtable=\count312
)
(/usr/local/texlive/2020/texmf-dist/tex/latex/float/float.sty
Package: float 2001/11/08 v1.3d Float enhancements (AL)
\c@float@type=\count313
\float@exts=\toks26
\float@box=\box60
\@float@everytoks=\toks27
\@floatcapt=\box61
)
(/usr/local/texlive/2020/texmf-dist/tex/latex/algorithms/algorithm.sty
Package: algorithm 2009/08/24 v0.1 Document Style `algorithm' - floating enviro
nment

(/usr/local/texlive/2020/texmf-dist/tex/latex/base/ifthen.sty
Package: ifthen 2014/09/29 v1.1c Standard LaTeX ifthen package (DPC)
)
\@float@every@algorithm=\toks28
\c@algorithm=\count314
)
(/usr/local/texlive/2020/texmf-dist/tex/latex/algorithmicx/algorithmicx.sty
Package: algorithmicx 2005/04/27 v1.2 Algorithmicx

Document Style algorithmicx 1.2 - a greatly improved `algorithmic' style
\c@ALG@line=\count315
\c@ALG@rem=\count316
\c@ALG@nested=\count317
\ALG@tlm=\skip76
\ALG@thistlm=\skip77
\c@ALG@Lnr=\count318
\c@ALG@blocknr=\count319
\c@ALG@storecount=\count320
\c@ALG@tmpcounter=\count321
\ALG@tmplength=\skip78
) (/usr/local/texlive/2020/texmf-dist/tex/latex/algorithmicx/algpseudocode.sty
Package: algpseudocode 

Document Style - pseudocode environments for use with the `algorithmicx' style
)
No file main.aux.
\openout1 = `main.aux'.

LaTeX Font Info:    Checking defaults for OML/cmm/m/it on input line 95.
LaTeX Font Info:    ... okay on input line 95.
LaTeX Font Info:    Checking defaults for OMS/cmsy/m/n on input line 95.
LaTeX Font Info:    ... okay on input line 95.
LaTeX Font Info:    Checking defaults for OT1/cmr/m/n on input line 95.
LaTeX Font Info:    ... okay on input line 95.
LaTeX Font Info:    Checking defaults for T1/cmr/m/n on input line 95.
LaTeX Font Info:    ... okay on input line 95.
LaTeX Font Info:    Checking defaults for TS1/cmr/m/n on input line 95.
LaTeX Font Info:    ... okay on input line 95.
LaTeX Font Info:    Checking defaults for OMX/cmex/m/n on input line 95.
LaTeX Font Info:    ... okay on input line 95.
LaTeX Font Info:    Checking defaults for U/cmr/m/n on input line 95.
LaTeX Font Info:    ... okay on input line 95.
LaTeX Font Info:    Checking defaults for PD1/pdf/m/n on input line 95.
LaTeX Font Info:    ... okay on input line 95.
*geometry* driver: auto-detecting
*geometry* detected driver: pdftex
*geometry* verbose mode - [ preamble ] result:
* driver: pdftex
* paper: a4paper
* layout: <same size as paper>
* layoutoffset:(h,v)=(0.0pt,0.0pt)
* modes: 
* h-part:(L,W,R)=(72.26999pt, 452.9679pt, 72.26999pt)
* v-part:(T,H,B)=(72.26999pt, 700.50687pt, 72.26999pt)
* \paperwidth=597.50787pt
* \paperheight=845.04684pt
* \textwidth=452.9679pt
* \textheight=700.50687pt
* \oddsidemargin=0.0pt
* \evensidemargin=0.0pt
* \topmargin=-37.0pt
* \headheight=12.0pt
* \headsep=25.0pt
* \topskip=11.0pt
* \footskip=30.0pt
* \marginparwidth=50.0pt
* \marginparsep=10.0pt
* \columnsep=10.0pt
* \skip\footins=10.0pt plus 4.0pt minus 2.0pt
* \hoffset=0.0pt
* \voffset=0.0pt
* \mag=1000
* \@twocolumnfalse
* \@twosidefalse
* \@mparswitchfalse
* \@reversemarginfalse
* (1in=72.27pt=25.4mm, 1cm=28.453pt)


(/usr/local/texlive/2020/texmf-dist/tex/latex/translator/translator-basic-dicti
onary-English.dict
Dictionary: translator-basic-dictionary, Language: English 
)
(/usr/local/texlive/2020/texmf-dist/tex/latex/siunitx/siunitx-abbreviations.cfg
File: siunitx-abbreviations.cfg 2017/11/26 v2.7k siunitx: Abbreviated units
) (/usr/local/texlive/2020/texmf-dist/tex/context/base/mkii/supp-pdf.mkii
[Loading MPS to PDF converter (version 2006.09.02).]
\scratchcounter=\count322
\scratchdimen=\dimen263
\scratchbox=\box62
\nofMPsegments=\count323
\nofMParguments=\count324
\everyMPshowfont=\toks29
\MPscratchCnt=\count325
\MPscratchDim=\dimen264
\MPnumerator=\count326
\makeMPintoPDFobject=\count327
\everyMPtoPDFconversion=\toks30
) (/usr/local/texlive/2020/texmf-dist/tex/latex/epstopdf-pkg/epstopdf-base.sty
Package: epstopdf-base 2020-01-24 v2.11 Base part for package epstopdf
Package epstopdf-base Info: Redefining graphics rule for `.eps' on input line 4
85.

(/usr/local/texlive/2020/texmf-dist/tex/latex/latexconfig/epstopdf-sys.cfg
File: epstopdf-sys.cfg 2010/07/13 v1.3 Configuration of (r)epstopdf for TeX Liv
e
))
\c@lstlisting=\count328
\AtBeginShipoutBox=\box63
Package hyperref Info: Link coloring OFF on input line 95.

(/usr/local/texlive/2020/texmf-dist/tex/latex/hyperref/nameref.sty
Package: nameref 2019/09/16 v2.46 Cross-referencing by name of section

(/usr/local/texlive/2020/texmf-dist/tex/latex/refcount/refcount.sty
Package: refcount 2019/12/15 v3.6 Data extraction from label references (HO)
)
(/usr/local/texlive/2020/texmf-dist/tex/generic/gettitlestring/gettitlestring.s
ty
Package: gettitlestring 2019/12/15 v1.6 Cleanup title references (HO)
)
\c@section@level=\count329
)
LaTeX Info: Redefining \ref on input line 95.
LaTeX Info: Redefining \pageref on input line 95.
LaTeX Info: Redefining \nameref on input line 95.
\@outlinefile=\write3
\openout3 = `main.out'.

Package lastpage Info: Please have a look at the pageslts package at
(lastpage)             https://www.ctan.org/pkg/pageslts
(lastpage)             ! on input line 95.
Package caption Info: Begin \AtBeginDocument code.
Package caption Info: float package is loaded.
Package caption Info: End \AtBeginDocument code.
LaTeX Font Info:    Trying to load font information for U+msa on input line 95.

 (/usr/local/texlive/2020/texmf-dist/tex/latex/amsfonts/umsa.fd
File: umsa.fd 2013/01/14 v3.01 AMS symbols A
)
LaTeX Font Info:    Trying to load font information for U+msb on input line 95.


(/usr/local/texlive/2020/texmf-dist/tex/latex/amsfonts/umsb.fd
File: umsb.fd 2013/01/14 v3.01 AMS symbols B
)
LaTeX Font Info:    Trying to load font information for T1+cmtt on input line 1
01.

(/usr/local/texlive/2020/texmf-dist/tex/latex/base/t1cmtt.fd
File: t1cmtt.fd 2019/12/16 v2.5j Standard LaTeX font definitions
)
\tf@toc=\write4
\openout4 = `main.toc'.

 [1

{/usr/local/texlive/2020/texmf-var/fonts/map/pdftex/updmap/pdftex.map}]

LaTeX Warning: Reference `sec:theory' on page 2 undefined on input line 147.


LaTeX Warning: Reference `sec:methods' on page 2 undefined on input line 149.


Package Fancyhdr Warning: \headheight is too small (12.0pt): 
Make it at least 13.59999pt.
We now make it that large for the rest of the document.
This may cause the page layout to be inconsistent, however.


LaTeX Warning: Reference `LastPage' on page 2 undefined on input line 150.

[2]

LaTeX Warning: Reference `sec:usage' on page 3 undefined on input line 151.


LaTeX Warning: Reference `sec:examples' on page 3 undefined on input line 153.


LaTeX Warning: Reference `LastPage' on page 3 undefined on input line 158.

[3] (./sections/01_theory.tex

LaTeX Warning: Reference `eq:superradiance_condition' on page 4 undefined on in
put line 18.


LaTeX Warning: Reference `LastPage' on page 4 undefined on input line 60.

[4]

LaTeX Warning: Reference `LastPage' on page 5 undefined on input line 120.

[5]

LaTeX Warning: Reference `LastPage' on page 6 undefined on input line 176.

[6]) (./sections/02_methods.tex

LaTeX Warning: Reference `LastPage' on page 7 undefined on input line 10.

[7]

LaTeX Warning: Reference `eq:teukolsky_radial' on page 8 undefined on input lin
e 13.


Package natbib Warning: Citation `Berti2009' on page 8 undefined on input line 
23.


Package natbib Warning: Citation `Yang2013' on page 8 undefined on input line 2
3.


LaTeX Warning: Reference `LastPage' on page 8 undefined on input line 62.

[8]

LaTeX Warning: Reference `alg:heun_solver' on page 9 undefined on input line 65
.

Package hyperref Info: bookmark level for unknown algorithm defaults to 0 on in
put line 68.

LaTeX Warning: Reference `LastPage' on page 9 undefined on input line 124.

[9] (/usr/local/texlive/2020/texmf-dist/tex/latex/listings/lstlang1.sty
File: lstlang1.sty 2020/03/24 1.8d listings language file
)

./sections/02_methods.tex:159: Package inputenc Error: Keyboard character used 
is undefined
(inputenc)                in inputencoding `utf-8'.

See the inputenc package documentation for explanation.
Type  H <return>  for immediate help.
 ...                                              
                                                  
l.159     [[rate_n1l1m1(a1,α1)
                               , rate_n1l1m1(a1,α2), ...],
? s
OK, entering \scrollmode...

./sections/02_methods.tex:159: Package inputenc Error: Keyboard character used 
is undefined
(inputenc)                in inputencoding `utf-8'.

See the inputenc package documentation for explanation.
Type  H <return>  for immediate help.
 ...                                              
                                                  
l.159     [[rate_n1l1m1(a1,α1)
                               , rate_n1l1m1(a1,α2), ...],
You need to provide a definition with \DeclareInputText 
or \DeclareInputMath before using this key.


./sections/02_methods.tex:159: Package inputenc Error: Keyboard character used 
is undefined
(inputenc)                in inputencoding `utf-8'.

See the inputenc package documentation for explanation.
Type  H <return>  for immediate help.
 ...                                              
                                                  
l.159 ...[rate_n1l1m1(a1,α1), rate_n1l1m1(a1,α2)
                                                  , ...],
You need to provide a definition with \DeclareInputText 
or \DeclareInputMath before using this key.


./sections/02_methods.tex:159: Package inputenc Error: Keyboard character used 
is undefined
(inputenc)                in inputencoding `utf-8'.

See the inputenc package documentation for explanation.
Type  H <return>  for immediate help.
 ...                                              
                                                  
l.159 ...[rate_n1l1m1(a1,α1), rate_n1l1m1(a1,α2)
                                                  , ...],
You need to provide a definition with \DeclareInputText 
or \DeclareInputMath before using this key.


./sections/02_methods.tex:160: Package inputenc Error: Keyboard character used 
is undefined
(inputenc)                in inputencoding `utf-8'.

See the inputenc package documentation for explanation.
Type  H <return>  for immediate help.
 ...                                              
                                                  
l.160      [rate_n1l1m1(a2,α1)
                               , rate_n1l1m1(a2,α2), ...]],
You need to provide a definition with \DeclareInputText 
or \DeclareInputMath before using this key.


./sections/02_methods.tex:160: Package inputenc Error: Keyboard character used 
is undefined
(inputenc)                in inputencoding `utf-8'.

See the inputenc package documentation for explanation.
Type  H <return>  for immediate help.
 ...                                              
                                                  
l.160      [rate_n1l1m1(a2,α1)
                               , rate_n1l1m1(a2,α2), ...]],
You need to provide a definition with \DeclareInputText 
or \DeclareInputMath before using this key.


./sections/02_methods.tex:160: Package inputenc Error: Keyboard character used 
is undefined
(inputenc)                in inputencoding `utf-8'.

See the inputenc package documentation for explanation.
Type  H <return>  for immediate help.
 ...                                              
                                                  
l.160 ...[rate_n1l1m1(a2,α1), rate_n1l1m1(a2,α2)
                                                  , ...]],
You need to provide a definition with \DeclareInputText 
or \DeclareInputMath before using this key.


./sections/02_methods.tex:160: Package inputenc Error: Keyboard character used 
is undefined
(inputenc)                in inputencoding `utf-8'.

See the inputenc package documentation for explanation.
Type  H <return>  for immediate help.
 ...                                              
                                                  
l.160 ...[rate_n1l1m1(a2,α1), rate_n1l1m1(a2,α2)
                                                  , ...]],
You need to provide a definition with \DeclareInputText 
or \DeclareInputMath before using this key.


LaTeX Warning: Reference `eq:ode_system' on page 10 undefined on input line 171
.


LaTeX Warning: Reference `LastPage' on page 10 undefined on input line 186.

[10]

LaTeX Warning: Reference `alg:evolution' on page 11 undefined on input line 222
.


LaTeX Warning: Reference `LastPage' on page 11 undefined on input line 254.

[11]

LaTeX Warning: Reference `LastPage' on page 12 undefined on input line 322.

[12]) (./sections/03_usage.tex

LaTeX Warning: Reference `LastPage' on page 13 undefined on input line 21.

[13]
LaTeX Font Info:    Font shape `T1/cmtt/bx/n' in size <10> not available
(Font)              Font shape `T1/cmtt/m/n' tried instead on input line 30.
LaTeX Font Info:    Font shape `T1/cmtt/bx/n' in size <10.95> not available
(Font)              Font shape `T1/cmtt/m/n' tried instead on input line 50.


./sections/03_usage.tex:55: Package inputenc Error: Keyboard character used is 
undefined
(inputenc)                in inputencoding `utf-8'.

See the inputenc package documentation for explanation.
Type  H <return>  for immediate help.
 ...                                              
                                                  
l.55 ...loat64,          # Black hole mass [M_⊙]
                                                  
You need to provide a definition with \DeclareInputText 
or \DeclareInputMath before using this key.


./sections/03_usage.tex:55: Package inputenc Error: Keyboard character used is 
undefined
(inputenc)                in inputencoding `utf-8'.

See the inputenc package documentation for explanation.
Type  H <return>  for immediate help.
 ...                                              
                                                  
l.55 ...loat64,          # Black hole mass [M_⊙]
                                                  
You need to provide a definition with \DeclareInputText 
or \DeclareInputMath before using this key.


./sections/03_usage.tex:55: Package inputenc Error: Keyboard character used is 
undefined
(inputenc)                in inputencoding `utf-8'.

See the inputenc package documentation for explanation.
Type  H <return>  for immediate help.
 ...                                              
                                                  
l.55 ...loat64,          # Black hole mass [M_⊙]
                                                  
You need to provide a definition with \DeclareInputText 
or \DeclareInputMath before using this key.


LaTeX Warning: Reference `LastPage' on page 14 undefined on input line 86.

[14]

./sections/03_usage.tex:88: Package inputenc Error: Keyboard character used is 
undefined
(inputenc)                in inputencoding `utf-8'.

See the inputenc package documentation for explanation.
Type  H <return>  for immediate help.
 ...                                              
                                                  
l.88     M_BH = 5.0,           # 5 M_⊙
                                        
You need to provide a definition with \DeclareInputText 
or \DeclareInputMath before using this key.


./sections/03_usage.tex:88: Package inputenc Error: Keyboard character used is 
undefined
(inputenc)                in inputencoding `utf-8'.

See the inputenc package documentation for explanation.
Type  H <return>  for immediate help.
 ...                                              
                                                  
l.88     M_BH = 5.0,           # 5 M_⊙
                                        
You need to provide a definition with \DeclareInputText 
or \DeclareInputMath before using this key.


./sections/03_usage.tex:88: Package inputenc Error: Keyboard character used is 
undefined
(inputenc)                in inputencoding `utf-8'.

See the inputenc package documentation for explanation.
Type  H <return>  for immediate help.
 ...                                              
                                                  
l.88     M_BH = 5.0,           # 5 M_⊙
                                        
You need to provide a definition with \DeclareInputText 
or \DeclareInputMath before using this key.


./sections/03_usage.tex:104: Package inputenc Error: Keyboard character used is
 undefined
(inputenc)                in inputencoding `utf-8'.

See the inputenc package documentation for explanation.
Type  H <return>  for immediate help.
 ...                                              
                                                  
l.104 ...oat64,        # Dimensionless coupling α
                                                  
You need to provide a definition with \DeclareInputText 
or \DeclareInputMath before using this key.


./sections/03_usage.tex:104: Package inputenc Error: Keyboard character used is
 undefined
(inputenc)                in inputencoding `utf-8'.

See the inputenc package documentation for explanation.
Type  H <return>  for immediate help.
 ...                                              
                                                  
l.104 ...oat64,        # Dimensionless coupling α
                                                  
You need to provide a definition with \DeclareInputText 
or \DeclareInputMath before using this key.


./sections/03_usage.tex:105: Package inputenc Error: Keyboard character used is
 undefined
(inputenc)                in inputencoding `utf-8'.

See the inputenc package documentation for explanation.
Type  H <return>  for immediate help.
 ...                                              
                                                  
l.105 ...::Float64,      # Black hole mass [M_⊙]
                                                  
You need to provide a definition with \DeclareInputText 
or \DeclareInputMath before using this key.


./sections/03_usage.tex:105: Package inputenc Error: Keyboard character used is
 undefined
(inputenc)                in inputencoding `utf-8'.

See the inputenc package documentation for explanation.
Type  H <return>  for immediate help.
 ...                                              
                                                  
l.105 ...::Float64,      # Black hole mass [M_⊙]
                                                  
You need to provide a definition with \DeclareInputText 
or \DeclareInputMath before using this key.


./sections/03_usage.tex:105: Package inputenc Error: Keyboard character used is
 undefined
(inputenc)                in inputencoding `utf-8'.

See the inputenc package documentation for explanation.
Type  H <return>  for immediate help.
 ...                                              
                                                  
l.105 ...::Float64,      # Black hole mass [M_⊙]
                                                  
You need to provide a definition with \DeclareInputText 
or \DeclareInputMath before using this key.


./sections/03_usage.tex:122: Package inputenc Error: Keyboard character used is
 undefined
(inputenc)                in inputencoding `utf-8'.

See the inputenc package documentation for explanation.
Type  H <return>  for immediate help.
 ...                                              
                                                  
l.122 ...,1) eigenfrequency for Cygnus X-1 at α=0
                                                  .1
You need to provide a definition with \DeclareInputText 
or \DeclareInputMath before using this key.


./sections/03_usage.tex:122: Package inputenc Error: Keyboard character used is
 undefined
(inputenc)                in inputencoding `utf-8'.

See the inputenc package documentation for explanation.
Type  H <return>  for immediate help.
 ...                                              
                                                  
l.122 ...,1) eigenfrequency for Cygnus X-1 at α=0
                                                  .1
You need to provide a definition with \DeclareInputText 
or \DeclareInputMath before using this key.


./sections/03_usage.tex:124: Package inputenc Error: Keyboard character used is
 undefined
(inputenc)                in inputencoding `utf-8'.

See the inputenc package documentation for explanation.
Type  H <return>  for immediate help.
 ...                                              
                                                  
l.124 println("ω_R 
                    = $(real(omega)), ω_I = $(imag(omega))")
You need to provide a definition with \DeclareInputText 
or \DeclareInputMath before using this key.


./sections/03_usage.tex:124: Package inputenc Error: Keyboard character used is
 undefined
(inputenc)                in inputencoding `utf-8'.

See the inputenc package documentation for explanation.
Type  H <return>  for immediate help.
 ...                                              
                                                  
l.124 println("ω_R 
                    = $(real(omega)), ω_I = $(imag(omega))")
You need to provide a definition with \DeclareInputText 
or \DeclareInputMath before using this key.


./sections/03_usage.tex:124: Package inputenc Error: Keyboard character used is
 undefined
(inputenc)                in inputencoding `utf-8'.

See the inputenc package documentation for explanation.
Type  H <return>  for immediate help.
 ...                                              
                                                  
l.124 println("ω_R = $(real(omega)), ω_I 
                                           = $(imag(omega))")
You need to provide a definition with \DeclareInputText 
or \DeclareInputMath before using this key.


./sections/03_usage.tex:124: Package inputenc Error: Keyboard character used is
 undefined
(inputenc)                in inputencoding `utf-8'.

See the inputenc package documentation for explanation.
Type  H <return>  for immediate help.
 ...                                              
                                                  
l.124 println("ω_R = $(real(omega)), ω_I 
                                           = $(imag(omega))")
You need to provide a definition with \DeclareInputText 
or \DeclareInputMath before using this key.


./sections/03_usage.tex:125: Package inputenc Error: Keyboard character used is
 undefined
(inputenc)                in inputencoding `utf-8'.

See the inputenc package documentation for explanation.
Type  H <return>  for immediate help.
 ...                                              
                                                  
l.125 # Output: ω_R 
                     = 0.0243, ω_I = 0.0015
You need to provide a definition with \DeclareInputText 
or \DeclareInputMath before using this key.


./sections/03_usage.tex:125: Package inputenc Error: Keyboard character used is
 undefined
(inputenc)                in inputencoding `utf-8'.

See the inputenc package documentation for explanation.
Type  H <return>  for immediate help.
 ...                                              
                                                  
l.125 # Output: ω_R 
                     = 0.0243, ω_I = 0.0015
You need to provide a definition with \DeclareInputText 
or \DeclareInputMath before using this key.


./sections/03_usage.tex:125: Package inputenc Error: Keyboard character used is
 undefined
(inputenc)                in inputencoding `utf-8'.

See the inputenc package documentation for explanation.
Type  H <return>  for immediate help.
 ...                                              
                                                  
l.125 # Output: ω_R = 0.0243, ω_I 
                                    = 0.0015
You need to provide a definition with \DeclareInputText 
or \DeclareInputMath before using this key.


./sections/03_usage.tex:125: Package inputenc Error: Keyboard character used is
 undefined
(inputenc)                in inputencoding `utf-8'.

See the inputenc package documentation for explanation.
Type  H <return>  for immediate help.
 ...                                              
                                                  
l.125 # Output: ω_R = 0.0243, ω_I 
                                    = 0.0015
You need to provide a definition with \DeclareInputText 
or \DeclareInputMath before using this key.


LaTeX Warning: Reference `LastPage' on page 15 undefined on input line 151.

[15]

./sections/03_usage.tex:202: Package inputenc Error: Keyboard character used is
 undefined
(inputenc)                in inputencoding `utf-8'.

See the inputenc package documentation for explanation.
Type  H <return>  for immediate help.
 ...                                              
                                                  
l.202 M_obs, a_obs, σ_a 
                         = 10.0, 0.85, 0.1
You need to provide a definition with \DeclareInputText 
or \DeclareInputMath before using this key.


./sections/03_usage.tex:202: Package inputenc Error: Keyboard character used is
 undefined
(inputenc)                in inputencoding `utf-8'.

See the inputenc package documentation for explanation.
Type  H <return>  for immediate help.
 ...                                              
                                                  
l.202 M_obs, a_obs, σ_a 
                         = 10.0, 0.85, 0.1
You need to provide a definition with \DeclareInputText 
or \DeclareInputMath before using this key.


LaTeX Warning: Reference `LastPage' on page 16 undefined on input line 213.

[16]

./sections/03_usage.tex:215: Package inputenc Error: Keyboard character used is
 undefined
(inputenc)                in inputencoding `utf-8'.

See the inputenc package documentation for explanation.
Type  H <return>  for immediate help.
 ...                                              
                                                  
l.215 ...ctions[i, j] = (a_pred - a_obs)^2 / σ_a^
                                                  2
You need to provide a definition with \DeclareInputText 
or \DeclareInputMath before using this key.


./sections/03_usage.tex:215: Package inputenc Error: Keyboard character used is
 undefined
(inputenc)                in inputencoding `utf-8'.

See the inputenc package documentation for explanation.
Type  H <return>  for immediate help.
 ...                                              
                                                  
l.215 ...ctions[i, j] = (a_pred - a_obs)^2 / σ_a^
                                                  2
You need to provide a definition with \DeclareInputText 
or \DeclareInputMath before using this key.


./sections/03_usage.tex:219: Package inputenc Error: Keyboard character used is
 undefined
(inputenc)                in inputencoding `utf-8'.

See the inputenc package documentation for explanation.
Type  H <return>  for immediate help.
 ...                                              
                                                  
l.219 # Plot χ² 
                  map
You need to provide a definition with \DeclareInputText 
or \DeclareInputMath before using this key.


./sections/03_usage.tex:219: Package inputenc Error: Keyboard character used is
 undefined
(inputenc)                in inputencoding `utf-8'.

See the inputenc package documentation for explanation.
Type  H <return>  for immediate help.
 ...                                              
                                                  
l.219 # Plot χ² 
                  map
You need to provide a definition with \DeclareInputText 
or \DeclareInputMath before using this key.


./sections/03_usage.tex:219: Package inputenc Error: Keyboard character used is
 undefined
(inputenc)                in inputencoding `utf-8'.

See the inputenc package documentation for explanation.
Type  H <return>  for immediate help.
 ...                                              
                                                  
l.219 # Plot χ² 
                  map
You need to provide a definition with \DeclareInputText 
or \DeclareInputMath before using this key.


./sections/03_usage.tex:219: Package inputenc Error: Keyboard character used is
 undefined
(inputenc)                in inputencoding `utf-8'.

See the inputenc package documentation for explanation.
Type  H <return>  for immediate help.
 ...                                              
                                                  
l.219 # Plot χ² 
                  map
You need to provide a definition with \DeclareInputText 
or \DeclareInputMath before using this key.


./sections/03_usage.tex:221: Package inputenc Error: Keyboard character used is
 undefined
(inputenc)                in inputencoding `utf-8'.

See the inputenc package documentation for explanation.
Type  H <return>  for immediate help.
 ...                                              
                                                  
l.221         xlabel="log₁₀(
                                f_a/GeV)", ylabel="log₁₀(m_a/eV)",
You need to provide a definition with \DeclareInputText 
or \DeclareInputMath before using this key.


./sections/03_usage.tex:221: Package inputenc Error: Keyboard character used is
 undefined
(inputenc)                in inputencoding `utf-8'.

See the inputenc package documentation for explanation.
Type  H <return>  for immediate help.
 ...                                              
                                                  
l.221         xlabel="log₁₀(
                                f_a/GeV)", ylabel="log₁₀(m_a/eV)",
You need to provide a definition with \DeclareInputText 
or \DeclareInputMath before using this key.


./sections/03_usage.tex:221: Package inputenc Error: Keyboard character used is
 undefined
(inputenc)                in inputencoding `utf-8'.

See the inputenc package documentation for explanation.
Type  H <return>  for immediate help.
 ...                                              
                                                  
l.221         xlabel="log₁₀(
                                f_a/GeV)", ylabel="log₁₀(m_a/eV)",
You need to provide a definition with \DeclareInputText 
or \DeclareInputMath before using this key.


./sections/03_usage.tex:221: Package inputenc Error: Keyboard character used is
 undefined
(inputenc)                in inputencoding `utf-8'.

See the inputenc package documentation for explanation.
Type  H <return>  for immediate help.
 ...                                              
                                                  
l.221         xlabel="log₁₀(
                                f_a/GeV)", ylabel="log₁₀(m_a/eV)",
You need to provide a definition with \DeclareInputText 
or \DeclareInputMath before using this key.


./sections/03_usage.tex:221: Package inputenc Error: Keyboard character used is
 undefined
(inputenc)                in inputencoding `utf-8'.

See the inputenc package documentation for explanation.
Type  H <return>  for immediate help.
 ...                                              
                                                  
l.221         xlabel="log₁₀(
                                f_a/GeV)", ylabel="log₁₀(m_a/eV)",
You need to provide a definition with \DeclareInputText 
or \DeclareInputMath before using this key.


./sections/03_usage.tex:221: Package inputenc Error: Keyboard character used is
 undefined
(inputenc)                in inputencoding `utf-8'.

See the inputenc package documentation for explanation.
Type  H <return>  for immediate help.
 ...                                              
                                                  
l.221         xlabel="log₁₀(
                                f_a/GeV)", ylabel="log₁₀(m_a/eV)",
You need to provide a definition with \DeclareInputText 
or \DeclareInputMath before using this key.


./sections/03_usage.tex:221: Package inputenc Error: Keyboard character used is
 undefined
(inputenc)                in inputencoding `utf-8'.

See the inputenc package documentation for explanation.
Type  H <return>  for immediate help.
 ...                                              
                                                  
l.221 ...="log₁₀(f_a/GeV)", ylabel="log₁₀(
                                                  m_a/eV)",
You need to provide a definition with \DeclareInputText 
or \DeclareInputMath before using this key.


./sections/03_usage.tex:221: Package inputenc Error: Keyboard character used is
 undefined
(inputenc)                in inputencoding `utf-8'.

See the inputenc package documentation for explanation.
Type  H <return>  for immediate help.
 ...                                              
                                                  
l.221 ...="log₁₀(f_a/GeV)", ylabel="log₁₀(
                                                  m_a/eV)",
You need to provide a definition with \DeclareInputText 
or \DeclareInputMath before using this key.


./sections/03_usage.tex:221: Package inputenc Error: Keyboard character used is
 undefined
(inputenc)                in inputencoding `utf-8'.

See the inputenc package documentation for explanation.
Type  H <return>  for immediate help.
 ...                                              
                                                  
l.221 ...="log₁₀(f_a/GeV)", ylabel="log₁₀(
                                                  m_a/eV)",
You need to provide a definition with \DeclareInputText 
or \DeclareInputMath before using this key.


./sections/03_usage.tex:221: Package inputenc Error: Keyboard character used is
 undefined
(inputenc)                in inputencoding `utf-8'.

See the inputenc package documentation for explanation.
Type  H <return>  for immediate help.
 ...                                              
                                                  
l.221 ...="log₁₀(f_a/GeV)", ylabel="log₁₀(
                                                  m_a/eV)",
You need to provide a definition with \DeclareInputText 
or \DeclareInputMath before using this key.


./sections/03_usage.tex:221: Package inputenc Error: Keyboard character used is
 undefined
(inputenc)                in inputencoding `utf-8'.

See the inputenc package documentation for explanation.
Type  H <return>  for immediate help.
 ...                                              
                                                  
l.221 ...="log₁₀(f_a/GeV)", ylabel="log₁₀(
                                                  m_a/eV)",
You need to provide a definition with \DeclareInputText 
or \DeclareInputMath before using this key.


./sections/03_usage.tex:221: Package inputenc Error: Keyboard character used is
 undefined
(inputenc)                in inputencoding `utf-8'.

See the inputenc package documentation for explanation.
Type  H <return>  for immediate help.
 ...                                              
                                                  
l.221 ...="log₁₀(f_a/GeV)", ylabel="log₁₀(
                                                  m_a/eV)",
You need to provide a definition with \DeclareInputText 
or \DeclareInputMath before using this key.


./sections/03_usage.tex:222: Package inputenc Error: Keyboard character used is
 undefined
(inputenc)                in inputencoding `utf-8'.

See the inputenc package documentation for explanation.
Type  H <return>  for immediate help.
 ...                                              
                                                  
l.222         title="χ² 
                          for black hole observation")
You need to provide a definition with \DeclareInputText 
or \DeclareInputMath before using this key.


./sections/03_usage.tex:222: Package inputenc Error: Keyboard character used is
 undefined
(inputenc)                in inputencoding `utf-8'.

See the inputenc package documentation for explanation.
Type  H <return>  for immediate help.
 ...                                              
                                                  
l.222         title="χ² 
                          for black hole observation")
You need to provide a definition with \DeclareInputText 
or \DeclareInputMath before using this key.


./sections/03_usage.tex:222: Package inputenc Error: Keyboard character used is
 undefined
(inputenc)                in inputencoding `utf-8'.

See the inputenc package documentation for explanation.
Type  H <return>  for immediate help.
 ...                                              
                                                  
l.222         title="χ² 
                          for black hole observation")
You need to provide a definition with \DeclareInputText 
or \DeclareInputMath before using this key.


./sections/03_usage.tex:222: Package inputenc Error: Keyboard character used is
 undefined
(inputenc)                in inputencoding `utf-8'.

See the inputenc package documentation for explanation.
Type  H <return>  for immediate help.
 ...                                              
                                                  
l.222         title="χ² 
                          for black hole observation")
You need to provide a definition with \DeclareInputText 
or \DeclareInputMath before using this key.


./sections/03_usage.tex:235: Package inputenc Error: Keyboard character used is
 undefined
(inputenc)                in inputencoding `utf-8'.

See the inputenc package documentation for explanation.
Type  H <return>  for immediate help.
 ...                                              
                                                  
l.235 ...(name="Cygnus X-1", M=5.0, a=0.95, σ_a=0
                                                  .1, age=1e9),
You need to provide a definition with \DeclareInputText 
or \DeclareInputMath before using this key.


./sections/03_usage.tex:235: Package inputenc Error: Keyboard character used is
 undefined
(inputenc)                in inputencoding `utf-8'.

See the inputenc package documentation for explanation.
Type  H <return>  for immediate help.
 ...                                              
                                                  
l.235 ...(name="Cygnus X-1", M=5.0, a=0.95, σ_a=0
                                                  .1, age=1e9),
You need to provide a definition with \DeclareInputText 
or \DeclareInputMath before using this key.


./sections/03_usage.tex:236: Package inputenc Error: Keyboard character used is
 undefined
(inputenc)                in inputencoding `utf-8'.

See the inputenc package documentation for explanation.
Type  H <return>  for immediate help.
 ...                                              
                                                  
l.236     (name="GRS 1915", M=12.0, a=0.98, σ_a=0
                                                  .05, age=3e9),
You need to provide a definition with \DeclareInputText 
or \DeclareInputMath before using this key.


./sections/03_usage.tex:236: Package inputenc Error: Keyboard character used is
 undefined
(inputenc)                in inputencoding `utf-8'.

See the inputenc package documentation for explanation.
Type  H <return>  for immediate help.
 ...                                              
                                                  
l.236     (name="GRS 1915", M=12.0, a=0.98, σ_a=0
                                                  .05, age=3e9),
You need to provide a definition with \DeclareInputText 
or \DeclareInputMath before using this key.


./sections/03_usage.tex:237: Package inputenc Error: Keyboard character used is
 undefined
(inputenc)                in inputencoding `utf-8'.

See the inputenc package documentation for explanation.
Type  H <return>  for immediate help.
 ...                                              
                                                  
l.237     (name="M33 X-7", M=15.0, a=0.8, σ_a=0
                                                .2, age=5e9)
You need to provide a definition with \DeclareInputText 
or \DeclareInputMath before using this key.


./sections/03_usage.tex:237: Package inputenc Error: Keyboard character used is
 undefined
(inputenc)                in inputencoding `utf-8'.

See the inputenc package documentation for explanation.
Type  H <return>  for immediate help.
 ...                                              
                                                  
l.237     (name="M33 X-7", M=15.0, a=0.8, σ_a=0
                                                .2, age=5e9)
You need to provide a definition with \DeclareInputText 
or \DeclareInputMath before using this key.


./sections/03_usage.tex:252: Package inputenc Error: Keyboard character used is
 undefined
(inputenc)                in inputencoding `utf-8'.

See the inputenc package documentation for explanation.
Type  H <return>  for immediate help.
 ...                                              
                                                  
l.252 ... ll += -0.5 * ((bh.a - a_pred) / bh.σ_a)
                                                  ^2
You need to provide a definition with \DeclareInputText 
or \DeclareInputMath before using this key.


./sections/03_usage.tex:252: Package inputenc Error: Keyboard character used is
 undefined
(inputenc)                in inputencoding `utf-8'.

See the inputenc package documentation for explanation.
Type  H <return>  for immediate help.
 ...                                              
                                                  
l.252 ... ll += -0.5 * ((bh.a - a_pred) / bh.σ_a)
                                                  ^2
You need to provide a definition with \DeclareInputText 
or \DeclareInputMath before using this key.


LaTeX Warning: Reference `LastPage' on page 17 undefined on input line 273.

[17]

./sections/03_usage.tex:331: Package inputenc Error: Keyboard character used is
 undefined
(inputenc)                in inputencoding `utf-8'.

See the inputenc package documentation for explanation.
Type  H <return>  for immediate help.
 ...                                              
                                                  
l.331 ├── 
                src/
You need to provide a definition with \DeclareInputText 
or \DeclareInputMath before using this key.


./sections/03_usage.tex:331: Package inputenc Error: Keyboard character used is
 undefined
(inputenc)                in inputencoding `utf-8'.

See the inputenc package documentation for explanation.
Type  H <return>  for immediate help.
 ...                                              
                                                  
l.331 ├── 
                src/
You need to provide a definition with \DeclareInputText 
or \DeclareInputMath before using this key.


./sections/03_usage.tex:331: Package inputenc Error: Keyboard character used is
 undefined
(inputenc)                in inputencoding `utf-8'.

See the inputenc package documentation for explanation.
Type  H <return>  for immediate help.
 ...                                              
                                                  
l.331 ├── 
                src/
You need to provide a definition with \DeclareInputText 
or \DeclareInputMath before using this key.


./sections/03_usage.tex:331: Package inputenc Error: Keyboard character used is
 undefined
(inputenc)                in inputencoding `utf-8'.

See the inputenc package documentation for explanation.
Type  H <return>  for immediate help.
 ...                                              
                                                  
l.331 ├── 
                src/
You need to provide a definition with \DeclareInputText 
or \DeclareInputMath before using this key.


./sections/03_usage.tex:331: Package inputenc Error: Keyboard character used is
 undefined
(inputenc)                in inputencoding `utf-8'.

See the inputenc package documentation for explanation.
Type  H <return>  for immediate help.
 ...                                              
                                                  
l.331 ├── 
                src/
You need to provide a definition with \DeclareInputText 
or \DeclareInputMath before using this key.


./sections/03_usage.tex:331: Package inputenc Error: Keyboard character used is
 undefined
(inputenc)                in inputencoding `utf-8'.

See the inputenc package documentation for explanation.
Type  H <return>  for immediate help.
 ...                                              
                                                  
l.331 ├── 
                src/
You need to provide a definition with \DeclareInputText 
or \DeclareInputMath before using this key.


./sections/03_usage.tex:331: Package inputenc Error: Keyboard character used is
 undefined
(inputenc)                in inputencoding `utf-8'.

See the inputenc package documentation for explanation.
Type  H <return>  for immediate help.
 ...                                              
                                                  
l.331 ├── 
                src/
You need to provide a definition with \DeclareInputText 
or \DeclareInputMath before using this key.


./sections/03_usage.tex:331: Package inputenc Error: Keyboard character used is
 undefined
(inputenc)                in inputencoding `utf-8'.

See the inputenc package documentation for explanation.
Type  H <return>  for immediate help.
 ...                                              
                                                  
l.331 ├── 
                src/
You need to provide a definition with \DeclareInputText 
or \DeclareInputMath before using this key.


./sections/03_usage.tex:331: Package inputenc Error: Keyboard character used is
 undefined
(inputenc)                in inputencoding `utf-8'.

See the inputenc package documentation for explanation.
Type  H <return>  for immediate help.
 ...                                              
                                                  
l.331 ├── 
                src/
You need to provide a definition with \DeclareInputText 
or \DeclareInputMath before using this key.


./sections/03_usage.tex:332: Package inputenc Error: Keyboard character used is
 undefined
(inputenc)                in inputencoding `utf-8'.

See the inputenc package documentation for explanation.
Type  H <return>  for immediate help.
 ...                                              
                                                  
l.332 │ 
            ├── AxionSR.jl           # Main module
You need to provide a definition with \DeclareInputText 
or \DeclareInputMath before using this key.


./sections/03_usage.tex:332: Package inputenc Error: Keyboard character used is
 undefined
(inputenc)                in inputencoding `utf-8'.

See the inputenc package documentation for explanation.
Type  H <return>  for immediate help.
 ...                                              
                                                  
l.332 │ 
            ├── AxionSR.jl           # Main module
You need to provide a definition with \DeclareInputText 
or \DeclareInputMath before using this key.


./sections/03_usage.tex:332: Package inputenc Error: Keyboard character used is
 undefined
(inputenc)                in inputencoding `utf-8'.

See the inputenc package documentation for explanation.
Type  H <return>  for immediate help.
 ...                                              
                                                  
l.332 │ 
            ├── AxionSR.jl           # Main module
You need to provide a definition with \DeclareInputText 
or \DeclareInputMath before using this key.


./sections/03_usage.tex:332: Package inputenc Error: Keyboard character used is
 undefined
(inputenc)                in inputencoding `utf-8'.

See the inputenc package documentation for explanation.
Type  H <return>  for immediate help.
 ...                                              
                                                  
l.332 │   ├── 
                      AxionSR.jl           # Main module
You need to provide a definition with \DeclareInputText 
or \DeclareInputMath before using this key.


./sections/03_usage.tex:332: Package inputenc Error: Keyboard character used is
 undefined
(inputenc)                in inputencoding `utf-8'.

See the inputenc package documentation for explanation.
Type  H <return>  for immediate help.
 ...                                              
                                                  
l.332 │   ├── 
                      AxionSR.jl           # Main module
You need to provide a definition with \DeclareInputText 
or \DeclareInputMath before using this key.


./sections/03_usage.tex:332: Package inputenc Error: Keyboard character used is
 undefined
(inputenc)                in inputencoding `utf-8'.

See the inputenc package documentation for explanation.
Type  H <return>  for immediate help.
 ...                                              
                                                  
l.332 │   ├── 
                      AxionSR.jl           # Main module
You need to provide a definition with \DeclareInputText 
or \DeclareInputMath before using this key.


./sections/03_usage.tex:332: Package inputenc Error: Keyboard character used is
 undefined
(inputenc)                in inputencoding `utf-8'.

See the inputenc package documentation for explanation.
Type  H <return>  for immediate help.
 ...                                              
                                                  
l.332 │   ├── 
                      AxionSR.jl           # Main module
You need to provide a definition with \DeclareInputText 
or \DeclareInputMath before using this key.


./sections/03_usage.tex:332: Package inputenc Error: Keyboard character used is
 undefined
(inputenc)                in inputencoding `utf-8'.

See the inputenc package documentation for explanation.
Type  H <return>  for immediate help.
 ...                                              
                                                  
l.332 │   ├── 
                      AxionSR.jl           # Main module
You need to provide a definition with \DeclareInputText 
or \DeclareInputMath before using this key.


./sections/03_usage.tex:332: Package inputenc Error: Keyboard character used is
 undefined
(inputenc)                in inputencoding `utf-8'.

See the inputenc package documentation for explanation.
Type  H <return>  for immediate help.
 ...                                              
                                                  
l.332 │   ├── 
                      AxionSR.jl           # Main module
You need to provide a definition with \DeclareInputText 
or \DeclareInputMath before using this key.


./sections/03_usage.tex:332: Package inputenc Error: Keyboard character used is
 undefined
(inputenc)                in inputencoding `utf-8'.

See the inputenc package documentation for explanation.
Type  H <return>  for immediate help.
 ...                                              
                                                  
l.332 │   ├── 
                      AxionSR.jl           # Main module
You need to provide a definition with \DeclareInputText 
or \DeclareInputMath before using this key.


./sections/03_usage.tex:332: Package inputenc Error: Keyboard character used is
 undefined
(inputenc)                in inputencoding `utf-8'.

See the inputenc package documentation for explanation.
Type  H <return>  for immediate help.
 ...                                              
                                                  
l.332 │   ├── 
                      AxionSR.jl           # Main module
You need to provide a definition with \DeclareInputText 
or \DeclareInputMath before using this key.


./sections/03_usage.tex:332: Package inputenc Error: Keyboard character used is
 undefined
(inputenc)                in inputencoding `utf-8'.

See the inputenc package documentation for explanation.
Type  H <return>  for immediate help.
 ...                                              
                                                  
l.332 │   ├── 
                      AxionSR.jl           # Main module
You need to provide a definition with \DeclareInputText 
or \DeclareInputMath before using this key.


./sections/03_usage.tex:333: Package inputenc Error: Keyboard character used is
 undefined
(inputenc)                in inputencoding `utf-8'.

See the inputenc package documentation for explanation.
Type  H <return>  for immediate help.
 ...                                              
                                                  
l.333 │ 
            ├── Core/
You need to provide a definition with \DeclareInputText 
or \DeclareInputMath before using this key.


./sections/03_usage.tex:333: Package inputenc Error: Keyboard character used is
 undefined
(inputenc)                in inputencoding `utf-8'.

See the inputenc package documentation for explanation.
Type  H <return>  for immediate help.
 ...                                              
                                                  
l.333 │ 
            ├── Core/
You need to provide a definition with \DeclareInputText 
or \DeclareInputMath before using this key.


./sections/03_usage.tex:333: Package inputenc Error: Keyboard character used is
 undefined
(inputenc)                in inputencoding `utf-8'.

See the inputenc package documentation for explanation.
Type  H <return>  for immediate help.
 ...                                              
                                                  
l.333 │ 
            ├── Core/
You need to provide a definition with \DeclareInputText 
or \DeclareInputMath before using this key.


./sections/03_usage.tex:333: Package inputenc Error: Keyboard character used is
 undefined
(inputenc)                in inputencoding `utf-8'.

See the inputenc package documentation for explanation.
Type  H <return>  for immediate help.
 ...                                              
                                                  
l.333 │   ├── 
                      Core/
You need to provide a definition with \DeclareInputText 
or \DeclareInputMath before using this key.


./sections/03_usage.tex:333: Package inputenc Error: Keyboard character used is
 undefined
(inputenc)                in inputencoding `utf-8'.

See the inputenc package documentation for explanation.
Type  H <return>  for immediate help.
 ...                                              
                                                  
l.333 │   ├── 
                      Core/
You need to provide a definition with \DeclareInputText 
or \DeclareInputMath before using this key.


./sections/03_usage.tex:333: Package inputenc Error: Keyboard character used is
 undefined
(inputenc)                in inputencoding `utf-8'.

See the inputenc package documentation for explanation.
Type  H <return>  for immediate help.
 ...                                              
                                                  
l.333 │   ├── 
                      Core/
You need to provide a definition with \DeclareInputText 
or \DeclareInputMath before using this key.


./sections/03_usage.tex:333: Package inputenc Error: Keyboard character used is
 undefined
(inputenc)                in inputencoding `utf-8'.

See the inputenc package documentation for explanation.
Type  H <return>  for immediate help.
 ...                                              
                                                  
l.333 │   ├── 
                      Core/
You need to provide a definition with \DeclareInputText 
or \DeclareInputMath before using this key.


./sections/03_usage.tex:333: Package inputenc Error: Keyboard character used is
 undefined
(inputenc)                in inputencoding `utf-8'.

See the inputenc package documentation for explanation.
Type  H <return>  for immediate help.
 ...                                              
                                                  
l.333 │   ├── 
                      Core/
You need to provide a definition with \DeclareInputText 
or \DeclareInputMath before using this key.


./sections/03_usage.tex:333: Package inputenc Error: Keyboard character used is
 undefined
(inputenc)                in inputencoding `utf-8'.

See the inputenc package documentation for explanation.
Type  H <return>  for immediate help.
 ...                                              
                                                  
l.333 │   ├── 
                      Core/
You need to provide a definition with \DeclareInputText 
or \DeclareInputMath before using this key.


./sections/03_usage.tex:333: Package inputenc Error: Keyboard character used is
 undefined
(inputenc)                in inputencoding `utf-8'.

See the inputenc package documentation for explanation.
Type  H <return>  for immediate help.
 ...                                              
                                                  
l.333 │   ├── 
                      Core/
You need to provide a definition with \DeclareInputText 
or \DeclareInputMath before using this key.


./sections/03_usage.tex:333: Package inputenc Error: Keyboard character used is
 undefined
(inputenc)                in inputencoding `utf-8'.

See the inputenc package documentation for explanation.
Type  H <return>  for immediate help.
 ...                                              
                                                  
l.333 │   ├── 
                      Core/
You need to provide a definition with \DeclareInputText 
or \DeclareInputMath before using this key.


./sections/03_usage.tex:333: Package inputenc Error: Keyboard character used is
 undefined
(inputenc)                in inputencoding `utf-8'.

See the inputenc package documentation for explanation.
Type  H <return>  for immediate help.
 ...                                              
                                                  
l.333 │   ├── 
                      Core/
You need to provide a definition with \DeclareInputText 
or \DeclareInputMath before using this key.


./sections/03_usage.tex:334: Package inputenc Error: Keyboard character used is
 undefined
(inputenc)                in inputencoding `utf-8'.

See the inputenc package documentation for explanation.
Type  H <return>  for immediate help.
 ...                                              
                                                  
l.334 │ 
            │   ├── constants.jl
You need to provide a definition with \DeclareInputText 
or \DeclareInputMath before using this key.


./sections/03_usage.tex:334: Package inputenc Error: Keyboard character used is
 undefined
(inputenc)                in inputencoding `utf-8'.

See the inputenc package documentation for explanation.
Type  H <return>  for immediate help.
 ...                                              
                                                  
l.334 │ 
            │   ├── constants.jl
You need to provide a definition with \DeclareInputText 
or \DeclareInputMath before using this key.


./sections/03_usage.tex:334: Package inputenc Error: Keyboard character used is
 undefined
(inputenc)                in inputencoding `utf-8'.

See the inputenc package documentation for explanation.
Type  H <return>  for immediate help.
 ...                                              
                                                  
l.334 │ 
            │   ├── constants.jl
You need to provide a definition with \DeclareInputText 
or \DeclareInputMath before using this key.


./sections/03_usage.tex:334: Package inputenc Error: Keyboard character used is
 undefined
(inputenc)                in inputencoding `utf-8'.

See the inputenc package documentation for explanation.
Type  H <return>  for immediate help.
 ...                                              
                                                  
l.334 │   │ 
                  ├── constants.jl
You need to provide a definition with \DeclareInputText 
or \DeclareInputMath before using this key.


./sections/03_usage.tex:334: Package inputenc Error: Keyboard character used is
 undefined
(inputenc)                in inputencoding `utf-8'.

See the inputenc package documentation for explanation.
Type  H <return>  for immediate help.
 ...                                              
                                                  
l.334 │   │ 
                  ├── constants.jl
You need to provide a definition with \DeclareInputText 
or \DeclareInputMath before using this key.


./sections/03_usage.tex:334: Package inputenc Error: Keyboard character used is
 undefined
(inputenc)                in inputencoding `utf-8'.

See the inputenc package documentation for explanation.
Type  H <return>  for immediate help.
 ...                                              
                                                  
l.334 │   │ 
                  ├── constants.jl
You need to provide a definition with \DeclareInputText 
or \DeclareInputMath before using this key.


./sections/03_usage.tex:334: Package inputenc Error: Keyboard character used is
 undefined
(inputenc)                in inputencoding `utf-8'.

See the inputenc package documentation for explanation.
Type  H <return>  for immediate help.
 ...                                              
                                                  
l.334 │   │   ├── 
                            constants.jl
You need to provide a definition with \DeclareInputText 
or \DeclareInputMath before using this key.


./sections/03_usage.tex:334: Package inputenc Error: Keyboard character used is
 undefined
(inputenc)                in inputencoding `utf-8'.

See the inputenc package documentation for explanation.
Type  H <return>  for immediate help.
 ...                                              
                                                  
l.334 │   │   ├── 
                            constants.jl
You need to provide a definition with \DeclareInputText 
or \DeclareInputMath before using this key.


./sections/03_usage.tex:334: Package inputenc Error: Keyboard character used is
 undefined
(inputenc)                in inputencoding `utf-8'.

See the inputenc package documentation for explanation.
Type  H <return>  for immediate help.
 ...                                              
                                                  
l.334 │   │   ├── 
                            constants.jl
You need to provide a definition with \DeclareInputText 
or \DeclareInputMath before using this key.


./sections/03_usage.tex:334: Package inputenc Error: Keyboard character used is
 undefined
(inputenc)                in inputencoding `utf-8'.

See the inputenc package documentation for explanation.
Type  H <return>  for immediate help.
 ...                                              
                                                  
l.334 │   │   ├── 
                            constants.jl
You need to provide a definition with \DeclareInputText 
or \DeclareInputMath before using this key.


./sections/03_usage.tex:334: Package inputenc Error: Keyboard character used is
 undefined
(inputenc)                in inputencoding `utf-8'.

See the inputenc package documentation for explanation.
Type  H <return>  for immediate help.
 ...                                              
                                                  
l.334 │   │   ├── 
                            constants.jl
You need to provide a definition with \DeclareInputText 
or \DeclareInputMath before using this key.


./sections/03_usage.tex:334: Package inputenc Error: Keyboard character used is
 undefined
(inputenc)                in inputencoding `utf-8'.

See the inputenc package documentation for explanation.
Type  H <return>  for immediate help.
 ...                                              
                                                  
l.334 │   │   ├── 
                            constants.jl
You need to provide a definition with \DeclareInputText 
or \DeclareInputMath before using this key.


./sections/03_usage.tex:334: Package inputenc Error: Keyboard character used is
 undefined
(inputenc)                in inputencoding `utf-8'.

See the inputenc package documentation for explanation.
Type  H <return>  for immediate help.
 ...                                              
                                                  
l.334 │   │   ├── 
                            constants.jl
You need to provide a definition with \DeclareInputText 
or \DeclareInputMath before using this key.


./sections/03_usage.tex:334: Package inputenc Error: Keyboard character used is
 undefined
(inputenc)                in inputencoding `utf-8'.

See the inputenc package documentation for explanation.
Type  H <return>  for immediate help.
 ...                                              
                                                  
l.334 │   │   ├── 
                            constants.jl
You need to provide a definition with \DeclareInputText 
or \DeclareInputMath before using this key.


./sections/03_usage.tex:334: Package inputenc Error: Keyboard character used is
 undefined
(inputenc)                in inputencoding `utf-8'.

See the inputenc package documentation for explanation.
Type  H <return>  for immediate help.
 ...                                              
                                                  
l.334 │   │   ├── 
                            constants.jl
You need to provide a definition with \DeclareInputText 
or \DeclareInputMath before using this key.


LaTeX Warning: Reference `LastPage' on page 18 undefined on input line 335.

[18]

./sections/03_usage.tex:335: Package inputenc Error: Keyboard character used is
 undefined
(inputenc)                in inputencoding `utf-8'.

See the inputenc package documentation for explanation.
Type  H <return>  for immediate help.
 ...                                              
                                                  
l.335 │ 
            │   └── evolution_helpers.jl
You need to provide a definition with \DeclareInputText 
or \DeclareInputMath before using this key.


./sections/03_usage.tex:335: Package inputenc Error: Keyboard character used is
 undefined
(inputenc)                in inputencoding `utf-8'.

See the inputenc package documentation for explanation.
Type  H <return>  for immediate help.
 ...                                              
                                                  
l.335 │ 
            │   └── evolution_helpers.jl
You need to provide a definition with \DeclareInputText 
or \DeclareInputMath before using this key.


./sections/03_usage.tex:335: Package inputenc Error: Keyboard character used is
 undefined
(inputenc)                in inputencoding `utf-8'.

See the inputenc package documentation for explanation.
Type  H <return>  for immediate help.
 ...                                              
                                                  
l.335 │ 
            │   └── evolution_helpers.jl
You need to provide a definition with \DeclareInputText 
or \DeclareInputMath before using this key.


./sections/03_usage.tex:335: Package inputenc Error: Keyboard character used is
 undefined
(inputenc)                in inputencoding `utf-8'.

See the inputenc package documentation for explanation.
Type  H <return>  for immediate help.
 ...                                              
                                                  
l.335 │   │ 
                  └── evolution_helpers.jl
You need to provide a definition with \DeclareInputText 
or \DeclareInputMath before using this key.


./sections/03_usage.tex:335: Package inputenc Error: Keyboard character used is
 undefined
(inputenc)                in inputencoding `utf-8'.

See the inputenc package documentation for explanation.
Type  H <return>  for immediate help.
 ...                                              
                                                  
l.335 │   │ 
                  └── evolution_helpers.jl
You need to provide a definition with \DeclareInputText 
or \DeclareInputMath before using this key.


./sections/03_usage.tex:335: Package inputenc Error: Keyboard character used is
 undefined
(inputenc)                in inputencoding `utf-8'.

See the inputenc package documentation for explanation.
Type  H <return>  for immediate help.
 ...                                              
                                                  
l.335 │   │ 
                  └── evolution_helpers.jl
You need to provide a definition with \DeclareInputText 
or \DeclareInputMath before using this key.


./sections/03_usage.tex:335: Package inputenc Error: Keyboard character used is
 undefined
(inputenc)                in inputencoding `utf-8'.

See the inputenc package documentation for explanation.
Type  H <return>  for immediate help.
 ...                                              
                                                  
l.335 │   │   └── 
                            evolution_helpers.jl
You need to provide a definition with \DeclareInputText 
or \DeclareInputMath before using this key.


./sections/03_usage.tex:335: Package inputenc Error: Keyboard character used is
 undefined
(inputenc)                in inputencoding `utf-8'.

See the inputenc package documentation for explanation.
Type  H <return>  for immediate help.
 ...                                              
                                                  
l.335 │   │   └── 
                            evolution_helpers.jl
You need to provide a definition with \DeclareInputText 
or \DeclareInputMath before using this key.


./sections/03_usage.tex:335: Package inputenc Error: Keyboard character used is
 undefined
(inputenc)                in inputencoding `utf-8'.

See the inputenc package documentation for explanation.
Type  H <return>  for immediate help.
 ...                                              
                                                  
l.335 │   │   └── 
                            evolution_helpers.jl
You need to provide a definition with \DeclareInputText 
or \DeclareInputMath before using this key.


./sections/03_usage.tex:335: Package inputenc Error: Keyboard character used is
 undefined
(inputenc)                in inputencoding `utf-8'.

See the inputenc package documentation for explanation.
Type  H <return>  for immediate help.
 ...                                              
                                                  
l.335 │   │   └── 
                            evolution_helpers.jl
You need to provide a definition with \DeclareInputText 
or \DeclareInputMath before using this key.


./sections/03_usage.tex:335: Package inputenc Error: Keyboard character used is
 undefined
(inputenc)                in inputencoding `utf-8'.

See the inputenc package documentation for explanation.
Type  H <return>  for immediate help.
 ...                                              
                                                  
l.335 │   │   └── 
                            evolution_helpers.jl
You need to provide a definition with \DeclareInputText 
or \DeclareInputMath before using this key.


./sections/03_usage.tex:335: Package inputenc Error: Keyboard character used is
 undefined
(inputenc)                in inputencoding `utf-8'.

See the inputenc package documentation for explanation.
Type  H <return>  for immediate help.
 ...                                              
                                                  
l.335 │   │   └── 
                            evolution_helpers.jl
You need to provide a definition with \DeclareInputText 
or \DeclareInputMath before using this key.


./sections/03_usage.tex:335: Package inputenc Error: Keyboard character used is
 undefined
(inputenc)                in inputencoding `utf-8'.

See the inputenc package documentation for explanation.
Type  H <return>  for immediate help.
 ...                                              
                                                  
l.335 │   │   └── 
                            evolution_helpers.jl
You need to provide a definition with \DeclareInputText 
or \DeclareInputMath before using this key.


./sections/03_usage.tex:335: Package inputenc Error: Keyboard character used is
 undefined
(inputenc)                in inputencoding `utf-8'.

See the inputenc package documentation for explanation.
Type  H <return>  for immediate help.
 ...                                              
                                                  
l.335 │   │   └── 
                            evolution_helpers.jl
You need to provide a definition with \DeclareInputText 
or \DeclareInputMath before using this key.


./sections/03_usage.tex:335: Package inputenc Error: Keyboard character used is
 undefined
(inputenc)                in inputencoding `utf-8'.

See the inputenc package documentation for explanation.
Type  H <return>  for immediate help.
 ...                                              
                                                  
l.335 │   │   └── 
                            evolution_helpers.jl
You need to provide a definition with \DeclareInputText 
or \DeclareInputMath before using this key.


./sections/03_usage.tex:336: Package inputenc Error: Keyboard character used is
 undefined
(inputenc)                in inputencoding `utf-8'.

See the inputenc package documentation for explanation.
Type  H <return>  for immediate help.
 ...                                              
                                                  
l.336 │ 
            ├── Numerics/
You need to provide a definition with \DeclareInputText 
or \DeclareInputMath before using this key.


./sections/03_usage.tex:336: Package inputenc Error: Keyboard character used is
 undefined
(inputenc)                in inputencoding `utf-8'.

See the inputenc package documentation for explanation.
Type  H <return>  for immediate help.
 ...                                              
                                                  
l.336 │ 
            ├── Numerics/
You need to provide a definition with \DeclareInputText 
or \DeclareInputMath before using this key.


./sections/03_usage.tex:336: Package inputenc Error: Keyboard character used is
 undefined
(inputenc)                in inputencoding `utf-8'.

See the inputenc package documentation for explanation.
Type  H <return>  for immediate help.
 ...                                              
                                                  
l.336 │ 
            ├── Numerics/
You need to provide a definition with \DeclareInputText 
or \DeclareInputMath before using this key.


./sections/03_usage.tex:336: Package inputenc Error: Keyboard character used is
 undefined
(inputenc)                in inputencoding `utf-8'.

See the inputenc package documentation for explanation.
Type  H <return>  for immediate help.
 ...                                              
                                                  
l.336 │   ├── 
                      Numerics/
You need to provide a definition with \DeclareInputText 
or \DeclareInputMath before using this key.


./sections/03_usage.tex:336: Package inputenc Error: Keyboard character used is
 undefined
(inputenc)                in inputencoding `utf-8'.

See the inputenc package documentation for explanation.
Type  H <return>  for immediate help.
 ...                                              
                                                  
l.336 │   ├── 
                      Numerics/
You need to provide a definition with \DeclareInputText 
or \DeclareInputMath before using this key.


./sections/03_usage.tex:336: Package inputenc Error: Keyboard character used is
 undefined
(inputenc)                in inputencoding `utf-8'.

See the inputenc package documentation for explanation.
Type  H <return>  for immediate help.
 ...                                              
                                                  
l.336 │   ├── 
                      Numerics/
You need to provide a definition with \DeclareInputText 
or \DeclareInputMath before using this key.


./sections/03_usage.tex:336: Package inputenc Error: Keyboard character used is
 undefined
(inputenc)                in inputencoding `utf-8'.

See the inputenc package documentation for explanation.
Type  H <return>  for immediate help.
 ...                                              
                                                  
l.336 │   ├── 
                      Numerics/
You need to provide a definition with \DeclareInputText 
or \DeclareInputMath before using this key.


./sections/03_usage.tex:336: Package inputenc Error: Keyboard character used is
 undefined
(inputenc)                in inputencoding `utf-8'.

See the inputenc package documentation for explanation.
Type  H <return>  for immediate help.
 ...                                              
                                                  
l.336 │   ├── 
                      Numerics/
You need to provide a definition with \DeclareInputText 
or \DeclareInputMath before using this key.


./sections/03_usage.tex:336: Package inputenc Error: Keyboard character used is
 undefined
(inputenc)                in inputencoding `utf-8'.

See the inputenc package documentation for explanation.
Type  H <return>  for immediate help.
 ...                                              
                                                  
l.336 │   ├── 
                      Numerics/
You need to provide a definition with \DeclareInputText 
or \DeclareInputMath before using this key.


./sections/03_usage.tex:336: Package inputenc Error: Keyboard character used is
 undefined
(inputenc)                in inputencoding `utf-8'.

See the inputenc package documentation for explanation.
Type  H <return>  for immediate help.
 ...                                              
                                                  
l.336 │   ├── 
                      Numerics/
You need to provide a definition with \DeclareInputText 
or \DeclareInputMath before using this key.


./sections/03_usage.tex:336: Package inputenc Error: Keyboard character used is
 undefined
(inputenc)                in inputencoding `utf-8'.

See the inputenc package documentation for explanation.
Type  H <return>  for immediate help.
 ...                                              
                                                  
l.336 │   ├── 
                      Numerics/
You need to provide a definition with \DeclareInputText 
or \DeclareInputMath before using this key.


./sections/03_usage.tex:336: Package inputenc Error: Keyboard character used is
 undefined
(inputenc)                in inputencoding `utf-8'.

See the inputenc package documentation for explanation.
Type  H <return>  for immediate help.
 ...                                              
                                                  
l.336 │   ├── 
                      Numerics/
You need to provide a definition with \DeclareInputText 
or \DeclareInputMath before using this key.


./sections/03_usage.tex:337: Package inputenc Error: Keyboard character used is
 undefined
(inputenc)                in inputencoding `utf-8'.

See the inputenc package documentation for explanation.
Type  H <return>  for immediate help.
 ...                                              
                                                  
l.337 │ 
            │   ├── eigenvalue_computation.jl
You need to provide a definition with \DeclareInputText 
or \DeclareInputMath before using this key.


./sections/03_usage.tex:337: Package inputenc Error: Keyboard character used is
 undefined
(inputenc)                in inputencoding `utf-8'.

See the inputenc package documentation for explanation.
Type  H <return>  for immediate help.
 ...                                              
                                                  
l.337 │ 
            │   ├── eigenvalue_computation.jl
You need to provide a definition with \DeclareInputText 
or \DeclareInputMath before using this key.


./sections/03_usage.tex:337: Package inputenc Error: Keyboard character used is
 undefined
(inputenc)                in inputencoding `utf-8'.

See the inputenc package documentation for explanation.
Type  H <return>  for immediate help.
 ...                                              
                                                  
l.337 │ 
            │   ├── eigenvalue_computation.jl
You need to provide a definition with \DeclareInputText 
or \DeclareInputMath before using this key.


./sections/03_usage.tex:337: Package inputenc Error: Keyboard character used is
 undefined
(inputenc)                in inputencoding `utf-8'.

See the inputenc package documentation for explanation.
Type  H <return>  for immediate help.
 ...                                              
                                                  
l.337 │   │ 
                  ├── eigenvalue_computation.jl
You need to provide a definition with \DeclareInputText 
or \DeclareInputMath before using this key.


./sections/03_usage.tex:337: Package inputenc Error: Keyboard character used is
 undefined
(inputenc)                in inputencoding `utf-8'.

See the inputenc package documentation for explanation.
Type  H <return>  for immediate help.
 ...                                              
                                                  
l.337 │   │ 
                  ├── eigenvalue_computation.jl
You need to provide a definition with \DeclareInputText 
or \DeclareInputMath before using this key.


./sections/03_usage.tex:337: Package inputenc Error: Keyboard character used is
 undefined
(inputenc)                in inputencoding `utf-8'.

See the inputenc package documentation for explanation.
Type  H <return>  for immediate help.
 ...                                              
                                                  
l.337 │   │ 
                  ├── eigenvalue_computation.jl
You need to provide a definition with \DeclareInputText 
or \DeclareInputMath before using this key.


./sections/03_usage.tex:337: Package inputenc Error: Keyboard character used is
 undefined
(inputenc)                in inputencoding `utf-8'.

See the inputenc package documentation for explanation.
Type  H <return>  for immediate help.
 ...                                              
                                                  
l.337 │   │   ├── 
                            eigenvalue_computation.jl
You need to provide a definition with \DeclareInputText 
or \DeclareInputMath before using this key.


./sections/03_usage.tex:337: Package inputenc Error: Keyboard character used is
 undefined
(inputenc)                in inputencoding `utf-8'.

See the inputenc package documentation for explanation.
Type  H <return>  for immediate help.
 ...                                              
                                                  
l.337 │   │   ├── 
                            eigenvalue_computation.jl
You need to provide a definition with \DeclareInputText 
or \DeclareInputMath before using this key.


./sections/03_usage.tex:337: Package inputenc Error: Keyboard character used is
 undefined
(inputenc)                in inputencoding `utf-8'.

See the inputenc package documentation for explanation.
Type  H <return>  for immediate help.
 ...                                              
                                                  
l.337 │   │   ├── 
                            eigenvalue_computation.jl
You need to provide a definition with \DeclareInputText 
or \DeclareInputMath before using this key.


./sections/03_usage.tex:337: Package inputenc Error: Keyboard character used is
 undefined
(inputenc)                in inputencoding `utf-8'.

See the inputenc package documentation for explanation.
Type  H <return>  for immediate help.
 ...                                              
                                                  
l.337 │   │   ├── 
                            eigenvalue_computation.jl
You need to provide a definition with \DeclareInputText 
or \DeclareInputMath before using this key.


./sections/03_usage.tex:337: Package inputenc Error: Keyboard character used is
 undefined
(inputenc)                in inputencoding `utf-8'.

See the inputenc package documentation for explanation.
Type  H <return>  for immediate help.
 ...                                              
                                                  
l.337 │   │   ├── 
                            eigenvalue_computation.jl
You need to provide a definition with \DeclareInputText 
or \DeclareInputMath before using this key.


./sections/03_usage.tex:337: Package inputenc Error: Keyboard character used is
 undefined
(inputenc)                in inputencoding `utf-8'.

See the inputenc package documentation for explanation.
Type  H <return>  for immediate help.
 ...                                              
                                                  
l.337 │   │   ├── 
                            eigenvalue_computation.jl
You need to provide a definition with \DeclareInputText 
or \DeclareInputMath before using this key.


./sections/03_usage.tex:337: Package inputenc Error: Keyboard character used is
 undefined
(inputenc)                in inputencoding `utf-8'.

See the inputenc package documentation for explanation.
Type  H <return>  for immediate help.
 ...                                              
                                                  
l.337 │   │   ├── 
                            eigenvalue_computation.jl
You need to provide a definition with \DeclareInputText 
or \DeclareInputMath before using this key.


./sections/03_usage.tex:337: Package inputenc Error: Keyboard character used is
 undefined
(inputenc)                in inputencoding `utf-8'.

See the inputenc package documentation for explanation.
Type  H <return>  for immediate help.
 ...                                              
                                                  
l.337 │   │   ├── 
                            eigenvalue_computation.jl
You need to provide a definition with \DeclareInputText 
or \DeclareInputMath before using this key.


./sections/03_usage.tex:337: Package inputenc Error: Keyboard character used is
 undefined
(inputenc)                in inputencoding `utf-8'.

See the inputenc package documentation for explanation.
Type  H <return>  for immediate help.
 ...                                              
                                                  
l.337 │   │   ├── 
                            eigenvalue_computation.jl
You need to provide a definition with \DeclareInputText 
or \DeclareInputMath before using this key.


./sections/03_usage.tex:338: Package inputenc Error: Keyboard character used is
 undefined
(inputenc)                in inputencoding `utf-8'.

See the inputenc package documentation for explanation.
Type  H <return>  for immediate help.
 ...                                              
                                                  
l.338 │ 
            │   └── rate_computation.jl
You need to provide a definition with \DeclareInputText 
or \DeclareInputMath before using this key.


./sections/03_usage.tex:338: Package inputenc Error: Keyboard character used is
 undefined
(inputenc)                in inputencoding `utf-8'.

See the inputenc package documentation for explanation.
Type  H <return>  for immediate help.
 ...                                              
                                                  
l.338 │ 
            │   └── rate_computation.jl
You need to provide a definition with \DeclareInputText 
or \DeclareInputMath before using this key.


./sections/03_usage.tex:338: Package inputenc Error: Keyboard character used is
 undefined
(inputenc)                in inputencoding `utf-8'.

See the inputenc package documentation for explanation.
Type  H <return>  for immediate help.
 ...                                              
                                                  
l.338 │ 
            │   └── rate_computation.jl
You need to provide a definition with \DeclareInputText 
or \DeclareInputMath before using this key.


./sections/03_usage.tex:338: Package inputenc Error: Keyboard character used is
 undefined
(inputenc)                in inputencoding `utf-8'.

See the inputenc package documentation for explanation.
Type  H <return>  for immediate help.
 ...                                              
                                                  
l.338 │   │ 
                  └── rate_computation.jl
You need to provide a definition with \DeclareInputText 
or \DeclareInputMath before using this key.


./sections/03_usage.tex:338: Package inputenc Error: Keyboard character used is
 undefined
(inputenc)                in inputencoding `utf-8'.

See the inputenc package documentation for explanation.
Type  H <return>  for immediate help.
 ...                                              
                                                  
l.338 │   │ 
                  └── rate_computation.jl
You need to provide a definition with \DeclareInputText 
or \DeclareInputMath before using this key.


./sections/03_usage.tex:338: Package inputenc Error: Keyboard character used is
 undefined
(inputenc)                in inputencoding `utf-8'.

See the inputenc package documentation for explanation.
Type  H <return>  for immediate help.
 ...                                              
                                                  
l.338 │   │ 
                  └── rate_computation.jl
You need to provide a definition with \DeclareInputText 
or \DeclareInputMath before using this key.


./sections/03_usage.tex:338: Package inputenc Error: Keyboard character used is
 undefined
(inputenc)                in inputencoding `utf-8'.

See the inputenc package documentation for explanation.
Type  H <return>  for immediate help.
 ...                                              
                                                  
l.338 │   │   └── 
                            rate_computation.jl
You need to provide a definition with \DeclareInputText 
or \DeclareInputMath before using this key.


./sections/03_usage.tex:338: Package inputenc Error: Keyboard character used is
 undefined
(inputenc)                in inputencoding `utf-8'.

See the inputenc package documentation for explanation.
Type  H <return>  for immediate help.
 ...                                              
                                                  
l.338 │   │   └── 
                            rate_computation.jl
You need to provide a definition with \DeclareInputText 
or \DeclareInputMath before using this key.


./sections/03_usage.tex:338: Package inputenc Error: Keyboard character used is
 undefined
(inputenc)                in inputencoding `utf-8'.

See the inputenc package documentation for explanation.
Type  H <return>  for immediate help.
 ...                                              
                                                  
l.338 │   │   └── 
                            rate_computation.jl
You need to provide a definition with \DeclareInputText 
or \DeclareInputMath before using this key.


./sections/03_usage.tex:338: Package inputenc Error: Keyboard character used is
 undefined
(inputenc)                in inputencoding `utf-8'.

See the inputenc package documentation for explanation.
Type  H <return>  for immediate help.
 ...                                              
                                                  
l.338 │   │   └── 
                            rate_computation.jl
You need to provide a definition with \DeclareInputText 
or \DeclareInputMath before using this key.


./sections/03_usage.tex:338: Package inputenc Error: Keyboard character used is
 undefined
(inputenc)                in inputencoding `utf-8'.

See the inputenc package documentation for explanation.
Type  H <return>  for immediate help.
 ...                                              
                                                  
l.338 │   │   └── 
                            rate_computation.jl
You need to provide a definition with \DeclareInputText 
or \DeclareInputMath before using this key.


./sections/03_usage.tex:338: Package inputenc Error: Keyboard character used is
 undefined
(inputenc)                in inputencoding `utf-8'.

See the inputenc package documentation for explanation.
Type  H <return>  for immediate help.
 ...                                              
                                                  
l.338 │   │   └── 
                            rate_computation.jl
You need to provide a definition with \DeclareInputText 
or \DeclareInputMath before using this key.


./sections/03_usage.tex:338: Package inputenc Error: Keyboard character used is
 undefined
(inputenc)                in inputencoding `utf-8'.

See the inputenc package documentation for explanation.
Type  H <return>  for immediate help.
 ...                                              
                                                  
l.338 │   │   └── 
                            rate_computation.jl
You need to provide a definition with \DeclareInputText 
or \DeclareInputMath before using this key.


./sections/03_usage.tex:338: Package inputenc Error: Keyboard character used is
 undefined
(inputenc)                in inputencoding `utf-8'.

See the inputenc package documentation for explanation.
Type  H <return>  for immediate help.
 ...                                              
                                                  
l.338 │   │   └── 
                            rate_computation.jl
You need to provide a definition with \DeclareInputText 
or \DeclareInputMath before using this key.


./sections/03_usage.tex:338: Package inputenc Error: Keyboard character used is
 undefined
(inputenc)                in inputencoding `utf-8'.

See the inputenc package documentation for explanation.
Type  H <return>  for immediate help.
 ...                                              
                                                  
l.338 │   │   └── 
                            rate_computation.jl
You need to provide a definition with \DeclareInputText 
or \DeclareInputMath before using this key.


./sections/03_usage.tex:339: Package inputenc Error: Keyboard character used is
 undefined
(inputenc)                in inputencoding `utf-8'.

See the inputenc package documentation for explanation.
Type  H <return>  for immediate help.
 ...                                              
                                                  
l.339 │ 
            └── ...
You need to provide a definition with \DeclareInputText 
or \DeclareInputMath before using this key.


./sections/03_usage.tex:339: Package inputenc Error: Keyboard character used is
 undefined
(inputenc)                in inputencoding `utf-8'.

See the inputenc package documentation for explanation.
Type  H <return>  for immediate help.
 ...                                              
                                                  
l.339 │ 
            └── ...
You need to provide a definition with \DeclareInputText 
or \DeclareInputMath before using this key.


./sections/03_usage.tex:339: Package inputenc Error: Keyboard character used is
 undefined
(inputenc)                in inputencoding `utf-8'.

See the inputenc package documentation for explanation.
Type  H <return>  for immediate help.
 ...                                              
                                                  
l.339 │ 
            └── ...
You need to provide a definition with \DeclareInputText 
or \DeclareInputMath before using this key.


./sections/03_usage.tex:339: Package inputenc Error: Keyboard character used is
 undefined
(inputenc)                in inputencoding `utf-8'.

See the inputenc package documentation for explanation.
Type  H <return>  for immediate help.
 ...                                              
                                                  
l.339 │   └── 
                      ...
You need to provide a definition with \DeclareInputText 
or \DeclareInputMath before using this key.


./sections/03_usage.tex:339: Package inputenc Error: Keyboard character used is
 undefined
(inputenc)                in inputencoding `utf-8'.

See the inputenc package documentation for explanation.
Type  H <return>  for immediate help.
 ...                                              
                                                  
l.339 │   └── 
                      ...
You need to provide a definition with \DeclareInputText 
or \DeclareInputMath before using this key.


./sections/03_usage.tex:339: Package inputenc Error: Keyboard character used is
 undefined
(inputenc)                in inputencoding `utf-8'.

See the inputenc package documentation for explanation.
Type  H <return>  for immediate help.
 ...                                              
                                                  
l.339 │   └── 
                      ...
You need to provide a definition with \DeclareInputText 
or \DeclareInputMath before using this key.


./sections/03_usage.tex:339: Package inputenc Error: Keyboard character used is
 undefined
(inputenc)                in inputencoding `utf-8'.

See the inputenc package documentation for explanation.
Type  H <return>  for immediate help.
 ...                                              
                                                  
l.339 │   └── 
                      ...
You need to provide a definition with \DeclareInputText 
or \DeclareInputMath before using this key.


./sections/03_usage.tex:339: Package inputenc Error: Keyboard character used is
 undefined
(inputenc)                in inputencoding `utf-8'.

See the inputenc package documentation for explanation.
Type  H <return>  for immediate help.
 ...                                              
                                                  
l.339 │   └── 
                      ...
You need to provide a definition with \DeclareInputText 
or \DeclareInputMath before using this key.


./sections/03_usage.tex:339: Package inputenc Error: Keyboard character used is
 undefined
(inputenc)                in inputencoding `utf-8'.

See the inputenc package documentation for explanation.
Type  H <return>  for immediate help.
 ...                                              
                                                  
l.339 │   └── 
                      ...
You need to provide a definition with \DeclareInputText 
or \DeclareInputMath before using this key.


./sections/03_usage.tex:339: Package inputenc Error: Keyboard character used is
 undefined
(inputenc)                in inputencoding `utf-8'.

See the inputenc package documentation for explanation.
Type  H <return>  for immediate help.
 ...                                              
                                                  
l.339 │   └── 
                      ...
You need to provide a definition with \DeclareInputText 
or \DeclareInputMath before using this key.


./sections/03_usage.tex:339: Package inputenc Error: Keyboard character used is
 undefined
(inputenc)                in inputencoding `utf-8'.

See the inputenc package documentation for explanation.
Type  H <return>  for immediate help.
 ...                                              
                                                  
l.339 │   └── 
                      ...
You need to provide a definition with \DeclareInputText 
or \DeclareInputMath before using this key.


./sections/03_usage.tex:339: Package inputenc Error: Keyboard character used is
 undefined
(inputenc)                in inputencoding `utf-8'.

See the inputenc package documentation for explanation.
Type  H <return>  for immediate help.
 ...                                              
                                                  
l.339 │   └── 
                      ...
You need to provide a definition with \DeclareInputText 
or \DeclareInputMath before using this key.


./sections/03_usage.tex:340: Package inputenc Error: Keyboard character used is
 undefined
(inputenc)                in inputencoding `utf-8'.

See the inputenc package documentation for explanation.
Type  H <return>  for immediate help.
 ...                                              
                                                  
l.340 ├── 
                rate_sve/                 # Pre-computed rate tables
You need to provide a definition with \DeclareInputText 
or \DeclareInputMath before using this key.


./sections/03_usage.tex:340: Package inputenc Error: Keyboard character used is
 undefined
(inputenc)                in inputencoding `utf-8'.

See the inputenc package documentation for explanation.
Type  H <return>  for immediate help.
 ...                                              
                                                  
l.340 ├── 
                rate_sve/                 # Pre-computed rate tables
You need to provide a definition with \DeclareInputText 
or \DeclareInputMath before using this key.


./sections/03_usage.tex:340: Package inputenc Error: Keyboard character used is
 undefined
(inputenc)                in inputencoding `utf-8'.

See the inputenc package documentation for explanation.
Type  H <return>  for immediate help.
 ...                                              
                                                  
l.340 ├── 
                rate_sve/                 # Pre-computed rate tables
You need to provide a definition with \DeclareInputText 
or \DeclareInputMath before using this key.


./sections/03_usage.tex:340: Package inputenc Error: Keyboard character used is
 undefined
(inputenc)                in inputencoding `utf-8'.

See the inputenc package documentation for explanation.
Type  H <return>  for immediate help.
 ...                                              
                                                  
l.340 ├── 
                rate_sve/                 # Pre-computed rate tables
You need to provide a definition with \DeclareInputText 
or \DeclareInputMath before using this key.


./sections/03_usage.tex:340: Package inputenc Error: Keyboard character used is
 undefined
(inputenc)                in inputencoding `utf-8'.

See the inputenc package documentation for explanation.
Type  H <return>  for immediate help.
 ...                                              
                                                  
l.340 ├── 
                rate_sve/                 # Pre-computed rate tables
You need to provide a definition with \DeclareInputText 
or \DeclareInputMath before using this key.


./sections/03_usage.tex:340: Package inputenc Error: Keyboard character used is
 undefined
(inputenc)                in inputencoding `utf-8'.

See the inputenc package documentation for explanation.
Type  H <return>  for immediate help.
 ...                                              
                                                  
l.340 ├── 
                rate_sve/                 # Pre-computed rate tables
You need to provide a definition with \DeclareInputText 
or \DeclareInputMath before using this key.


./sections/03_usage.tex:340: Package inputenc Error: Keyboard character used is
 undefined
(inputenc)                in inputencoding `utf-8'.

See the inputenc package documentation for explanation.
Type  H <return>  for immediate help.
 ...                                              
                                                  
l.340 ├── 
                rate_sve/                 # Pre-computed rate tables
You need to provide a definition with \DeclareInputText 
or \DeclareInputMath before using this key.


./sections/03_usage.tex:340: Package inputenc Error: Keyboard character used is
 undefined
(inputenc)                in inputencoding `utf-8'.

See the inputenc package documentation for explanation.
Type  H <return>  for immediate help.
 ...                                              
                                                  
l.340 ├── 
                rate_sve/                 # Pre-computed rate tables
You need to provide a definition with \DeclareInputText 
or \DeclareInputMath before using this key.


./sections/03_usage.tex:340: Package inputenc Error: Keyboard character used is
 undefined
(inputenc)                in inputencoding `utf-8'.

See the inputenc package documentation for explanation.
Type  H <return>  for immediate help.
 ...                                              
                                                  
l.340 ├── 
                rate_sve/                 # Pre-computed rate tables
You need to provide a definition with \DeclareInputText 
or \DeclareInputMath before using this key.


./sections/03_usage.tex:341: Package inputenc Error: Keyboard character used is
 undefined
(inputenc)                in inputencoding `utf-8'.

See the inputenc package documentation for explanation.
Type  H <return>  for immediate help.
 ...                                              
                                                  
l.341 │ 
            ├── Imag_erg_pos_*.npz
You need to provide a definition with \DeclareInputText 
or \DeclareInputMath before using this key.


./sections/03_usage.tex:341: Package inputenc Error: Keyboard character used is
 undefined
(inputenc)                in inputencoding `utf-8'.

See the inputenc package documentation for explanation.
Type  H <return>  for immediate help.
 ...                                              
                                                  
l.341 │ 
            ├── Imag_erg_pos_*.npz
You need to provide a definition with \DeclareInputText 
or \DeclareInputMath before using this key.


./sections/03_usage.tex:341: Package inputenc Error: Keyboard character used is
 undefined
(inputenc)                in inputencoding `utf-8'.

See the inputenc package documentation for explanation.
Type  H <return>  for immediate help.
 ...                                              
                                                  
l.341 │ 
            ├── Imag_erg_pos_*.npz
You need to provide a definition with \DeclareInputText 
or \DeclareInputMath before using this key.


./sections/03_usage.tex:341: Package inputenc Error: Keyboard character used is
 undefined
(inputenc)                in inputencoding `utf-8'.

See the inputenc package documentation for explanation.
Type  H <return>  for immediate help.
 ...                                              
                                                  
l.341 │   ├── 
                      Imag_erg_pos_*.npz
You need to provide a definition with \DeclareInputText 
or \DeclareInputMath before using this key.


./sections/03_usage.tex:341: Package inputenc Error: Keyboard character used is
 undefined
(inputenc)                in inputencoding `utf-8'.

See the inputenc package documentation for explanation.
Type  H <return>  for immediate help.
 ...                                              
                                                  
l.341 │   ├── 
                      Imag_erg_pos_*.npz
You need to provide a definition with \DeclareInputText 
or \DeclareInputMath before using this key.


./sections/03_usage.tex:341: Package inputenc Error: Keyboard character used is
 undefined
(inputenc)                in inputencoding `utf-8'.

See the inputenc package documentation for explanation.
Type  H <return>  for immediate help.
 ...                                              
                                                  
l.341 │   ├── 
                      Imag_erg_pos_*.npz
You need to provide a definition with \DeclareInputText 
or \DeclareInputMath before using this key.


./sections/03_usage.tex:341: Package inputenc Error: Keyboard character used is
 undefined
(inputenc)                in inputencoding `utf-8'.

See the inputenc package documentation for explanation.
Type  H <return>  for immediate help.
 ...                                              
                                                  
l.341 │   ├── 
                      Imag_erg_pos_*.npz
You need to provide a definition with \DeclareInputText 
or \DeclareInputMath before using this key.


./sections/03_usage.tex:341: Package inputenc Error: Keyboard character used is
 undefined
(inputenc)                in inputencoding `utf-8'.

See the inputenc package documentation for explanation.
Type  H <return>  for immediate help.
 ...                                              
                                                  
l.341 │   ├── 
                      Imag_erg_pos_*.npz
You need to provide a definition with \DeclareInputText 
or \DeclareInputMath before using this key.


./sections/03_usage.tex:341: Package inputenc Error: Keyboard character used is
 undefined
(inputenc)                in inputencoding `utf-8'.

See the inputenc package documentation for explanation.
Type  H <return>  for immediate help.
 ...                                              
                                                  
l.341 │   ├── 
                      Imag_erg_pos_*.npz
You need to provide a definition with \DeclareInputText 
or \DeclareInputMath before using this key.


./sections/03_usage.tex:341: Package inputenc Error: Keyboard character used is
 undefined
(inputenc)                in inputencoding `utf-8'.

See the inputenc package documentation for explanation.
Type  H <return>  for immediate help.
 ...                                              
                                                  
l.341 │   ├── 
                      Imag_erg_pos_*.npz
You need to provide a definition with \DeclareInputText 
or \DeclareInputMath before using this key.


./sections/03_usage.tex:341: Package inputenc Error: Keyboard character used is
 undefined
(inputenc)                in inputencoding `utf-8'.

See the inputenc package documentation for explanation.
Type  H <return>  for immediate help.
 ...                                              
                                                  
l.341 │   ├── 
                      Imag_erg_pos_*.npz
You need to provide a definition with \DeclareInputText 
or \DeclareInputMath before using this key.


./sections/03_usage.tex:341: Package inputenc Error: Keyboard character used is
 undefined
(inputenc)                in inputencoding `utf-8'.

See the inputenc package documentation for explanation.
Type  H <return>  for immediate help.
 ...                                              
                                                  
l.341 │   ├── 
                      Imag_erg_pos_*.npz
You need to provide a definition with \DeclareInputText 
or \DeclareInputMath before using this key.


./sections/03_usage.tex:342: Package inputenc Error: Keyboard character used is
 undefined
(inputenc)                in inputencoding `utf-8'.

See the inputenc package documentation for explanation.
Type  H <return>  for immediate help.
 ...                                              
                                                  
l.342 │ 
            ├── Imag_erg_neg_*.npz
You need to provide a definition with \DeclareInputText 
or \DeclareInputMath before using this key.


./sections/03_usage.tex:342: Package inputenc Error: Keyboard character used is
 undefined
(inputenc)                in inputencoding `utf-8'.

See the inputenc package documentation for explanation.
Type  H <return>  for immediate help.
 ...                                              
                                                  
l.342 │ 
            ├── Imag_erg_neg_*.npz
You need to provide a definition with \DeclareInputText 
or \DeclareInputMath before using this key.


./sections/03_usage.tex:342: Package inputenc Error: Keyboard character used is
 undefined
(inputenc)                in inputencoding `utf-8'.

See the inputenc package documentation for explanation.
Type  H <return>  for immediate help.
 ...                                              
                                                  
l.342 │ 
            ├── Imag_erg_neg_*.npz
You need to provide a definition with \DeclareInputText 
or \DeclareInputMath before using this key.


./sections/03_usage.tex:342: Package inputenc Error: Keyboard character used is
 undefined
(inputenc)                in inputencoding `utf-8'.

See the inputenc package documentation for explanation.
Type  H <return>  for immediate help.
 ...                                              
                                                  
l.342 │   ├── 
                      Imag_erg_neg_*.npz
You need to provide a definition with \DeclareInputText 
or \DeclareInputMath before using this key.


./sections/03_usage.tex:342: Package inputenc Error: Keyboard character used is
 undefined
(inputenc)                in inputencoding `utf-8'.

See the inputenc package documentation for explanation.
Type  H <return>  for immediate help.
 ...                                              
                                                  
l.342 │   ├── 
                      Imag_erg_neg_*.npz
You need to provide a definition with \DeclareInputText 
or \DeclareInputMath before using this key.


./sections/03_usage.tex:342: Package inputenc Error: Keyboard character used is
 undefined
(inputenc)                in inputencoding `utf-8'.

See the inputenc package documentation for explanation.
Type  H <return>  for immediate help.
 ...                                              
                                                  
l.342 │   ├── 
                      Imag_erg_neg_*.npz
You need to provide a definition with \DeclareInputText 
or \DeclareInputMath before using this key.


./sections/03_usage.tex:342: Package inputenc Error: Keyboard character used is
 undefined
(inputenc)                in inputencoding `utf-8'.

See the inputenc package documentation for explanation.
Type  H <return>  for immediate help.
 ...                                              
                                                  
l.342 │   ├── 
                      Imag_erg_neg_*.npz
You need to provide a definition with \DeclareInputText 
or \DeclareInputMath before using this key.


./sections/03_usage.tex:342: Package inputenc Error: Keyboard character used is
 undefined
(inputenc)                in inputencoding `utf-8'.

See the inputenc package documentation for explanation.
Type  H <return>  for immediate help.
 ...                                              
                                                  
l.342 │   ├── 
                      Imag_erg_neg_*.npz
You need to provide a definition with \DeclareInputText 
or \DeclareInputMath before using this key.


./sections/03_usage.tex:342: Package inputenc Error: Keyboard character used is
 undefined
(inputenc)                in inputencoding `utf-8'.

See the inputenc package documentation for explanation.
Type  H <return>  for immediate help.
 ...                                              
                                                  
l.342 │   ├── 
                      Imag_erg_neg_*.npz
You need to provide a definition with \DeclareInputText 
or \DeclareInputMath before using this key.


./sections/03_usage.tex:342: Package inputenc Error: Keyboard character used is
 undefined
(inputenc)                in inputencoding `utf-8'.

See the inputenc package documentation for explanation.
Type  H <return>  for immediate help.
 ...                                              
                                                  
l.342 │   ├── 
                      Imag_erg_neg_*.npz
You need to provide a definition with \DeclareInputText 
or \DeclareInputMath before using this key.


./sections/03_usage.tex:342: Package inputenc Error: Keyboard character used is
 undefined
(inputenc)                in inputencoding `utf-8'.

See the inputenc package documentation for explanation.
Type  H <return>  for immediate help.
 ...                                              
                                                  
l.342 │   ├── 
                      Imag_erg_neg_*.npz
You need to provide a definition with \DeclareInputText 
or \DeclareInputMath before using this key.


./sections/03_usage.tex:342: Package inputenc Error: Keyboard character used is
 undefined
(inputenc)                in inputencoding `utf-8'.

See the inputenc package documentation for explanation.
Type  H <return>  for immediate help.
 ...                                              
                                                  
l.342 │   ├── 
                      Imag_erg_neg_*.npz
You need to provide a definition with \DeclareInputText 
or \DeclareInputMath before using this key.


./sections/03_usage.tex:343: Package inputenc Error: Keyboard character used is
 undefined
(inputenc)                in inputencoding `utf-8'.

See the inputenc package documentation for explanation.
Type  H <return>  for immediate help.
 ...                                              
                                                  
l.343 │ 
            └── ...
You need to provide a definition with \DeclareInputText 
or \DeclareInputMath before using this key.


./sections/03_usage.tex:343: Package inputenc Error: Keyboard character used is
 undefined
(inputenc)                in inputencoding `utf-8'.

See the inputenc package documentation for explanation.
Type  H <return>  for immediate help.
 ...                                              
                                                  
l.343 │ 
            └── ...
You need to provide a definition with \DeclareInputText 
or \DeclareInputMath before using this key.


./sections/03_usage.tex:343: Package inputenc Error: Keyboard character used is
 undefined
(inputenc)                in inputencoding `utf-8'.

See the inputenc package documentation for explanation.
Type  H <return>  for immediate help.
 ...                                              
                                                  
l.343 │ 
            └── ...
You need to provide a definition with \DeclareInputText 
or \DeclareInputMath before using this key.


./sections/03_usage.tex:343: Package inputenc Error: Keyboard character used is
 undefined
(inputenc)                in inputencoding `utf-8'.

See the inputenc package documentation for explanation.
Type  H <return>  for immediate help.
 ...                                              
                                                  
l.343 │   └── 
                      ...
You need to provide a definition with \DeclareInputText 
or \DeclareInputMath before using this key.


./sections/03_usage.tex:343: Package inputenc Error: Keyboard character used is
 undefined
(inputenc)                in inputencoding `utf-8'.

See the inputenc package documentation for explanation.
Type  H <return>  for immediate help.
 ...                                              
                                                  
l.343 │   └── 
                      ...
You need to provide a definition with \DeclareInputText 
or \DeclareInputMath before using this key.


./sections/03_usage.tex:343: Package inputenc Error: Keyboard character used is
 undefined
(inputenc)                in inputencoding `utf-8'.

See the inputenc package documentation for explanation.
Type  H <return>  for immediate help.
 ...                                              
                                                  
l.343 │   └── 
                      ...
You need to provide a definition with \DeclareInputText 
or \DeclareInputMath before using this key.


./sections/03_usage.tex:343: Package inputenc Error: Keyboard character used is
 undefined
(inputenc)                in inputencoding `utf-8'.

See the inputenc package documentation for explanation.
Type  H <return>  for immediate help.
 ...                                              
                                                  
l.343 │   └── 
                      ...
You need to provide a definition with \DeclareInputText 
or \DeclareInputMath before using this key.


./sections/03_usage.tex:343: Package inputenc Error: Keyboard character used is
 undefined
(inputenc)                in inputencoding `utf-8'.

See the inputenc package documentation for explanation.
Type  H <return>  for immediate help.
 ...                                              
                                                  
l.343 │   └── 
                      ...
You need to provide a definition with \DeclareInputText 
or \DeclareInputMath before using this key.


./sections/03_usage.tex:343: Package inputenc Error: Keyboard character used is
 undefined
(inputenc)                in inputencoding `utf-8'.

See the inputenc package documentation for explanation.
Type  H <return>  for immediate help.
 ...                                              
                                                  
l.343 │   └── 
                      ...
You need to provide a definition with \DeclareInputText 
or \DeclareInputMath before using this key.


./sections/03_usage.tex:343: Package inputenc Error: Keyboard character used is
 undefined
(inputenc)                in inputencoding `utf-8'.

See the inputenc package documentation for explanation.
Type  H <return>  for immediate help.
 ...                                              
                                                  
l.343 │   └── 
                      ...
You need to provide a definition with \DeclareInputText 
or \DeclareInputMath before using this key.


./sections/03_usage.tex:343: Package inputenc Error: Keyboard character used is
 undefined
(inputenc)                in inputencoding `utf-8'.

See the inputenc package documentation for explanation.
Type  H <return>  for immediate help.
 ...                                              
                                                  
l.343 │   └── 
                      ...
You need to provide a definition with \DeclareInputText 
or \DeclareInputMath before using this key.


./sections/03_usage.tex:343: Package inputenc Error: Keyboard character used is
 undefined
(inputenc)                in inputencoding `utf-8'.

See the inputenc package documentation for explanation.
Type  H <return>  for immediate help.
 ...                                              
                                                  
l.343 │   └── 
                      ...
You need to provide a definition with \DeclareInputText 
or \DeclareInputMath before using this key.


./sections/03_usage.tex:344: Package inputenc Error: Keyboard character used is
 undefined
(inputenc)                in inputencoding `utf-8'.

See the inputenc package documentation for explanation.
Type  H <return>  for immediate help.
 ...                                              
                                                  
l.344 ├── 
                BH_data/                  # Black hole observations
You need to provide a definition with \DeclareInputText 
or \DeclareInputMath before using this key.


./sections/03_usage.tex:344: Package inputenc Error: Keyboard character used is
 undefined
(inputenc)                in inputencoding `utf-8'.

See the inputenc package documentation for explanation.
Type  H <return>  for immediate help.
 ...                                              
                                                  
l.344 ├── 
                BH_data/                  # Black hole observations
You need to provide a definition with \DeclareInputText 
or \DeclareInputMath before using this key.


./sections/03_usage.tex:344: Package inputenc Error: Keyboard character used is
 undefined
(inputenc)                in inputencoding `utf-8'.

See the inputenc package documentation for explanation.
Type  H <return>  for immediate help.
 ...                                              
                                                  
l.344 ├── 
                BH_data/                  # Black hole observations
You need to provide a definition with \DeclareInputText 
or \DeclareInputMath before using this key.


./sections/03_usage.tex:344: Package inputenc Error: Keyboard character used is
 undefined
(inputenc)                in inputencoding `utf-8'.

See the inputenc package documentation for explanation.
Type  H <return>  for immediate help.
 ...                                              
                                                  
l.344 ├── 
                BH_data/                  # Black hole observations
You need to provide a definition with \DeclareInputText 
or \DeclareInputMath before using this key.


./sections/03_usage.tex:344: Package inputenc Error: Keyboard character used is
 undefined
(inputenc)                in inputencoding `utf-8'.

See the inputenc package documentation for explanation.
Type  H <return>  for immediate help.
 ...                                              
                                                  
l.344 ├── 
                BH_data/                  # Black hole observations
You need to provide a definition with \DeclareInputText 
or \DeclareInputMath before using this key.


./sections/03_usage.tex:344: Package inputenc Error: Keyboard character used is
 undefined
(inputenc)                in inputencoding `utf-8'.

See the inputenc package documentation for explanation.
Type  H <return>  for immediate help.
 ...                                              
                                                  
l.344 ├── 
                BH_data/                  # Black hole observations
You need to provide a definition with \DeclareInputText 
or \DeclareInputMath before using this key.


./sections/03_usage.tex:344: Package inputenc Error: Keyboard character used is
 undefined
(inputenc)                in inputencoding `utf-8'.

See the inputenc package documentation for explanation.
Type  H <return>  for immediate help.
 ...                                              
                                                  
l.344 ├── 
                BH_data/                  # Black hole observations
You need to provide a definition with \DeclareInputText 
or \DeclareInputMath before using this key.


./sections/03_usage.tex:344: Package inputenc Error: Keyboard character used is
 undefined
(inputenc)                in inputencoding `utf-8'.

See the inputenc package documentation for explanation.
Type  H <return>  for immediate help.
 ...                                              
                                                  
l.344 ├── 
                BH_data/                  # Black hole observations
You need to provide a definition with \DeclareInputText 
or \DeclareInputMath before using this key.


./sections/03_usage.tex:344: Package inputenc Error: Keyboard character used is
 undefined
(inputenc)                in inputencoding `utf-8'.

See the inputenc package documentation for explanation.
Type  H <return>  for immediate help.
 ...                                              
                                                  
l.344 ├── 
                BH_data/                  # Black hole observations
You need to provide a definition with \DeclareInputText 
or \DeclareInputMath before using this key.


./sections/03_usage.tex:345: Package inputenc Error: Keyboard character used is
 undefined
(inputenc)                in inputencoding `utf-8'.

See the inputenc package documentation for explanation.
Type  H <return>  for immediate help.
 ...                                              
                                                  
l.345 │ 
            ├── Cygnus_X1.dat
You need to provide a definition with \DeclareInputText 
or \DeclareInputMath before using this key.


./sections/03_usage.tex:345: Package inputenc Error: Keyboard character used is
 undefined
(inputenc)                in inputencoding `utf-8'.

See the inputenc package documentation for explanation.
Type  H <return>  for immediate help.
 ...                                              
                                                  
l.345 │ 
            ├── Cygnus_X1.dat
You need to provide a definition with \DeclareInputText 
or \DeclareInputMath before using this key.


./sections/03_usage.tex:345: Package inputenc Error: Keyboard character used is
 undefined
(inputenc)                in inputencoding `utf-8'.

See the inputenc package documentation for explanation.
Type  H <return>  for immediate help.
 ...                                              
                                                  
l.345 │ 
            ├── Cygnus_X1.dat
You need to provide a definition with \DeclareInputText 
or \DeclareInputMath before using this key.


./sections/03_usage.tex:345: Package inputenc Error: Keyboard character used is
 undefined
(inputenc)                in inputencoding `utf-8'.

See the inputenc package documentation for explanation.
Type  H <return>  for immediate help.
 ...                                              
                                                  
l.345 │   ├── 
                      Cygnus_X1.dat
You need to provide a definition with \DeclareInputText 
or \DeclareInputMath before using this key.


./sections/03_usage.tex:345: Package inputenc Error: Keyboard character used is
 undefined
(inputenc)                in inputencoding `utf-8'.

See the inputenc package documentation for explanation.
Type  H <return>  for immediate help.
 ...                                              
                                                  
l.345 │   ├── 
                      Cygnus_X1.dat
You need to provide a definition with \DeclareInputText 
or \DeclareInputMath before using this key.


./sections/03_usage.tex:345: Package inputenc Error: Keyboard character used is
 undefined
(inputenc)                in inputencoding `utf-8'.

See the inputenc package documentation for explanation.
Type  H <return>  for immediate help.
 ...                                              
                                                  
l.345 │   ├── 
                      Cygnus_X1.dat
You need to provide a definition with \DeclareInputText 
or \DeclareInputMath before using this key.


./sections/03_usage.tex:345: Package inputenc Error: Keyboard character used is
 undefined
(inputenc)                in inputencoding `utf-8'.

See the inputenc package documentation for explanation.
Type  H <return>  for immediate help.
 ...                                              
                                                  
l.345 │   ├── 
                      Cygnus_X1.dat
You need to provide a definition with \DeclareInputText 
or \DeclareInputMath before using this key.


./sections/03_usage.tex:345: Package inputenc Error: Keyboard character used is
 undefined
(inputenc)                in inputencoding `utf-8'.

See the inputenc package documentation for explanation.
Type  H <return>  for immediate help.
 ...                                              
                                                  
l.345 │   ├── 
                      Cygnus_X1.dat
You need to provide a definition with \DeclareInputText 
or \DeclareInputMath before using this key.


./sections/03_usage.tex:345: Package inputenc Error: Keyboard character used is
 undefined
(inputenc)                in inputencoding `utf-8'.

See the inputenc package documentation for explanation.
Type  H <return>  for immediate help.
 ...                                              
                                                  
l.345 │   ├── 
                      Cygnus_X1.dat
You need to provide a definition with \DeclareInputText 
or \DeclareInputMath before using this key.


./sections/03_usage.tex:345: Package inputenc Error: Keyboard character used is
 undefined
(inputenc)                in inputencoding `utf-8'.

See the inputenc package documentation for explanation.
Type  H <return>  for immediate help.
 ...                                              
                                                  
l.345 │   ├── 
                      Cygnus_X1.dat
You need to provide a definition with \DeclareInputText 
or \DeclareInputMath before using this key.


./sections/03_usage.tex:345: Package inputenc Error: Keyboard character used is
 undefined
(inputenc)                in inputencoding `utf-8'.

See the inputenc package documentation for explanation.
Type  H <return>  for immediate help.
 ...                                              
                                                  
l.345 │   ├── 
                      Cygnus_X1.dat
You need to provide a definition with \DeclareInputText 
or \DeclareInputMath before using this key.


./sections/03_usage.tex:345: Package inputenc Error: Keyboard character used is
 undefined
(inputenc)                in inputencoding `utf-8'.

See the inputenc package documentation for explanation.
Type  H <return>  for immediate help.
 ...                                              
                                                  
l.345 │   ├── 
                      Cygnus_X1.dat
You need to provide a definition with \DeclareInputText 
or \DeclareInputMath before using this key.


./sections/03_usage.tex:346: Package inputenc Error: Keyboard character used is
 undefined
(inputenc)                in inputencoding `utf-8'.

See the inputenc package documentation for explanation.
Type  H <return>  for immediate help.
 ...                                              
                                                  
l.346 │ 
            ├── GRS_1915.dat
You need to provide a definition with \DeclareInputText 
or \DeclareInputMath before using this key.


./sections/03_usage.tex:346: Package inputenc Error: Keyboard character used is
 undefined
(inputenc)                in inputencoding `utf-8'.

See the inputenc package documentation for explanation.
Type  H <return>  for immediate help.
 ...                                              
                                                  
l.346 │ 
            ├── GRS_1915.dat
You need to provide a definition with \DeclareInputText 
or \DeclareInputMath before using this key.


./sections/03_usage.tex:346: Package inputenc Error: Keyboard character used is
 undefined
(inputenc)                in inputencoding `utf-8'.

See the inputenc package documentation for explanation.
Type  H <return>  for immediate help.
 ...                                              
                                                  
l.346 │ 
            ├── GRS_1915.dat
You need to provide a definition with \DeclareInputText 
or \DeclareInputMath before using this key.


./sections/03_usage.tex:346: Package inputenc Error: Keyboard character used is
 undefined
(inputenc)                in inputencoding `utf-8'.

See the inputenc package documentation for explanation.
Type  H <return>  for immediate help.
 ...                                              
                                                  
l.346 │   ├── 
                      GRS_1915.dat
You need to provide a definition with \DeclareInputText 
or \DeclareInputMath before using this key.


./sections/03_usage.tex:346: Package inputenc Error: Keyboard character used is
 undefined
(inputenc)                in inputencoding `utf-8'.

See the inputenc package documentation for explanation.
Type  H <return>  for immediate help.
 ...                                              
                                                  
l.346 │   ├── 
                      GRS_1915.dat
You need to provide a definition with \DeclareInputText 
or \DeclareInputMath before using this key.


./sections/03_usage.tex:346: Package inputenc Error: Keyboard character used is
 undefined
(inputenc)                in inputencoding `utf-8'.

See the inputenc package documentation for explanation.
Type  H <return>  for immediate help.
 ...                                              
                                                  
l.346 │   ├── 
                      GRS_1915.dat
You need to provide a definition with \DeclareInputText 
or \DeclareInputMath before using this key.


./sections/03_usage.tex:346: Package inputenc Error: Keyboard character used is
 undefined
(inputenc)                in inputencoding `utf-8'.

See the inputenc package documentation for explanation.
Type  H <return>  for immediate help.
 ...                                              
                                                  
l.346 │   ├── 
                      GRS_1915.dat
You need to provide a definition with \DeclareInputText 
or \DeclareInputMath before using this key.


./sections/03_usage.tex:346: Package inputenc Error: Keyboard character used is
 undefined
(inputenc)                in inputencoding `utf-8'.

See the inputenc package documentation for explanation.
Type  H <return>  for immediate help.
 ...                                              
                                                  
l.346 │   ├── 
                      GRS_1915.dat
You need to provide a definition with \DeclareInputText 
or \DeclareInputMath before using this key.


./sections/03_usage.tex:346: Package inputenc Error: Keyboard character used is
 undefined
(inputenc)                in inputencoding `utf-8'.

See the inputenc package documentation for explanation.
Type  H <return>  for immediate help.
 ...                                              
                                                  
l.346 │   ├── 
                      GRS_1915.dat
You need to provide a definition with \DeclareInputText 
or \DeclareInputMath before using this key.


./sections/03_usage.tex:346: Package inputenc Error: Keyboard character used is
 undefined
(inputenc)                in inputencoding `utf-8'.

See the inputenc package documentation for explanation.
Type  H <return>  for immediate help.
 ...                                              
                                                  
l.346 │   ├── 
                      GRS_1915.dat
You need to provide a definition with \DeclareInputText 
or \DeclareInputMath before using this key.


./sections/03_usage.tex:346: Package inputenc Error: Keyboard character used is
 undefined
(inputenc)                in inputencoding `utf-8'.

See the inputenc package documentation for explanation.
Type  H <return>  for immediate help.
 ...                                              
                                                  
l.346 │   ├── 
                      GRS_1915.dat
You need to provide a definition with \DeclareInputText 
or \DeclareInputMath before using this key.


./sections/03_usage.tex:346: Package inputenc Error: Keyboard character used is
 undefined
(inputenc)                in inputencoding `utf-8'.

See the inputenc package documentation for explanation.
Type  H <return>  for immediate help.
 ...                                              
                                                  
l.346 │   ├── 
                      GRS_1915.dat
You need to provide a definition with \DeclareInputText 
or \DeclareInputMath before using this key.


./sections/03_usage.tex:347: Package inputenc Error: Keyboard character used is
 undefined
(inputenc)                in inputencoding `utf-8'.

See the inputenc package documentation for explanation.
Type  H <return>  for immediate help.
 ...                                              
                                                  
l.347 │ 
            └── ...
You need to provide a definition with \DeclareInputText 
or \DeclareInputMath before using this key.


./sections/03_usage.tex:347: Package inputenc Error: Keyboard character used is
 undefined
(inputenc)                in inputencoding `utf-8'.

See the inputenc package documentation for explanation.
Type  H <return>  for immediate help.
 ...                                              
                                                  
l.347 │ 
            └── ...
You need to provide a definition with \DeclareInputText 
or \DeclareInputMath before using this key.


./sections/03_usage.tex:347: Package inputenc Error: Keyboard character used is
 undefined
(inputenc)                in inputencoding `utf-8'.

See the inputenc package documentation for explanation.
Type  H <return>  for immediate help.
 ...                                              
                                                  
l.347 │ 
            └── ...
You need to provide a definition with \DeclareInputText 
or \DeclareInputMath before using this key.


./sections/03_usage.tex:347: Package inputenc Error: Keyboard character used is
 undefined
(inputenc)                in inputencoding `utf-8'.

See the inputenc package documentation for explanation.
Type  H <return>  for immediate help.
 ...                                              
                                                  
l.347 │   └── 
                      ...
You need to provide a definition with \DeclareInputText 
or \DeclareInputMath before using this key.


./sections/03_usage.tex:347: Package inputenc Error: Keyboard character used is
 undefined
(inputenc)                in inputencoding `utf-8'.

See the inputenc package documentation for explanation.
Type  H <return>  for immediate help.
 ...                                              
                                                  
l.347 │   └── 
                      ...
You need to provide a definition with \DeclareInputText 
or \DeclareInputMath before using this key.


./sections/03_usage.tex:347: Package inputenc Error: Keyboard character used is
 undefined
(inputenc)                in inputencoding `utf-8'.

See the inputenc package documentation for explanation.
Type  H <return>  for immediate help.
 ...                                              
                                                  
l.347 │   └── 
                      ...
You need to provide a definition with \DeclareInputText 
or \DeclareInputMath before using this key.


./sections/03_usage.tex:347: Package inputenc Error: Keyboard character used is
 undefined
(inputenc)                in inputencoding `utf-8'.

See the inputenc package documentation for explanation.
Type  H <return>  for immediate help.
 ...                                              
                                                  
l.347 │   └── 
                      ...
You need to provide a definition with \DeclareInputText 
or \DeclareInputMath before using this key.


./sections/03_usage.tex:347: Package inputenc Error: Keyboard character used is
 undefined
(inputenc)                in inputencoding `utf-8'.

See the inputenc package documentation for explanation.
Type  H <return>  for immediate help.
 ...                                              
                                                  
l.347 │   └── 
                      ...
You need to provide a definition with \DeclareInputText 
or \DeclareInputMath before using this key.


./sections/03_usage.tex:347: Package inputenc Error: Keyboard character used is
 undefined
(inputenc)                in inputencoding `utf-8'.

See the inputenc package documentation for explanation.
Type  H <return>  for immediate help.
 ...                                              
                                                  
l.347 │   └── 
                      ...
You need to provide a definition with \DeclareInputText 
or \DeclareInputMath before using this key.


./sections/03_usage.tex:347: Package inputenc Error: Keyboard character used is
 undefined
(inputenc)                in inputencoding `utf-8'.

See the inputenc package documentation for explanation.
Type  H <return>  for immediate help.
 ...                                              
                                                  
l.347 │   └── 
                      ...
You need to provide a definition with \DeclareInputText 
or \DeclareInputMath before using this key.


./sections/03_usage.tex:347: Package inputenc Error: Keyboard character used is
 undefined
(inputenc)                in inputencoding `utf-8'.

See the inputenc package documentation for explanation.
Type  H <return>  for immediate help.
 ...                                              
                                                  
l.347 │   └── 
                      ...
You need to provide a definition with \DeclareInputText 
or \DeclareInputMath before using this key.


./sections/03_usage.tex:347: Package inputenc Error: Keyboard character used is
 undefined
(inputenc)                in inputencoding `utf-8'.

See the inputenc package documentation for explanation.
Type  H <return>  for immediate help.
 ...                                              
                                                  
l.347 │   └── 
                      ...
You need to provide a definition with \DeclareInputText 
or \DeclareInputMath before using this key.


./sections/03_usage.tex:348: Package inputenc Error: Keyboard character used is
 undefined
(inputenc)                in inputencoding `utf-8'.

See the inputenc package documentation for explanation.
Type  H <return>  for immediate help.
 ...                                              
                                                  
l.348 └── 
                test/
You need to provide a definition with \DeclareInputText 
or \DeclareInputMath before using this key.


./sections/03_usage.tex:348: Package inputenc Error: Keyboard character used is
 undefined
(inputenc)                in inputencoding `utf-8'.

See the inputenc package documentation for explanation.
Type  H <return>  for immediate help.
 ...                                              
                                                  
l.348 └── 
                test/
You need to provide a definition with \DeclareInputText 
or \DeclareInputMath before using this key.


./sections/03_usage.tex:348: Package inputenc Error: Keyboard character used is
 undefined
(inputenc)                in inputencoding `utf-8'.

See the inputenc package documentation for explanation.
Type  H <return>  for immediate help.
 ...                                              
                                                  
l.348 └── 
                test/
You need to provide a definition with \DeclareInputText 
or \DeclareInputMath before using this key.


./sections/03_usage.tex:348: Package inputenc Error: Keyboard character used is
 undefined
(inputenc)                in inputencoding `utf-8'.

See the inputenc package documentation for explanation.
Type  H <return>  for immediate help.
 ...                                              
                                                  
l.348 └── 
                test/
You need to provide a definition with \DeclareInputText 
or \DeclareInputMath before using this key.


./sections/03_usage.tex:348: Package inputenc Error: Keyboard character used is
 undefined
(inputenc)                in inputencoding `utf-8'.

See the inputenc package documentation for explanation.
Type  H <return>  for immediate help.
 ...                                              
                                                  
l.348 └── 
                test/
You need to provide a definition with \DeclareInputText 
or \DeclareInputMath before using this key.


./sections/03_usage.tex:348: Package inputenc Error: Keyboard character used is
 undefined
(inputenc)                in inputencoding `utf-8'.

See the inputenc package documentation for explanation.
Type  H <return>  for immediate help.
 ...                                              
                                                  
l.348 └── 
                test/
You need to provide a definition with \DeclareInputText 
or \DeclareInputMath before using this key.


./sections/03_usage.tex:348: Package inputenc Error: Keyboard character used is
 undefined
(inputenc)                in inputencoding `utf-8'.

See the inputenc package documentation for explanation.
Type  H <return>  for immediate help.
 ...                                              
                                                  
l.348 └── 
                test/
You need to provide a definition with \DeclareInputText 
or \DeclareInputMath before using this key.


./sections/03_usage.tex:348: Package inputenc Error: Keyboard character used is
 undefined
(inputenc)                in inputencoding `utf-8'.

See the inputenc package documentation for explanation.
Type  H <return>  for immediate help.
 ...                                              
                                                  
l.348 └── 
                test/
You need to provide a definition with \DeclareInputText 
or \DeclareInputMath before using this key.


./sections/03_usage.tex:348: Package inputenc Error: Keyboard character used is
 undefined
(inputenc)                in inputencoding `utf-8'.

See the inputenc package documentation for explanation.
Type  H <return>  for immediate help.
 ...                                              
                                                  
l.348 └── 
                test/
You need to provide a definition with \DeclareInputText 
or \DeclareInputMath before using this key.


./sections/03_usage.tex:349: Package inputenc Error: Keyboard character used is
 undefined
(inputenc)                in inputencoding `utf-8'.

See the inputenc package documentation for explanation.
Type  H <return>  for immediate help.
 ...                                              
                                                  
l.349     └── 
                    runtests.jl
You need to provide a definition with \DeclareInputText 
or \DeclareInputMath before using this key.


./sections/03_usage.tex:349: Package inputenc Error: Keyboard character used is
 undefined
(inputenc)                in inputencoding `utf-8'.

See the inputenc package documentation for explanation.
Type  H <return>  for immediate help.
 ...                                              
                                                  
l.349     └── 
                    runtests.jl
You need to provide a definition with \DeclareInputText 
or \DeclareInputMath before using this key.


./sections/03_usage.tex:349: Package inputenc Error: Keyboard character used is
 undefined
(inputenc)                in inputencoding `utf-8'.

See the inputenc package documentation for explanation.
Type  H <return>  for immediate help.
 ...                                              
                                                  
l.349     └── 
                    runtests.jl
You need to provide a definition with \DeclareInputText 
or \DeclareInputMath before using this key.


./sections/03_usage.tex:349: Package inputenc Error: Keyboard character used is
 undefined
(inputenc)                in inputencoding `utf-8'.

See the inputenc package documentation for explanation.
Type  H <return>  for immediate help.
 ...                                              
                                                  
l.349     └── 
                    runtests.jl
You need to provide a definition with \DeclareInputText 
or \DeclareInputMath before using this key.


./sections/03_usage.tex:349: Package inputenc Error: Keyboard character used is
 undefined
(inputenc)                in inputencoding `utf-8'.

See the inputenc package documentation for explanation.
Type  H <return>  for immediate help.
 ...                                              
                                                  
l.349     └── 
                    runtests.jl
You need to provide a definition with \DeclareInputText 
or \DeclareInputMath before using this key.


./sections/03_usage.tex:349: Package inputenc Error: Keyboard character used is
 undefined
(inputenc)                in inputencoding `utf-8'.

See the inputenc package documentation for explanation.
Type  H <return>  for immediate help.
 ...                                              
                                                  
l.349     └── 
                    runtests.jl
You need to provide a definition with \DeclareInputText 
or \DeclareInputMath before using this key.


./sections/03_usage.tex:349: Package inputenc Error: Keyboard character used is
 undefined
(inputenc)                in inputencoding `utf-8'.

See the inputenc package documentation for explanation.
Type  H <return>  for immediate help.
 ...                                              
                                                  
l.349     └── 
                    runtests.jl
You need to provide a definition with \DeclareInputText 
or \DeclareInputMath before using this key.


./sections/03_usage.tex:349: Package inputenc Error: Keyboard character used is
 undefined
(inputenc)                in inputencoding `utf-8'.

See the inputenc package documentation for explanation.
Type  H <return>  for immediate help.
 ...                                              
                                                  
l.349     └── 
                    runtests.jl
You need to provide a definition with \DeclareInputText 
or \DeclareInputMath before using this key.


./sections/03_usage.tex:349: Package inputenc Error: Keyboard character used is
 undefined
(inputenc)                in inputencoding `utf-8'.

See the inputenc package documentation for explanation.
Type  H <return>  for immediate help.
 ...                                              
                                                  
l.349     └── 
                    runtests.jl
You need to provide a definition with \DeclareInputText 
or \DeclareInputMath before using this key.


./sections/03_usage.tex:390: Package inputenc Error: Keyboard character used is
 undefined
(inputenc)                in inputencoding `utf-8'.

See the inputenc package documentation for explanation.
Type  H <return>  for immediate help.
 ...                                              
                                                  
l.390 ...e [Myr]", ylabel="Cloud Energy [10⁵⁰ 
                                                  erg]",
You need to provide a definition with \DeclareInputText 
or \DeclareInputMath before using this key.


./sections/03_usage.tex:390: Package inputenc Error: Keyboard character used is
 undefined
(inputenc)                in inputencoding `utf-8'.

See the inputenc package documentation for explanation.
Type  H <return>  for immediate help.
 ...                                              
                                                  
l.390 ...e [Myr]", ylabel="Cloud Energy [10⁵⁰ 
                                                  erg]",
You need to provide a definition with \DeclareInputText 
or \DeclareInputMath before using this key.


./sections/03_usage.tex:390: Package inputenc Error: Keyboard character used is
 undefined
(inputenc)                in inputencoding `utf-8'.

See the inputenc package documentation for explanation.
Type  H <return>  for immediate help.
 ...                                              
                                                  
l.390 ...e [Myr]", ylabel="Cloud Energy [10⁵⁰ 
                                                  erg]",
You need to provide a definition with \DeclareInputText 
or \DeclareInputMath before using this key.


./sections/03_usage.tex:390: Package inputenc Error: Keyboard character used is
 undefined
(inputenc)                in inputencoding `utf-8'.

See the inputenc package documentation for explanation.
Type  H <return>  for immediate help.
 ...                                              
                                                  
l.390 ...e [Myr]", ylabel="Cloud Energy [10⁵⁰ 
                                                  erg]",
You need to provide a definition with \DeclareInputText 
or \DeclareInputMath before using this key.


./sections/03_usage.tex:390: Package inputenc Error: Keyboard character used is
 undefined
(inputenc)                in inputencoding `utf-8'.

See the inputenc package documentation for explanation.
Type  H <return>  for immediate help.
 ...                                              
                                                  
l.390 ...e [Myr]", ylabel="Cloud Energy [10⁵⁰ 
                                                  erg]",
You need to provide a definition with \DeclareInputText 
or \DeclareInputMath before using this key.


./sections/03_usage.tex:390: Package inputenc Error: Keyboard character used is
 undefined
(inputenc)                in inputencoding `utf-8'.

See the inputenc package documentation for explanation.
Type  H <return>  for immediate help.
 ...                                              
                                                  
l.390 ...e [Myr]", ylabel="Cloud Energy [10⁵⁰ 
                                                  erg]",
You need to provide a definition with \DeclareInputText 
or \DeclareInputMath before using this key.


LaTeX Warning: Reference `LastPage' on page 19 undefined on input line 403.

[19]

LaTeX Warning: Reference `app:troubleshooting' on page 20 undefined on input li
ne 425.

) (./sections/04_examples.tex

LaTeX Warning: Reference `LastPage' on page 20 undefined on input line 39.

[20]

./sections/04_examples.tex:40: Package inputenc Error: Keyboard character used 
is undefined
(inputenc)                in inputencoding `utf-8'.

See the inputenc package documentation for explanation.
Type  H <return>  for immediate help.
 ...                                              
                                                  
l.40 M_cyg = 5.5        # M_⊙
                               
You need to provide a definition with \DeclareInputText 
or \DeclareInputMath before using this key.


./sections/04_examples.tex:40: Package inputenc Error: Keyboard character used 
is undefined
(inputenc)                in inputencoding `utf-8'.

See the inputenc package documentation for explanation.
Type  H <return>  for immediate help.
 ...                                              
                                                  
l.40 M_cyg = 5.5        # M_⊙
                               
You need to provide a definition with \DeclareInputText 
or \DeclareInputMath before using this key.


./sections/04_examples.tex:40: Package inputenc Error: Keyboard character used 
is undefined
(inputenc)                in inputencoding `utf-8'.

See the inputenc package documentation for explanation.
Type  H <return>  for immediate help.
 ...                                              
                                                  
l.40 M_cyg = 5.5        # M_⊙
                               
You need to provide a definition with \DeclareInputText 
or \DeclareInputMath before using this key.


./sections/04_examples.tex:66: Package inputenc Error: Keyboard character used 
is undefined
(inputenc)                in inputencoding `utf-8'.

See the inputenc package documentation for explanation.
Type  H <return>  for immediate help.
 ...                                              
                                                  
l.66 @printf "Spin reduction:        %6.3f (ΔΔa 
                                                  = %6.3f)\n" (a_initial - a...

You need to provide a definition with \DeclareInputText 
or \DeclareInputMath before using this key.


./sections/04_examples.tex:66: Package inputenc Error: Keyboard character used 
is undefined
(inputenc)                in inputencoding `utf-8'.

See the inputenc package documentation for explanation.
Type  H <return>  for immediate help.
 ...                                              
                                                  
l.66 @printf "Spin reduction:        %6.3f (ΔΔa 
                                                  = %6.3f)\n" (a_initial - a...

You need to provide a definition with \DeclareInputText 
or \DeclareInputMath before using this key.


./sections/04_examples.tex:66: Package inputenc Error: Keyboard character used 
is undefined
(inputenc)                in inputencoding `utf-8'.

See the inputenc package documentation for explanation.
Type  H <return>  for immediate help.
 ...                                              
                                                  
l.66 @printf "Spin reduction:        %6.3f (ΔΔa 
                                                  = %6.3f)\n" (a_initial - a...

You need to provide a definition with \DeclareInputText 
or \DeclareInputMath before using this key.


./sections/04_examples.tex:66: Package inputenc Error: Keyboard character used 
is undefined
(inputenc)                in inputencoding `utf-8'.

See the inputenc package documentation for explanation.
Type  H <return>  for immediate help.
 ...                                              
                                                  
l.66 @printf "Spin reduction:        %6.3f (ΔΔa 
                                                  = %6.3f)\n" (a_initial - a...

You need to provide a definition with \DeclareInputText 
or \DeclareInputMath before using this key.


./sections/04_examples.tex:67: Package inputenc Error: Keyboard character used 
is undefined
(inputenc)                in inputencoding `utf-8'.

See the inputenc package documentation for explanation.
Type  H <return>  for immediate help.
 ...                                              
                                                  
l.67 @printf "Observed spin ± 
                               error: %6.3f ± %6.3f\n" 0.95 0.10
You need to provide a definition with \DeclareInputText 
or \DeclareInputMath before using this key.


./sections/04_examples.tex:67: Package inputenc Error: Keyboard character used 
is undefined
(inputenc)                in inputencoding `utf-8'.

See the inputenc package documentation for explanation.
Type  H <return>  for immediate help.
 ...                                              
                                                  
l.67 @printf "Observed spin ± 
                               error: %6.3f ± %6.3f\n" 0.95 0.10
You need to provide a definition with \DeclareInputText 
or \DeclareInputMath before using this key.


./sections/04_examples.tex:67: Package inputenc Error: Keyboard character used 
is undefined
(inputenc)                in inputencoding `utf-8'.

See the inputenc package documentation for explanation.
Type  H <return>  for immediate help.
 ...                                              
                                                  
l.67 @printf "Observed spin ± error: %6.3f ± 
                                               %6.3f\n" 0.95 0.10
You need to provide a definition with \DeclareInputText 
or \DeclareInputMath before using this key.


./sections/04_examples.tex:67: Package inputenc Error: Keyboard character used 
is undefined
(inputenc)                in inputencoding `utf-8'.

See the inputenc package documentation for explanation.
Type  H <return>  for immediate help.
 ...                                              
                                                  
l.67 @printf "Observed spin ± error: %6.3f ± 
                                               %6.3f\n" 0.95 0.10
You need to provide a definition with \DeclareInputText 
or \DeclareInputMath before using this key.


./sections/04_examples.tex:70: Package inputenc Error: Keyboard character used 
is undefined
(inputenc)                in inputencoding `utf-8'.

See the inputenc package documentation for explanation.
Type  H <return>  for immediate help.
 ...                                              
                                                  
l.70     println("✓ 
                      CONSISTENT")
You need to provide a definition with \DeclareInputText 
or \DeclareInputMath before using this key.


./sections/04_examples.tex:70: Package inputenc Error: Keyboard character used 
is undefined
(inputenc)                in inputencoding `utf-8'.

See the inputenc package documentation for explanation.
Type  H <return>  for immediate help.
 ...                                              
                                                  
l.70     println("✓ 
                      CONSISTENT")
You need to provide a definition with \DeclareInputText 
or \DeclareInputMath before using this key.


./sections/04_examples.tex:70: Package inputenc Error: Keyboard character used 
is undefined
(inputenc)                in inputencoding `utf-8'.

See the inputenc package documentation for explanation.
Type  H <return>  for immediate help.
 ...                                              
                                                  
l.70     println("✓ 
                      CONSISTENT")
You need to provide a definition with \DeclareInputText 
or \DeclareInputMath before using this key.


./sections/04_examples.tex:72: Package inputenc Error: Keyboard character used 
is undefined
(inputenc)                in inputencoding `utf-8'.

See the inputenc package documentation for explanation.
Type  H <return>  for immediate help.
 ...                                              
                                                  
l.72     println("✗ 
                      EXCLUDED")
You need to provide a definition with \DeclareInputText 
or \DeclareInputMath before using this key.


./sections/04_examples.tex:72: Package inputenc Error: Keyboard character used 
is undefined
(inputenc)                in inputencoding `utf-8'.

See the inputenc package documentation for explanation.
Type  H <return>  for immediate help.
 ...                                              
                                                  
l.72     println("✗ 
                      EXCLUDED")
You need to provide a definition with \DeclareInputText 
or \DeclareInputMath before using this key.


./sections/04_examples.tex:72: Package inputenc Error: Keyboard character used 
is undefined
(inputenc)                in inputencoding `utf-8'.

See the inputenc package documentation for explanation.
Type  H <return>  for immediate help.
 ...                                              
                                                  
l.72     println("✗ 
                      EXCLUDED")
You need to provide a definition with \DeclareInputText 
or \DeclareInputMath before using this key.


./sections/04_examples.tex:88: Package inputenc Error: Keyboard character used 
is undefined
(inputenc)                in inputencoding `utf-8'.

See the inputenc package documentation for explanation.
Type  H <return>  for immediate help.
 ...                                              
                                                  
l.88 @printf "  Final mass:         %.3f M_⊙\n
                                                " M_final
You need to provide a definition with \DeclareInputText 
or \DeclareInputMath before using this key.


./sections/04_examples.tex:88: Package inputenc Error: Keyboard character used 
is undefined
(inputenc)                in inputencoding `utf-8'.

See the inputenc package documentation for explanation.
Type  H <return>  for immediate help.
 ...                                              
                                                  
l.88 @printf "  Final mass:         %.3f M_⊙\n
                                                " M_final
You need to provide a definition with \DeclareInputText 
or \DeclareInputMath before using this key.


./sections/04_examples.tex:88: Package inputenc Error: Keyboard character used 
is undefined
(inputenc)                in inputencoding `utf-8'.

See the inputenc package documentation for explanation.
Type  H <return>  for immediate help.
 ...                                              
                                                  
l.88 @printf "  Final mass:         %.3f M_⊙\n
                                                " M_final
You need to provide a definition with \DeclareInputText 
or \DeclareInputMath before using this key.


LaTeX Warning: Reference `LastPage' on page 21 undefined on input line 111.

[21]

./sections/04_examples.tex:111: Package inputenc Error: Keyboard character used
 is undefined
(inputenc)                in inputencoding `utf-8'.

See the inputenc package documentation for explanation.
Type  H <return>  for immediate help.
 ...                                              
                                                  
l.111 \end{verbatim}
                    
You need to provide a definition with \DeclareInputText 
or \DeclareInputMath before using this key.


./sections/04_examples.tex:111: Package inputenc Error: Keyboard character used
 is undefined
(inputenc)                in inputencoding `utf-8'.

See the inputenc package documentation for explanation.
Type  H <return>  for immediate help.
 ...                                              
                                                  
l.111 \end{verbatim}
                    
You need to provide a definition with \DeclareInputText 
or \DeclareInputMath before using this key.


./sections/04_examples.tex:111: Package inputenc Error: Keyboard character used
 is undefined
(inputenc)                in inputencoding `utf-8'.

See the inputenc package documentation for explanation.
Type  H <return>  for immediate help.
 ...                                              
                                                  
l.111 \end{verbatim}
                    
You need to provide a definition with \DeclareInputText 
or \DeclareInputMath before using this key.


./sections/04_examples.tex:111: Package inputenc Error: Keyboard character used
 is undefined
(inputenc)                in inputencoding `utf-8'.

See the inputenc package documentation for explanation.
Type  H <return>  for immediate help.
 ...                                              
                                                  
l.111 \end{verbatim}
                    
You need to provide a definition with \DeclareInputText 
or \DeclareInputMath before using this key.


./sections/04_examples.tex:111: Package inputenc Error: Keyboard character used
 is undefined
(inputenc)                in inputencoding `utf-8'.

See the inputenc package documentation for explanation.
Type  H <return>  for immediate help.
 ...                                              
                                                  
l.111 \end{verbatim}
                    
You need to provide a definition with \DeclareInputText 
or \DeclareInputMath before using this key.


./sections/04_examples.tex:111: Package inputenc Error: Keyboard character used
 is undefined
(inputenc)                in inputencoding `utf-8'.

See the inputenc package documentation for explanation.
Type  H <return>  for immediate help.
 ...                                              
                                                  
l.111 \end{verbatim}
                    
You need to provide a definition with \DeclareInputText 
or \DeclareInputMath before using this key.


./sections/04_examples.tex:111: Package inputenc Error: Keyboard character used
 is undefined
(inputenc)                in inputencoding `utf-8'.

See the inputenc package documentation for explanation.
Type  H <return>  for immediate help.
 ...                                              
                                                  
l.111 \end{verbatim}
                    
You need to provide a definition with \DeclareInputText 
or \DeclareInputMath before using this key.


./sections/04_examples.tex:111: Package inputenc Error: Keyboard character used
 is undefined
(inputenc)                in inputencoding `utf-8'.

See the inputenc package documentation for explanation.
Type  H <return>  for immediate help.
 ...                                              
                                                  
l.111 \end{verbatim}
                    
You need to provide a definition with \DeclareInputText 
or \DeclareInputMath before using this key.


./sections/04_examples.tex:111: Package inputenc Error: Keyboard character used
 is undefined
(inputenc)                in inputencoding `utf-8'.

See the inputenc package documentation for explanation.
Type  H <return>  for immediate help.
 ...                                              
                                                  
l.111 \end{verbatim}
                    
You need to provide a definition with \DeclareInputText 
or \DeclareInputMath before using this key.


./sections/04_examples.tex:111: Package inputenc Error: Keyboard character used
 is undefined
(inputenc)                in inputencoding `utf-8'.

See the inputenc package documentation for explanation.
Type  H <return>  for immediate help.
 ...                                              
                                                  
l.111 \end{verbatim}
                    
You need to provide a definition with \DeclareInputText 
or \DeclareInputMath before using this key.


./sections/04_examples.tex:111: Package inputenc Error: Keyboard character used
 is undefined
(inputenc)                in inputencoding `utf-8'.

See the inputenc package documentation for explanation.
Type  H <return>  for immediate help.
 ...                                              
                                                  
l.111 \end{verbatim}
                    
You need to provide a definition with \DeclareInputText 
or \DeclareInputMath before using this key.


./sections/04_examples.tex:111: Package inputenc Error: Keyboard character used
 is undefined
(inputenc)                in inputencoding `utf-8'.

See the inputenc package documentation for explanation.
Type  H <return>  for immediate help.
 ...                                              
                                                  
l.111 \end{verbatim}
                    
You need to provide a definition with \DeclareInputText 
or \DeclareInputMath before using this key.


./sections/04_examples.tex:111: Package inputenc Error: Keyboard character used
 is undefined
(inputenc)                in inputencoding `utf-8'.

See the inputenc package documentation for explanation.
Type  H <return>  for immediate help.
 ...                                              
                                                  
l.111 \end{verbatim}
                    
You need to provide a definition with \DeclareInputText 
or \DeclareInputMath before using this key.


./sections/04_examples.tex:111: Package inputenc Error: Keyboard character used
 is undefined
(inputenc)                in inputencoding `utf-8'.

See the inputenc package documentation for explanation.
Type  H <return>  for immediate help.
 ...                                              
                                                  
l.111 \end{verbatim}
                    
You need to provide a definition with \DeclareInputText 
or \DeclareInputMath before using this key.


./sections/04_examples.tex:140: Package inputenc Error: Keyboard character used
 is undefined
(inputenc)                in inputencoding `utf-8'.

See the inputenc package documentation for explanation.
Type  H <return>  for immediate help.
 ...                                              
                                                  
l.140     σ_a 
               = [0.10, 0.05, 0.20, 0.25],
You need to provide a definition with \DeclareInputText 
or \DeclareInputMath before using this key.


./sections/04_examples.tex:140: Package inputenc Error: Keyboard character used
 is undefined
(inputenc)                in inputencoding `utf-8'.

See the inputenc package documentation for explanation.
Type  H <return>  for immediate help.
 ...                                              
                                                  
l.140     σ_a 
               = [0.10, 0.05, 0.20, 0.25],
You need to provide a definition with \DeclareInputText 
or \DeclareInputMath before using this key.


LaTeX Warning: Reference `LastPage' on page 22 undefined on input line 145.

[22]

./sections/04_examples.tex:154: Package inputenc Error: Keyboard character used
 is undefined
(inputenc)                in inputencoding `utf-8'.

See the inputenc package documentation for explanation.
Type  H <return>  for immediate help.
 ...                                              
                                                  
l.154 ... parameter space ($(length(m_a_grid)) × 
                                                  $(length(f_a_grid)) = $(le...

You need to provide a definition with \DeclareInputText 
or \DeclareInputMath before using this key.


./sections/04_examples.tex:154: Package inputenc Error: Keyboard character used
 is undefined
(inputenc)                in inputencoding `utf-8'.

See the inputenc package documentation for explanation.
Type  H <return>  for immediate help.
 ...                                              
                                                  
l.154 ... parameter space ($(length(m_a_grid)) × 
                                                  $(length(f_a_grid)) = $(le...

You need to provide a definition with \DeclareInputText 
or \DeclareInputMath before using this key.


./sections/04_examples.tex:174: Package inputenc Error: Keyboard character used
 is undefined
(inputenc)                in inputencoding `utf-8'.

See the inputenc package documentation for explanation.
Type  H <return>  for immediate help.
 ...                                              
                                                  
l.174 ...2_bh += ((row.a_obs - a_pred) / row.σ_a)
                                                  ^2
You need to provide a definition with \DeclareInputText 
or \DeclareInputMath before using this key.


./sections/04_examples.tex:174: Package inputenc Error: Keyboard character used
 is undefined
(inputenc)                in inputencoding `utf-8'.

See the inputenc package documentation for explanation.
Type  H <return>  for immediate help.
 ...                                              
                                                  
l.174 ...2_bh += ((row.a_obs - a_pred) / row.σ_a)
                                                  ^2
You need to provide a definition with \DeclareInputText 
or \DeclareInputMath before using this key.


./sections/04_examples.tex:193: Package inputenc Error: Keyboard character used
 is undefined
(inputenc)                in inputencoding `utf-8'.

See the inputenc package documentation for explanation.
Type  H <return>  for immediate help.
 ...                                              
                                                  
l.193     xlabel = "log₁₀(
                              f_a / GeV)",
You need to provide a definition with \DeclareInputText 
or \DeclareInputMath before using this key.


./sections/04_examples.tex:193: Package inputenc Error: Keyboard character used
 is undefined
(inputenc)                in inputencoding `utf-8'.

See the inputenc package documentation for explanation.
Type  H <return>  for immediate help.
 ...                                              
                                                  
l.193     xlabel = "log₁₀(
                              f_a / GeV)",
You need to provide a definition with \DeclareInputText 
or \DeclareInputMath before using this key.


./sections/04_examples.tex:193: Package inputenc Error: Keyboard character used
 is undefined
(inputenc)                in inputencoding `utf-8'.

See the inputenc package documentation for explanation.
Type  H <return>  for immediate help.
 ...                                              
                                                  
l.193     xlabel = "log₁₀(
                              f_a / GeV)",
You need to provide a definition with \DeclareInputText 
or \DeclareInputMath before using this key.


./sections/04_examples.tex:193: Package inputenc Error: Keyboard character used
 is undefined
(inputenc)                in inputencoding `utf-8'.

See the inputenc package documentation for explanation.
Type  H <return>  for immediate help.
 ...                                              
                                                  
l.193     xlabel = "log₁₀(
                              f_a / GeV)",
You need to provide a definition with \DeclareInputText 
or \DeclareInputMath before using this key.


./sections/04_examples.tex:193: Package inputenc Error: Keyboard character used
 is undefined
(inputenc)                in inputencoding `utf-8'.

See the inputenc package documentation for explanation.
Type  H <return>  for immediate help.
 ...                                              
                                                  
l.193     xlabel = "log₁₀(
                              f_a / GeV)",
You need to provide a definition with \DeclareInputText 
or \DeclareInputMath before using this key.


./sections/04_examples.tex:193: Package inputenc Error: Keyboard character used
 is undefined
(inputenc)                in inputencoding `utf-8'.

See the inputenc package documentation for explanation.
Type  H <return>  for immediate help.
 ...                                              
                                                  
l.193     xlabel = "log₁₀(
                              f_a / GeV)",
You need to provide a definition with \DeclareInputText 
or \DeclareInputMath before using this key.


./sections/04_examples.tex:194: Package inputenc Error: Keyboard character used
 is undefined
(inputenc)                in inputencoding `utf-8'.

See the inputenc package documentation for explanation.
Type  H <return>  for immediate help.
 ...                                              
                                                  
l.194     ylabel = "log₁₀(
                              m_a / eV)",
You need to provide a definition with \DeclareInputText 
or \DeclareInputMath before using this key.


./sections/04_examples.tex:194: Package inputenc Error: Keyboard character used
 is undefined
(inputenc)                in inputencoding `utf-8'.

See the inputenc package documentation for explanation.
Type  H <return>  for immediate help.
 ...                                              
                                                  
l.194     ylabel = "log₁₀(
                              m_a / eV)",
You need to provide a definition with \DeclareInputText 
or \DeclareInputMath before using this key.


./sections/04_examples.tex:194: Package inputenc Error: Keyboard character used
 is undefined
(inputenc)                in inputencoding `utf-8'.

See the inputenc package documentation for explanation.
Type  H <return>  for immediate help.
 ...                                              
                                                  
l.194     ylabel = "log₁₀(
                              m_a / eV)",
You need to provide a definition with \DeclareInputText 
or \DeclareInputMath before using this key.


./sections/04_examples.tex:194: Package inputenc Error: Keyboard character used
 is undefined
(inputenc)                in inputencoding `utf-8'.

See the inputenc package documentation for explanation.
Type  H <return>  for immediate help.
 ...                                              
                                                  
l.194     ylabel = "log₁₀(
                              m_a / eV)",
You need to provide a definition with \DeclareInputText 
or \DeclareInputMath before using this key.


./sections/04_examples.tex:194: Package inputenc Error: Keyboard character used
 is undefined
(inputenc)                in inputencoding `utf-8'.

See the inputenc package documentation for explanation.
Type  H <return>  for immediate help.
 ...                                              
                                                  
l.194     ylabel = "log₁₀(
                              m_a / eV)",
You need to provide a definition with \DeclareInputText 
or \DeclareInputMath before using this key.


./sections/04_examples.tex:194: Package inputenc Error: Keyboard character used
 is undefined
(inputenc)                in inputencoding `utf-8'.

See the inputenc package documentation for explanation.
Type  H <return>  for immediate help.
 ...                                              
                                                  
l.194     ylabel = "log₁₀(
                              m_a / eV)",
You need to provide a definition with \DeclareInputText 
or \DeclareInputMath before using this key.


./sections/04_examples.tex:195: Package inputenc Error: Keyboard character used
 is undefined
(inputenc)                in inputencoding `utf-8'.

See the inputenc package documentation for explanation.
Type  H <return>  for immediate help.
 ...                                              
                                                  
l.195 ... = "Axion Parameter Space: Bayesian χ² 
                                                  Analysis",
You need to provide a definition with \DeclareInputText 
or \DeclareInputMath before using this key.


./sections/04_examples.tex:195: Package inputenc Error: Keyboard character used
 is undefined
(inputenc)                in inputencoding `utf-8'.

See the inputenc package documentation for explanation.
Type  H <return>  for immediate help.
 ...                                              
                                                  
l.195 ... = "Axion Parameter Space: Bayesian χ² 
                                                  Analysis",
You need to provide a definition with \DeclareInputText 
or \DeclareInputMath before using this key.


./sections/04_examples.tex:195: Package inputenc Error: Keyboard character used
 is undefined
(inputenc)                in inputencoding `utf-8'.

See the inputenc package documentation for explanation.
Type  H <return>  for immediate help.
 ...                                              
                                                  
l.195 ... = "Axion Parameter Space: Bayesian χ² 
                                                  Analysis",
You need to provide a definition with \DeclareInputText 
or \DeclareInputMath before using this key.


./sections/04_examples.tex:195: Package inputenc Error: Keyboard character used
 is undefined
(inputenc)                in inputencoding `utf-8'.

See the inputenc package documentation for explanation.
Type  H <return>  for immediate help.
 ...                                              
                                                  
l.195 ... = "Axion Parameter Space: Bayesian χ² 
                                                  Analysis",
You need to provide a definition with \DeclareInputText 
or \DeclareInputMath before using this key.


LaTeX Warning: Reference `LastPage' on page 23 undefined on input line 201.

[23]

./sections/04_examples.tex:223: Package inputenc Error: Keyboard character used
 is undefined
(inputenc)                in inputencoding `utf-8'.

See the inputenc package documentation for explanation.
Type  H <return>  for immediate help.
 ...                                              
                                                  
l.223 @printf "  χ² 
                      = %.1f\n" chi2_map[best_i, best_j]
You need to provide a definition with \DeclareInputText 
or \DeclareInputMath before using this key.


./sections/04_examples.tex:223: Package inputenc Error: Keyboard character used
 is undefined
(inputenc)                in inputencoding `utf-8'.

See the inputenc package documentation for explanation.
Type  H <return>  for immediate help.
 ...                                              
                                                  
l.223 @printf "  χ² 
                      = %.1f\n" chi2_map[best_i, best_j]
You need to provide a definition with \DeclareInputText 
or \DeclareInputMath before using this key.


./sections/04_examples.tex:223: Package inputenc Error: Keyboard character used
 is undefined
(inputenc)                in inputencoding `utf-8'.

See the inputenc package documentation for explanation.
Type  H <return>  for immediate help.
 ...                                              
                                                  
l.223 @printf "  χ² 
                      = %.1f\n" chi2_map[best_i, best_j]
You need to provide a definition with \DeclareInputText 
or \DeclareInputMath before using this key.


./sections/04_examples.tex:223: Package inputenc Error: Keyboard character used
 is undefined
(inputenc)                in inputencoding `utf-8'.

See the inputenc package documentation for explanation.
Type  H <return>  for immediate help.
 ...                                              
                                                  
l.223 @printf "  χ² 
                      = %.1f\n" chi2_map[best_i, best_j]
You need to provide a definition with \DeclareInputText 
or \DeclareInputMath before using this key.


LaTeX Warning: Reference `LastPage' on page 24 undefined on input line 257.

[24]

./sections/04_examples.tex:260: Package inputenc Error: Keyboard character used
 is undefined
(inputenc)                in inputencoding `utf-8'.

See the inputenc package documentation for explanation.
Type  H <return>  for immediate help.
 ...                                              
                                                  
l.260 ... chi2 = ((row.a_obs - a_pred) / row.σ_a)
                                                  ^2
You need to provide a definition with \DeclareInputText 
or \DeclareInputMath before using this key.


./sections/04_examples.tex:260: Package inputenc Error: Keyboard character used
 is undefined
(inputenc)                in inputencoding `utf-8'.

See the inputenc package documentation for explanation.
Type  H <return>  for immediate help.
 ...                                              
                                                  
l.260 ... chi2 = ((row.a_obs - a_pred) / row.σ_a)
                                                  ^2
You need to provide a definition with \DeclareInputText 
or \DeclareInputMath before using this key.


LaTeX Warning: Reference `LastPage' on page 25 undefined on input line 318.

[25]

LaTeX Warning: Reference `LastPage' on page 26 undefined on input line 375.

[26]

LaTeX Warning: Reference `LastPage' on page 27 undefined on input line 431.

[27]

./sections/04_examples.tex:434: Package inputenc Error: Keyboard character used
 is undefined
(inputenc)                in inputencoding `utf-8'.

See the inputenc package documentation for explanation.
Type  H <return>  for immediate help.
 ...                                              
                                                  
l.434         @printf "  %10s → 
                                  a_final = %.3f\n" "$val" final
You need to provide a definition with \DeclareInputText 
or \DeclareInputMath before using this key.


./sections/04_examples.tex:434: Package inputenc Error: Keyboard character used
 is undefined
(inputenc)                in inputencoding `utf-8'.

See the inputenc package documentation for explanation.
Type  H <return>  for immediate help.
 ...                                              
                                                  
l.434         @printf "  %10s → 
                                  a_final = %.3f\n" "$val" final
You need to provide a definition with \DeclareInputText 
or \DeclareInputMath before using this key.


./sections/04_examples.tex:434: Package inputenc Error: Keyboard character used
 is undefined
(inputenc)                in inputencoding `utf-8'.

See the inputenc package documentation for explanation.
Type  H <return>  for immediate help.
 ...                                              
                                                  
l.434         @printf "  %10s → 
                                  a_final = %.3f\n" "$val" final
You need to provide a definition with \DeclareInputText 
or \DeclareInputMath before using this key.

) (./appendices/A_mathematics.tex

LaTeX Warning: Reference `LastPage' on page 28 undefined on input line 44.

[28]

LaTeX Warning: Reference `LastPage' on page 29 undefined on input line 111.

[29]

LaTeX Warning: Reference `LastPage' on page 30 undefined on input line 180.

[30]) (./appendices/B_rate_tables.tex

./appendices/B_rate_tables.tex:23: Package inputenc Error: Keyboard character u
sed is undefined
(inputenc)                in inputencoding `utf-8'.

See the inputenc package documentation for explanation.
Type  H <return>  for immediate help.
 ...                                              
                                                  
l.23 ├── 
               Imag_erg_pos_*.npz          # Superradiant growth (ω_I > 0)
You need to provide a definition with \DeclareInputText 
or \DeclareInputMath before using this key.


./appendices/B_rate_tables.tex:23: Package inputenc Error: Keyboard character u
sed is undefined
(inputenc)                in inputencoding `utf-8'.

See the inputenc package documentation for explanation.
Type  H <return>  for immediate help.
 ...                                              
                                                  
l.23 ├── 
               Imag_erg_pos_*.npz          # Superradiant growth (ω_I > 0)
You need to provide a definition with \DeclareInputText 
or \DeclareInputMath before using this key.


./appendices/B_rate_tables.tex:23: Package inputenc Error: Keyboard character u
sed is undefined
(inputenc)                in inputencoding `utf-8'.

See the inputenc package documentation for explanation.
Type  H <return>  for immediate help.
 ...                                              
                                                  
l.23 ├── 
               Imag_erg_pos_*.npz          # Superradiant growth (ω_I > 0)
You need to provide a definition with \DeclareInputText 
or \DeclareInputMath before using this key.


./appendices/B_rate_tables.tex:23: Package inputenc Error: Keyboard character u
sed is undefined
(inputenc)                in inputencoding `utf-8'.

See the inputenc package documentation for explanation.
Type  H <return>  for immediate help.
 ...                                              
                                                  
l.23 ├── 
               Imag_erg_pos_*.npz          # Superradiant growth (ω_I > 0)
You need to provide a definition with \DeclareInputText 
or \DeclareInputMath before using this key.


./appendices/B_rate_tables.tex:23: Package inputenc Error: Keyboard character u
sed is undefined
(inputenc)                in inputencoding `utf-8'.

See the inputenc package documentation for explanation.
Type  H <return>  for immediate help.
 ...                                              
                                                  
l.23 ├── 
               Imag_erg_pos_*.npz          # Superradiant growth (ω_I > 0)
You need to provide a definition with \DeclareInputText 
or \DeclareInputMath before using this key.


./appendices/B_rate_tables.tex:23: Package inputenc Error: Keyboard character u
sed is undefined
(inputenc)                in inputencoding `utf-8'.

See the inputenc package documentation for explanation.
Type  H <return>  for immediate help.
 ...                                              
                                                  
l.23 ├── 
               Imag_erg_pos_*.npz          # Superradiant growth (ω_I > 0)
You need to provide a definition with \DeclareInputText 
or \DeclareInputMath before using this key.


./appendices/B_rate_tables.tex:23: Package inputenc Error: Keyboard character u
sed is undefined
(inputenc)                in inputencoding `utf-8'.

See the inputenc package documentation for explanation.
Type  H <return>  for immediate help.
 ...                                              
                                                  
l.23 ├── 
               Imag_erg_pos_*.npz          # Superradiant growth (ω_I > 0)
You need to provide a definition with \DeclareInputText 
or \DeclareInputMath before using this key.


./appendices/B_rate_tables.tex:23: Package inputenc Error: Keyboard character u
sed is undefined
(inputenc)                in inputencoding `utf-8'.

See the inputenc package documentation for explanation.
Type  H <return>  for immediate help.
 ...                                              
                                                  
l.23 ├── 
               Imag_erg_pos_*.npz          # Superradiant growth (ω_I > 0)
You need to provide a definition with \DeclareInputText 
or \DeclareInputMath before using this key.


./appendices/B_rate_tables.tex:23: Package inputenc Error: Keyboard character u
sed is undefined
(inputenc)                in inputencoding `utf-8'.

See the inputenc package documentation for explanation.
Type  H <return>  for immediate help.
 ...                                              
                                                  
l.23 ├── 
               Imag_erg_pos_*.npz          # Superradiant growth (ω_I > 0)
You need to provide a definition with \DeclareInputText 
or \DeclareInputMath before using this key.


./appendices/B_rate_tables.tex:23: Package inputenc Error: Keyboard character u
sed is undefined
(inputenc)                in inputencoding `utf-8'.

See the inputenc package documentation for explanation.
Type  H <return>  for immediate help.
 ...                                              
                                                  
l.23 ....npz          # Superradiant growth (ω_I 
                                                  > 0)
You need to provide a definition with \DeclareInputText 
or \DeclareInputMath before using this key.


./appendices/B_rate_tables.tex:23: Package inputenc Error: Keyboard character u
sed is undefined
(inputenc)                in inputencoding `utf-8'.

See the inputenc package documentation for explanation.
Type  H <return>  for immediate help.
 ...                                              
                                                  
l.23 ....npz          # Superradiant growth (ω_I 
                                                  > 0)
You need to provide a definition with \DeclareInputText 
or \DeclareInputMath before using this key.


./appendices/B_rate_tables.tex:24: Package inputenc Error: Keyboard character u
sed is undefined
(inputenc)                in inputencoding `utf-8'.

See the inputenc package documentation for explanation.
Type  H <return>  for immediate help.
 ...                                              
                                                  
l.24 ├── 
               Imag_erg_neg_*.npz          # Evanescent decay (ω_I < 0)
You need to provide a definition with \DeclareInputText 
or \DeclareInputMath before using this key.


./appendices/B_rate_tables.tex:24: Package inputenc Error: Keyboard character u
sed is undefined
(inputenc)                in inputencoding `utf-8'.

See the inputenc package documentation for explanation.
Type  H <return>  for immediate help.
 ...                                              
                                                  
l.24 ├── 
               Imag_erg_neg_*.npz          # Evanescent decay (ω_I < 0)
You need to provide a definition with \DeclareInputText 
or \DeclareInputMath before using this key.


./appendices/B_rate_tables.tex:24: Package inputenc Error: Keyboard character u
sed is undefined
(inputenc)                in inputencoding `utf-8'.

See the inputenc package documentation for explanation.
Type  H <return>  for immediate help.
 ...                                              
                                                  
l.24 ├── 
               Imag_erg_neg_*.npz          # Evanescent decay (ω_I < 0)
You need to provide a definition with \DeclareInputText 
or \DeclareInputMath before using this key.


./appendices/B_rate_tables.tex:24: Package inputenc Error: Keyboard character u
sed is undefined
(inputenc)                in inputencoding `utf-8'.

See the inputenc package documentation for explanation.
Type  H <return>  for immediate help.
 ...                                              
                                                  
l.24 ├── 
               Imag_erg_neg_*.npz          # Evanescent decay (ω_I < 0)
You need to provide a definition with \DeclareInputText 
or \DeclareInputMath before using this key.


./appendices/B_rate_tables.tex:24: Package inputenc Error: Keyboard character u
sed is undefined
(inputenc)                in inputencoding `utf-8'.

See the inputenc package documentation for explanation.
Type  H <return>  for immediate help.
 ...                                              
                                                  
l.24 ├── 
               Imag_erg_neg_*.npz          # Evanescent decay (ω_I < 0)
You need to provide a definition with \DeclareInputText 
or \DeclareInputMath before using this key.


./appendices/B_rate_tables.tex:24: Package inputenc Error: Keyboard character u
sed is undefined
(inputenc)                in inputencoding `utf-8'.

See the inputenc package documentation for explanation.
Type  H <return>  for immediate help.
 ...                                              
                                                  
l.24 ├── 
               Imag_erg_neg_*.npz          # Evanescent decay (ω_I < 0)
You need to provide a definition with \DeclareInputText 
or \DeclareInputMath before using this key.


./appendices/B_rate_tables.tex:24: Package inputenc Error: Keyboard character u
sed is undefined
(inputenc)                in inputencoding `utf-8'.

See the inputenc package documentation for explanation.
Type  H <return>  for immediate help.
 ...                                              
                                                  
l.24 ├── 
               Imag_erg_neg_*.npz          # Evanescent decay (ω_I < 0)
You need to provide a definition with \DeclareInputText 
or \DeclareInputMath before using this key.


./appendices/B_rate_tables.tex:24: Package inputenc Error: Keyboard character u
sed is undefined
(inputenc)                in inputencoding `utf-8'.

See the inputenc package documentation for explanation.
Type  H <return>  for immediate help.
 ...                                              
                                                  
l.24 ├── 
               Imag_erg_neg_*.npz          # Evanescent decay (ω_I < 0)
You need to provide a definition with \DeclareInputText 
or \DeclareInputMath before using this key.


./appendices/B_rate_tables.tex:24: Package inputenc Error: Keyboard character u
sed is undefined
(inputenc)                in inputencoding `utf-8'.

See the inputenc package documentation for explanation.
Type  H <return>  for immediate help.
 ...                                              
                                                  
l.24 ├── 
               Imag_erg_neg_*.npz          # Evanescent decay (ω_I < 0)
You need to provide a definition with \DeclareInputText 
or \DeclareInputMath before using this key.


./appendices/B_rate_tables.tex:24: Package inputenc Error: Keyboard character u
sed is undefined
(inputenc)                in inputencoding `utf-8'.

See the inputenc package documentation for explanation.
Type  H <return>  for immediate help.
 ...                                              
                                                  
l.24 ...g_*.npz          # Evanescent decay (ω_I 
                                                  < 0)
You need to provide a definition with \DeclareInputText 
or \DeclareInputMath before using this key.


./appendices/B_rate_tables.tex:24: Package inputenc Error: Keyboard character u
sed is undefined
(inputenc)                in inputencoding `utf-8'.

See the inputenc package documentation for explanation.
Type  H <return>  for immediate help.
 ...                                              
                                                  
l.24 ...g_*.npz          # Evanescent decay (ω_I 
                                                  < 0)
You need to provide a definition with \DeclareInputText 
or \DeclareInputMath before using this key.


./appendices/B_rate_tables.tex:25: Package inputenc Error: Keyboard character u
sed is undefined
(inputenc)                in inputencoding `utf-8'.

See the inputenc package documentation for explanation.
Type  H <return>  for immediate help.
 ...                                              
                                                  
l.25 ├── 
               Imag_ergC_pos_*.npz         # Chebyshev-interpolated versions
You need to provide a definition with \DeclareInputText 
or \DeclareInputMath before using this key.


./appendices/B_rate_tables.tex:25: Package inputenc Error: Keyboard character u
sed is undefined
(inputenc)                in inputencoding `utf-8'.

See the inputenc package documentation for explanation.
Type  H <return>  for immediate help.
 ...                                              
                                                  
l.25 ├── 
               Imag_ergC_pos_*.npz         # Chebyshev-interpolated versions
You need to provide a definition with \DeclareInputText 
or \DeclareInputMath before using this key.


./appendices/B_rate_tables.tex:25: Package inputenc Error: Keyboard character u
sed is undefined
(inputenc)                in inputencoding `utf-8'.

See the inputenc package documentation for explanation.
Type  H <return>  for immediate help.
 ...                                              
                                                  
l.25 ├── 
               Imag_ergC_pos_*.npz         # Chebyshev-interpolated versions
You need to provide a definition with \DeclareInputText 
or \DeclareInputMath before using this key.


./appendices/B_rate_tables.tex:25: Package inputenc Error: Keyboard character u
sed is undefined
(inputenc)                in inputencoding `utf-8'.

See the inputenc package documentation for explanation.
Type  H <return>  for immediate help.
 ...                                              
                                                  
l.25 ├── 
               Imag_ergC_pos_*.npz         # Chebyshev-interpolated versions
You need to provide a definition with \DeclareInputText 
or \DeclareInputMath before using this key.


./appendices/B_rate_tables.tex:25: Package inputenc Error: Keyboard character u
sed is undefined
(inputenc)                in inputencoding `utf-8'.

See the inputenc package documentation for explanation.
Type  H <return>  for immediate help.
 ...                                              
                                                  
l.25 ├── 
               Imag_ergC_pos_*.npz         # Chebyshev-interpolated versions
You need to provide a definition with \DeclareInputText 
or \DeclareInputMath before using this key.


./appendices/B_rate_tables.tex:25: Package inputenc Error: Keyboard character u
sed is undefined
(inputenc)                in inputencoding `utf-8'.

See the inputenc package documentation for explanation.
Type  H <return>  for immediate help.
 ...                                              
                                                  
l.25 ├── 
               Imag_ergC_pos_*.npz         # Chebyshev-interpolated versions
You need to provide a definition with \DeclareInputText 
or \DeclareInputMath before using this key.


./appendices/B_rate_tables.tex:25: Package inputenc Error: Keyboard character u
sed is undefined
(inputenc)                in inputencoding `utf-8'.

See the inputenc package documentation for explanation.
Type  H <return>  for immediate help.
 ...                                              
                                                  
l.25 ├── 
               Imag_ergC_pos_*.npz         # Chebyshev-interpolated versions
You need to provide a definition with \DeclareInputText 
or \DeclareInputMath before using this key.


./appendices/B_rate_tables.tex:25: Package inputenc Error: Keyboard character u
sed is undefined
(inputenc)                in inputencoding `utf-8'.

See the inputenc package documentation for explanation.
Type  H <return>  for immediate help.
 ...                                              
                                                  
l.25 ├── 
               Imag_ergC_pos_*.npz         # Chebyshev-interpolated versions
You need to provide a definition with \DeclareInputText 
or \DeclareInputMath before using this key.


./appendices/B_rate_tables.tex:25: Package inputenc Error: Keyboard character u
sed is undefined
(inputenc)                in inputencoding `utf-8'.

See the inputenc package documentation for explanation.
Type  H <return>  for immediate help.
 ...                                              
                                                  
l.25 ├── 
               Imag_ergC_pos_*.npz         # Chebyshev-interpolated versions
You need to provide a definition with \DeclareInputText 
or \DeclareInputMath before using this key.


./appendices/B_rate_tables.tex:26: Package inputenc Error: Keyboard character u
sed is undefined
(inputenc)                in inputencoding `utf-8'.

See the inputenc package documentation for explanation.
Type  H <return>  for immediate help.
 ...                                              
                                                  
l.26 ├── 
               Real_erg_*.npz              # Real parts ω_R
You need to provide a definition with \DeclareInputText 
or \DeclareInputMath before using this key.


./appendices/B_rate_tables.tex:26: Package inputenc Error: Keyboard character u
sed is undefined
(inputenc)                in inputencoding `utf-8'.

See the inputenc package documentation for explanation.
Type  H <return>  for immediate help.
 ...                                              
                                                  
l.26 ├── 
               Real_erg_*.npz              # Real parts ω_R
You need to provide a definition with \DeclareInputText 
or \DeclareInputMath before using this key.


./appendices/B_rate_tables.tex:26: Package inputenc Error: Keyboard character u
sed is undefined
(inputenc)                in inputencoding `utf-8'.

See the inputenc package documentation for explanation.
Type  H <return>  for immediate help.
 ...                                              
                                                  
l.26 ├── 
               Real_erg_*.npz              # Real parts ω_R
You need to provide a definition with \DeclareInputText 
or \DeclareInputMath before using this key.


./appendices/B_rate_tables.tex:26: Package inputenc Error: Keyboard character u
sed is undefined
(inputenc)                in inputencoding `utf-8'.

See the inputenc package documentation for explanation.
Type  H <return>  for immediate help.
 ...                                              
                                                  
l.26 ├── 
               Real_erg_*.npz              # Real parts ω_R
You need to provide a definition with \DeclareInputText 
or \DeclareInputMath before using this key.


./appendices/B_rate_tables.tex:26: Package inputenc Error: Keyboard character u
sed is undefined
(inputenc)                in inputencoding `utf-8'.

See the inputenc package documentation for explanation.
Type  H <return>  for immediate help.
 ...                                              
                                                  
l.26 ├── 
               Real_erg_*.npz              # Real parts ω_R
You need to provide a definition with \DeclareInputText 
or \DeclareInputMath before using this key.


./appendices/B_rate_tables.tex:26: Package inputenc Error: Keyboard character u
sed is undefined
(inputenc)                in inputencoding `utf-8'.

See the inputenc package documentation for explanation.
Type  H <return>  for immediate help.
 ...                                              
                                                  
l.26 ├── 
               Real_erg_*.npz              # Real parts ω_R
You need to provide a definition with \DeclareInputText 
or \DeclareInputMath before using this key.


./appendices/B_rate_tables.tex:26: Package inputenc Error: Keyboard character u
sed is undefined
(inputenc)                in inputencoding `utf-8'.

See the inputenc package documentation for explanation.
Type  H <return>  for immediate help.
 ...                                              
                                                  
l.26 ├── 
               Real_erg_*.npz              # Real parts ω_R
You need to provide a definition with \DeclareInputText 
or \DeclareInputMath before using this key.


./appendices/B_rate_tables.tex:26: Package inputenc Error: Keyboard character u
sed is undefined
(inputenc)                in inputencoding `utf-8'.

See the inputenc package documentation for explanation.
Type  H <return>  for immediate help.
 ...                                              
                                                  
l.26 ├── 
               Real_erg_*.npz              # Real parts ω_R
You need to provide a definition with \DeclareInputText 
or \DeclareInputMath before using this key.


./appendices/B_rate_tables.tex:26: Package inputenc Error: Keyboard character u
sed is undefined
(inputenc)                in inputencoding `utf-8'.

See the inputenc package documentation for explanation.
Type  H <return>  for immediate help.
 ...                                              
                                                  
l.26 ├── 
               Real_erg_*.npz              # Real parts ω_R
You need to provide a definition with \DeclareInputText 
or \DeclareInputMath before using this key.


./appendices/B_rate_tables.tex:26: Package inputenc Error: Keyboard character u
sed is undefined
(inputenc)                in inputencoding `utf-8'.

See the inputenc package documentation for explanation.
Type  H <return>  for immediate help.
 ...                                              
                                                  
l.26 ...l_erg_*.npz              # Real parts ω_R
                                                  
You need to provide a definition with \DeclareInputText 
or \DeclareInputMath before using this key.


./appendices/B_rate_tables.tex:26: Package inputenc Error: Keyboard character u
sed is undefined
(inputenc)                in inputencoding `utf-8'.

See the inputenc package documentation for explanation.
Type  H <return>  for immediate help.
 ...                                              
                                                  
l.26 ...l_erg_*.npz              # Real parts ω_R
                                                  
You need to provide a definition with \DeclareInputText 
or \DeclareInputMath before using this key.


LaTeX Warning: Reference `LastPage' on page 31 undefined on input line 27.

[31]

./appendices/B_rate_tables.tex:27: Package inputenc Error: Keyboard character u
sed is undefined
(inputenc)                in inputencoding `utf-8'.

See the inputenc package documentation for explanation.
Type  H <return>  for immediate help.
 ...                                              
                                                  
l.27 ├── 
               Imag_zero_*.dat             # Superradiance threshold (ω_I = 0)

You need to provide a definition with \DeclareInputText 
or \DeclareInputMath before using this key.


./appendices/B_rate_tables.tex:27: Package inputenc Error: Keyboard character u
sed is undefined
(inputenc)                in inputencoding `utf-8'.

See the inputenc package documentation for explanation.
Type  H <return>  for immediate help.
 ...                                              
                                                  
l.27 ├── 
               Imag_zero_*.dat             # Superradiance threshold (ω_I = 0)

You need to provide a definition with \DeclareInputText 
or \DeclareInputMath before using this key.


./appendices/B_rate_tables.tex:27: Package inputenc Error: Keyboard character u
sed is undefined
(inputenc)                in inputencoding `utf-8'.

See the inputenc package documentation for explanation.
Type  H <return>  for immediate help.
 ...                                              
                                                  
l.27 ├── 
               Imag_zero_*.dat             # Superradiance threshold (ω_I = 0)

You need to provide a definition with \DeclareInputText 
or \DeclareInputMath before using this key.


./appendices/B_rate_tables.tex:27: Package inputenc Error: Keyboard character u
sed is undefined
(inputenc)                in inputencoding `utf-8'.

See the inputenc package documentation for explanation.
Type  H <return>  for immediate help.
 ...                                              
                                                  
l.27 ├── 
               Imag_zero_*.dat             # Superradiance threshold (ω_I = 0)

You need to provide a definition with \DeclareInputText 
or \DeclareInputMath before using this key.


./appendices/B_rate_tables.tex:27: Package inputenc Error: Keyboard character u
sed is undefined
(inputenc)                in inputencoding `utf-8'.

See the inputenc package documentation for explanation.
Type  H <return>  for immediate help.
 ...                                              
                                                  
l.27 ├── 
               Imag_zero_*.dat             # Superradiance threshold (ω_I = 0)

You need to provide a definition with \DeclareInputText 
or \DeclareInputMath before using this key.


./appendices/B_rate_tables.tex:27: Package inputenc Error: Keyboard character u
sed is undefined
(inputenc)                in inputencoding `utf-8'.

See the inputenc package documentation for explanation.
Type  H <return>  for immediate help.
 ...                                              
                                                  
l.27 ├── 
               Imag_zero_*.dat             # Superradiance threshold (ω_I = 0)

You need to provide a definition with \DeclareInputText 
or \DeclareInputMath before using this key.


./appendices/B_rate_tables.tex:27: Package inputenc Error: Keyboard character u
sed is undefined
(inputenc)                in inputencoding `utf-8'.

See the inputenc package documentation for explanation.
Type  H <return>  for immediate help.
 ...                                              
                                                  
l.27 ├── 
               Imag_zero_*.dat             # Superradiance threshold (ω_I = 0)

You need to provide a definition with \DeclareInputText 
or \DeclareInputMath before using this key.


./appendices/B_rate_tables.tex:27: Package inputenc Error: Keyboard character u
sed is undefined
(inputenc)                in inputencoding `utf-8'.

See the inputenc package documentation for explanation.
Type  H <return>  for immediate help.
 ...                                              
                                                  
l.27 ├── 
               Imag_zero_*.dat             # Superradiance threshold (ω_I = 0)

You need to provide a definition with \DeclareInputText 
or \DeclareInputMath before using this key.


./appendices/B_rate_tables.tex:27: Package inputenc Error: Keyboard character u
sed is undefined
(inputenc)                in inputencoding `utf-8'.

See the inputenc package documentation for explanation.
Type  H <return>  for immediate help.
 ...                                              
                                                  
l.27 ├── 
               Imag_zero_*.dat             # Superradiance threshold (ω_I = 0)

You need to provide a definition with \DeclareInputText 
or \DeclareInputMath before using this key.


./appendices/B_rate_tables.tex:27: Package inputenc Error: Keyboard character u
sed is undefined
(inputenc)                in inputencoding `utf-8'.

See the inputenc package documentation for explanation.
Type  H <return>  for immediate help.
 ...                                              
                                                  
l.27 ...          # Superradiance threshold (ω_I 
                                                  = 0)
You need to provide a definition with \DeclareInputText 
or \DeclareInputMath before using this key.


./appendices/B_rate_tables.tex:27: Package inputenc Error: Keyboard character u
sed is undefined
(inputenc)                in inputencoding `utf-8'.

See the inputenc package documentation for explanation.
Type  H <return>  for immediate help.
 ...                                              
                                                  
l.27 ...          # Superradiance threshold (ω_I 
                                                  = 0)
You need to provide a definition with \DeclareInputText 
or \DeclareInputMath before using this key.


./appendices/B_rate_tables.tex:28: Package inputenc Error: Keyboard character u
sed is undefined
(inputenc)                in inputencoding `utf-8'.

See the inputenc package documentation for explanation.
Type  H <return>  for immediate help.
 ...                                              
                                                  
l.28 ├── 
               n1l1m1_n2l2m2_dest.dat      # Three-body scattering coefficients

You need to provide a definition with \DeclareInputText 
or \DeclareInputMath before using this key.


./appendices/B_rate_tables.tex:28: Package inputenc Error: Keyboard character u
sed is undefined
(inputenc)                in inputencoding `utf-8'.

See the inputenc package documentation for explanation.
Type  H <return>  for immediate help.
 ...                                              
                                                  
l.28 ├── 
               n1l1m1_n2l2m2_dest.dat      # Three-body scattering coefficients

You need to provide a definition with \DeclareInputText 
or \DeclareInputMath before using this key.


./appendices/B_rate_tables.tex:28: Package inputenc Error: Keyboard character u
sed is undefined
(inputenc)                in inputencoding `utf-8'.

See the inputenc package documentation for explanation.
Type  H <return>  for immediate help.
 ...                                              
                                                  
l.28 ├── 
               n1l1m1_n2l2m2_dest.dat      # Three-body scattering coefficients

You need to provide a definition with \DeclareInputText 
or \DeclareInputMath before using this key.


./appendices/B_rate_tables.tex:28: Package inputenc Error: Keyboard character u
sed is undefined
(inputenc)                in inputencoding `utf-8'.

See the inputenc package documentation for explanation.
Type  H <return>  for immediate help.
 ...                                              
                                                  
l.28 ├── 
               n1l1m1_n2l2m2_dest.dat      # Three-body scattering coefficients

You need to provide a definition with \DeclareInputText 
or \DeclareInputMath before using this key.


./appendices/B_rate_tables.tex:28: Package inputenc Error: Keyboard character u
sed is undefined
(inputenc)                in inputencoding `utf-8'.

See the inputenc package documentation for explanation.
Type  H <return>  for immediate help.
 ...                                              
                                                  
l.28 ├── 
               n1l1m1_n2l2m2_dest.dat      # Three-body scattering coefficients

You need to provide a definition with \DeclareInputText 
or \DeclareInputMath before using this key.


./appendices/B_rate_tables.tex:28: Package inputenc Error: Keyboard character u
sed is undefined
(inputenc)                in inputencoding `utf-8'.

See the inputenc package documentation for explanation.
Type  H <return>  for immediate help.
 ...                                              
                                                  
l.28 ├── 
               n1l1m1_n2l2m2_dest.dat      # Three-body scattering coefficients

You need to provide a definition with \DeclareInputText 
or \DeclareInputMath before using this key.


./appendices/B_rate_tables.tex:28: Package inputenc Error: Keyboard character u
sed is undefined
(inputenc)                in inputencoding `utf-8'.

See the inputenc package documentation for explanation.
Type  H <return>  for immediate help.
 ...                                              
                                                  
l.28 ├── 
               n1l1m1_n2l2m2_dest.dat      # Three-body scattering coefficients

You need to provide a definition with \DeclareInputText 
or \DeclareInputMath before using this key.


./appendices/B_rate_tables.tex:28: Package inputenc Error: Keyboard character u
sed is undefined
(inputenc)                in inputencoding `utf-8'.

See the inputenc package documentation for explanation.
Type  H <return>  for immediate help.
 ...                                              
                                                  
l.28 ├── 
               n1l1m1_n2l2m2_dest.dat      # Three-body scattering coefficients

You need to provide a definition with \DeclareInputText 
or \DeclareInputMath before using this key.


./appendices/B_rate_tables.tex:28: Package inputenc Error: Keyboard character u
sed is undefined
(inputenc)                in inputencoding `utf-8'.

See the inputenc package documentation for explanation.
Type  H <return>  for immediate help.
 ...                                              
                                                  
l.28 ├── 
               n1l1m1_n2l2m2_dest.dat      # Three-body scattering coefficients

You need to provide a definition with \DeclareInputText 
or \DeclareInputMath before using this key.


./appendices/B_rate_tables.tex:29: Package inputenc Error: Keyboard character u
sed is undefined
(inputenc)                in inputencoding `utf-8'.

See the inputenc package documentation for explanation.
Type  H <return>  for immediate help.
 ...                                              
                                                  
l.29 └── 
               manifest.txt                # Index and metadata
You need to provide a definition with \DeclareInputText 
or \DeclareInputMath before using this key.


./appendices/B_rate_tables.tex:29: Package inputenc Error: Keyboard character u
sed is undefined
(inputenc)                in inputencoding `utf-8'.

See the inputenc package documentation for explanation.
Type  H <return>  for immediate help.
 ...                                              
                                                  
l.29 └── 
               manifest.txt                # Index and metadata
You need to provide a definition with \DeclareInputText 
or \DeclareInputMath before using this key.


./appendices/B_rate_tables.tex:29: Package inputenc Error: Keyboard character u
sed is undefined
(inputenc)                in inputencoding `utf-8'.

See the inputenc package documentation for explanation.
Type  H <return>  for immediate help.
 ...                                              
                                                  
l.29 └── 
               manifest.txt                # Index and metadata
You need to provide a definition with \DeclareInputText 
or \DeclareInputMath before using this key.


./appendices/B_rate_tables.tex:29: Package inputenc Error: Keyboard character u
sed is undefined
(inputenc)                in inputencoding `utf-8'.

See the inputenc package documentation for explanation.
Type  H <return>  for immediate help.
 ...                                              
                                                  
l.29 └── 
               manifest.txt                # Index and metadata
You need to provide a definition with \DeclareInputText 
or \DeclareInputMath before using this key.


./appendices/B_rate_tables.tex:29: Package inputenc Error: Keyboard character u
sed is undefined
(inputenc)                in inputencoding `utf-8'.

See the inputenc package documentation for explanation.
Type  H <return>  for immediate help.
 ...                                              
                                                  
l.29 └── 
               manifest.txt                # Index and metadata
You need to provide a definition with \DeclareInputText 
or \DeclareInputMath before using this key.


./appendices/B_rate_tables.tex:29: Package inputenc Error: Keyboard character u
sed is undefined
(inputenc)                in inputencoding `utf-8'.

See the inputenc package documentation for explanation.
Type  H <return>  for immediate help.
 ...                                              
                                                  
l.29 └── 
               manifest.txt                # Index and metadata
You need to provide a definition with \DeclareInputText 
or \DeclareInputMath before using this key.


./appendices/B_rate_tables.tex:29: Package inputenc Error: Keyboard character u
sed is undefined
(inputenc)                in inputencoding `utf-8'.

See the inputenc package documentation for explanation.
Type  H <return>  for immediate help.
 ...                                              
                                                  
l.29 └── 
               manifest.txt                # Index and metadata
You need to provide a definition with \DeclareInputText 
or \DeclareInputMath before using this key.


./appendices/B_rate_tables.tex:29: Package inputenc Error: Keyboard character u
sed is undefined
(inputenc)                in inputencoding `utf-8'.

See the inputenc package documentation for explanation.
Type  H <return>  for immediate help.
 ...                                              
                                                  
l.29 └── 
               manifest.txt                # Index and metadata
You need to provide a definition with \DeclareInputText 
or \DeclareInputMath before using this key.


./appendices/B_rate_tables.tex:29: Package inputenc Error: Keyboard character u
sed is undefined
(inputenc)                in inputencoding `utf-8'.

See the inputenc package documentation for explanation.
Type  H <return>  for immediate help.
 ...                                              
                                                  
l.29 └── 
               manifest.txt                # Index and metadata
You need to provide a definition with \DeclareInputText 
or \DeclareInputMath before using this key.


./appendices/B_rate_tables.tex:62: Package inputenc Error: Keyboard character u
sed is undefined
(inputenc)                in inputencoding `utf-8'.

See the inputenc package documentation for explanation.
Type  H <return>  for immediate help.
 ...                                              
                                                  
l.62 ... = data['alpha_grid']      # Shape: (N_α,
                                                  )
You need to provide a definition with \DeclareInputText 
or \DeclareInputMath before using this key.


./appendices/B_rate_tables.tex:62: Package inputenc Error: Keyboard character u
sed is undefined
(inputenc)                in inputencoding `utf-8'.

See the inputenc package documentation for explanation.
Type  H <return>  for immediate help.
 ...                                              
                                                  
l.62 ... = data['alpha_grid']      # Shape: (N_α,
                                                  )
You need to provide a definition with \DeclareInputText 
or \DeclareInputMath before using this key.


./appendices/B_rate_tables.tex:63: Package inputenc Error: Keyboard character u
sed is undefined
(inputenc)                in inputencoding `utf-8'.

See the inputenc package documentation for explanation.
Type  H <return>  for immediate help.
 ...                                              
                                                  
l.63 ...ates']                # Shape: (N_a, N_α)
                                                  
You need to provide a definition with \DeclareInputText 
or \DeclareInputMath before using this key.


./appendices/B_rate_tables.tex:63: Package inputenc Error: Keyboard character u
sed is undefined
(inputenc)                in inputencoding `utf-8'.

See the inputenc package documentation for explanation.
Type  H <return>  for immediate help.
 ...                                              
                                                  
l.63 ...ates']                # Shape: (N_a, N_α)
                                                  
You need to provide a definition with \DeclareInputText 
or \DeclareInputMath before using this key.


LaTeX Warning: Reference `LastPage' on page 32 undefined on input line 81.

[32]

./appendices/B_rate_tables.tex:136: Package inputenc Error: Keyboard character 
used is undefined
(inputenc)                in inputencoding `utf-8'.

See the inputenc package documentation for explanation.
Type  H <return>  for immediate help.
 ...                                              
                                                  
l.136 ... increases with $\alpha$ (more coupling �
                                                  �� faster growth)
You need to provide a definition with \DeclareInputText 
or \DeclareInputMath before using this key.


./appendices/B_rate_tables.tex:136: Package inputenc Error: Keyboard character 
used is undefined
(inputenc)                in inputencoding `utf-8'.

See the inputenc package documentation for explanation.
Type  H <return>  for immediate help.
 ...                                              
                                                  
l.136 ...increases with $\alpha$ (more coupling �
                                                  � faster growth)
You need to provide a definition with \DeclareInputText 
or \DeclareInputMath before using this key.


./appendices/B_rate_tables.tex:136: Package inputenc Error: Keyboard character 
used is undefined
(inputenc)                in inputencoding `utf-8'.

See the inputenc package documentation for explanation.
Type  H <return>  for immediate help.
 ...                                              
                                                  
l.136 ...ncreases with $\alpha$ (more coupling →
                                                   faster growth)
You need to provide a definition with \DeclareInputText 
or \DeclareInputMath before using this key.


LaTeX Warning: Reference `LastPage' on page 33 undefined on input line 145.

[33]

./appendices/B_rate_tables.tex:146: Package inputenc Error: Keyboard character 
used is undefined
(inputenc)                in inputencoding `utf-8'.

See the inputenc package documentation for explanation.
Type  H <return>  for immediate help.
 ...                                              
                                                  
l.146 # Scattering rate for (2,1,1) + (3,2,1) → 
                                                  (3,2,1)
You need to provide a definition with \DeclareInputText 
or \DeclareInputMath before using this key.


./appendices/B_rate_tables.tex:146: Package inputenc Error: Keyboard character 
used is undefined
(inputenc)                in inputencoding `utf-8'.

See the inputenc package documentation for explanation.
Type  H <return>  for immediate help.
 ...                                              
                                                  
l.146 # Scattering rate for (2,1,1) + (3,2,1) → 
                                                  (3,2,1)
You need to provide a definition with \DeclareInputText 
or \DeclareInputMath before using this key.


./appendices/B_rate_tables.tex:146: Package inputenc Error: Keyboard character 
used is undefined
(inputenc)                in inputencoding `utf-8'.

See the inputenc package documentation for explanation.
Type  H <return>  for immediate help.
 ...                                              
                                                  
l.146 # Scattering rate for (2,1,1) + (3,2,1) → 
                                                  (3,2,1)
You need to provide a definition with \DeclareInputText 
or \DeclareInputMath before using this key.


./appendices/B_rate_tables.tex:177: Package inputenc Error: Keyboard character 
used is undefined
(inputenc)                in inputencoding `utf-8'.

See the inputenc package documentation for explanation.
Type  H <return>  for immediate help.
 ...                                              
                                                  
l.177     n_α 
               = length(alpha_range)
You need to provide a definition with \DeclareInputText 
or \DeclareInputMath before using this key.


./appendices/B_rate_tables.tex:177: Package inputenc Error: Keyboard character 
used is undefined
(inputenc)                in inputencoding `utf-8'.

See the inputenc package documentation for explanation.
Type  H <return>  for immediate help.
 ...                                              
                                                  
l.177     n_α 
               = length(alpha_range)
You need to provide a definition with \DeclareInputText 
or \DeclareInputMath before using this key.


./appendices/B_rate_tables.tex:180: Package inputenc Error: Keyboard character 
used is undefined
(inputenc)                in inputencoding `utf-8'.

See the inputenc package documentation for explanation.
Type  H <return>  for immediate help.
 ...                                              
                                                  
l.180     rates = zeros(n_a, n_α,
                                   n_states)
You need to provide a definition with \DeclareInputText 
or \DeclareInputMath before using this key.


./appendices/B_rate_tables.tex:180: Package inputenc Error: Keyboard character 
used is undefined
(inputenc)                in inputencoding `utf-8'.

See the inputenc package documentation for explanation.
Type  H <return>  for immediate help.
 ...                                              
                                                  
l.180     rates = zeros(n_a, n_α,
                                   n_states)
You need to provide a definition with \DeclareInputText 
or \DeclareInputMath before using this key.


./appendices/B_rate_tables.tex:183: Package inputenc Error: Keyboard character 
used is undefined
(inputenc)                in inputencoding `utf-8'.

See the inputenc package documentation for explanation.
Type  H <return>  for immediate help.
 ...                                              
                                                  
l.183         for (j, α)
                          in enumerate(alpha_range)
You need to provide a definition with \DeclareInputText 
or \DeclareInputMath before using this key.


./appendices/B_rate_tables.tex:183: Package inputenc Error: Keyboard character 
used is undefined
(inputenc)                in inputencoding `utf-8'.

See the inputenc package documentation for explanation.
Type  H <return>  for immediate help.
 ...                                              
                                                  
l.183         for (j, α)
                          in enumerate(alpha_range)
You need to provide a definition with \DeclareInputText 
or \DeclareInputMath before using this key.


./appendices/B_rate_tables.tex:186: Package inputenc Error: Keyboard character 
used is undefined
(inputenc)                in inputencoding `utf-8'.

See the inputenc package documentation for explanation.
Type  H <return>  for immediate help.
 ...                                              
                                                  
l.186                 ω 
                         = solve_radial(α, M_BH=10.0, a=a, n=n, l=l, m=m)
You need to provide a definition with \DeclareInputText 
or \DeclareInputMath before using this key.


./appendices/B_rate_tables.tex:186: Package inputenc Error: Keyboard character 
used is undefined
(inputenc)                in inputencoding `utf-8'.

See the inputenc package documentation for explanation.
Type  H <return>  for immediate help.
 ...                                              
                                                  
l.186                 ω 
                         = solve_radial(α, M_BH=10.0, a=a, n=n, l=l, m=m)
You need to provide a definition with \DeclareInputText 
or \DeclareInputMath before using this key.


./appendices/B_rate_tables.tex:186: Package inputenc Error: Keyboard character 
used is undefined
(inputenc)                in inputencoding `utf-8'.

See the inputenc package documentation for explanation.
Type  H <return>  for immediate help.
 ...                                              
                                                  
l.186                 ω = solve_radial(α,
                                            M_BH=10.0, a=a, n=n, l=l, m=m)
You need to provide a definition with \DeclareInputText 
or \DeclareInputMath before using this key.


./appendices/B_rate_tables.tex:186: Package inputenc Error: Keyboard character 
used is undefined
(inputenc)                in inputencoding `utf-8'.

See the inputenc package documentation for explanation.
Type  H <return>  for immediate help.
 ...                                              
                                                  
l.186                 ω = solve_radial(α,
                                            M_BH=10.0, a=a, n=n, l=l, m=m)
You need to provide a definition with \DeclareInputText 
or \DeclareInputMath before using this key.


./appendices/B_rate_tables.tex:187: Package inputenc Error: Keyboard character 
used is undefined
(inputenc)                in inputencoding `utf-8'.

See the inputenc package documentation for explanation.
Type  H <return>  for immediate help.
 ...                                              
                                                  
l.187                 rates[i, j, k] = imag(ω)
                                               
You need to provide a definition with \DeclareInputText 
or \DeclareInputMath before using this key.


./appendices/B_rate_tables.tex:187: Package inputenc Error: Keyboard character 
used is undefined
(inputenc)                in inputencoding `utf-8'.

See the inputenc package documentation for explanation.
Type  H <return>  for immediate help.
 ...                                              
                                                  
l.187                 rates[i, j, k] = imag(ω)
                                               
You need to provide a definition with \DeclareInputText 
or \DeclareInputMath before using this key.


LaTeX Warning: Reference `LastPage' on page 34 undefined on input line 204.

[34]

./appendices/B_rate_tables.tex:221: Package inputenc Error: Keyboard character 
used is undefined
(inputenc)                in inputencoding `utf-8'.

See the inputenc package documentation for explanation.
Type  H <return>  for immediate help.
 ...                                              
                                                  
l.221 ...get_or_compute_rates(states, M_BH, a, α)
                                                  
You need to provide a definition with \DeclareInputText 
or \DeclareInputMath before using this key.


./appendices/B_rate_tables.tex:221: Package inputenc Error: Keyboard character 
used is undefined
(inputenc)                in inputencoding `utf-8'.

See the inputenc package documentation for explanation.
Type  H <return>  for immediate help.
 ...                                              
                                                  
l.221 ...get_or_compute_rates(states, M_BH, a, α)
                                                  
You need to provide a definition with \DeclareInputText 
or \DeclareInputMath before using this key.


./appendices/B_rate_tables.tex:222: Package inputenc Error: Keyboard character 
used is undefined
(inputenc)                in inputencoding `utf-8'.

See the inputenc package documentation for explanation.
Type  H <return>  for immediate help.
 ...                                              
                                                  
l.222     key = (sort(states), M_BH, a, α)
                                           
You need to provide a definition with \DeclareInputText 
or \DeclareInputMath before using this key.


./appendices/B_rate_tables.tex:222: Package inputenc Error: Keyboard character 
used is undefined
(inputenc)                in inputencoding `utf-8'.

See the inputenc package documentation for explanation.
Type  H <return>  for immediate help.
 ...                                              
                                                  
l.222     key = (sort(states), M_BH, a, α)
                                           
You need to provide a definition with \DeclareInputText 
or \DeclareInputMath before using this key.


./appendices/B_rate_tables.tex:227: Package inputenc Error: Keyboard character 
used is undefined
(inputenc)                in inputencoding `utf-8'.

See the inputenc package documentation for explanation.
Type  H <return>  for immediate help.
 ...                                              
                                                  
l.227 ...s = compute_sr_rates(states, M_BH, a, α)
                                                  
You need to provide a definition with \DeclareInputText 
or \DeclareInputMath before using this key.


./appendices/B_rate_tables.tex:227: Package inputenc Error: Keyboard character 
used is undefined
(inputenc)                in inputencoding `utf-8'.

See the inputenc package documentation for explanation.
Type  H <return>  for immediate help.
 ...                                              
                                                  
l.227 ...s = compute_sr_rates(states, M_BH, a, α)
                                                  
You need to provide a definition with \DeclareInputText 
or \DeclareInputMath before using this key.

) (./appendices/C_troubleshooting.tex

LaTeX Warning: Reference `LastPage' on page 35 undefined on input line 14.

[35] (/usr/local/texlive/2020/texmf-dist/tex/latex/listings/lstlang1.sty
File: lstlang1.sty 2020/03/24 1.8d listings language file
)
(/usr/local/texlive/2020/texmf-dist/tex/latex/listings/lstlang1.sty
File: lstlang1.sty 2020/03/24 1.8d listings language file
)

LaTeX Warning: Reference `LastPage' on page 36 undefined on input line 88.

[36]

LaTeX Warning: Reference `LastPage' on page 37 undefined on input line 151.

[37]

./appendices/C_troubleshooting.tex:155: Package inputenc Error: Keyboard charac
ter used is undefined
(inputenc)                in inputencoding `utf-8'.

See the inputenc package documentation for explanation.
Type  H <return>  for immediate help.
 ...                                              
                                                  
l.155 ..._, _ = compute_sr_rates(states, M, a, α;
                                                  
You need to provide a definition with \DeclareInputText 
or \DeclareInputMath before using this key.


./appendices/C_troubleshooting.tex:155: Package inputenc Error: Keyboard charac
ter used is undefined
(inputenc)                in inputencoding `utf-8'.

See the inputenc package documentation for explanation.
Type  H <return>  for immediate help.
 ...                                              
                                                  
l.155 ..._, _ = compute_sr_rates(states, M, a, α;
                                                  
You need to provide a definition with \DeclareInputText 
or \DeclareInputMath before using this key.


LaTeX Warning: Reference `LastPage' on page 38 undefined on input line 220.

[38]

./appendices/C_troubleshooting.tex:226: Package inputenc Error: Keyboard charac
ter used is undefined
(inputenc)                in inputencoding `utf-8'.

See the inputenc package documentation for explanation.
Type  H <return>  for immediate help.
 ...                                              
                                                  
l.226   if a_final ≈ 
                       a_initial
You need to provide a definition with \DeclareInputText 
or \DeclareInputMath before using this key.


./appendices/C_troubleshooting.tex:226: Package inputenc Error: Keyboard charac
ter used is undefined
(inputenc)                in inputencoding `utf-8'.

See the inputenc package documentation for explanation.
Type  H <return>  for immediate help.
 ...                                              
                                                  
l.226   if a_final ≈ 
                       a_initial
You need to provide a definition with \DeclareInputText 
or \DeclareInputMath before using this key.


./appendices/C_troubleshooting.tex:226: Package inputenc Error: Keyboard charac
ter used is undefined
(inputenc)                in inputencoding `utf-8'.

See the inputenc package documentation for explanation.
Type  H <return>  for immediate help.
 ...                                              
                                                  
l.226   if a_final ≈ 
                       a_initial
You need to provide a definition with \DeclareInputText 
or \DeclareInputMath before using this key.


LaTeX Warning: Reference `LastPage' on page 39 undefined on input line 286.

[39] (/usr/local/texlive/2020/texmf-dist/tex/latex/listings/lstlang1.sty
File: lstlang1.sty 2020/03/24 1.8d listings language file
)
(/usr/local/texlive/2020/texmf-dist/tex/latex/listings/lstlang2.sty
File: lstlang2.sty 2020/03/24 1.8d listings language file
)
(/usr/local/texlive/2020/texmf-dist/tex/latex/listings/lstlang3.sty
File: lstlang3.sty 2020/03/24 1.8d listings language file
)

./appendices/C_troubleshooting.tex:297: Package Listings Error: Couldn't load r
equested language.

See the Listings package documentation for explanation.
Type  H <return>  for immediate help.
 ...                                              
                                                  
l.297 \begin{lstlisting}[language=bibtex]
                                         
The following languages weren't loadable:
    ,bibtex$
This may cause errors in the sequel.


./appendices/C_troubleshooting.tex:297: Package Listings Error: language bibtex
 undefined.

See the Listings package documentation for explanation.
Type  H <return>  for immediate help.
 ...                                              
                                                  
l.297 \begin{lstlisting}[language=bibtex]
                                         
The language is not loadable. Try typing  <return>  to proceed.
If that doesn't work, type  X <return>  to quit.


LaTeX Warning: Reference `sec:examples' on page 40 undefined on input line 314.


)
No file main.bbl.

Package natbib Warning: There were undefined citations.


Package lastpage Warning: Rerun to get the references right on input line 173.


AED: lastpage setting LastPage

LaTeX Warning: Reference `LastPage' on page 40 undefined on input line 173.

[40]
Package atveryend Info: Empty hook `BeforeClearDocument' on input line 173.
Package atveryend Info: Empty hook `AfterLastShipout' on input line 173.
 (./main.aux)
Package atveryend Info: Executing hook `AtVeryEndDocument' on input line 173.
Package atveryend Info: Executing hook `AtEndAfterFileList' on input line 173.


Package rerunfilecheck Warning: File `main.out' has changed.
(rerunfilecheck)                Rerun to get outlines right
(rerunfilecheck)                or use package `bookmark'.

Package rerunfilecheck Info: Checksums for `main.out':
(rerunfilecheck)             Before: <no file>
(rerunfilecheck)             After:  F5CFEA0C13797561997B6EE84AF0C04C;2638.

LaTeX Warning: There were undefined references.


LaTeX Warning: Label(s) may have changed. Rerun to get cross-references right.

Package atveryend Info: Empty hook `AtVeryVeryEnd' on input line 173.
 ) 
Here is how much of TeX's memory you used:
 17229 strings out of 480608
 287704 string characters out of 5903631
 902987 words of memory out of 5000000
 31714 multiletter control sequences out of 15000+600000
 552301 words of font info for 74 fonts, out of 8000000 for 9000
 1141 hyphenation exceptions out of 8191
 48i,13n,53p,1230b,2374s stack positions out of 5000i,500n,10000p,200000b,80000s
{/usr/local/texlive/2020/texmf-dist/fonts/enc/dvips/cm-super/cm-super-t1.enc}
{/usr/local/texlive/2020/texmf-dist/fonts/enc/dvips/cm-super/cm-super-ts1.enc}<
/usr/local/texlive/2020/texmf-dist/fonts/type1/public/amsfonts/cm/cmex10.pfb></
usr/local/texlive/2020/texmf-dist/fonts/type1/public/amsfonts/cm/cmmi10.pfb></u
sr/local/texlive/2020/texmf-dist/fonts/type1/public/amsfonts/cm/cmmi6.pfb></usr
/local/texlive/2020/texmf-dist/fonts/type1/public/amsfonts/cm/cmmi8.pfb></usr/l
ocal/texlive/2020/texmf-dist/fonts/type1/public/amsfonts/cm/cmr10.pfb></usr/loc
al/texlive/2020/texmf-dist/fonts/type1/public/amsfonts/cm/cmr6.pfb></usr/local/
texlive/2020/texmf-dist/fonts/type1/public/amsfonts/cm/cmr8.pfb></usr/local/tex
live/2020/texmf-dist/fonts/type1/public/amsfonts/cm/cmsy10.pfb></usr/local/texl
ive/2020/texmf-dist/fonts/type1/public/amsfonts/cm/cmsy6.pfb></usr/local/texliv
e/2020/texmf-dist/fonts/type1/public/amsfonts/cm/cmsy8.pfb></usr/local/texlive/
2020/texmf-dist/fonts/type1/public/amsfonts/symbols/msam10.pfb></usr/local/texl
ive/2020/texmf-dist/fonts/type1/public/amsfonts/symbols/msbm10.pfb></usr/local/
texlive/2020/texmf-dist/fonts/type1/public/cm-super/sfbx1000.pfb></usr/local/te
xlive/2020/texmf-dist/fonts/type1/public/cm-super/sfbx1095.pfb></usr/local/texl
ive/2020/texmf-dist/fonts/type1/public/cm-super/sfbx1200.pfb></usr/local/texliv
e/2020/texmf-dist/fonts/type1/public/cm-super/sfbx1440.pfb></usr/local/texlive/
2020/texmf-dist/fonts/type1/public/cm-super/sfcc1095.pfb></usr/local/texlive/20
20/texmf-dist/fonts/type1/public/cm-super/sfit1000.pfb></usr/local/texlive/2020
/texmf-dist/fonts/type1/public/cm-super/sfrm0600.pfb></usr/local/texlive/2020/t
exmf-dist/fonts/type1/public/cm-super/sfrm0800.pfb></usr/local/texlive/2020/tex
mf-dist/fonts/type1/public/cm-super/sfrm0900.pfb></usr/local/texlive/2020/texmf
-dist/fonts/type1/public/cm-super/sfrm1000.pfb></usr/local/texlive/2020/texmf-d
ist/fonts/type1/public/cm-super/sfrm1095.pfb></usr/local/texlive/2020/texmf-dis
t/fonts/type1/public/cm-super/sfrm1200.pfb></usr/local/texlive/2020/texmf-dist/
fonts/type1/public/cm-super/sfti1095.pfb></usr/local/texlive/2020/texmf-dist/fo
nts/type1/public/cm-super/sftt1000.pfb></usr/local/texlive/2020/texmf-dist/font
s/type1/public/cm-super/sftt1095.pfb>
Output written on main.pdf (40 pages, 648579 bytes).
PDF statistics:
 1605 PDF objects out of 1728 (max. 8388607)
 1520 compressed objects within 16 object streams
 1116 named destinations out of 1200 (max. 500000)
 1 words of extra memory for PDF output out of 10000 (max. 10000000)

